Code,OriginStation,KJ1,KJ2,KJ3,KJ4,KJ5,KJ6,KJ7,KJ8,KJ9,KJ10,KJ11,KJ12,KJ13,KJ14,KJ15,KJ16,KJ17,KJ18,KJ19,KJ20,KJ21,KJ22,KJ23,KJ24,KJ25,KJ26,KJ27,KJ28,KJ29,KJ30,KJ31,KJ32,KJ33,KJ34,KJ35,KJ36,KJ37,AG18,AG17,AG16,AG15,AG14,AG13,AG12,AG11,AG10,AG9,AG8,AG7,AG6,AG5,AG4,AG3,AG2,AG1,SP11,SP10,SP9,SP8,SP7,SP6,SP5,SP4,SP3,SP2,SP1,SP12,SP13,SP14,SP15,SP16,SP17,SP18,SP19,SP20,SP21,SP22,SP24,SP25,SP26,SP27,SP28,SP29,SP31,MR1,MR2,MR3,MR4,MR5,MR6,MR7,MR8,MR9,MR10,MR11,BRT1,BRT2,BRT3,BRT4,BRT5,BRT6,BRT7,KG04,KG05,KG06,KG07,KG08,KG09,KG10,KG12,KG13,KG14,KG15,KG16,KG17,KG18A,KG20,KG21,KG22,KG23,KG24,KG25,KG26,KG27,KG28,KG29,KG30,KG31,KG33,KG34,KG35,PY01,PY03,PY04,PY05,PY06,PY07,PY08,PY09,PY10,PY11,PY12,PY13,PY14,PY15,PY16,PY17,PY18,PY19,PY20,PY21,PY22,PY23,PY24,PY27,PY28,PY29,PY31,PY32,PY33,PY34,PY36,PY37,PY38,PY39,PY40,PY41,SA1,SA2,SA3,SA5,SA6,SA7,SA9,SA10,SA12,SA14,SA15,SA17,SA18,SA19,SA20,SA21,SA22,SA23,SA24,SA26
KJ1,Gombak,0.8,1.3,1.9,2,2.8,3,2.9,3,3.3,3.5,3.7,3.4,3.7,3.9,4.1,4.3,4.3,3.9,4,3.5,3.6,3.8,3.9,4,4.2,4.5,4.6,4.8,5,5.1,5.3,5.4,5.5,5.7,5.9,6,6.2,6,5.7,6,5.8,5.6,5.1,4.9,4.8,4.5,4.2,4,3.7,3.9,4.1,4.3,4.6,4.8,4.9,4.8,4.5,4.2,4,3.7,3.9,4.1,4.3,4.6,4.8,4.9,5.1,5.5,6,5.9,6.2,6.7,6.3,6.7,6.8,7.1,6.6,7,6.4,6.5,6.6,6.7,6.9,6.2,6.1,5.8,4.8,4.2,4.5,4.8,5.2,5.7,5.9,5.3,4.6,9.7,9.1,8.4,7.7,7,6.1,5.3,7,6.8,7,6.7,6.6,6.5,6.1,6,5.4,4.8,4.3,3.9,4,4.4,4.8,5.1,5.1,5.6,5.9,6,6.4,6.9,6.7,6.9,7.1,6.7,7.2,7.3,6.6,7,7.5,7.6,7.4,7.5,7.2,6.9,7,6.7,6.5,6.2,5.9,5.7,5.4,5,4.6,4.8,5.2,5.5,5.4,5.2,4.8,4.8,6.2,6.6,6.2,7,7.3,7.5,7.6,7.5,7.7,7.7,7.6,7.8,7.9,7.30,7.20,6.80,6.40,5.80,5.40,6.50,6.70,7.70,8.00,8.40,8.40,8.80,8.30,8.60,8.80,8.10,8.30,8.40,8.70
KJ2,Taman Melati,1.3,0.8,1.4,1.7,2.4,2.6,2.8,3,2.9,3.1,3.4,3.6,3.9,3.6,3.8,4,4,3.7,3.8,4.2,4.3,3.6,3.8,3.9,4.2,4.3,4.5,4.6,4.8,4.9,5.1,5.2,5.4,5.5,5.7,5.9,6,5.9,5.9,5.9,5.7,5.4,5,4.8,4.6,4.3,4,3.8,3.9,4.1,4.3,4.5,4.8,5,5.1,4.6,4.3,4,3.8,3.9,4.1,4.3,4.5,4.8,5,5.1,5,5.4,5.8,5.8,6.1,6.6,6.5,6.6,6.8,7,6.6,7,6.6,6.5,6.6,6.7,6.8,6,5.9,5.6,4.6,4,4.3,4.6,5,5.5,6,5.5,4.8,9.5,8.9,8.2,7.5,6.8,5.9,5.1,6.7,6.5,6.7,6.4,6.5,6.2,5.8,5.9,5.1,4.5,4,3.6,3.8,4.2,4.6,4.8,5,5.5,5.8,5.8,6.1,6.6,6.4,6.7,6.8,6.4,6.9,7,6.3,6.7,7.5,7.8,7.6,7.7,7.4,7.1,7.2,6.9,6.7,6.4,6.1,5.9,5.6,5.2,4.8,5,5.4,5.2,5.1,4.9,4.6,4.6,6.4,6.8,6.1,7.2,7.2,7.4,7.7,7.7,7.9,7.4,7.6,7.7,7.9,7.00,7.10,6.70,6.30,5.70,5.30,6.40,6.60,7.60,7.90,8.30,8.30,8.70,8.20,8.50,8.70,8.00,8.20,8.30,8.60
KJ3,Wangsa Maju,1.9,1.4,0.8,1.7,2,2.1,2.2,2.4,2.7,3,2.9,3.1,3.4,3.7,3.5,3.7,3.7,4,4.2,3.9,4,4.2,3.5,3.7,4,4.1,4.3,4.4,4.6,4.7,4.9,5,5.2,5.3,5.5,5.6,5.8,5.7,5.4,5.7,5.5,5.3,4.8,4.6,4.5,4.2,3.9,3.7,3.4,3.6,3.8,4,4.3,4.5,4.6,4.5,4.2,3.9,3.7,3.4,3.6,3.8,4,4.3,4.5,4.6,4.8,5.2,5.7,5.6,5.9,6.4,6,6.4,6.5,6.8,6.3,6.7,6.1,6.2,6.3,6.4,6.6,5.8,5.8,5.5,4.5,3.9,4.2,4.5,4.9,5.4,5.6,5,4.3,9.3,8.7,8,7.3,6.6,5.7,4.9,6.8,6.6,6.8,6.5,6.3,6.3,5.9,5.7,5.2,4.6,4.1,3.7,3.7,4.1,4.5,4.9,4.8,5.3,5.6,5.7,6.1,6.6,6.4,6.6,6.8,6.5,6.9,7,6.4,6.8,7.2,7.3,7.1,7.2,6.9,6.6,6.7,6.4,6.2,5.9,5.6,5.4,5.1,4.7,4.3,4.5,4.9,5.2,5.2,5,4.5,4.5,5.9,6.3,5.9,6.7,7,7.2,7.3,7.2,7.4,7.5,7.3,7.5,7.6,7.10,6.90,6.50,6.10,5.50,5.10,6.20,6.40,7.40,7.70,8.10,8.10,8.50,8.00,8.30,8.50,7.80,8.00,8.10,8.40
KJ4,Sri Rampai,2,1.7,1.7,0.8,1.6,1.9,1.9,2.1,2.4,2.7,3,2.9,3.2,3.4,3.7,3.5,3.7,3.8,4,3.7,3.8,4.1,4.3,3.5,3.7,3.8,3.9,4.1,4.3,4.4,4.6,4.7,4.8,5,5.2,5.3,5.5,5.5,5.2,5.5,5.3,5.1,4.6,4.4,4.3,4,3.7,3.5,3.2,3.4,3.6,3.8,4.1,4.3,4.4,4.3,4,3.7,3.5,3.2,3.4,3.6,3.8,4.1,4.3,4.4,4.6,5,5.5,5.4,5.7,6.2,5.8,6.2,6.3,6.6,6.1,6.5,5.9,6,6.1,6.2,6.3,5.5,5.6,5.3,4.3,3.7,4,4.3,4.7,5.2,5.4,4.8,4.1,9,8.4,7.7,7,6.3,5.4,4.6,6.5,6.3,6.5,6.2,6.1,6,5.6,5.5,4.9,4.3,3.8,3.4,3.5,3.9,4.3,4.6,4.6,5.1,5.4,5.5,5.9,6.4,6.2,6.4,6.6,6.2,6.7,6.8,6.1,6.5,7,7.1,6.9,7,6.7,6.4,6.5,6.2,6,5.7,5.4,5.2,4.9,4.5,4.1,4.3,4.7,5,4.9,4.7,4.3,4.3,5.7,6.1,5.7,6.5,6.8,7,7.1,7,7.2,7.2,7.1,7.3,7.4,6.80,6.50,6.10,5.70,5.10,4.70,5.80,6.00,7.00,7.30,7.70,7.70,8.10,7.60,7.90,8.10,7.40,7.60,7.70,8.00
KJ5,Setiawangsa,2.8,2.4,2,1.6,0.8,1.1,1.3,1.5,1.8,2,2.2,2.5,2.9,3.2,3.1,3.4,3.7,3.8,3.5,3.9,4.1,3.7,3.9,4,4.2,4.3,3.7,3.8,4,4.1,4.3,4.4,4.6,4.7,4.9,5,5.2,5.3,5,5.3,5.1,4.9,4.4,4.2,4.1,3.8,3.5,3.2,2.9,3.1,3.4,3.6,3.9,4.1,4.2,4.1,3.8,3.5,3.2,2.9,3.1,3.4,3.6,3.9,4.1,4.2,4.4,4.8,5.3,5.2,5.5,6,5.6,6,6.1,6.4,5.9,6.3,5.7,5.8,5.9,6,6,5.2,5.4,5.1,4.1,3.5,3.8,4.1,4.5,5,5.2,4.6,3.9,8.7,8.1,7.4,6.7,6,5.1,4.3,6.4,6.2,6.4,6.1,5.9,5.9,5.5,5.3,4.8,4.2,3.7,3.2,3.2,3.7,4.1,4.5,4.4,4.9,5.2,5.3,5.7,6.2,6,6.2,6.4,6.1,6.5,6.6,6,6.4,6.8,6.9,6.7,6.8,6.5,6.2,6.3,6,5.8,5.5,5.2,5,4.7,4.3,3.9,4.1,4.5,4.8,4.8,4.6,4.1,4.1,5.5,5.9,5.5,6.3,6.6,6.8,6.9,6.8,7,7.1,6.9,7.1,7.2,6.60,6.30,5.90,5.50,4.90,4.50,5.60,5.80,6.80,7.10,7.50,7.50,7.90,7.40,7.70,7.90,7.20,7.40,7.50,7.80
KJ6,Jelatek,3,2.6,2.1,1.9,1.1,0.8,1,1.2,1.6,1.8,2,2.3,2.6,2.9,2.9,3.2,3.5,3.6,3.8,3.7,3.9,4.2,3.7,3.9,4.1,4.2,3.6,3.7,3.9,4,4.2,4.3,4.4,4.6,4.8,4.9,5.1,5,4.7,5,4.8,4.6,4.1,3.9,3.8,3.5,3.1,2.9,2.6,2.8,3,3.2,3.6,3.8,3.9,3.8,3.5,3.1,2.9,2.6,2.8,3,3.2,3.6,3.8,3.9,4.1,4.5,5,4.9,5.2,5.7,5.3,5.7,5.8,6.1,5.6,6,5.4,5.5,5.6,5.7,5.9,5.1,5.1,4.8,3.8,3.1,3.5,3.8,4.2,4.7,4.9,4.3,3.6,8.6,8,7.3,6.6,5.9,5,4.2,6.1,5.9,6.1,5.8,5.6,5.6,5.2,5,4.5,3.9,3.4,2.9,2.9,3.3,3.8,4.2,4.1,4.6,4.9,5,5.4,5.9,5.7,5.9,6.1,5.8,6.2,6.3,5.7,6.1,6.5,6.6,6.4,6.5,6.2,5.9,6,5.7,5.5,5.2,4.9,4.7,4.4,4,3.6,3.8,4.2,4.5,4.5,4.3,3.8,3.8,5.2,5.6,5.2,6,6.3,6.5,6.6,6.5,6.7,6.8,6.6,6.8,6.9,6.40,6.20,5.80,5.40,4.80,4.40,5.50,5.70,6.70,7.00,7.40,7.40,7.80,7.30,7.60,7.80,7.10,7.30,7.40,7.70
KJ7,Dato Keramat,2.9,2.8,2.2,1.9,1.3,1,0.8,1.1,1.4,1.7,2,2.1,2.4,2.8,3.1,3,3.3,3.5,3.7,3.6,3.8,4.1,3.6,3.8,4,4.1,4.3,3.7,3.8,3.9,4.1,4.2,4.4,4.5,4.7,4.9,5,4.8,4.5,4.8,4.6,4.4,3.9,3.7,3.6,3.2,2.9,2.7,2.4,2.6,2.8,3,3.4,3.6,3.7,3.6,3.2,2.9,2.7,2.4,2.6,2.8,3,3.4,3.6,3.7,3.9,4.3,4.8,4.7,5,5.5,5.1,5.5,5.6,5.9,5.4,5.8,5.2,5.3,5.4,5.5,5.7,5,4.9,4.6,3.6,2.9,3.3,3.6,4,4.5,4.7,4.1,3.4,8.5,7.9,7.2,6.5,5.8,4.9,4.1,6,5.8,6,5.7,5.4,5.5,5.1,4.8,4.4,3.8,3.2,2.8,2.7,3.1,3.6,4,3.9,4.4,4.7,4.8,5.2,5.7,5.5,5.7,5.9,5.7,6,6.1,5.5,6,6.3,6.4,6.2,6.3,6,5.7,5.8,5.5,5.3,5,4.7,4.5,4.2,3.8,3.4,3.6,4,4.3,4.4,4.2,3.6,3.6,5,5.4,5,5.8,6.1,6.3,6.4,6.3,6.5,6.7,6.4,6.6,6.7,6.30,6.70,6.50,6.10,5.50,5.10,6.20,6.40,7.40,7.70,8.10,8.10,8.50,8.00,8.30,8.50,7.80,8.00,8.10,8.40
KJ8,Damai,3,3,2.4,2.1,1.5,1.2,1.1,0.8,1.1,1.4,1.7,1.9,2.2,2.5,2.9,2.9,3.2,3.3,3.5,3.5,3.6,3.9,4.2,3.7,3.9,4,4.2,3.6,3.7,3.8,4,4.1,4.3,4.4,4.6,4.8,5,4.6,4.3,4.6,4.4,4.2,3.7,3.5,3.3,3,2.7,2.5,2.2,2.4,2.6,2.8,3.1,3.3,3.5,3.3,3,2.7,2.5,2.2,2.4,2.6,2.8,3.1,3.3,3.5,3.7,4.1,4.6,4.5,4.8,5.3,4.9,5.3,5.4,5.7,5.2,5.6,5,5.1,5.2,5.3,5.5,5,4.7,4.4,3.4,2.7,3.1,3.4,3.8,4.3,4.5,3.9,3.1,8.4,7.8,7.1,6.4,5.7,4.8,4,5.7,5.5,5.7,5.4,5.2,5.2,4.8,4.6,4.1,3.5,2.9,2.5,2.5,2.9,3.3,3.8,3.7,4.2,4.5,4.6,5,5.5,5.3,5.5,5.7,5.4,5.8,5.9,5.3,5.7,6.1,6.2,6,6.1,5.8,5.5,5.6,5.3,5.1,4.8,4.5,4.3,4,3.6,3.1,3.3,3.8,4.1,4.1,3.9,3.3,3.3,4.8,5.2,4.8,5.6,5.9,6.1,6.2,6.1,6.3,6.4,6.2,6.4,6.5,6.00,6.40,6.40,6.00,5.40,5.00,6.10,6.30,7.30,7.60,8.00,8.00,8.40,7.90,8.20,8.40,7.70,7.90,8.00,8.30
KJ9,Ampang Park,3.3,2.9,2.7,2.4,1.8,1.6,1.4,1.1,0.8,1.1,1.4,1.7,1.9,2.2,2.6,2.9,2.9,3.1,3.3,3.8,3.4,3.7,4,4.2,3.7,3.9,4.1,4.3,3.6,3.7,3.9,4,4.2,4.3,4.5,4.7,4.8,4.3,4,4.3,4.1,3.9,3.4,3.1,3,2.7,2.4,2.2,1.9,2.1,2.3,2.5,2.8,3,3.1,3,2.7,2.4,2.2,1.9,2.1,2.3,2.5,2.8,3,3.1,3.4,3.8,4.3,4.2,4.5,5,4.6,5,5.1,5.4,4.9,5.3,4.7,4.8,4.9,5,5.2,4.8,4.4,4.1,3.1,2.4,2.8,3.1,3.5,4,4.2,3.6,2.8,8.3,7.7,7,6.3,5.6,4.7,3.9,5.4,5.2,5.4,5.1,4.9,4.9,4.5,4.3,3.8,3.1,2.6,2.2,2.2,2.6,3,3.5,3.4,3.9,4.2,4.3,4.7,5.2,5,5.2,5.4,5.1,5.5,5.6,5,5.4,5.8,5.9,5.7,5.8,5.5,5.2,5.3,5,4.8,4.5,4.2,4,3.7,3.2,2.8,3,3.5,3.8,3.8,3.6,3,3,4.5,4.9,4.5,5.3,5.6,5.8,5.9,5.8,6,6.1,5.9,6.1,6.2,5.70,6.10,6.30,5.90,5.30,4.90,6.00,6.20,7.20,7.50,7.90,7.90,8.30,7.80,8.10,8.30,7.60,7.80,7.90,8.20
KJ10,KLCC,3.5,3.1,3,2.7,2,1.8,1.7,1.4,1.1,0.8,1.1,1.5,1.8,2,2.4,2.7,3,2.9,3.1,3.6,3.8,3.6,3.8,4,4.3,3.7,3.9,4.2,3.5,3.6,3.8,3.9,4.1,4.2,4.4,4.6,4.7,4.2,3.9,4.2,4,3.8,3.2,3,2.9,2.6,2.3,2.1,1.8,2,2.2,2.4,2.7,2.9,3,2.9,2.6,2.3,2.1,1.8,2,2.2,2.4,2.7,2.9,3,3.2,3.7,4.2,4.1,4.4,4.9,4.5,4.9,5,5.3,4.8,5.2,4.6,4.7,4.8,4.9,5.1,4.7,4.3,4,3,2.3,2.7,3,3.4,3.9,4.1,3.5,2.7,8.2,7.6,6.9,6.2,5.5,4.6,3.8,5.2,5,5.2,4.9,4.8,4.7,4.3,4.2,3.6,2.9,2.4,2,2.1,2.5,2.9,3.3,3.2,3.8,4.1,4.2,4.6,5.1,4.9,5.1,5.3,4.9,5.4,5.5,4.8,5.2,5.7,5.8,5.6,5.7,5.4,5.1,5.2,4.9,4.7,4.4,4.1,3.9,3.6,3.1,2.7,2.9,3.3,3.7,3.6,3.3,2.9,2.9,4.4,4.8,4.4,5.2,5.5,5.7,5.8,5.7,5.9,5.9,5.8,6,6.1,5.50,5.90,6.10,5.70,5.10,4.70,5.80,6.00,7.00,7.30,7.70,7.70,8.10,7.60,7.90,8.10,7.40,7.60,7.70,8.00
KJ11,Kampung Baru,3.7,3.4,2.9,3,2.2,2,2,1.7,1.4,1.1,0.8,1.1,1.5,1.8,2.1,2.4,2.7,2.9,3.1,3.3,3.5,3.9,3.6,3.8,4.1,4.2,3.8,4,4.2,4.3,3.7,3.8,4,4.1,4.3,4.4,4.6,3.9,3.6,3.9,3.7,3.5,2.9,2.7,2.6,2.3,2,1.8,1.5,1.7,1.9,2.1,2.4,2.6,2.7,2.6,2.3,2,1.8,1.5,1.7,1.9,2.1,2.4,2.6,2.7,2.9,3.4,3.9,3.8,4.1,4.6,4.2,4.6,4.7,5,4.5,4.9,4.3,4.4,4.5,4.6,4.8,4.6,4,3.7,2.7,2,2.4,2.7,3.1,3.6,3.8,3.2,2.4,8.1,7.5,6.8,6.1,5.4,4.5,3.7,5,4.8,5,4.7,4.5,4.5,4.1,3.9,3.4,2.7,2.2,1.8,1.8,2.2,2.6,3,2.9,3.5,3.8,3.9,4.3,4.8,4.6,4.8,5,4.7,5.1,5.2,4.6,5,5.4,5.5,5.3,5.4,5.1,4.8,4.9,4.6,4.4,4.1,3.8,3.5,3.2,2.8,2.4,2.6,3,3.3,3.3,3.1,2.6,2.6,4.1,4.5,4.1,4.9,5.2,5.4,5.5,5.4,5.6,5.7,5.5,5.7,5.8,5.30,5.70,6.00,5.60,5.00,4.60,5.70,5.90,6.90,7.20,7.60,7.60,8.00,7.50,7.80,8.00,7.30,7.50,7.60,7.90
KJ12,Dang Wangi,3.4,3.6,3.1,2.9,2.5,2.3,2.1,1.9,1.7,1.5,1.1,0.8,1.2,1.5,2,2.1,2.5,2.7,2.9,3.1,3.3,3.6,3.4,3.6,3.9,4,4.3,3.9,4.1,4.2,3.6,3.7,3.8,4,4.2,4.3,4.5,3.6,3.3,3.6,3.4,3.1,2.6,2.4,2.3,2,1.7,1.5,1.2,1.4,1.6,1.8,2.1,2.3,2.4,2.3,2,1.7,1.5,1.2,1.4,1.6,1.8,2.1,2.3,2.4,2.6,3,3.6,3.5,3.8,4.3,3.9,4.3,4.4,4.7,4.2,4.6,4,4.1,4.2,4.3,4.5,4.5,3.7,3.4,2.4,1.7,2.1,2.4,2.8,3.3,3.5,2.9,2.1,8,7.4,6.7,6,5.3,4.4,3.6,4.7,4.5,4.7,4.4,4.2,4.2,3.8,3.6,3,2.4,1.9,1.5,1.5,1.9,2.3,2.7,2.6,3.1,3.5,3.6,4,4.5,4.3,4.5,4.7,4.4,4.8,4.9,4.3,4.7,5.1,5.2,5,5.1,4.8,4.5,4.6,4.3,4.1,3.8,3.4,3.2,2.9,2.5,2.1,2.3,2.7,3,3,2.8,2.3,2.3,3.8,4.2,3.8,4.6,4.9,5.1,5.2,5.1,5.3,5.4,5.2,5.4,5.5,5.00,5.40,5.80,6.10,5.50,5.10,6.20,6.40,7.40,7.70,8.10,8.10,7.90,8.00,8.30,8.50,7.80,8.00,8.10,8.40
KJ13,Masjid Jamek,3.7,3.9,3.4,3.2,2.9,2.6,2.4,2.2,1.9,1.8,1.5,1.2,0.8,1.1,1.6,1.9,2.1,2.3,2.5,3.2,3,3.4,3.7,3.9,3.7,3.8,4.1,3.7,3.9,4,4.3,3.6,3.7,3.8,4,4.2,4.4,3.2,2.9,3.1,2.9,2.7,2.2,2,1.9,1.6,1.3,1.1,0.8,1,1.2,1.4,1.7,1.9,2,1.9,1.6,1.3,1.1,0.8,1,1.2,1.4,1.7,1.9,2,2.2,2.6,3.1,3.1,3.4,3.9,3.5,3.9,4,4.3,3.8,4.2,3.6,3.7,3.8,3.9,4.1,4.4,3.3,3,2,1.3,1.7,2,2.4,2.9,3.1,2.5,1.7,8.7,8.1,7.4,6.7,6,5.1,4.3,4.3,4.1,4.3,4,3.8,3.8,3.4,3.2,2.6,2,1.5,1.1,1.1,1.5,1.9,2.3,2.2,2.7,3,3.2,3.6,4.1,3.9,4.1,4.3,4,4.4,4.5,3.9,4.3,4.7,4.8,4.6,4.7,4.4,4.1,4.2,3.9,3.7,3.3,3,2.8,2.5,2.1,1.7,1.9,2.3,2.5,2.4,2.2,1.9,1.9,3.3,3.8,3.4,4.2,4.5,4.7,4.8,4.7,4.9,4.8,4.8,5,5.1,4.60,5.00,5.40,5.90,5.30,4.90,6.00,6.20,7.20,7.50,7.80,7.90,7.50,7.60,7.90,8.10,7.60,7.80,7.90,8.20
KJ14,Pasar Seni,3.9,3.6,3.7,3.4,3.2,2.9,2.8,2.5,2.2,2,1.8,1.5,1.1,0.8,1.3,1.6,2,2,2.2,2.9,3.1,3.1,3.4,3.7,3.5,3.6,3.9,4.2,3.7,3.9,4.2,4.1,3.6,3.7,3.9,4.1,4.3,3.2,3.2,3.1,2.9,2.6,2.2,2,1.8,1.5,1.2,1,1.1,1.3,1.5,1.7,2,2.2,2.3,1.8,1.5,1.2,1,1.1,1.3,1.5,1.7,2,2.2,2.3,2.2,2.6,3,3.1,3.4,3.9,3.8,3.9,4.1,4.3,3.9,4.3,3.9,3.8,3.9,4,4.2,4.3,3.2,2.9,1.9,1.2,1.6,1.9,2.3,2.8,3.3,2.8,2,8.6,8,7.3,6.6,5.9,5,4.2,4,3.8,4,3.7,3.8,3.5,3.1,3.1,2.3,1.7,1.2,0.8,1,1.4,1.8,2,2.2,2.7,3,3.1,3.4,3.9,3.7,4,4.1,3.7,4.2,4.3,3.6,4,4.6,5.1,4.9,4.9,4.6,4.4,4.5,4.2,4,3.7,3.3,3.1,2.8,2.4,2,2.2,2.6,2.4,2.3,2.1,1.8,1.8,3.2,3.7,3.4,4.2,4.5,4.7,4.7,4.8,5,4.7,4.7,4.9,5,4.30,4.70,5.10,5.60,5.10,4.70,5.80,6.00,7.00,7.20,7.50,7.70,7.20,7.30,7.60,7.80,7.40,7.60,7.70,8.00
KJ15,KL Sentral,4.1,3.8,3.5,3.7,3.1,2.9,3.1,2.9,2.6,2.4,2.1,2,1.6,1.3,0.8,1.1,1.5,1.8,2,2.5,2.7,3.1,3.1,3.3,3.6,3.8,3.6,3.9,4.2,4.3,3.9,4.1,4.3,3.5,3.7,3.9,4.1,3.7,3.7,3.7,3.5,3.1,2.7,2.5,2.3,2,1.7,1.5,1.6,1.8,2,2.2,2.5,2.7,2.8,2.3,2,1.7,1.5,1.6,1.8,2,2.2,2.5,2.7,2.8,2.7,3.1,3.6,3.6,3.9,4.4,4.3,4.4,4.6,4.8,4.4,4.8,4.4,4.3,4.4,4.5,4.7,4.1,3.7,3.4,2.4,1.7,2.1,2.4,2.8,3.3,3.8,3.3,2.5,8.3,7.7,7,6.3,5.6,4.7,3.9,4.5,4.3,4.5,4.2,4.3,4,3.6,3.7,2.8,2.2,1.7,1.3,1.5,1.9,2.3,2.5,2.7,3.2,3.6,3.6,3.9,4.4,4.2,4.5,4.6,4.2,4.7,4.8,4.1,4.5,5.3,5.6,5.4,5.5,5.2,4.9,5,4.7,4.5,4.2,3.9,3.6,3.3,2.9,2.5,2.7,3.1,2.9,2.8,2.6,2.3,2.3,4.2,4.6,3.9,5,5,5.2,5.5,5.5,5.7,5.2,5.4,5.5,5.7,4.80,5.20,5.60,5.40,4.80,4.40,5.50,5.70,6.70,7.00,7.40,7.40,7.70,7.30,7.60,7.80,7.10,7.30,7.40,7.70
KJ16,Bank Rakyat - Bangsar,4.3,4,3.7,3.5,3.4,3.2,3,2.9,2.9,2.7,2.4,2.1,1.9,1.6,1.1,0.8,1.2,1.4,1.6,2.2,2.4,2.8,3.2,3.1,3.4,3.6,3.9,3.7,4,4.1,3.8,3.9,4.1,4.3,3.6,3.8,4,4,4,4,3.8,3.5,3,2.8,2.6,2.3,2,1.8,1.9,2.1,2.3,2.5,2.8,3,3.1,2.6,2.3,2,1.8,1.9,2.1,2.3,2.5,2.8,3,3.1,3,3.5,3.9,3.9,4.2,4.7,4.6,4.7,4.9,5.1,4.7,5.1,4.7,4.6,4.7,4.8,4.8,4,4,3.7,2.7,2,2.4,2.7,3.1,3.6,4.1,3.6,2.8,8.2,7.6,6.9,6.2,5.5,4.6,3.8,4.8,4.6,4.8,4.5,4.6,4.3,3.9,4,3.1,2.5,2,1.6,1.8,2.2,2.6,2.8,3,3.6,3.9,3.9,4.2,4.7,4.5,4.8,4.9,4.5,5,5.1,4.4,4.8,5.6,5.9,5.7,5.8,5.5,5.2,5.3,5,4.8,4.5,4.2,4,3.7,3.2,2.8,3,3.4,3.2,3.1,2.9,2.6,2.6,4.5,4.9,4.2,5.3,5.3,5.5,5.8,5.8,6,5.5,5.7,5.8,6,5.10,5.50,5.90,5.70,5.10,4.70,5.80,6.00,7.00,7.30,7.70,7.70,8.00,7.60,7.90,8.10,7.40,7.60,7.70,8.00
KJ17,Abdullah Hukum,4.3,4,3.7,3.7,3.7,3.5,3.3,3.2,2.9,3,2.7,2.5,2.1,2,1.5,1.2,0.8,1,1.3,2,2.1,2.5,2.9,3.1,3.1,3.3,3.7,3.5,3.7,3.9,4.3,3.7,3.9,4.1,4.4,3.7,3.8,4.4,4.2,4.4,4.2,3.9,3.5,3.2,3,2.7,2.4,2.2,2.1,2.3,2.5,2.7,3,3.2,3.4,3,2.7,2.4,2.2,2.1,2.3,2.5,2.7,3,3.2,3.4,3.5,3.9,4.3,4.3,4.6,5.1,4.8,5.1,5.3,5.5,5.1,5.5,4.9,5,5.1,5,4.6,3.8,4.4,4.1,3.1,2.4,2.8,3.1,3.5,4,4.4,3.8,3,8.7,8.1,7.4,6.7,6,5.1,4.3,5.2,5,5.2,4.9,5,4.7,4.3,4.4,3.6,2.9,2.4,2,2.2,2.6,3,3.2,3.5,4,4.3,4.3,4.6,5.1,4.9,5.2,5.3,4.9,5.4,5.5,4.8,5.2,6,6.1,5.9,6,5.7,5.4,5.5,5.2,5,4.7,4.4,4.2,3.9,3.5,3,3.2,3.7,3.7,3.5,3.3,3,3,4.7,5.1,4.6,5.5,5.7,5.9,6.1,6,6.2,5.9,6.1,6.2,6.4,5.50,5.90,5.90,5.50,4.90,4.50,5.60,5.80,6.80,7.10,7.50,7.50,7.90,7.40,7.70,7.90,7.20,7.40,7.50,7.80
KJ18,Kerinchi,3.9,3.7,4,3.8,3.8,3.6,3.5,3.3,3.1,2.9,2.9,2.7,2.3,2,1.8,1.4,1,0.8,1,1.8,1.9,2.3,2.7,2.9,3,3.2,3.5,3.8,3.6,3.8,4.1,4.3,3.8,4,4.3,3.6,3.8,4.4,4.4,4.4,4.2,3.9,3.5,3.2,3,2.7,2.4,2.2,2.3,2.5,2.7,2.9,3.2,3.5,3.6,3,2.7,2.4,2.2,2.3,2.5,2.7,2.9,3.2,3.5,3.6,3.5,3.9,4.3,4.3,4.6,5.1,5,5.1,5.3,5.5,5.1,5.5,5.1,5,5.1,5,4.6,3.8,4.4,4.1,3.1,2.4,2.8,3.1,3.5,4,4.5,4,3.2,8.5,7.9,7.2,6.5,5.8,4.9,4.1,5.2,5,5.2,4.9,5,4.7,4.3,4.4,3.6,2.9,2.4,2,2.2,2.6,3,3.3,3.5,4,4.3,4.3,4.6,5.1,4.9,5.2,5.3,4.9,5.4,5.5,4.8,5.2,6,6.3,6.1,6.2,5.9,5.6,5.7,5.4,5.2,4.9,4.6,4.4,4.1,3.7,3.2,3.5,3.9,3.7,3.6,3.3,3,3,4.9,5.3,4.6,5.7,5.7,5.9,6.2,6.2,6.4,5.9,6.1,6.2,6.4,5.50,5.90,5.70,5.30,4.70,4.30,5.40,5.60,6.60,6.90,7.30,7.30,7.70,7.20,7.50,7.70,7.00,7.20,7.30,7.60
KJ19,KL Gateway - Universiti,4,3.8,4.2,4,3.5,3.8,3.7,3.5,3.3,3.1,3.1,2.9,2.5,2.2,2,1.6,1.3,1,0.8,1.5,1.8,2.1,2.5,2.7,3.1,3,3.3,3.7,3.5,3.6,4,4.1,3.7,3.9,4.1,4.4,3.7,4.6,4.6,4.6,4.4,4.1,3.7,3.5,3.2,2.9,2.6,2.4,2.5,2.7,2.9,3.1,3.5,3.7,3.8,3.2,2.9,2.6,2.4,2.5,2.7,2.9,3.1,3.5,3.7,3.8,3.7,4.1,4.5,4.5,4.8,5.3,5.2,5.3,5.5,5.7,5.3,5.7,5.3,5.2,5.3,4.9,4.5,3.7,4.6,4.3,3.3,2.6,3,3.3,3.7,4.2,4.7,4.2,3.5,8.4,7.8,7.1,6.4,5.7,4.8,4,5.4,5.2,5.4,5.1,5.2,4.9,4.5,4.6,3.8,3.1,2.6,2.2,2.4,2.8,3.2,3.5,3.7,4.2,4.5,4.5,4.8,5.3,5.1,5.4,5.5,5.1,5.6,5.7,5,5.4,6.2,6.5,6.3,6.4,6.1,5.8,5.9,5.6,5.4,5.1,4.8,4.6,4.3,3.9,3.5,3.7,4.1,3.9,3.8,3.6,3.2,3.2,5.1,5.5,4.8,5.9,5.9,6.1,6.4,6.4,6.6,6.1,6.3,6.4,6.6,5.70,5.90,5.50,5.10,4.50,4.10,5.20,5.40,6.40,6.70,7.10,7.10,7.50,7.00,7.30,7.50,6.80,7.00,7.10,7.40
KJ20,Taman Jaya,3.5,4.2,3.9,3.7,3.9,3.7,3.6,3.5,3.8,3.6,3.3,3.1,3.2,2.9,2.5,2.2,2,1.8,1.5,0.8,1.1,1.5,2,2.1,2.5,2.7,3.1,3.1,3.4,3.7,3.6,3.7,4,4.2,3.8,4,4.2,5.3,5.3,5.3,5.1,4.8,4.4,4.2,4,3.7,3.4,3.1,3.2,3.5,3.7,3.9,4.2,4.4,4.5,4,3.7,3.4,3.1,3.2,3.5,3.7,3.9,4.2,4.4,4.5,4.4,4.8,5.2,5.2,5.5,6,5.9,6,6.2,6.4,6,6.3,6,5.9,5.8,5.4,5,4.2,5.3,5,4,3.4,3.7,4,4.4,4.9,5.4,4.9,4.2,8,7.4,6.7,6,5.3,4.4,3.6,6.1,5.9,6.1,5.8,5.9,5.6,5.2,5.3,4.5,3.9,3.4,2.9,3.1,3.6,4,4.2,4.4,4.9,5.2,5.2,5.5,6,5.8,6.1,6.2,5.8,6.3,6.4,5.7,6.1,6.9,7.2,7,7.1,6.8,6.5,6.6,6.3,6.1,5.8,5.5,5.3,5,4.6,4.2,4.4,4.8,4.6,4.5,4.3,4,4,5.8,6.2,5.5,6.6,6.6,6.8,7.1,7.1,7.3,6.8,7,7.1,7.3,6.00,5.70,5.30,4.90,4.30,3.90,5.00,5.20,6.20,6.50,6.90,6.90,7.30,6.80,7.10,7.30,6.60,6.80,6.90,7.20
KJ21,Asia Jaya,3.6,4.3,4,3.8,4.1,3.9,3.8,3.6,3.4,3.8,3.5,3.3,3,3.1,2.7,2.4,2.1,1.9,1.8,1.1,0.8,1.3,1.7,1.9,2.3,2.5,2.9,3,3.3,3.5,3.9,3.6,3.8,4,3.7,3.9,4.1,5.3,5,5.3,5.1,4.9,4.4,4.2,4.1,3.8,3.5,3.3,3,3.2,3.4,3.6,3.9,4.1,4.2,4.1,3.8,3.5,3.3,3,3.2,3.4,3.6,3.9,4.1,4.2,4.4,4.8,5.3,5.2,5.5,6,5.6,6,6.1,6.4,5.9,6.2,5.7,5.8,5.7,5.3,4.9,4.1,5.4,5.1,4.1,3.5,3.8,4.1,4.5,5,5.2,4.6,3.9,8.3,7.7,7,6.3,5.6,4.7,3.9,6.3,6.1,6.3,6,5.9,5.8,5.4,5.3,4.7,4.1,3.6,3.1,3.3,3.7,4.1,4.4,4.4,4.9,5.2,5.3,5.7,6.2,6,6.2,6.4,6,6.5,6.6,5.9,6.3,6.8,6.9,6.7,6.8,6.5,6.2,6.3,6,5.8,5.5,5.2,5,4.7,4.3,3.9,4.1,4.5,4.8,4.7,4.5,4.1,4.1,5.5,5.9,5.5,6.3,6.6,6.8,6.9,6.8,7,7,6.9,7.1,7.2,5.80,5.50,5.10,4.70,4.10,3.70,4.80,5.00,6.00,6.30,6.70,6.70,7.10,6.60,6.90,7.10,6.40,6.60,6.70,7.00
KJ22,Taman Paramount,3.8,3.6,4.2,4.1,3.7,4.2,4.1,3.9,3.7,3.6,3.9,3.6,3.4,3.1,3.1,2.8,2.5,2.3,2.1,1.5,1.3,0.8,1.2,1.5,2,2.1,2.5,2.9,2.9,3.1,3.6,3.7,3.5,3.7,4.1,3.7,3.9,5.4,5.4,5.4,5.2,4.9,4.5,4.3,4.1,3.8,3.5,3.3,3.4,3.6,3.8,4,4.3,4.5,4.6,4.1,3.8,3.5,3.3,3.4,3.6,3.8,4,4.3,4.5,4.6,4.5,4.9,5.3,5.3,5.6,6.1,6,6.1,6.3,6.5,6.1,6,6,5.7,5.5,5.1,4.7,3.9,5.4,5.1,4.1,3.5,3.8,4.1,4.5,5,5.5,5,4.3,8,7.4,6.7,6,5.3,4.4,3.6,6.2,6,6.2,5.9,6,5.7,5.3,5.4,4.6,4,3.5,3.1,3.3,3.7,4.1,4.3,4.5,5,5.3,5.3,5.6,6.1,5.9,6.2,6.3,5.9,6.4,6.5,5.8,6.2,7,7.3,7.1,7.2,6.9,6.6,6.7,6.4,6.2,5.9,5.6,5.4,5.1,4.7,4.3,4.5,4.9,4.7,4.6,4.4,4.1,4.1,5.9,6.3,5.6,6.7,6.7,6.9,7.2,7.2,7.4,6.9,7.1,7.2,7.4,5.40,5.10,4.70,4.30,3.70,3.30,4.40,4.60,5.60,5.90,6.30,6.30,6.70,6.20,6.50,6.70,6.00,6.20,6.30,6.60
KJ23,Taman Bahagia,3.9,3.8,3.5,4.3,3.9,3.7,3.6,4.2,4,3.8,3.6,3.4,3.7,3.4,3.1,3.2,2.9,2.7,2.5,2,1.7,1.2,0.8,1.1,1.6,1.8,2.1,2.5,2.9,3.1,3.3,3.4,3.8,3.5,3.8,4.1,3.7,5.7,5.7,5.7,5.5,5.2,4.8,4.6,4.4,4.1,3.8,3.6,3.7,3.9,4.1,4.3,4.6,4.8,4.9,4.4,4.1,3.8,3.6,3.7,3.9,4.1,4.3,4.6,4.8,4.9,4.8,5.2,5.6,5.6,5.9,6.4,6.3,6.4,6.4,6.7,6.4,5.8,5.8,5.5,5.3,4.9,4.5,3.7,5.7,5.4,4.4,3.8,4.1,4.4,4.8,5.3,5.8,5.3,4.6,7.7,7.1,6.4,5.7,5,4.1,3.3,6.5,6.3,6.5,6.2,6.3,6,5.6,5.7,4.9,4.3,3.8,3.4,3.6,4,4.4,4.6,4.8,5.3,5.6,5.6,5.9,6.4,6.2,6.5,6.6,6.2,6.7,6.8,6.1,6.5,7.3,7.6,7.4,7.5,7.2,6.9,7,6.7,6.5,6.2,5.9,5.7,5.4,5,4.6,4.8,5.2,5,4.9,4.7,4.4,4.4,6.2,6.6,5.9,7,7,7.2,7.5,7.5,7.7,7.2,7.4,7.5,7.7,5.00,4.70,4.30,3.90,3.30,2.90,4.00,4.20,5.20,5.50,5.90,5.90,6.30,5.80,6.10,6.30,5.60,5.80,5.90,6.20
KJ24,Kelana Jaya,4,3.9,3.7,3.5,4,3.9,3.8,3.7,4.2,4,3.8,3.6,3.9,3.7,3.3,3.1,3.1,2.9,2.7,2.1,1.9,1.5,1.1,0.8,1.3,1.5,2,2.3,2.6,2.9,3,3.2,3.5,3.8,3.6,3.9,4.2,6,5.9,6,5.8,5.5,5.1,4.9,4.7,4.4,4.1,3.9,3.9,4.1,4.3,4.5,4.8,5,5.1,4.7,4.4,4.1,3.9,3.9,4.1,4.3,4.5,4.8,5,5.1,5.1,5.5,5.9,5.9,6.2,6.7,6.5,6.7,6.9,7.1,6.7,6.3,6.3,6,5.8,5.4,5,4.2,6,5.7,4.7,4.1,4.4,4.7,5.1,5.6,6.1,5.5,4.8,7.4,6.8,6.1,5.4,4.7,3.8,3,6.8,6.6,6.8,6.5,6.6,6.3,5.9,6,5.2,4.6,4.1,3.7,3.9,4.3,4.7,4.9,5.1,5.6,5.9,5.9,6.2,6.7,6.5,6.8,6.9,6.5,7,7.1,6.4,6.8,7.6,7.8,7.6,7.7,7.4,7.1,7.2,6.9,6.7,6.4,6.1,5.9,5.6,5.2,4.8,5,5.4,5.3,5.2,5,4.7,4.7,6.4,6.8,6.2,7.2,7.3,7.5,7.8,7.7,7.9,7.5,7.7,7.8,8,4.90,4.60,4.20,3.80,3.20,2.80,3.90,4.10,5.10,5.40,5.80,5.80,6.20,5.70,6.00,6.20,5.50,5.70,5.80,6.10
KJ25,Lembah Subang,4.2,4.2,4,3.7,4.2,4.1,4,3.9,3.7,4.3,4.1,3.9,3.7,3.5,3.6,3.4,3.1,3,3.1,2.5,2.3,2,1.6,1.3,0.8,1.1,1.5,2,2.2,2.5,3,2.9,3.2,3.4,3.8,3.6,3.9,5.8,5.7,5.8,5.6,5.3,4.9,4.7,4.5,4.2,3.9,3.7,3.7,3.9,4.1,4.3,4.6,4.8,4.9,4.5,4.2,3.9,3.7,3.7,3.9,4.1,4.3,4.6,4.8,4.9,4.9,5.3,5.7,5.7,6,6.5,6.3,6.5,6.6,6.9,6.5,6,6,5.7,5.5,5.1,4.7,3.9,5.8,5.5,4.5,3.9,4.2,4.5,4.9,5.4,5.9,5.3,4.6,7.5,6.9,6.2,5.5,4.8,3.9,3,6.6,6.4,6.6,6.3,6.4,6.1,5.7,5.8,5,4.4,3.9,3.5,3.7,4.1,4.5,4.7,4.9,5.4,5.7,5.7,6,6.5,6.3,6.6,6.7,6.3,6.8,6.9,6.2,6.6,7.4,7.6,7.4,7.5,7.2,6.9,7,6.7,6.5,6.2,5.9,5.7,5.4,5,4.6,4.8,5.2,5.1,5,4.8,4.5,4.5,6.2,6.6,6,7,7.1,7.3,7.6,7.5,7.7,7.3,7.5,7.6,7.8,4.40,4.10,3.70,3.30,2.70,2.30,3.40,3.60,4.60,4.90,5.30,5.30,5.70,5.20,5.50,5.70,5.00,5.20,5.30,5.60
KJ26,Ara Damansara,4.5,4.3,4.1,3.8,4.3,4.2,4.1,4,3.9,3.7,4.2,4,3.8,3.6,3.8,3.6,3.3,3.2,3,2.7,2.5,2.1,1.8,1.5,1.1,0.8,1.3,1.7,2,2.2,2.8,3,3,3.3,3.7,3.5,3.8,5.9,5.8,5.9,5.7,5.4,5,4.8,4.6,4.3,4,3.8,3.8,4,4.2,4.4,4.7,4.9,5,4.6,4.3,4,3.8,3.8,4,4.2,4.4,4.7,4.9,5,5,5.4,5.8,5.8,6.1,6.6,6.4,6.6,6.5,6.8,6.5,5.9,5.9,5.6,5.4,5,4.6,3.8,5.9,5.6,4.6,4,4.3,4.6,5,5.5,6,5.4,4.7,7.3,6.7,6,5.3,4.6,3.7,2.8,6.7,6.5,6.7,6.4,6.5,6.2,5.8,5.9,5.1,4.5,4,3.6,3.8,4.2,4.6,4.8,5,5.5,5.8,5.8,6.1,6.6,6.4,6.7,6.8,6.4,6.9,7,6.3,6.7,7.5,7.7,7.5,7.6,7.3,7,7.1,6.8,6.6,6.3,6,5.8,5.5,5.1,4.7,4.9,5.3,5.2,5.1,4.9,4.6,4.6,6.3,6.7,6.1,7.1,7.2,7.4,7.7,7.6,7.8,7.4,7.6,7.7,7.9,4.20,3.90,3.50,3.10,2.50,2.10,3.20,3.40,4.40,4.70,5.10,5.10,5.50,5.00,5.30,5.50,4.80,5.00,5.10,5.40
KJ27,CGC - Glenmarie,4.6,4.5,4.3,3.9,3.7,3.6,4.3,4.2,4.1,3.9,3.8,4.3,4.1,3.9,3.6,3.9,3.7,3.5,3.3,3.1,2.9,2.5,2.1,2,1.5,1.3,0.8,1.3,1.7,2,2.4,2.6,3,2.9,3.3,3.7,3.5,6.2,6.1,6.2,6,5.7,5.3,5.1,4.9,4.6,4.3,4.1,4.1,4.3,4.5,4.7,5,5.2,5.3,4.9,4.6,4.3,4.1,4.1,4.3,4.5,4.7,5,5.2,5.3,5.3,5.7,6.1,6.1,6.4,6.9,6.7,6.4,6.2,6.5,6.2,5.6,5.6,5.3,5.1,4.7,4.3,3.5,6.2,5.9,4.9,4.3,4.6,4.9,5.3,5.8,6.3,5.7,5,6.9,6.3,5.6,4.9,4.2,3.3,2.4,7,6.8,7,6.7,6.8,6.5,6.1,6.2,5.4,4.8,4.3,3.9,4.1,4.5,4.9,5.1,5.3,5.8,6.1,6.1,6.4,6.9,6.7,7,7.1,6.7,7.2,7.3,6.6,7,7.8,8,7.8,7.9,7.6,7.3,7.4,7.1,6.9,6.6,6.3,6.1,5.8,5.4,5,5.2,5.6,5.5,5.4,5.2,4.9,4.9,6.6,7,6.4,7.3,7.5,7.7,8,7.9,8.1,7.7,7.9,8,8.2,3.70,3.40,3.00,2.60,2.00,1.60,2.70,2.90,3.90,4.20,4.60,4.60,5.00,4.50,4.80,5.00,4.30,4.50,4.60,4.90
KJ28,Subang Jaya,4.8,4.6,4.4,4.1,3.8,3.7,3.7,3.6,4.3,4.2,4,3.9,3.7,4.2,3.9,3.7,3.5,3.8,3.7,3.1,3,2.9,2.5,2.3,2,1.7,1.3,0.8,1.2,1.5,2,2.2,2.6,2.9,3,3.3,3.7,6,5.7,6,5.8,5.6,5.1,4.9,4.8,4.5,4.2,4,3.7,3.9,4.1,4.3,4.6,4.8,4.9,4.8,4.5,4.2,4,3.7,3.9,4.1,4.3,4.6,4.8,4.9,5.1,5.5,6,5.9,6.2,6.7,6.3,6.6,6.4,6.7,6.4,5.8,5.8,5.5,5.3,4.9,4.5,3.7,6.1,5.8,4.8,4.2,4.5,4.8,5.2,5.7,5.9,5.3,4.6,6.5,5.9,5.2,4.5,3.8,2.9,2,7.2,7,7.2,6.9,6.6,6.7,6.3,6,5.7,5.1,4.6,4.2,4,4.4,4.8,5.2,5.1,5.6,5.9,6,6.4,6.9,6.7,6.9,7.1,7,7.2,7.3,6.7,7.2,7.5,7.6,7.4,7.5,7.2,6.9,7,6.7,6.5,6.2,5.9,5.7,5.4,5,4.6,4.8,5.2,5.5,5.7,5.5,4.8,4.8,6.2,6.6,6.2,7,7.3,7.5,7.6,7.5,7.7,8,7.6,7.8,7.9,4.20,3.90,3.50,3.10,2.50,2.10,3.20,3.40,4.40,4.70,5.10,5.10,5.50,5.00,5.30,5.50,4.80,5.00,5.10,5.40
KJ29,SS15,5,4.8,4.6,4.3,4,3.9,3.8,3.7,3.6,3.5,4.2,4.1,3.9,3.7,4.2,4,3.7,3.6,3.5,3.4,3.3,2.9,2.9,2.6,2.2,2,1.7,1.2,0.8,1.1,1.7,2,2.2,2.5,3,3,3.4,6,5.9,6,5.8,5.5,5.1,4.9,4.7,4.4,4.1,3.9,3.9,4.1,4.3,4.5,4.8,5,5.1,4.7,4.4,4.1,3.9,3.9,4.1,4.3,4.5,4.8,5,5.1,5.1,5.5,5.9,5.9,6.2,6.7,6.5,6.3,6.1,6.4,6.1,5.5,5.5,5.2,5,4.6,4.2,3.4,6,5.7,4.7,4.1,4.4,4.7,5.1,5.6,6.1,5.5,4.8,6.2,5.6,4.9,4.2,3.5,2.6,1.7,6.8,6.6,6.8,6.5,6.6,6.3,5.9,6,5.2,4.6,4.1,3.7,3.9,4.3,4.7,4.9,5.1,5.6,5.9,5.9,6.2,6.7,6.5,6.8,6.9,6.5,7,7.1,6.4,6.8,7.6,7.8,7.6,7.7,7.4,7.1,7.2,6.9,6.7,6.4,6.1,5.9,5.6,5.2,4.8,5,5.4,5.3,5.2,5,4.7,4.7,6.4,6.8,6.2,7.2,7.3,7.5,7.8,7.7,7.9,7.5,7.7,7.8,8,4.60,4.30,3.90,3.50,2.90,2.50,3.60,3.80,4.80,5.10,5.50,5.50,5.90,5.40,5.70,5.90,5.20,5.40,5.50,5.80
KJ30,SS18,5.1,4.9,4.7,4.4,4.1,4,3.9,3.8,3.7,3.6,4.3,4.2,4,3.9,4.3,4.1,3.9,3.8,3.6,3.7,3.5,3.1,3.1,2.9,2.5,2.2,2,1.5,1.1,0.8,1.4,1.7,2,2.2,2.7,3.1,3.2,6.2,6,6.2,6,5.7,5.3,5.1,4.9,4.6,4.3,4.1,4,4.2,4.4,4.6,4.9,5.1,5.2,4.9,4.6,4.3,4.1,4,4.2,4.4,4.6,4.9,5.1,5.2,5.3,5.7,5.8,6.1,6.2,6.6,6.4,6.1,5.9,6.2,5.9,5.3,5.3,5,4.8,4.4,4,3.2,6.2,5.9,4.9,4.3,4.6,4.9,5.3,5.8,6.2,5.6,4.9,5.9,5.3,4.6,3.9,3.2,2.3,1.4,7,6.8,7,6.7,6.8,6.5,6.1,6.2,5.4,4.8,4.3,3.9,4.1,4.5,4.9,5.1,5.3,5.8,6.1,6.1,6.4,6.9,6.7,7,7.1,6.7,7.2,7.3,6.6,7,7.8,7.9,7.7,7.8,7.5,7.2,7.3,7,6.8,6.5,6.2,6,5.7,5.3,4.9,5.1,5.5,5.5,5.4,5.2,4.9,4.9,6.5,6.8,6.2,7,7.3,7.5,7.9,7.8,8,7.7,7.9,8,8.2,4.90,4.60,4.20,3.80,3.20,2.80,3.90,4.10,5.10,5.40,5.80,5.80,6.20,5.70,6.00,6.20,5.50,5.70,5.80,6.10
KJ31,USJ7,5.3,5.1,4.9,4.6,4.3,4.2,4.1,4,3.9,3.8,3.7,3.6,4.3,4.2,3.9,3.8,4.3,4.1,4,3.6,3.9,3.6,3.3,3,3,2.8,2.4,2,1.7,1.4,0.8,1.1,1.5,1.8,2.2,2.6,3,6.5,6.3,6.5,6.3,6,5.6,5.4,5.2,4.9,4.6,4.4,4.3,4.5,4.7,4.9,5.2,5.4,5.5,5.2,4.9,4.6,4.4,4.3,4.5,4.7,4.9,5.2,5.4,5.5,5.6,5.9,5.7,6.3,6.1,6.5,6.3,6,5.8,6.1,5.8,5.2,5.2,4.9,4.7,4.3,3.9,3,6.5,6.2,5.2,4.6,4.9,5.2,5.6,6.1,6.5,5.9,5.2,5.3,4.7,4,3.3,2.6,1.7,0.8,7.3,7.1,7.3,7,7.1,6.8,6.4,6.5,5.7,5.1,4.6,4.2,4.4,4.8,5.2,5.4,5.6,6.1,6.4,6.4,6.7,7.2,7,7.3,7.4,7,7.5,7.6,6.9,7.3,8.1,8.2,8,8.1,7.8,7.5,7.6,7.3,7.1,6.8,6.5,6.3,6,5.6,5.2,5.4,5.8,5.8,5.7,5.5,5.2,5.2,6.8,6.7,6.1,6.9,7.2,7.4,7.9,8.1,8.3,8,8.2,8.3,8.5,5.30,5.00,4.60,4.20,3.60,3.20,4.30,4.50,5.50,5.80,6.20,6.20,6.60,6.10,6.40,6.60,5.90,6.10,6.20,6.50
KJ32,Taipan,5.4,5.2,5,4.7,4.4,4.3,4.2,4.1,4,3.9,3.8,3.7,3.6,4.1,4.1,3.9,3.7,4.3,4.1,3.7,3.6,3.7,3.4,3.2,2.9,3,2.6,2.2,2,1.7,1.1,0.8,1.3,1.6,2,2.4,2.8,5.9,5.6,5.9,5.7,5.5,5,4.8,4.7,4.4,4.1,3.9,3.6,3.8,4,4.2,4.5,4.7,4.8,4.7,4.4,4.1,3.9,3.6,3.8,4,4.2,4.5,4.7,4.8,5,5.4,5.5,5.8,5.9,6.3,6.1,5.8,5.6,5.9,5.6,5,5,4.7,4.5,4.1,3.7,2.8,6,5.7,4.7,4.1,4.4,4.7,5.1,5.6,5.8,5.2,4.5,5.6,5,4.3,3.6,2.9,2,1.1,7.1,6.9,7.1,6.8,6.5,6.6,6.2,5.9,5.6,5,4.5,4.1,3.9,4.3,4.7,5.1,5,5.5,5.8,5.9,6.3,6.8,6.6,6.8,7,7.1,7.1,7.2,6.6,7.1,7.4,7.5,7.3,7.4,7.1,6.8,6.9,6.6,6.4,6.1,5.8,5.6,5.3,4.9,4.5,4.7,5.1,5.4,5.6,5.5,4.7,4.7,6.1,6.5,5.9,6.7,7,7.2,7.5,7.4,7.6,7.9,7.5,7.7,7.8,5.50,5.20,4.80,4.40,3.80,3.40,4.50,4.70,5.70,6.00,6.40,6.40,6.80,6.30,6.60,6.80,6.10,6.30,6.40,6.70
KJ33,Wawasan,5.5,5.4,5.2,4.8,4.6,4.4,4.4,4.3,4.2,4.1,4,3.8,3.7,3.6,4.3,4.1,3.9,3.8,3.7,4,3.8,3.5,3.8,3.5,3.2,3,3,2.6,2.2,2,1.5,1.3,0.8,1.1,1.7,2,2.4,5.9,5.7,5.9,5.7,5.4,5,4.8,4.6,4.3,4,3.8,3.7,3.9,4.1,4.3,4.6,4.8,4.9,4.6,4.3,4,3.8,3.7,3.9,4.1,4.3,4.6,4.8,4.9,5,5.3,5.1,5.7,5.5,5.9,5.7,5.4,5.2,5.5,5.2,4.6,4.6,4.3,4.1,3.7,3.2,2.4,5.9,5.6,4.6,4,4.3,4.6,5,5.5,5.9,5.3,4.6,6,5.4,4.7,4,3.3,2.4,1.5,6.7,6.5,6.7,6.4,6.5,6.2,5.8,5.9,5.1,4.5,4,3.6,3.8,4.2,4.6,4.8,5,5.5,5.8,5.8,6.1,6.6,6.4,6.7,6.8,6.4,6.9,7,6.3,6.7,7.5,7.6,7.4,7.5,7.2,6.9,7,6.7,6.5,6.2,5.9,5.7,5.4,5,4.6,4.8,5.2,5.2,5.1,4.9,4.6,4.6,6.2,6.1,5.5,6.3,6.6,6.8,7.3,7.5,7.7,7.4,7.6,7.7,7.9,5.90,5.60,5.20,4.80,4.20,3.80,4.90,5.10,6.10,6.40,6.80,6.80,7.20,6.70,7.00,7.20,6.50,6.70,6.80,7.10
KJ34,USJ21,5.7,5.5,5.3,5,4.7,4.6,4.5,4.4,4.3,4.2,4.1,4,3.8,3.7,3.5,4.3,4.1,4,3.9,4.2,4,3.7,3.5,3.8,3.4,3.3,2.9,2.9,2.5,2.2,1.8,1.6,1.1,0.8,1.4,1.8,2.1,5.9,5.8,5.7,5.6,5.5,5.1,4.9,4.7,4.4,4.1,3.9,3.8,4,4.2,4.4,4.7,4.9,5,4.7,4.4,4.1,3.9,3.8,4,4.2,4.4,4.7,4.9,5,5.1,5,4.8,5.4,5.2,5.6,5.4,5.1,4.9,5.2,4.9,4.3,4.3,4,3.8,3.4,2.9,2.1,6,5.7,4.7,4.1,4.4,4.7,5.1,5.6,6,5.4,4.7,6.3,5.7,5,4.3,3.6,2.7,1.8,6.8,6.6,6.8,6.5,6.6,6.3,5.9,6,5.2,4.6,4.1,3.7,3.9,4.3,4.7,4.9,5.1,5.6,5.9,5.9,6.2,6.7,6.5,6.8,6.9,6.5,7,7.1,6.4,6.8,7.6,7.7,7.5,7.6,7.3,7,7.1,6.8,6.6,6.3,6,5.8,5.5,5.1,4.7,4.9,5.3,5.3,5.2,5,4.7,4.7,6.2,5.8,5.2,6,6.3,6.5,7,7.6,7.8,7.5,7.7,7.8,8,5.80,5.50,5.10,4.70,4.10,3.70,4.80,5.00,6.00,6.30,6.70,6.70,7.10,6.60,6.90,7.10,6.40,6.60,6.70,7.00
KJ35,Alam Megah,5.9,5.7,5.5,5.2,4.9,4.8,4.7,4.6,4.5,4.4,4.3,4.2,4,3.9,3.7,3.6,4.4,4.3,4.1,3.8,3.7,4.1,3.8,3.6,3.8,3.7,3.3,3,3,2.7,2.2,2,1.7,1.4,0.8,1.3,1.8,5.6,5.5,5.4,5.3,5.2,5.1,4.9,4.9,4.6,4.3,4.1,4,4.2,4.4,4.6,4.9,5.1,5.2,4.9,4.6,4.3,4.1,4,4.2,4.4,4.6,4.9,5.1,5.2,4.9,4.7,4.5,5.1,4.9,5.3,5.1,4.8,4.6,4.9,4.6,4,4,3.7,3.5,3,2.6,1.8,6.2,5.9,4.9,4.3,4.6,4.9,5.3,5.8,6.2,5.6,4.9,6.7,6.1,5.4,4.7,4,3.1,2.2,7,6.8,7,6.7,6.8,6.5,6.1,6.2,5.4,4.8,4.3,3.9,4.1,4.5,4.9,5.1,5.1,5.6,5.9,6.1,6.4,6.9,6.7,7,7.1,6.7,7.2,7.3,6.6,7,7.7,7.9,7.7,7.8,7.5,7.2,7.3,7,6.8,6.5,6.2,6,5.7,5.3,4.9,5.1,5.5,5.5,5.4,5.2,4.9,4.9,5.9,5.5,4.9,5.7,6,6.2,6.7,7.3,7.7,7.6,7.8,8,7.7,6.20,5.90,5.50,5.10,4.50,4.10,5.20,5.40,6.40,6.70,7.10,7.10,7.50,7.00,7.30,7.50,6.80,7.00,7.10,7.40
KJ36,Subang Alam,6,5.9,5.6,5.3,5,4.9,4.9,4.8,4.7,4.6,4.4,4.3,4.2,4.1,3.9,3.8,3.7,3.6,4.4,4,3.9,3.7,4.1,3.9,3.6,3.5,3.7,3.3,3,3.1,2.6,2.4,2,1.8,1.3,0.8,1.3,5.1,5,4.9,4.8,4.7,4.6,4.4,4.5,4.6,4.5,4.3,4.2,4.4,4.6,4.8,5.1,5.3,5.4,4.5,4.6,4.5,4.3,4.2,4.4,4.6,4.8,5.1,5.3,5.4,4.4,4.2,4,4.6,4.4,4.8,4.6,4.3,4.1,4.4,4.1,3.5,3.5,3.1,2.9,2.5,2.1,1.3,6.4,6.1,5.1,4.5,4.8,5.1,5.5,6,6.4,5.8,5.1,7.1,6.5,5.8,5.1,4.4,3.5,2.6,7.2,7,7.2,6.9,7,6.7,6.3,6.4,5.6,5,4.5,4.1,4.3,4.7,5,4.9,4.6,5.1,5.4,5.8,6.2,6.8,6.7,7.1,7.3,6.9,7.4,7.5,6.8,7.2,7.2,7.9,7.7,7.5,7.2,7.3,7.1,7.2,7,6.7,6.4,6.2,5.9,5.5,5.1,5.3,5.7,5.7,5.5,5.3,5,4.5,5.4,5,4.4,5.2,5.5,5.7,6.2,6.8,7.2,7.1,7.3,7.5,7.2,6.60,6.30,5.90,5.50,4.90,4.50,5.60,5.80,6.80,7.10,7.50,7.50,7.90,7.40,7.70,7.90,7.20,7.40,7.50,7.80
KJ37,Putra Heights,6.2,6,5.8,5.5,5.2,5.1,5,5,4.8,4.7,4.6,4.5,4.4,4.3,4.1,4,3.8,3.8,3.7,4.2,4.1,3.9,3.7,4.2,3.9,3.8,3.5,3.7,3.4,3.2,3,2.8,2.4,2.1,1.8,1.3,0.8,4.6,4.5,4.4,4.3,4.2,4.1,3.9,4,4.1,4.2,4.3,4.4,4.5,4.6,4.6,4.7,4.8,4.9,4,4.1,4.2,4.3,4.4,4.5,4.6,4.6,4.7,4.8,4.9,3.9,3.7,3.5,4.1,3.9,4.3,4.1,3.8,3.6,3.9,3.6,3,2.9,2.6,2.4,2,1.6,0.8,6.1,5.8,4.8,4.2,4.5,4.8,5.2,5.7,6,5.4,4.7,7.5,6.9,6.2,5.5,4.8,3.9,3,7,6.9,7.4,7.1,6.9,6.9,6.5,6.3,5.8,5.2,4.7,4.3,4.3,4.7,4.5,4.4,4.1,4.6,4.9,5.3,5.7,6.3,6.2,6.6,6.8,6.6,7.2,7.4,6.9,7,6.7,7.4,7.2,7,6.7,6.8,6.6,6.7,6.5,6.3,6,5.8,5.5,5.1,4.7,4.9,5.3,5.2,5,4.8,4.5,4,4.9,4.5,3.9,4.7,5,5.2,5.7,6.3,6.7,6.6,6.8,7,6.7,6.40,6.10,5.70,5.30,4.70,4.30,5.40,5.60,6.60,6.90,7.30,7.30,7.70,7.20,7.50,7.70,7.00,7.20,7.30,7.60
AG18,Ampang,6,5.9,5.7,5.5,5.3,5,4.8,4.6,4.3,4.2,3.9,3.6,3.2,3.2,3.7,4,4.4,4.4,4.6,5.3,5.3,5.4,5.7,6,5.8,5.9,6.2,6,6,6.2,6.5,5.9,5.9,5.9,5.6,5.1,4.6,0.8,1.2,1.3,1.6,1.9,2.1,2.4,2.7,2.9,3.2,3,3.2,3.3,3.5,3.6,3.8,3.4,3.6,2.7,2.9,3.2,3,3.2,3.3,3.5,3.6,3.8,3.4,3.6,2.7,3.1,3.1,3.5,3.8,3.7,3.9,4.2,3.7,3.8,4.1,3.6,3.8,3.9,4,4.1,4.3,4.6,5.2,4.9,3.9,3.2,3.6,3.9,4.3,4.8,5.1,4.5,3.8,10.9,10.3,9.6,8.9,8.2,7.3,6.5,5.1,5,5.5,5.2,5,5.3,5,4.7,4.6,4.1,3.6,3.2,3,3.2,2.8,2.4,2.1,2.6,2.9,3.4,3.8,4.4,4.3,4.7,4.9,4.7,5.3,5.5,5,5.1,5.5,6.1,5.9,5.8,5.5,5.8,5.5,5.5,5.3,5.3,5.1,4.9,4.6,4.2,3.8,4,3.9,3.5,3.3,3.1,2.8,2.7,4.2,4.4,3.8,4.6,4.9,5.1,5.6,5.7,5.9,5.7,5.6,5.8,5.9,6.10,6.50,6.90,7.40,7.40,7.00,8.10,8.30,9.20,9.00,9.30,9.60,9.00,9.10,9.40,9.60,9.70,9.80,10.00,10.20
AG17,Cahaya,5.7,5.9,5.4,5.2,5,4.7,4.5,4.3,4,3.9,3.6,3.3,2.9,3.2,3.7,4,4.2,4.4,4.6,5.3,5,5.4,5.7,5.9,5.7,5.8,6.1,5.7,5.9,6,6.3,5.6,5.7,5.8,5.5,5,4.5,1.2,0.8,0.9,1.2,1.5,1.9,2.1,2.3,2.6,2.8,3,2.9,3,3.2,3.3,3.5,3.7,3.9,2.3,2.6,2.8,3,2.9,3,3.2,3.3,3.5,3.7,3.9,2.4,2.8,2.9,3.3,3.6,3.5,3.6,4,4.1,3.7,3.9,4.3,3.6,3.8,3.8,4,4.2,4.5,4.8,4.5,3.5,2.8,3.2,3.5,3.9,4.4,4.8,4.2,3.5,10.7,10.1,9.4,8.7,8,7.1,6.3,4.9,4.8,5.3,5,4.8,5.1,4.8,4.5,4.4,4.1,3.6,3.2,3,3,2.6,2.2,1.9,2.4,2.7,3.1,3.6,4.2,4.1,4.5,4.7,4.5,5.1,5.3,4.8,4.9,5.1,5.8,5.6,5.4,5.1,5.6,5.3,5.1,4.9,5.1,4.8,4.6,4.3,3.9,3.5,3.7,3.7,3.2,3.1,2.9,2.6,2.3,3.8,4.2,3.6,4.4,4.7,4.9,5.2,5.3,5.5,5.5,5.2,5.4,5.5,5.90,6.30,6.70,7.20,7.30,6.90,8.00,8.20,9.00,8.80,9.10,9.40,8.80,8.90,9.20,9.40,9.50,9.60,9.80,10.00
AG16,Cempaka,6,5.9,5.7,5.5,5.3,5,4.8,4.6,4.3,4.2,3.9,3.6,3.1,3.1,3.7,4,4.4,4.4,4.6,5.3,5.3,5.4,5.7,6,5.8,5.9,6.2,6,6,6.2,6.5,5.9,5.9,5.7,5.4,4.9,4.4,1.3,0.9,0.8,1,1.3,1.8,2,2.2,2.5,2.7,2.9,3.1,2.9,3.1,3.2,3.4,3.6,3.8,2.2,2.5,2.7,2.9,3.1,2.9,3.1,3.2,3.4,3.6,3.8,2.2,2.6,3.1,3.2,3.5,3.9,3.6,3.9,4,4.3,3.8,4.2,3.6,3.7,3.8,3.9,4.1,4.4,4.7,4.4,3.4,2.7,3.1,3.4,3.8,4.3,4.7,4.1,3.4,10.9,10.3,9.6,8.9,8.2,7.3,6.5,4.8,4.7,5.2,4.9,4.7,5,4.7,4.4,4.3,4.1,3.6,3.1,2.9,2.9,2.5,2.1,1.8,2.3,2.6,3,3.5,4.1,4,4.4,4.6,4.4,5,5.2,4.7,4.8,5,5.7,5.5,5.3,5,5.5,5.2,5,4.8,5,4.7,4.5,4.2,3.8,3.4,3.6,3.5,3.1,3,2.8,2.5,2.2,3.7,4.1,3.5,4.3,4.6,4.8,5.1,5.2,5.4,5.4,5.1,5.3,5.4,5.80,6.20,6.60,7.10,7.40,7.00,8.10,8.30,8.90,8.70,9.00,9.30,8.70,8.80,9.10,9.30,9.40,9.50,9.70,9.90
AG15,Pandan Indah,5.8,5.7,5.5,5.3,5.1,4.8,4.6,4.4,4.1,4,3.7,3.4,2.9,2.9,3.5,3.8,4.2,4.2,4.4,5.1,5.1,5.2,5.5,5.8,5.6,5.7,6,5.8,5.8,6,6.3,5.7,5.7,5.6,5.3,4.8,4.3,1.6,1.2,1,0.8,1.1,1.6,1.9,2,2.3,2.5,2.7,2.9,3.1,2.9,3.1,3.3,3.4,3.6,2,2.3,2.5,2.7,2.9,3.1,2.9,3.1,3.3,3.4,3.6,2,2.4,2.9,3,3.3,3.7,3.9,3.7,3.9,4.1,3.7,4.1,4.4,3.6,3.7,3.9,4,4.3,4.5,4.2,3.2,2.5,2.9,3.2,3.6,4.1,4.6,4,3.3,10.7,10.1,9.4,8.7,8,7.1,6.3,4.6,4.5,5,4.7,4.5,4.8,4.5,4.2,4.1,3.9,3.3,2.9,2.7,2.7,2.3,1.9,1.6,2.1,2.4,2.8,3.2,3.9,3.8,4.2,4.4,4.2,4.8,5,4.5,4.6,4.8,5.5,5.3,5.1,4.8,5.3,5,4.8,4.6,4.8,4.6,4.4,4.1,3.7,3.3,3.5,3.3,2.9,2.8,2.6,2.3,2,3.5,3.9,3.3,4.1,4.4,4.6,4.9,5,5.2,5.2,4.9,5.1,5.2,5.60,6.00,6.40,6.90,7.20,6.80,7.90,8.10,8.70,8.50,8.80,9.10,8.50,8.60,8.90,9.10,9.20,9.30,9.50,9.70
AG14,Pandan Jaya,5.6,5.4,5.3,5.1,4.9,4.6,4.4,4.2,3.9,3.8,3.5,3.1,2.7,2.6,3.1,3.5,3.9,3.9,4.1,4.8,4.9,4.9,5.2,5.5,5.3,5.4,5.7,5.6,5.5,5.7,6,5.5,5.4,5.5,5.2,4.7,4.2,1.9,1.5,1.3,1.1,0.8,1.3,1.6,1.9,2,2.2,2.4,2.7,2.8,3,3.2,3,3.2,3.4,1.9,2,2.2,2.4,2.7,2.8,3,3.2,3,3.2,3.4,1.9,2.2,2.6,3.1,3.1,3.5,3.7,3.6,3.7,3.9,4.2,4,4.2,3.5,3.6,3.8,3.9,4.2,4.2,3.9,2.9,2.2,2.6,2.9,3.3,3.8,4.3,3.7,3,10.4,9.8,9.1,8.4,7.7,6.8,6,4.3,4.2,4.7,4.4,4.2,4.5,4.2,3.9,3.8,3.6,3,2.6,2.4,2.4,2,1.6,1.3,1.8,2.1,2.5,2.9,3.6,3.5,3.9,4.1,3.9,4.5,4.7,4.2,4.3,4.7,5.3,5.1,5,4.7,5,4.7,4.7,4.5,4.5,4.3,4.1,3.8,3.4,3,3.2,3,2.6,2.5,2.3,2,1.9,3.3,3.7,3.1,3.9,4.2,4.4,4.8,4.9,5.1,4.9,4.8,5,5.1,5.30,5.70,6.10,6.60,6.90,6.50,7.60,7.80,8.40,8.20,8.50,8.80,8.20,8.30,8.60,8.80,8.90,9.00,9.20,9.40
AG13,Maluri,5.1,5,4.8,4.6,4.4,4.1,3.9,3.7,3.4,3.2,2.9,2.6,2.2,2.2,2.7,3,3.5,3.5,3.7,4.4,4.4,4.5,4.8,5.1,4.9,5,5.3,5.1,5.1,5.3,5.6,5,5,5.1,5.1,4.6,4.1,2.1,1.9,1.8,1.6,1.3,0.8,1.1,1.4,1.7,2,2,2.2,2.4,2.6,2.8,2.9,3.1,3,1.4,1.7,2,2,2.2,2.4,2.6,2.8,2.9,3.1,3,1.4,1.9,2.2,2.7,3,3.2,3.4,3.8,3.4,3.7,3.9,3.7,4,4.2,4.3,3.6,3.8,4.1,4,3.7,2.7,2,2.4,2.7,3.1,3.6,4.1,3.7,2.9,10,9.4,8.7,8,7.3,6.4,5.6,3.8,3.7,4.2,3.9,3.7,4,3.7,3.4,3.3,3,2.6,2.2,2,1.9,1.5,1.1,0.8,1.3,1.6,2,2.4,3,3,3.4,3.6,3.4,4,4.2,3.7,3.8,4.2,4.8,4.6,4.5,4.2,4.5,4.2,4.2,4,4,3.8,3.8,3.6,3.3,2.9,2.7,2.5,2.1,2,1.8,1.5,1.4,2.8,3.2,3,3.9,4.2,4.4,4.3,4.4,4.6,4.4,4.3,4.5,4.6,4.80,5.20,5.60,6.10,6.50,6.10,7.20,7.40,7.90,7.70,8.00,8.30,7.70,7.80,8.10,8.30,8.40,8.50,8.70,8.90
AG12,Miharja,4.9,4.8,4.6,4.4,4.2,3.9,3.7,3.5,3.1,3,2.7,2.4,2,2,2.5,2.8,3.2,3.2,3.5,4.2,4.2,4.3,4.6,4.9,4.7,4.8,5.1,4.9,4.9,5.1,5.4,4.8,4.8,4.9,4.9,4.4,3.9,2.4,2.1,2,1.9,1.6,1.1,0.8,1.1,1.4,1.6,1.8,2,2.1,2.3,2.5,2.7,2.9,3.1,1.1,1.4,1.6,1.8,2,2.1,2.3,2.5,2.7,2.9,3.1,1.1,1.6,1.9,2.4,2.8,3,3.1,3.5,3.7,3.5,3.7,4.2,3.8,4,4.1,4.3,3.6,3.9,3.6,3.3,2.3,1.6,2,2.3,2.7,3.2,3.7,3.3,2.7,9.8,9.2,8.5,7.8,7.1,6.2,5.4,4.1,4,4.5,4.2,4,4.3,4,3.7,3.6,2.9,2.4,2,1.8,2,1.6,1.4,1.1,1.6,1.9,2.3,2.7,3.4,3.3,3.7,3.9,3.7,4.3,4.5,4,4.1,3.9,4.6,4.4,4.2,3.9,4.4,4.1,3.9,3.7,4,3.7,3.5,3.3,3.1,2.7,2.8,2.4,2.3,2.1,1.9,1.6,1.1,2.5,2.9,2.8,3.6,4,4.2,4,4.1,4.3,4.7,4,4.2,4.3,5.10,5.50,5.90,6.40,6.30,5.90,7.00,7.20,8.20,8.00,8.30,8.60,8.00,8.10,8.40,8.60,8.60,8.80,8.90,9.20
AG11,Chan Sow Lin,4.8,4.6,4.5,4.3,4.1,3.8,3.6,3.3,3,2.9,2.6,2.3,1.9,1.8,2.3,2.6,3,3,3.2,4,4.1,4.1,4.4,4.7,4.5,4.6,4.9,4.8,4.7,4.9,5.2,4.7,4.6,4.7,4.9,4.5,4,2.7,2.3,2.2,2,1.9,1.4,1.1,0.8,1.1,1.4,1.6,1.9,1.9,2.1,2.3,2.5,2.7,2.9,0.8,1.1,1.4,1.6,1.9,1.9,2.1,2.3,2.5,2.7,2.9,1.4,1.8,2.1,2.6,3,3.1,3.3,3.7,3.9,3.6,3.9,3.7,4,4.1,4.2,3.6,3.7,4,3.4,3.1,2.1,1.4,1.8,2.1,2.5,3,3.5,3.1,2.5,9.6,9,8.3,7.6,6.9,6,5.2,3.9,4.3,4.4,4.5,4.3,4.2,4,3.7,3.3,2.7,2.2,1.8,1.6,1.7,1.3,1.7,1.4,1.9,2.2,2.6,3,3.7,3.6,4,4,4,4.2,4.4,4.3,3.9,3.6,4.3,4.1,3.9,3.6,4.1,3.8,3.6,3.4,3.7,3.4,3.2,3,2.9,2.5,2.5,2.1,2,1.8,1.6,1.3,0.8,2.2,2.6,3,3.3,3.7,3.9,3.7,3.8,4,4.4,3.7,3.9,4,5.00,5.40,5.80,6.30,6.10,5.70,6.80,7.00,8.00,7.90,8.20,8.50,7.90,8.00,8.30,8.50,8.40,8.60,8.70,9.00
AG10,Pudu,4.5,4.3,4.2,4,3.8,3.5,3.2,3,2.7,2.6,2.3,2,1.6,1.5,2,2.3,2.7,2.7,2.9,3.7,3.8,3.8,4.1,4.4,4.2,4.3,4.6,4.5,4.4,4.6,4.9,4.4,4.3,4.4,4.6,4.6,4.1,2.9,2.6,2.5,2.3,2,1.7,1.4,1.1,0.8,1.1,1.3,1.6,1.8,2,2,2.2,2.4,2.6,1.1,0.8,1.1,1.3,1.6,1.8,2,2,2.2,2.4,2.6,1.7,2,2.4,2.9,2.9,3.4,3.5,3.9,3.6,3.8,4.1,3.8,4.1,4.3,3.5,3.7,3.9,4.1,3.1,2.8,1.8,1.1,1.5,1.8,2.2,2.7,3.2,2.8,2.2,9.3,8.7,8,7.3,6.6,5.7,4.9,4.2,4.4,4.6,4.3,4,4.1,3.7,3.4,3,2.4,1.9,1.5,1.3,1.7,1.6,2,1.7,2.2,2.5,2.9,3.4,4,3.9,4.3,4.3,4.3,4.5,4.7,4.1,4.2,3.9,4.6,4.4,4.2,3.9,4.4,4.1,3.9,3.7,3.9,3.6,3.3,3,2.6,2.2,2.4,2.4,2.3,2.1,1.9,1.6,1.1,2.5,2.9,2.9,3.6,4,4.2,4,4.1,4.3,4.7,4,4.2,4.3,4.90,5.30,5.70,6.20,5.80,5.40,6.50,6.70,7.70,7.80,8.10,8.40,7.80,7.90,8.20,8.40,8.10,8.30,8.40,8.70
AG9,Hang Tuah,4.2,4,3.9,3.7,3.5,3.1,2.9,2.7,2.4,2.3,2,1.7,1.3,1.2,1.7,2,2.4,2.4,2.6,3.4,3.5,3.5,3.8,4.1,3.9,4,4.3,4.2,4.1,4.3,4.6,4.1,4,4.1,4.3,4.5,4.2,3.2,2.8,2.7,2.5,2.2,2,1.6,1.4,1.1,0.8,1,1.3,1.5,1.7,1.9,2,2.1,2.4,1.4,1.1,0.8,1,1.3,1.5,1.7,1.9,2,2.1,2.4,1.9,2.2,2.7,3.1,3.1,3.6,3.7,3.6,3.8,4,4.2,4,4.2,3.5,3.6,3.8,4,4.2,2.8,2.5,1.5,0.8,1.2,1.5,1.9,2.4,2.9,2.5,2,9,8.4,7.7,7,6.3,5.4,4.6,4.3,4.1,4.3,4,3.7,3.8,3.4,3.1,2.7,2.1,1.6,1.2,1,1.4,1.8,2.2,2,2.5,2.8,3.1,3.5,4,3.8,4,4.2,4.5,4.3,4.4,3.8,4.3,4.2,4.9,4.7,4.5,4.2,4.4,4.4,4.2,4,3.7,3.4,3.1,2.8,2.4,2,2.2,2.6,2.4,2.3,2.1,1.8,1.4,2.8,3.2,3.1,3.9,4.2,4.4,4.3,4.4,4.6,4.7,4.3,4.5,4.6,4.60,5.00,5.40,5.90,5.50,5.10,6.20,6.40,7.40,7.50,7.80,8.10,7.50,7.60,7.90,8.10,7.80,8.00,8.10,8.40
AG8,Plaza Rakyat,4,3.8,3.7,3.5,3.2,2.9,2.7,2.5,2.2,2.1,1.8,1.5,1.1,1,1.5,1.8,2.2,2.2,2.4,3.1,3.3,3.3,3.6,3.9,3.7,3.8,4.1,4,3.9,4.1,4.4,3.9,3.8,3.9,4.1,4.3,4.3,3,3,2.9,2.7,2.4,2,1.8,1.6,1.3,1,0.8,1.1,1.3,1.5,1.7,2,2,2.2,1.6,1.3,1,0.8,1.1,1.3,1.5,1.7,2,2,2.2,2,2.4,2.8,2.9,3.2,3.7,3.9,3.7,3.9,4.1,3.7,4.1,4.1,3.6,3.7,3.8,4,4.3,3,2.7,1.7,1,1.4,1.7,2.1,2.6,3.1,2.7,2,8.8,8.2,7.5,6.8,6.1,5.2,4.4,4.1,3.9,4.1,3.8,3.5,3.6,3.2,2.9,2.5,1.9,1.4,1,0.8,1.2,1.6,2,2,2.5,2.8,2.9,3.3,3.8,3.6,3.8,4,4.3,4.1,4.2,3.6,4.1,4.4,4.9,4.7,4.7,4.4,4.4,4.3,4.2,4,3.7,3.3,3.1,2.8,2.4,2,2.2,2.6,2.2,2.1,1.9,1.6,1.6,3,3.5,3.2,4,4.3,4.5,4.5,4.6,4.8,4.5,4.5,4.7,4.8,4.40,4.80,5.20,5.70,5.30,4.90,6.00,6.20,7.20,7.30,7.60,7.90,7.30,7.40,7.70,7.90,7.60,7.80,7.90,8.20
AG7,Masjid Jamek,3.7,3.9,3.4,3.2,2.9,2.6,2.4,2.2,1.9,1.8,1.5,1.2,0.8,1.1,1.6,1.9,2.1,2.3,2.5,3.2,3,3.4,3.7,3.9,3.7,3.8,4.1,3.7,3.9,4,4.3,3.6,3.7,3.8,4,4.2,4.4,3.2,2.9,3.1,2.9,2.7,2.2,2,1.9,1.6,1.3,1.1,0.8,1,1.2,1.4,1.7,1.9,2,1.9,1.6,1.3,1.1,0.8,1,1.2,1.4,1.7,1.9,2,2.2,2.6,3.1,3.1,3.4,3.9,3.5,3.9,4,4.3,3.8,4.2,3.6,3.7,3.8,3.9,4.1,4.4,3.3,3,2,1.3,1.7,2,2.4,2.9,3.1,2.5,1.7,8.7,8.1,7.4,6.7,6,5.1,4.3,4.3,4.1,4.3,4,3.8,3.8,3.4,3.2,2.6,2,1.5,1.1,1.1,1.5,1.9,2.3,2.2,2.7,3,3.2,3.6,4.1,3.9,4.1,4.3,4,4.4,4.5,3.9,4.3,4.7,4.8,4.6,4.7,4.4,4.1,4.2,3.9,3.7,3.3,3,2.8,2.5,2.1,1.7,1.9,2.3,2.5,2.4,2.2,1.9,1.9,3.3,3.8,3.4,4.2,4.5,4.7,4.8,4.7,4.9,4.8,4.8,5,5.1,4.60,5.00,5.40,5.90,5.30,4.90,6.00,6.20,7.20,7.50,7.80,7.90,7.50,7.60,7.90,8.10,7.60,7.80,7.90,8.20
AG6,Bandaraya,3.9,4.1,3.6,3.4,3.1,2.8,2.6,2.4,2.1,2,1.7,1.4,1,1.3,1.8,2.1,2.3,2.5,2.7,3.5,3.2,3.6,3.9,4.1,3.9,4,4.3,3.9,4.1,4.2,4.5,3.8,3.9,4,4.2,4.4,4.5,3.3,3,2.9,3.1,2.8,2.4,2.1,1.9,1.8,1.5,1.3,1,0.8,1,1.2,1.5,1.7,1.9,1.9,1.8,1.5,1.3,1,0.8,1,1.2,1.5,1.7,1.9,2.4,2.8,2.9,3.3,3.6,3.5,3.7,4,4.2,3.7,3.9,4.3,3.6,3.8,3.8,4,4.2,4.5,3.5,3.2,2.2,1.5,1.9,2.2,2.6,3.1,2.9,2.3,1.5,8.9,8.3,7.6,6.9,6.2,5.3,4.5,4.5,4.3,4.5,4.2,4,4,3.6,3.4,2.8,2.2,1.7,1.3,1.3,1.7,2.1,2.5,2.4,2.9,3.2,3.4,3.8,4.3,4.1,4.3,4.5,4.2,4.6,4.7,4.1,4.5,4.7,4.6,4.4,4.5,4.2,3.9,4,3.7,3.5,3.1,2.8,2.6,2.3,1.9,1.5,1.7,2.1,2.4,2.6,2.4,2.1,1.9,3.4,3.8,3.6,4.4,4.5,4.6,4.8,4.5,4.7,5,4.8,5,5.1,4.80,5.20,5.60,6.10,5.50,5.10,6.20,6.40,7.40,7.70,8.00,8.10,7.70,7.80,8.10,8.30,7.80,8.00,8.10,8.40
AG5,Sultan Ismail,4.1,4.3,3.8,3.6,3.4,3,2.8,2.6,2.3,2.2,1.9,1.6,1.2,1.5,2,2.3,2.5,2.7,2.9,3.7,3.4,3.8,4.1,4.3,4.1,4.2,4.5,4.1,4.3,4.4,4.7,4,4.1,4.2,4.4,4.6,4.6,3.5,3.2,3.1,2.9,3,2.6,2.3,2.1,2,1.7,1.5,1.2,1,0.8,1,1.3,1.5,1.7,2.1,2,1.7,1.5,1.2,1,0.8,1,1.3,1.5,1.7,2.6,3,3,3.4,3.7,3.6,3.8,4.1,4.3,3.8,4,3.5,3.7,3.8,3.9,4.1,4.3,4.6,3.7,3.4,2.4,1.7,2.1,2.4,2.8,3,2.7,2.1,1.3,9.1,8.5,7.8,7.1,6.4,5.5,4.7,4.4,4.5,4.7,4.4,4.2,4.2,3.8,3.6,3,2.4,1.9,1.5,1.5,1.9,2.3,2.7,2.6,3.1,3.5,3.6,4,4.5,4.3,4.5,4.7,4.4,4.8,4.9,4.3,4.4,4.7,4.4,4.2,4.3,4,3.7,3.8,3.5,3.2,2.9,2.6,2.4,2.1,1.7,1.3,1.5,1.9,2.2,2.4,2.5,2.3,2.1,3.6,4,3.7,4.5,4.3,4.4,4.6,4.3,4.5,4.8,5,5.1,5.2,5.00,5.40,5.80,6.30,5.70,5.30,6.40,6.60,7.60,7.90,8.20,8.30,7.90,8.00,8.30,8.50,8.00,8.20,8.30,8.60
AG4,PWTC,4.3,4.5,4,3.8,3.6,3.2,3,2.8,2.5,2.4,2.1,1.8,1.4,1.7,2.2,2.5,2.7,2.9,3.1,3.9,3.6,4,4.3,4.5,4.3,4.4,4.7,4.3,4.5,4.6,4.9,4.2,4.3,4.4,4.6,4.8,4.6,3.6,3.3,3.2,3.1,3.2,2.8,2.5,2.3,2,1.9,1.7,1.4,1.2,1,0.8,1.1,1.3,1.5,2.3,2,1.9,1.7,1.4,1.2,1,0.8,1.1,1.3,1.5,2.7,3.1,3.2,3.6,3.9,3.8,3.9,4.2,3.7,3.9,4.1,3.6,3.8,3.9,4,4.2,4.3,4.6,3.9,3.6,2.6,1.9,2.3,2.6,3,2.8,2.5,1.9,1.1,9.3,8.7,8,7.3,6.6,5.7,4.9,4.2,4.6,4.9,4.6,4.4,4.4,4,3.8,3.2,2.6,2.1,1.7,1.7,2.1,2.5,2.9,2.8,3.4,3.7,3.8,4.2,4.7,4.5,4.7,4.9,4.6,5,5.1,4.5,4.2,4.5,4.2,4,4.1,3.8,3.5,3.6,3.2,3,2.7,2.4,2.2,1.9,1.5,1.1,1.3,1.7,2,2.2,2.3,2.5,2.3,3.8,4.2,3.9,4.5,4.1,4.2,4.4,4.1,4.3,4.6,4.8,4.9,5,5.20,5.60,6.00,6.50,5.90,5.50,6.60,6.80,7.80,8.10,8.40,8.50,8.10,8.20,8.50,8.70,8.20,8.40,8.50,8.80
AG3,Titiwangsa,4.6,4.8,4.3,4.1,3.9,3.6,3.4,3.1,2.8,2.7,2.4,2.1,1.7,2,2.5,2.8,3,3.2,3.5,4.2,3.9,4.3,4.6,4.8,4.6,4.7,5,4.6,4.8,4.9,5.2,4.5,4.6,4.7,4.9,5.1,4.7,3.8,3.5,3.4,3.3,3,2.9,2.7,2.5,2.2,2,2,1.7,1.5,1.3,1.1,0.8,1,1.3,2.5,2.2,2,2,1.7,1.5,1.3,1.1,0.8,1,1.3,3,3,3.4,3.8,3.5,3.9,4.1,3.7,3.8,4,4.2,3.7,3.9,4,4.1,4.3,4.4,4.7,4,3.7,2.7,2,2.4,2.5,3.1,2.5,2.2,1.6,0.8,9.6,9,8.3,7.6,6.9,6,5.2,3.9,4.3,5,4.9,4.7,4.7,4.3,4.1,3.6,2.9,2.4,2,2,2.4,2.2,2.6,2.9,3.5,3.6,4.1,4.5,4.6,4.8,5,4.9,4.9,5.1,5.3,4.8,3.9,4.2,3.9,3.7,3.8,3.5,3.2,3.2,2.9,2.7,2.4,2.1,1.9,1.6,1.2,0.8,1,1.4,1.7,1.9,2,2.2,2.5,3.6,3.9,3.5,4.2,3.8,3.9,4.1,3.8,4,4.3,4.5,4.6,4.7,5.50,5.90,6.30,6.80,6.20,5.80,6.90,7.10,8.10,8.40,8.70,8.80,8.40,8.50,8.80,9.00,8.50,8.70,8.80,9.10
AG2,Sentul,4.8,5,4.5,4.3,4.1,3.8,3.6,3.3,3,2.9,2.6,2.3,1.9,2.2,2.7,3,3.2,3.5,3.7,4.4,4.1,4.5,4.8,5,4.8,4.9,5.2,4.8,5,5.1,5.4,4.7,4.8,4.9,5.1,5.3,4.8,3.4,3.7,3.6,3.4,3.2,3.1,2.9,2.7,2.4,2.1,2,1.9,1.7,1.5,1.3,1,0.8,1.1,2.7,2.4,2.1,2,1.9,1.7,1.5,1.3,1,0.8,1.1,3.1,3.1,3.5,3.9,3.7,4,4.2,3.8,3.9,4.1,4.3,3.8,3.9,4.1,4.1,4.3,4.5,4.8,4.1,3.8,2.8,2.1,2.5,2.7,3.2,2.7,2.4,1.8,1,9.8,9.2,8.5,7.8,7.1,6.2,5.4,4.1,4.5,5.2,5,4.7,4.8,4.4,4.1,3.8,3.1,2.6,2.2,2,2.4,2.4,2.8,3.1,3.7,3.8,4.1,4.5,4.8,4.8,5,5.1,5.1,5.3,5.4,4.8,4.1,4.4,4.1,3.9,4,3.7,3.4,3.5,3.1,2.9,2.6,2.3,2.1,1.8,1.4,1,1.2,1.6,1.9,2.1,2.2,2.4,2.7,3.8,4.1,3.7,4.4,4,4.1,4.3,4,4.2,4.5,4.7,4.8,4.9,5.60,6.00,6.40,6.90,6.40,6.00,7.10,7.30,8.30,8.50,8.80,9.00,8.50,8.60,8.90,9.10,8.70,8.90,9.00,9.30
AG1,Sentul Timur,4.9,5.1,4.6,4.4,4.2,3.9,3.7,3.5,3.1,3,2.7,2.4,2,2.3,2.8,3.1,3.4,3.6,3.8,4.5,4.2,4.6,4.9,5.1,4.9,5,5.3,4.9,5.1,5.2,5.5,4.8,4.9,5,5.2,5.4,4.9,3.6,3.9,3.8,3.6,3.4,3,3.1,2.9,2.6,2.4,2.2,2,1.9,1.7,1.5,1.3,1.1,0.8,2.9,2.6,2.4,2.2,2,1.9,1.7,1.5,1.3,1.1,0.8,3,3.3,3.7,3.6,3.8,4.2,3.6,3.9,4,4.2,3.6,3.9,4,4.2,4.2,4.4,4.6,4.9,4.4,4.1,3.1,2.4,2.8,3,3.5,3,2.7,2.1,1.3,9.9,9.3,8.6,7.9,7.2,6.3,5.5,4.4,4.8,5.5,5.2,4.9,5,4.6,4.3,3.9,3.2,2.7,2.3,2.2,2.6,2.7,3.1,3,3.5,3.8,4.2,4.6,5.1,5,5.2,5.4,5.2,5.5,5.6,5,4.4,4.7,4.4,4.2,4.3,4,3.7,3.8,3.5,3.2,2.9,2.6,2.4,2.1,1.7,1.3,1.5,1.9,2.2,2.4,2.5,2.7,2.9,4.1,4.4,3.8,4.6,4.3,4.4,4.6,4.3,4.5,4.8,5,5.1,5.2,5.80,6.20,6.60,7.10,6.50,6.10,7.20,7.40,8.40,8.70,9.00,9.10,8.70,8.80,9.10,9.30,8.80,9.00,9.10,9.40
SP11,Chan Sow Lin,4.8,4.6,4.5,4.3,4.1,3.8,3.6,3.3,3,2.9,2.6,2.3,1.9,1.8,2.3,2.6,3,3,3.2,4,4.1,4.1,4.4,4.7,4.5,4.6,4.9,4.8,4.7,4.9,5.2,4.7,4.6,4.7,4.9,4.5,4,2.7,2.3,2.2,2,1.9,1.4,1.1,0.8,1.1,1.4,1.6,1.9,1.9,2.1,2.3,2.5,2.7,2.9,0.8,1.1,1.4,1.6,1.9,1.9,2.1,2.3,2.5,2.7,2.9,1.4,1.8,2.1,2.6,3,3.1,3.3,3.7,3.9,3.6,3.9,3.7,4,4.1,4.2,3.6,3.7,4,3.4,3.1,2.1,1.4,1.8,2.1,2.5,3,3.5,3.1,2.5,9.6,9,8.3,7.6,6.9,6,5.2,3.9,4.3,4.4,4.5,4.3,4.2,4,3.7,3.3,2.7,2.2,1.8,1.6,1.7,1.3,1.7,1.4,1.9,2.2,2.6,3,3.7,3.6,4,4,4,4.2,4.4,4.3,3.9,3.6,4.3,4.1,3.9,3.6,4.1,3.8,3.6,3.4,3.7,3.4,3.2,3,2.9,2.5,2.5,2.1,2,1.8,1.6,1.3,0.8,2.2,2.6,3,3.3,3.7,3.9,3.7,3.8,4,4.4,3.7,3.9,4,5.00,5.40,5.80,6.30,6.10,5.70,6.80,7.00,8.00,7.90,8.20,8.50,7.90,8.00,8.30,8.50,8.40,8.60,8.70,9.00
SP10,Pudu,4.5,4.3,4.2,4,3.8,3.5,3.2,3,2.7,2.6,2.3,2,1.6,1.5,2,2.3,2.7,2.7,2.9,3.7,3.8,3.8,4.1,4.4,4.2,4.3,4.6,4.5,4.4,4.6,4.9,4.4,4.3,4.4,4.6,4.6,4.1,2.9,2.6,2.5,2.3,2,1.7,1.4,1.1,0.8,1.1,1.3,1.6,1.8,2,2,2.2,2.4,2.6,1.1,0.8,1.1,1.3,1.6,1.8,2,2,2.2,2.4,2.6,1.7,2,2.4,2.9,2.9,3.4,3.5,3.9,3.6,3.8,4.1,3.8,4.1,4.3,3.5,3.7,3.9,4.1,3.1,2.8,1.8,1.1,1.5,1.8,2.2,2.7,3.2,2.8,2.2,9.3,8.7,8,7.3,6.6,5.7,4.9,4.2,4.4,4.6,4.3,4,4.1,3.7,3.4,3,2.4,1.9,1.5,1.3,1.7,1.6,2,1.7,2.2,2.5,2.9,3.4,4,3.9,4.3,4.3,4.3,4.5,4.7,4.1,4.2,3.9,4.6,4.4,4.2,3.9,4.4,4.1,3.9,3.7,3.9,3.6,3.3,3,2.6,2.2,2.4,2.4,2.3,2.1,1.9,1.6,1.1,2.5,2.9,2.9,3.6,4,4.2,4,4.1,4.3,4.7,4,4.2,4.3,4.90,5.30,5.70,6.20,5.80,5.40,6.50,6.70,7.70,7.80,8.10,8.40,7.80,7.90,8.20,8.40,8.10,8.30,8.40,8.70
SP9,Hang Tuah,4.2,4,3.9,3.7,3.5,3.1,2.9,2.7,2.4,2.3,2,1.7,1.3,1.2,1.7,2,2.4,2.4,2.6,3.4,3.5,3.5,3.8,4.1,3.9,4,4.3,4.2,4.1,4.3,4.6,4.1,4,4.1,4.3,4.5,4.2,3.2,2.8,2.7,2.5,2.2,2,1.6,1.4,1.1,0.8,1,1.3,1.5,1.7,1.9,2,2.1,2.4,1.4,1.1,0.8,1,1.3,1.5,1.7,1.9,2,2.1,2.4,1.9,2.2,2.7,3.1,3.1,3.6,3.7,3.6,3.8,4,4.2,4,4.2,3.5,3.6,3.8,4,4.2,2.8,2.5,1.5,0.8,1.2,1.5,1.9,2.4,2.9,2.5,2,9,8.4,7.7,7,6.3,5.4,4.6,4.3,4.1,4.3,4,3.7,3.8,3.4,3.1,2.7,2.1,1.6,1.2,1,1.4,1.8,2.2,2,2.5,2.8,3.1,3.5,4,3.8,4,4.2,4.5,4.3,4.4,3.8,4.3,4.2,4.9,4.7,4.5,4.2,4.4,4.4,4.2,4,3.7,3.4,3.1,2.8,2.4,2,2.2,2.6,2.4,2.3,2.1,1.8,1.4,2.8,3.2,3.1,3.9,4.2,4.4,4.3,4.4,4.6,4.7,4.3,4.5,4.6,4.60,5.00,5.40,5.90,5.50,5.10,6.20,6.40,7.40,7.50,7.80,8.10,7.50,7.60,7.90,8.10,7.80,8.00,8.10,8.40
SP8,Plaza Rakyat,4,3.8,3.7,3.5,3.2,2.9,2.7,2.5,2.2,2.1,1.8,1.5,1.1,1,1.5,1.8,2.2,2.2,2.4,3.1,3.3,3.3,3.6,3.9,3.7,3.8,4.1,4,3.9,4.1,4.4,3.9,3.8,3.9,4.1,4.3,4.3,3,3,2.9,2.7,2.4,2,1.8,1.6,1.3,1,0.8,1.1,1.3,1.5,1.7,2,2,2.2,1.6,1.3,1,0.8,1.1,1.3,1.5,1.7,2,2,2.2,2,2.4,2.8,2.9,3.2,3.7,3.9,3.7,3.9,4.1,3.7,4.1,4.1,3.6,3.7,3.8,4,4.3,3,2.7,1.7,1,1.4,1.7,2.1,2.6,3.1,2.7,2,8.8,8.2,7.5,6.8,6.1,5.2,4.4,4.1,3.9,4.1,3.8,3.5,3.6,3.2,2.9,2.5,1.9,1.4,1,0.8,1.2,1.6,2,2,2.5,2.8,2.9,3.3,3.8,3.6,3.8,4,4.3,4.1,4.2,3.6,4.1,4.4,4.9,4.7,4.7,4.4,4.4,4.3,4.2,4,3.7,3.3,3.1,2.8,2.4,2,2.2,2.6,2.2,2.1,1.9,1.6,1.6,3,3.5,3.2,4,4.3,4.5,4.5,4.6,4.8,4.5,4.5,4.7,4.8,4.40,4.80,5.20,5.70,5.30,4.90,6.00,6.20,7.20,7.30,7.60,7.90,7.30,7.40,7.70,7.90,7.60,7.80,7.90,8.20
SP7,Masjid Jamek,3.7,3.9,3.4,3.2,2.9,2.6,2.4,2.2,1.9,1.8,1.5,1.2,0.8,1.1,1.6,1.9,2.1,2.3,2.5,3.2,3,3.4,3.7,3.9,3.7,3.8,4.1,3.7,3.9,4,4.3,3.6,3.7,3.8,4,4.2,4.4,3.2,2.9,3.1,2.9,2.7,2.2,2,1.9,1.6,1.3,1.1,0.8,1,1.2,1.4,1.7,1.9,2,1.9,1.6,1.3,1.1,0.8,1,1.2,1.4,1.7,1.9,2,2.2,2.6,3.1,3.1,3.4,3.9,3.5,3.9,4,4.3,3.8,4.2,3.6,3.7,3.8,3.9,4.1,4.4,3.3,3,2,1.3,1.7,2,2.4,2.9,3.1,2.5,1.7,8.7,8.1,7.4,6.7,6,5.1,4.3,4.3,4.1,4.3,4,3.8,3.8,3.4,3.2,2.6,2,1.5,1.1,1.1,1.5,1.9,2.3,2.2,2.7,3,3.2,3.6,4.1,3.9,4.1,4.3,4,4.4,4.5,3.9,4.3,4.7,4.8,4.6,4.7,4.4,4.1,4.2,3.9,3.7,3.3,3,2.8,2.5,2.1,1.7,1.9,2.3,2.5,2.4,2.2,1.9,1.9,3.3,3.8,3.4,4.2,4.5,4.7,4.8,4.7,4.9,4.8,4.8,5,5.1,4.60,5.00,5.40,5.90,5.30,4.90,6.00,6.20,7.20,7.50,7.80,7.90,7.50,7.60,7.90,8.10,7.60,7.80,7.90,8.20
SP6,Bandaraya,3.9,4.1,3.6,3.4,3.1,2.8,2.6,2.4,2.1,2,1.7,1.4,1,1.3,1.8,2.1,2.3,2.5,2.7,3.5,3.2,3.6,3.9,4.1,3.9,4,4.3,3.9,4.1,4.2,4.5,3.8,3.9,4,4.2,4.4,4.5,3.3,3,2.9,3.1,2.8,2.4,2.1,1.9,1.8,1.5,1.3,1,0.8,1,1.2,1.5,1.7,1.9,1.9,1.8,1.5,1.3,1,0.8,1,1.2,1.5,1.7,1.9,2.4,2.8,2.9,3.3,3.6,3.5,3.7,4,4.2,3.7,3.9,4.3,3.6,3.8,3.8,4,4.2,4.5,3.5,3.2,2.2,1.5,1.9,2.2,2.6,3.1,2.9,2.3,1.5,8.9,8.3,7.6,6.9,6.2,5.3,4.5,4.5,4.3,4.5,4.2,4,4,3.6,3.4,2.8,2.2,1.7,1.3,1.3,1.7,2.1,2.5,2.4,2.9,3.2,3.4,3.8,4.3,4.1,4.3,4.5,4.2,4.6,4.7,4.1,4.5,4.7,4.6,4.4,4.5,4.2,3.9,4,3.7,3.5,3.1,2.8,2.6,2.3,1.9,1.5,1.7,2.1,2.4,2.6,2.4,2.1,1.9,3.4,3.8,3.6,4.4,4.5,4.6,4.8,4.5,4.7,5,4.8,5,5.1,4.80,5.20,5.60,6.10,5.50,5.10,6.20,6.40,7.40,7.70,8.00,8.10,7.70,7.80,8.10,8.30,7.80,8.00,8.10,8.40
SP5,Sultan Ismail,4.1,4.3,3.8,3.6,3.4,3,2.8,2.6,2.3,2.2,1.9,1.6,1.2,1.5,2,2.3,2.5,2.7,2.9,3.7,3.4,3.8,4.1,4.3,4.1,4.2,4.5,4.1,4.3,4.4,4.7,4,4.1,4.2,4.4,4.6,4.6,3.5,3.2,3.1,2.9,3,2.6,2.3,2.1,2,1.7,1.5,1.2,1,0.8,1,1.3,1.5,1.7,2.1,2,1.7,1.5,1.2,1,0.8,1,1.3,1.5,1.7,2.6,3,3,3.4,3.7,3.6,3.8,4.1,4.3,3.8,4,3.5,3.7,3.8,3.9,4.1,4.3,4.6,3.7,3.4,2.4,1.7,2.1,2.4,2.8,3,2.7,2.1,1.3,9.1,8.5,7.8,7.1,6.4,5.5,4.7,4.4,4.5,4.7,4.4,4.2,4.2,3.8,3.6,3,2.4,1.9,1.5,1.5,1.9,2.3,2.7,2.6,3.1,3.5,3.6,4,4.5,4.3,4.5,4.7,4.4,4.8,4.9,4.3,4.4,4.7,4.4,4.2,4.3,4,3.7,3.8,3.5,3.2,2.9,2.6,2.4,2.1,1.7,1.3,1.5,1.9,2.2,2.4,2.5,2.3,2.1,3.6,4,3.7,4.5,4.3,4.4,4.6,4.3,4.5,4.8,5,5.1,5.2,5.00,5.40,5.80,6.30,5.70,5.30,6.40,6.60,7.60,7.90,8.20,8.30,7.90,8.00,8.30,8.50,8.00,8.20,8.30,8.60
SP4,PWTC,4.3,4.5,4,3.8,3.6,3.2,3,2.8,2.5,2.4,2.1,1.8,1.4,1.7,2.2,2.5,2.7,2.9,3.1,3.9,3.6,4,4.3,4.5,4.3,4.4,4.7,4.3,4.5,4.6,4.9,4.2,4.3,4.4,4.6,4.8,4.6,3.6,3.3,3.2,3.1,3.2,2.8,2.5,2.3,2,1.9,1.7,1.4,1.2,1,0.8,1.1,1.3,1.5,2.3,2,1.9,1.7,1.4,1.2,1,0.8,1.1,1.3,1.5,2.7,3.1,3.2,3.6,3.9,3.8,3.9,4.2,3.7,3.9,4.1,3.6,3.8,3.9,4,4.2,4.3,4.6,3.9,3.6,2.6,1.9,2.3,2.6,3,2.8,2.5,1.9,1.1,9.3,8.7,8,7.3,6.6,5.7,4.9,4.2,4.6,4.9,4.6,4.4,4.4,4,3.8,3.2,2.6,2.1,1.7,1.7,2.1,2.5,2.9,2.8,3.4,3.7,3.8,4.2,4.7,4.5,4.7,4.9,4.6,5,5.1,4.5,4.2,4.5,4.2,4,4.1,3.8,3.5,3.6,3.2,3,2.7,2.4,2.2,1.9,1.5,1.1,1.3,1.7,2,2.2,2.3,2.5,2.3,3.8,4.2,3.9,4.5,4.1,4.2,4.4,4.1,4.3,4.6,4.8,4.9,5,5.20,5.60,6.00,6.50,5.90,5.50,6.60,6.80,7.80,8.10,8.40,8.50,8.10,8.20,8.50,8.70,8.20,8.40,8.50,8.80
SP3,Titiwangsa,4.6,4.8,4.3,4.1,3.9,3.6,3.4,3.1,2.8,2.7,2.4,2.1,1.7,2,2.5,2.8,3,3.2,3.5,4.2,3.9,4.3,4.6,4.8,4.6,4.7,5,4.6,4.8,4.9,5.2,4.5,4.6,4.7,4.9,5.1,4.7,3.8,3.5,3.4,3.3,3,2.9,2.7,2.5,2.2,2,2,1.7,1.5,1.3,1.1,0.8,1,1.3,2.5,2.2,2,2,1.7,1.5,1.3,1.1,0.8,1,1.3,3,3,3.4,3.8,3.5,3.9,4.1,3.7,3.8,4,4.2,3.7,3.9,4,4.1,4.3,4.4,4.7,4,3.7,2.7,2,2.4,2.5,3.1,2.5,2.2,1.6,0.8,9.6,9,8.3,7.6,6.9,6,5.2,3.9,4.3,5,4.9,4.7,4.7,4.3,4.1,3.6,2.9,2.4,2,2,2.4,2.2,2.6,2.9,3.5,3.6,4.1,4.5,4.6,4.8,5,4.9,4.9,5.1,5.3,4.8,3.9,4.2,3.9,3.7,3.8,3.5,3.2,3.2,2.9,2.7,2.4,2.1,1.9,1.6,1.2,0.8,1,1.4,1.7,1.9,2,2.2,2.5,3.6,3.9,3.5,4.2,3.8,3.9,4.1,3.8,4,4.3,4.5,4.6,4.7,5.50,5.90,6.30,6.80,6.20,5.80,6.90,7.10,8.10,8.40,8.70,8.80,8.40,8.50,8.80,9.00,8.50,8.70,8.80,9.10
SP2,Sentul,4.8,5,4.5,4.3,4.1,3.8,3.6,3.3,3,2.9,2.6,2.3,1.9,2.2,2.7,3,3.2,3.5,3.7,4.4,4.1,4.5,4.8,5,4.8,4.9,5.2,4.8,5,5.1,5.4,4.7,4.8,4.9,5.1,5.3,4.8,3.4,3.7,3.6,3.4,3.2,3.1,2.9,2.7,2.4,2.1,2,1.9,1.7,1.5,1.3,1,0.8,1.1,2.7,2.4,2.1,2,1.9,1.7,1.5,1.3,1,0.8,1.1,3.1,3.1,3.5,3.9,3.7,4,4.2,3.8,3.9,4.1,4.3,3.8,3.9,4.1,4.1,4.3,4.5,4.8,4.1,3.8,2.8,2.1,2.5,2.7,3.2,2.7,2.4,1.8,1,9.8,9.2,8.5,7.8,7.1,6.2,5.4,4.1,4.5,5.2,5,4.7,4.8,4.4,4.1,3.8,3.1,2.6,2.2,2,2.4,2.4,2.8,3.1,3.7,3.8,4.1,4.5,4.8,4.8,5,5.1,5.1,5.3,5.4,4.8,4.1,4.4,4.1,3.9,4,3.7,3.4,3.5,3.1,2.9,2.6,2.3,2.1,1.8,1.4,1,1.2,1.6,1.9,2.1,2.2,2.4,2.7,3.8,4.1,3.7,4.4,4,4.1,4.3,4,4.2,4.5,4.7,4.8,4.9,5.60,6.00,6.40,6.90,6.40,6.00,7.10,7.30,8.30,8.50,8.80,9.00,8.50,8.60,8.90,9.10,8.70,8.90,9.00,9.30
SP1,Sentul Timur,4.9,5.1,4.6,4.4,4.2,3.9,3.7,3.5,3.1,3,2.7,2.4,2,2.3,2.8,3.1,3.4,3.6,3.8,4.5,4.2,4.6,4.9,5.1,4.9,5,5.3,4.9,5.1,5.2,5.5,4.8,4.9,5,5.2,5.4,4.9,3.6,3.9,3.8,3.6,3.4,3,3.1,2.9,2.6,2.4,2.2,2,1.9,1.7,1.5,1.3,1.1,0.8,2.9,2.6,2.4,2.2,2,1.9,1.7,1.5,1.3,1.1,0.8,3,3.3,3.7,3.6,3.8,4.2,3.6,3.9,4,4.2,3.6,3.9,4,4.2,4.2,4.4,4.6,4.9,4.4,4.1,3.1,2.4,2.8,3,3.5,3,2.7,2.1,1.3,9.9,9.3,8.6,7.9,7.2,6.3,5.5,4.4,4.8,5.5,5.2,4.9,5,4.6,4.3,3.9,3.2,2.7,2.3,2.2,2.6,2.7,3.1,3,3.5,3.8,4.2,4.6,5.1,5,5.2,5.4,5.2,5.5,5.6,5,4.4,4.7,4.4,4.2,4.3,4,3.7,3.8,3.5,3.2,2.9,2.6,2.4,2.1,1.7,1.3,1.5,1.9,2.2,2.4,2.5,2.7,2.9,4.1,4.4,3.8,4.6,4.3,4.4,4.6,4.3,4.5,4.8,5,5.1,5.2,5.80,6.20,6.60,7.10,6.50,6.10,7.20,7.40,8.40,8.70,9.00,9.10,8.70,8.80,9.10,9.30,8.80,9.00,9.10,9.40
SP12,Cheras,5.1,5,4.8,4.6,4.4,4.1,3.9,3.7,3.4,3.2,2.9,2.6,2.2,2.2,2.7,3,3.5,3.5,3.7,4.4,4.4,4.5,4.8,5.1,4.9,5,5.3,5.1,5.1,5.3,5.6,5,5,5.1,4.9,4.4,3.9,2.7,2.4,2.2,2,1.9,1.4,1.1,1.4,1.7,1.9,2,2.2,2.4,2.6,2.7,3,3.1,3,1.4,1.7,1.9,2,2.2,2.4,2.6,2.7,3,3.1,3,0.8,1.3,1.8,2.2,2.5,3.1,2.9,3.3,3.5,3.8,3.6,4.1,3.7,3.9,4,4.2,3.6,3.9,3.9,3.6,2.6,1.9,2.3,2.6,3,3.5,4,3.6,3,10,9.4,8.7,8,7.3,6.4,5.6,4.4,4.3,4.8,4.5,4.3,4.6,4.3,4,3.8,3.1,2.6,2.2,2,2.3,1.9,1.7,1.4,1.9,2.2,2.6,3,3.7,3.6,4,4.2,4,4.6,4.8,4.3,4.4,4.2,4.9,4.7,4.5,4.2,4.7,4.4,4.2,4,4.3,4,3.8,3.6,3.5,3,3.1,2.7,2.6,2.4,2.2,1.9,1.4,2.8,3.1,2.5,3.4,3.7,3.9,4.3,4.4,4.6,5,4.3,4.5,4.6,5.40,5.80,6.20,6.70,6.50,6.10,7.20,7.40,8.40,8.30,8.60,8.90,8.30,8.40,8.70,8.90,8.80,9.00,9.10,9.40
SP13,Salak Selatan,5.5,5.4,5.2,5,4.8,4.5,4.3,4.1,3.8,3.7,3.4,3,2.6,2.6,3.1,3.5,3.9,3.9,4.1,4.8,4.8,4.9,5.2,5.5,5.3,5.4,5.7,5.5,5.5,5.7,5.9,5.4,5.3,5,4.7,4.2,3.7,3.1,2.8,2.6,2.4,2.2,1.9,1.6,1.8,2,2.2,2.4,2.6,2.8,3,3.1,3,3.1,3.3,1.8,2,2.2,2.4,2.6,2.8,3,3.1,3,3.1,3.3,1.3,0.8,1.3,1.9,2.1,2.7,2.9,3,3.2,3.5,3.8,3.8,4.1,3.7,3.8,4,4.2,3.7,4.2,3.9,2.9,2.2,2.6,2.9,3.3,3.8,4.3,3.7,3,10.3,9.7,9,8.3,7.6,6.7,5.9,4.9,4.8,5.3,5,4.8,5.1,4.8,4.5,4.2,3.6,3,2.6,2.4,2.7,2.3,2.2,1.9,2.4,2.7,3.1,3.6,4.2,4.1,4.5,4.7,4.5,5.1,5.3,4.8,4.9,4.6,5.3,5.1,4.9,4.6,5.1,4.8,4.6,4.4,4.6,4.3,4.1,3.8,3.4,3,3.2,3.1,3,2.8,2.6,2.3,1.8,3.1,2.7,2.1,2.9,3.3,3.5,4,4.6,5,4.9,4.7,4.9,5,5.90,6.30,6.70,7.20,6.90,6.50,7.60,7.80,8.80,8.80,9.10,9.40,8.80,8.90,9.20,9.40,9.20,9.40,9.50,9.80
SP14,Bandar Tun Razak,6,5.8,5.7,5.5,5.3,5,4.8,4.6,4.3,4.2,3.9,3.6,3.1,3,3.6,3.9,4.3,4.3,4.5,5.2,5.3,5.3,5.6,5.9,5.7,5.8,6.1,6,5.9,5.8,5.7,5.5,5.1,4.8,4.5,4,3.5,3.1,2.9,3.1,2.9,2.6,2.2,1.9,2.1,2.4,2.7,2.8,3.1,2.9,3,3.2,3.4,3.5,3.7,2.1,2.4,2.7,2.8,3.1,2.9,3,3.2,3.4,3.5,3.7,1.8,1.3,0.8,1.4,1.8,2.2,2.4,2.9,3.2,3.1,3.4,3.5,3.8,4,4.2,3.7,4,3.5,4.7,4.4,3.4,2.7,3.1,3.4,3.8,4.3,4.7,4.1,3.4,10.1,9.5,8.8,8.1,7.4,6.5,5.7,5.2,5.1,5.6,5.3,5.1,5.4,5.1,4.8,4.6,4,3.5,3,2.8,3,2.6,2.5,2.2,2.7,3,3.5,3.9,4.5,4.4,4.8,5,4.8,5.4,5.6,5.1,5.2,4.9,5.4,5.3,5.1,4.9,4.8,4.6,4.9,4.7,5,4.7,4.5,4.2,3.8,3.4,3.6,3.5,3.3,3.1,2.9,2.6,2.1,2.8,2.4,1.8,2.6,2.9,3.1,3.7,4.3,4.7,4.6,5,5.2,4.7,6.20,6.60,7.00,7.50,7.30,6.90,8.00,8.20,9.20,9.10,9.40,9.70,9.10,9.20,9.50,9.70,9.60,9.80,9.90,10.20
SP15,Bandar Tasik Selatan,5.9,5.8,5.6,5.4,5.2,4.9,4.7,4.5,4.2,4.1,3.8,3.5,3.1,3.1,3.6,3.9,4.3,4.3,4.5,5.2,5.2,5.3,5.6,5.9,5.7,5.8,6.1,5.9,5.9,6.1,6.3,5.8,5.7,5.4,5.1,4.6,4.1,3.5,3.3,3.2,3,3.1,2.7,2.4,2.6,2.9,3.1,2.9,3.1,3.3,3.4,3.6,3.8,3.9,3.6,2.6,2.9,3.1,2.9,3.1,3.3,3.4,3.6,3.8,3.9,3.6,2.2,1.9,1.4,0.8,1.2,1.9,1.9,2.4,2.7,3,3,3.6,3.5,3.7,3.8,4.1,3.7,4.1,5.1,4.8,3.8,3.1,3.5,3.8,4.2,4.7,5.1,4.5,3.8,10.7,10.1,9.4,8.7,8,7.1,6.3,5.3,5.6,6.1,5.8,5.5,5.6,5.2,4.9,4.6,4,3.5,3.1,2.9,3.3,3.1,3,2.7,3.2,3.6,4,4.4,5,4.9,5.3,5.5,5.3,5.9,6.1,5.6,5.3,5,4.8,4.7,4.5,4.3,4.2,4,4.7,4.6,4.4,4.3,4.1,4.6,4.2,3.8,4,4,3.9,3.7,3.5,3.1,2.6,2.2,1.8,1.2,2,2.3,2.5,3,3.7,4.1,4,4.4,4.6,4.1,6.40,6.80,7.20,7.70,7.30,6.90,8.00,8.20,9.20,9.30,9.60,9.90,9.30,9.40,9.70,9.90,9.60,9.80,9.90,10.20
SP16,Sungai Besi,6.2,6.1,5.9,5.7,5.5,5.2,5,4.8,4.5,4.4,4.1,3.8,3.4,3.4,3.9,4.2,4.6,4.6,4.8,5.5,5.5,5.6,5.9,6.2,6,6.1,6.4,6.2,6.2,6.2,6.1,5.9,5.5,5.2,4.9,4.4,3.9,3.8,3.6,3.5,3.3,3.1,3,2.8,3,2.9,3.1,3.2,3.4,3.6,3.7,3.9,3.5,3.7,3.8,3,2.9,3.1,3.2,3.4,3.6,3.7,3.9,3.5,3.7,3.8,2.5,2.1,1.8,1.2,0.8,1.4,1.7,2.1,2.3,2.6,3,3.3,3.7,3.4,3.6,3.9,4.2,3.9,5,4.7,3.7,3.1,3.4,3.7,4.1,4.6,4.8,4.2,3.5,10.5,9.9,9.2,8.5,7.8,6.9,6.1,4.9,5.3,6,6.1,5.8,5.9,5.5,5.2,4.9,4.3,3.8,3.4,3.2,3.6,3.2,3.4,3,3.6,3.9,4.3,4.7,5.3,5.2,5.6,5.8,5.6,6,6.2,5.9,4.9,4.6,4.4,4.3,4.1,3.9,3.8,3.6,4.3,4.2,4,3.9,3.7,4.2,3.9,3.5,3.6,3.9,3.6,3.5,3.4,3.2,3,1.8,1.4,0.8,1.6,1.9,2.1,2.6,3.3,3.7,3.6,4,4.2,3.7,6.70,7.10,7.50,8.00,7.60,7.20,8.30,8.50,9.50,9.60,9.90,10.20,9.60,9.70,10.00,10.20,9.90,10.10,10.20,10.50
SP17,Bukit Jalil,6.7,6.6,6.4,6.2,6,5.7,5.5,5.3,5,4.9,4.6,4.3,3.9,3.9,4.4,4.7,5.1,5.1,5.3,6,6,6.1,6.4,6.7,6.5,6.6,6.9,6.7,6.7,6.6,6.5,6.3,5.9,5.6,5.3,4.8,4.3,3.7,3.5,3.9,3.7,3.5,3.2,3,3.1,3.4,3.6,3.7,3.9,3.5,3.6,3.8,3.9,4,4.2,3.1,3.4,3.6,3.7,3.9,3.5,3.6,3.8,3.9,4,4.2,3.1,2.7,2.2,1.9,1.4,0.8,1,1.6,1.9,2.1,2.5,2.9,3.2,3.5,3.6,3.5,3.8,4.3,5.5,5.2,4.2,3.6,3.9,4.2,4.6,5.1,5.2,4.6,3.9,10.9,10.3,9.6,8.9,8.2,7.3,6.5,5.5,5.9,6.5,6.2,6,6.3,6,5.7,5.4,4.8,4.3,3.9,3.7,4,3.6,3.5,3.2,3.7,4,4.4,4.8,5.4,5.3,5.7,5.9,5.7,6.3,6.5,6,5.5,5.2,5,4.9,4.7,4.5,4.4,4.2,4.9,4.8,4.6,4.5,4.3,4.7,4.3,3.9,4.1,4.4,4.2,4.1,3.9,3.6,3.1,2.4,2,1.4,2.2,2.5,2.7,3.2,3.9,4.3,4.2,4.6,4.8,4.3,7.10,7.50,7.90,8.40,8.10,7.70,8.80,9.00,10.00,10.00,10.30,10.60,10.00,10.10,10.40,10.60,10.40,10.60,10.70,11.00
SP18,Sri Petaling,6.3,6.5,6,5.8,5.6,5.3,5.1,4.9,4.6,4.5,4.2,3.9,3.5,3.8,4.3,4.6,4.8,5,5.2,5.9,5.6,6,6.3,6.5,6.3,6.4,6.7,6.3,6.5,6.4,6.3,6.1,5.7,5.4,5.1,4.6,4.1,3.9,3.6,3.6,3.9,3.7,3.4,3.1,3.3,3.5,3.7,3.9,3.5,3.7,3.8,3.9,4.1,4.2,3.6,3.3,3.5,3.7,3.9,3.5,3.7,3.8,3.9,4.1,4.2,3.6,2.9,2.9,2.4,1.9,1.7,1,0.8,1.4,1.6,2,2.2,3,3.1,3.3,3.5,3.8,3.6,4.1,5.6,5.3,4.3,3.7,4,4.3,4.7,5.2,5.4,4.8,4.1,10.7,10.1,9.4,8.7,8,7.1,6.3,5.8,6.2,6.7,6.4,6.2,6.4,6,5.9,5.3,4.7,4.2,3.8,3.9,4.2,3.8,3.7,3.4,3.9,4.2,4.6,5,5.6,5.5,5.9,6.1,5.9,6.5,6.7,6.2,5.8,5.5,5.3,5.2,5,4.8,4.7,4.5,5.2,5.1,4.9,4.8,4.6,4.9,4.5,4.1,4.3,4.6,4.5,4.3,4.1,3.8,3.3,2.7,2.3,1.7,2.5,2.8,3,3.6,4.2,4.6,4.5,4.9,5.1,4.6,7.20,7.60,8.00,8.50,7.90,7.50,8.60,8.80,9.80,10.10,10.40,10.50,10.10,10.20,10.50,10.70,10.20,10.40,10.50,10.80
SP19,Awan Besar,6.7,6.6,6.4,6.2,6,5.7,5.5,5.3,5,4.9,4.6,4.3,3.9,3.9,4.4,4.7,5.1,5.1,5.3,6,6,6.1,6.4,6.7,6.5,6.6,6.4,6.6,6.3,6.1,6,5.8,5.4,5.1,4.8,4.3,3.8,4.2,4,3.9,3.7,3.6,3.8,3.5,3.7,3.9,3.6,3.7,3.9,4,4.1,4.2,3.7,3.8,3.9,3.7,3.9,3.6,3.7,3.9,4,4.1,4.2,3.7,3.8,3.9,3.3,3,2.9,2.4,2.1,1.6,1.4,0.8,1.1,1.4,1.9,2.5,3,2.9,3.1,3.4,3.8,3.8,5.5,5.2,4.2,3.6,3.9,4.2,4.6,5.1,5,4.4,3.7,10.4,9.8,9.1,8.4,7.7,6.8,6,6.2,6.6,6.9,6.6,6.3,6.4,6,5.7,5.4,4.8,4.3,3.9,3.7,4.1,4.2,4.1,3.8,4.3,4.6,5,5.4,6,5.9,6.3,6.5,6.3,6.9,7,6.4,6.2,5.9,5.7,5.6,5.4,5.2,5.1,4.9,5.6,5.5,5.3,5,4.8,4.5,4.1,3.7,3.9,4.3,4.6,4.7,4.5,4.2,3.7,3.1,2.7,2.1,2.9,3.2,3.5,4,4.6,5,4.9,5.3,5.5,5,7.20,7.60,8.00,8.20,7.60,7.20,8.30,8.50,9.50,9.80,10.20,10.20,10.10,10.10,10.40,10.60,9.90,10.10,10.20,10.50
SP20,Muhibbah,6.8,6.8,6.5,6.3,6.1,5.8,5.6,5.4,5.1,5,4.7,4.4,4,4.1,4.6,4.9,5.3,5.3,5.5,6.2,6.1,6.3,6.4,6.9,6.6,6.5,6.2,6.4,6.1,5.9,5.8,5.6,5.2,4.9,4.6,4.1,3.6,3.7,4.1,4,3.9,3.7,3.4,3.7,3.9,3.6,3.8,3.9,4,4.2,4.3,3.7,3.8,3.9,4,3.9,3.6,3.8,3.9,4,4.2,4.3,3.7,3.8,3.9,4,3.5,3.2,3.2,2.7,2.3,1.9,1.6,1.1,0.8,1.2,1.6,2.3,2.7,3,2.9,3.2,3.6,3.6,5.7,5.4,4.4,3.8,4.1,4.4,4.8,5.3,5.1,4.5,3.8,10.2,9.6,8.9,8.2,7.5,6.6,5.8,6.3,6.2,6.7,6.4,6.2,6.5,6.2,5.9,5.6,5,4.5,4.1,3.9,4.3,4.1,3.7,3.4,3.9,4.2,4.6,5,5.6,5.5,5.9,6.1,5.9,6.5,6.7,6.2,6.3,6.1,5.9,5.8,5.6,5.4,5.3,5.1,5.8,5.7,5.4,5.1,4.9,4.6,4.2,3.8,4,4.4,4.7,4.6,4.4,4.1,3.9,3.4,2.9,2.3,3.1,3.5,3.7,4.2,4.8,5.2,5.1,5.5,5.7,5.2,7.30,7.70,8.10,8.00,7.40,7.00,8.10,8.30,9.30,9.60,10.00,10.00,10.20,9.90,10.20,10.40,9.70,9.90,10.00,10.30
SP21,Alam Sutera,7.1,7,6.8,6.6,6.4,6.1,5.9,5.7,5.4,5.3,5,4.7,4.3,4.3,4.8,5.1,5.5,5.5,5.7,6.4,6.4,6.5,6.7,7.1,6.9,6.8,6.5,6.7,6.4,6.2,6.1,5.9,5.5,5.2,4.9,4.4,3.9,3.8,3.7,4.3,4.1,3.9,3.7,3.5,3.6,3.8,4,4.1,4.3,3.7,3.8,3.9,4,4.1,4.2,3.6,3.8,4,4.1,4.3,3.7,3.8,3.9,4,4.1,4.2,3.8,3.5,3.1,3,2.6,2.1,2,1.4,1.2,0.8,1.2,1.9,2.4,2.7,2.9,3,3.3,3.9,5.9,5.6,4.6,4,4.3,4.6,5,5.5,5.3,4.7,4,10.5,9.9,9.2,8.5,7.8,6.9,6.1,6.6,6.5,7,6.7,6.5,6.8,6.4,6.1,5.8,5.2,4.7,4.3,4.1,4.5,4.1,4,3.7,4.2,4.5,4.9,5.3,5.9,5.8,6.2,6.4,6.2,6.8,7,6.5,6.6,6.3,6.2,6.1,5.9,5.7,5.6,5.4,6.1,5.9,5.6,5.3,5.1,4.8,4.4,4,4.2,4.6,4.8,4.6,4.4,4.1,3.6,3.7,3.2,2.6,3.5,3.8,4,4.5,5.1,5.5,5.4,5.8,6,5.5,7.60,8.00,8.40,8.30,7.70,7.30,8.40,8.60,9.60,9.90,10.30,10.30,10.50,10.20,10.50,10.70,10.00,10.20,10.30,10.60
SP22,Kinrara BK5,6.6,6.6,6.3,6.1,5.9,5.6,5.4,5.2,4.9,4.8,4.5,4.2,3.8,3.9,4.4,4.7,5.1,5.1,5.3,6,5.9,6.1,6.4,6.7,6.5,6.5,6.2,6.4,6.1,5.9,5.8,5.6,5.2,4.9,4.6,4.1,3.6,4.1,3.9,3.8,3.7,4.2,3.9,3.7,3.9,4.1,4.2,3.7,3.8,3.9,4,4.1,4.2,4.3,3.6,3.9,4.1,4.2,3.7,3.8,3.9,4,4.1,4.2,4.3,3.6,3.6,3.8,3.4,3,3,2.5,2.2,1.9,1.6,1.2,0.8,1.7,2,2.3,2.5,2.9,3,3.6,6.1,5.8,4.8,4.2,4.5,4.8,5.2,5.7,5.5,4.9,4.2,10.2,9.6,8.9,8.2,7.5,6.6,5.8,6.8,6.7,6.9,6.6,6.3,6.4,6,5.7,5.4,4.8,4.3,3.9,3.7,4.1,4.4,4.2,3.9,4.4,4.7,5.1,5.5,6.1,6,6.4,6.6,6.4,6.9,7,6.4,6.8,6.6,6.6,6.5,6.3,6.1,6,5.8,6.3,6.1,5.8,5.5,5.3,5,4.6,4.2,4.4,4.8,5.1,4.9,4.7,4.4,3.9,4.1,3.7,3,3.9,4.2,4.4,4.9,5.5,5.9,5.8,6.2,6.4,5.9,7.20,7.60,8.00,8.00,7.40,7.00,8.10,8.30,9.30,9.60,10.00,10.00,10.10,9.90,10.20,10.40,9.70,9.90,10.00,10.30
SP24,IOI Puchong,7,7,6.7,6.5,6.3,6,5.8,5.6,5.3,5.2,4.9,4.6,4.2,4.3,4.8,5.1,5.5,5.5,5.7,6.3,6.2,6,5.8,6.3,6,5.9,5.6,5.8,5.5,5.3,5.2,5,4.6,4.3,4,3.5,3,3.6,4.3,4.2,4.1,4,3.7,4.2,3.7,3.8,4,4.1,4.2,4.3,3.5,3.6,3.7,3.8,3.9,3.7,3.8,4,4.1,4.2,4.3,3.5,3.6,3.7,3.8,3.9,4.1,3.8,3.5,3.6,3.3,2.9,3,2.5,2.3,1.9,1.7,0.8,1.3,1.7,1.9,2.2,2.6,3,5.9,5.6,4.6,4,4.3,4.6,5,5.3,5,4.4,3.7,9.6,9,8.3,7.6,6.9,6,5.2,6.6,6.5,7,6.7,6.5,6.8,6.4,6.1,5.8,5.2,4.7,4.3,4.1,4.5,4.2,4,3.7,4.2,4.5,4.9,5.3,5.9,5.8,6.2,6.4,6.2,6.8,7,6.5,6.6,6.4,6.7,6.5,6.5,6.3,6,6,5.8,5.6,5.3,5,4.8,4.5,4.1,3.7,3.9,4.3,4.6,4.7,4.5,4.2,3.7,4.3,3.9,3.3,4.1,4.4,4.6,5.1,5.7,6.1,6,6.4,6.6,6.1,7.60,8.00,7.80,7.40,6.80,6.40,7.50,7.70,8.70,9.00,9.40,9.40,9.80,9.30,9.60,9.80,9.10,9.30,9.40,9.70
SP25,Pusat Bandar Puchong,6.4,6.6,6.1,5.9,5.7,5.4,5.2,5,4.7,4.6,4.3,4,3.6,3.9,4.4,4.7,4.9,5.1,5.3,6,5.7,6,5.8,6.3,6,5.9,5.6,5.8,5.5,5.3,5.2,5,4.6,4.3,4,3.5,2.9,3.8,3.6,3.6,4.4,4.2,4,3.8,4,4.1,4.2,4.1,3.6,3.6,3.7,3.8,3.9,3.9,4,4,4.1,4.2,4.1,3.6,3.6,3.7,3.8,3.9,3.9,4,3.7,4.1,3.8,3.5,3.7,3.2,3.1,3,2.7,2.4,2,1.3,0.8,1.2,1.4,1.8,2.2,2.9,6.1,5.8,4.8,4.2,4.5,4.8,5.2,5.5,5.2,4.6,3.9,9.6,9,8.3,7.6,6.9,6,5.2,6.9,6.8,7,6.7,6.8,6.5,6.1,6.2,5.4,4.8,4.3,3.9,4.1,4.5,4.5,4.3,4,4.5,4.8,5.2,5.6,6.2,6.1,6.5,6.7,6.5,7.1,7.3,6.6,6.9,6.7,6.9,6.7,6.8,6.5,6.2,6.3,6,5.8,5.5,5.2,5,4.7,4.3,3.9,4.1,4.5,4.8,5,4.8,4.5,4,4.7,4.3,3.7,4.5,4.8,5,5.5,6.1,6.5,6.4,6.8,7,6.5,7.30,7.70,7.80,7.40,6.80,6.40,7.50,7.70,8.70,9.00,9.40,9.40,9.80,9.30,9.60,9.80,9.10,9.30,9.40,9.70
SP26,Taman Perindustrian Puchong,6.5,6.5,6.2,6,5.8,5.5,5.3,5.1,4.8,4.7,4.4,4.1,3.7,3.8,4.3,4.6,5,5,5.2,5.9,5.8,5.7,5.5,6,5.7,5.6,5.3,5.5,5.2,5,4.9,4.7,4.3,4,3.7,3.1,2.6,3.9,3.8,3.7,3.6,3.5,4.2,4,4.1,4.3,3.5,3.6,3.7,3.8,3.8,3.9,4,4.1,4.2,4.1,4.3,3.5,3.6,3.7,3.8,3.8,3.9,4,4.1,4.2,3.9,3.7,4,3.7,3.4,3.5,3.3,2.9,3,2.7,2.3,1.7,1.2,0.8,1,1.5,2,2.6,5.4,5.1,4.1,3.5,3.8,4.1,4.5,5,5.3,4.7,4,9.3,8.7,8,7.3,6.6,5.7,4.9,6.8,6.6,6.8,6.5,6.2,6.3,5.9,5.6,5.3,4.7,4.2,3.8,3.6,4,4.4,4.5,4.2,4.7,5,5.4,5.8,6.4,6.3,6.5,6.7,6.7,6.8,6.9,6.3,6.8,6.8,6.9,6.8,6.6,6.4,6.3,6.1,6.1,5.9,5.6,5.3,5.1,4.8,4.4,4,4.2,4.6,4.9,4.9,4.7,4.4,4.1,4.4,4,3.4,4.2,4.5,4.7,5.2,5.8,6.2,6.1,6.5,6.7,6.2,7.10,7.50,7.50,7.10,6.50,6.10,7.20,7.40,8.40,8.70,9.10,9.10,9.50,9.00,9.30,9.50,8.80,9.00,9.10,9.40
SP27,Bandar Puteri,6.6,6.6,6.3,6.1,5.9,5.6,5.4,5.2,4.9,4.8,4.5,4.2,3.8,3.9,4.4,4.7,5.1,5.1,5.3,5.8,5.7,5.5,5.3,5.8,5.5,5.4,5.1,5.3,5,4.8,4.7,4.5,4.1,3.8,3.5,2.9,2.4,4,3.8,3.8,3.7,3.6,4.3,4.1,4.2,3.5,3.6,3.7,3.8,3.8,3.9,4,4.1,4.1,4.2,4.2,3.5,3.6,3.7,3.8,3.8,3.9,4,4.1,4.1,4.2,4,3.8,4.2,3.8,3.6,3.6,3.5,3.1,2.9,2.9,2.5,1.9,1.4,1,0.8,1.3,1.8,2.4,5.5,5.2,4.2,3.6,3.9,4.2,4.6,5.1,5.4,4.8,4.1,9.1,8.5,7.8,7.1,6.4,5.5,4.7,6.9,6.7,6.9,6.6,6.3,6.4,6,5.7,5.4,4.8,4.3,3.9,3.7,4.1,4.5,4.6,4.3,4.8,5.1,5.5,5.9,6.5,6.4,6.6,6.8,6.8,6.9,7,6.4,6.9,6.9,7.1,6.9,6.8,6.6,6.4,6.3,6.2,6,5.7,5.4,5.2,4.9,4.5,4.1,4.3,4.7,5,5,4.8,4.5,4.2,4.6,4.2,3.6,4.4,4.7,4.9,5.4,6,6.4,6.3,6.7,6.9,6.4,7.20,7.60,7.30,6.90,6.30,5.90,7.00,7.20,8.20,8.50,8.90,8.90,9.30,8.80,9.10,9.30,8.60,8.80,8.90,9.20
SP28,Puchong Perdana,6.7,6.7,6.4,6.2,6,5.7,5.5,5.3,5,4.9,4.6,4.3,3.9,4,4.5,4.8,5,5,4.9,5.4,5.3,5.1,4.9,5.4,5.1,5,4.7,4.9,4.6,4.4,4.3,4.1,3.7,3.4,3,2.5,2,4.1,4,3.9,3.9,3.8,3.6,4.3,3.6,3.7,3.8,3.8,3.9,4,4.1,4.2,4.3,4.3,4.4,3.6,3.7,3.8,3.8,3.9,4,4.1,4.2,4.3,4.3,4.4,4.2,4,3.7,4.1,3.9,3.5,3.8,3.4,3.2,3,2.9,2.2,1.8,1.5,1.3,0.8,1.3,2,5.7,5.4,4.4,3.8,4.1,4.4,4.8,5.3,5.6,5,4.3,8.7,8.1,7.4,6.7,6,5.1,4.3,6.5,6.4,6.9,6.6,6.4,6.5,6.1,5.8,5.5,4.9,4.4,4,3.8,4.2,4.1,3.9,3.6,4.1,4.4,4.8,5.2,5.8,5.7,6.1,6.3,6.1,6.7,6.9,6.4,6.5,6.3,7,6.8,6.6,6.3,6.6,6.5,6.3,6.1,5.9,5.6,5.4,5.1,4.7,4.3,4.5,4.9,4.8,4.6,4.4,4.1,3.6,4.9,4.5,3.9,4.7,5,5.2,5.7,6.3,6.7,6.6,6.4,6.6,6.7,7.30,7.30,6.90,6.50,5.90,5.50,6.60,6.80,7.80,8.10,8.50,8.50,8.90,8.40,8.70,8.90,8.20,8.40,8.50,8.80
SP29,Puchong Prima,6.9,6.8,6.6,6.3,6,5.9,5.7,5.5,5.2,5.1,4.8,4.5,4.1,4.2,4.7,4.8,4.6,4.6,4.5,5,4.9,4.7,4.5,5,4.7,4.6,4.3,4.5,4.2,4,3.9,3.7,3.2,2.9,2.6,2.1,1.6,4.3,4.2,4.1,4,3.9,3.8,3.6,3.7,3.9,4,4,4.1,4.2,4.3,4.3,4.4,4.5,4.6,3.7,3.9,4,4,4.1,4.2,4.3,4.3,4.4,4.5,4.6,3.6,4.2,4,3.7,4.2,3.8,3.6,3.8,3.6,3.3,3,2.6,2.2,2,1.8,1.3,0.8,1.6,5.9,5.6,4.6,4,4.3,4.6,5,5.5,5.7,5.1,4.4,8.3,7.7,7,6.3,5.6,4.7,3.9,6.7,6.6,7.1,6.8,6.6,6.7,6.3,6,5.7,5.1,4.6,4.2,4,4.4,4.2,4.1,3.8,4.3,4.6,5,5.4,6,5.9,6.3,6.5,6.3,6.9,7.1,6.6,6.7,6.4,7.1,6.9,6.7,6.4,6.7,6.6,6.4,6.2,6,5.7,5.5,5.2,4.8,4.4,4.6,5,4.9,4.7,4.5,4.2,3.7,5.1,4.8,4.2,5,5.3,5.5,6,6.6,6.8,6.9,6.5,6.7,6.8,7.20,6.90,6.50,6.10,5.50,5.10,6.20,6.40,7.40,7.70,8.10,8.10,8.50,8.00,8.30,8.50,7.80,8.00,8.10,8.40
SP31,Putra Heights,6.2,6,5.8,5.5,5.2,5.1,5,5,4.8,4.7,4.6,4.5,4.4,4.3,4.1,4,3.8,3.8,3.7,4.2,4.1,3.9,3.7,4.2,3.9,3.8,3.5,3.7,3.4,3.2,3,2.8,2.4,2.1,1.8,1.3,0.8,4.6,4.5,4.4,4.3,4.2,4.1,3.9,4,4.1,4.2,4.3,4.4,4.5,4.6,4.6,4.7,4.8,4.9,4,4.1,4.2,4.3,4.4,4.5,4.6,4.6,4.7,4.8,4.9,3.9,3.7,3.5,4.1,3.9,4.3,4.1,3.8,3.6,3.9,3.6,3,2.9,2.6,2.4,2,1.6,0.8,6.1,5.8,4.8,4.2,4.5,4.8,5.2,5.7,6,5.4,4.7,7.5,6.9,6.2,5.5,4.8,3.9,3,7,6.9,7.4,7.1,6.9,6.9,6.5,6.3,5.8,5.2,4.7,4.3,4.3,4.7,4.5,4.4,4.1,4.6,4.9,5.3,5.7,6.3,6.2,6.6,6.8,6.6,7.2,7.4,6.9,7,6.7,7.4,7.2,7,6.7,6.8,6.6,6.7,6.5,6.3,6,5.8,5.5,5.1,4.7,4.9,5.3,5.2,5,4.8,4.5,4,4.9,4.5,3.9,4.7,5,5.2,5.7,6.3,6.7,6.6,6.8,7,6.7,6.40,6.10,5.70,5.30,4.70,4.30,5.40,5.60,6.60,6.90,7.30,7.30,7.70,7.20,7.50,7.70,7.00,7.20,7.30,7.60
MR1,KL Sentral (MRL),6.1,5.9,5.8,5.6,5.4,5.1,4.9,4.7,4.4,4.3,4,3.7,3.3,3.2,3.7,4,4.4,4.4,4.6,5.3,5.4,5.4,5.7,6,5.8,5.9,6.2,6.1,6,6.2,6.5,6,5.9,6,6.2,6.4,6.1,5.2,4.8,4.7,4.5,4.2,4,3.6,3.4,3.1,2.8,3,3.3,3.5,3.7,3.9,4,4.1,4.4,3.4,3.1,2.8,3,3.3,3.5,3.7,3.9,4,4.1,4.4,3.9,4.2,4.7,5.1,5,5.5,5.6,5.5,5.7,5.9,6.1,5.9,6.1,5.4,5.5,5.7,5.9,6.1,0.9,1.3,2.2,2.8,3.1,2.5,2.7,3.1,3.4,3.7,4,11.1,10.5,9.8,9.1,8.4,7.5,6.5,6.2,6,6.2,5.9,5.6,5.7,5.3,5,4.7,4.1,3.6,3.2,3,3.4,3.8,4.2,4,4.5,4.8,5,5.4,5.9,5.7,5.9,6.1,6.4,6.2,6.3,5.7,6.2,6.1,6.8,6.6,6.4,6.1,6.3,6.3,6.1,5.9,5.6,5.3,5.1,4.8,4.4,4,4.2,4.6,4.4,4.3,4.1,3.8,3.4,4.8,5.2,5,5.8,6.1,6.3,6.2,6.3,6.5,6.6,6.2,6.4,6.5,6.50,6.90,7.30,7.80,7.40,7.00,8.10,8.30,9.30,9.40,9.70,10.00,9.40,9.50,9.80,10.00,9.70,9.90,10.00,10.30
MR2,Tun Sambanthan,5.8,5.6,5.5,5.3,5.1,4.8,4.6,4.4,4.1,4,3.7,3.4,3,2.9,3.4,3.7,4.1,4.1,4.3,5,5.1,5.1,5.4,5.7,5.5,5.6,5.9,5.8,5.7,5.9,6.2,5.7,5.6,5.7,5.9,6.1,5.8,4.9,4.5,4.4,4.2,3.9,3.7,3.3,3.1,2.8,2.5,2.7,3,3.2,3.4,3.6,3.7,3.8,4.1,3.1,2.8,2.5,2.7,3,3.2,3.4,3.6,3.7,3.8,4.1,3.6,3.9,4.4,4.8,4.7,5.2,5.3,5.2,5.4,5.6,5.8,5.6,5.8,5.1,5.2,5.4,5.6,5.8,1.3,0.9,1.8,2.5,2.7,3.1,2.5,2.8,3.2,3.5,3.7,10.8,10.2,9.5,8.8,8.1,7.2,6.2,5.9,5.7,5.9,5.6,5.3,5.4,5,4.7,4.4,3.8,3.3,2.9,2.7,3.1,3.5,3.9,3.7,4.2,4.5,4.7,5.1,5.6,5.4,5.6,5.8,6.1,5.9,6,5.4,5.9,5.8,6.5,6.3,6.1,5.8,6,6,5.8,5.6,5.3,5,4.8,4.5,4.1,3.7,3.9,4.3,4.1,4,3.8,3.5,3.1,4.5,4.9,4.7,5.5,5.8,6,5.9,6,6.2,6.3,5.9,6.1,6.2,6.20,6.60,7.00,7.50,7.10,6.70,7.80,8.00,9.00,9.10,9.40,9.70,9.10,9.20,9.50,9.70,9.40,9.60,9.70,10.00
MR3,Maharajalela,4.8,4.6,4.5,4.3,4.1,3.8,3.6,3.4,3.1,3,2.7,2.4,2,1.9,2.4,2.7,3.1,3.1,3.3,4,4.1,4.1,4.4,4.7,4.5,4.6,4.9,4.8,4.7,4.9,5.2,4.7,4.6,4.7,4.9,5.1,4.8,3.9,3.5,3.4,3.2,2.9,2.7,2.3,2.1,1.8,1.5,1.7,2,2.2,2.4,2.6,2.7,2.8,3.1,2.1,1.8,1.5,1.7,2,2.2,2.4,2.6,2.7,2.8,3.1,2.6,2.9,3.4,3.8,3.7,4.2,4.3,4.2,4.4,4.6,4.8,4.6,4.8,4.1,4.2,4.4,4.6,4.8,2.2,1.8,0.9,1.5,1.8,2.2,2.5,3.1,2.6,2.9,2.7,9.8,9.2,8.5,7.8,7.1,6.2,5.2,4.9,4.7,4.9,4.6,4.3,4.4,4,3.7,3.4,2.8,2.3,1.9,1.7,2.1,2.5,2.9,2.7,3.2,3.5,3.7,4.1,4.6,4.4,4.6,4.8,5.1,4.9,5,4.4,4.9,4.8,5.5,5.3,5.1,4.8,5,5,4.8,4.6,4.3,4,3.8,3.5,3.1,2.7,2.9,3.3,3.1,3,2.8,2.5,2.1,3.5,3.9,3.7,4.5,4.8,5,4.9,5,5.2,5.3,4.9,5.1,5.2,5.20,5.60,6.00,6.50,6.10,5.70,6.80,7.00,8.00,8.10,8.40,8.70,8.10,8.20,8.50,8.70,8.40,8.60,8.70,9.00
MR4,Hang Tuah,4.2,4,3.9,3.7,3.5,3.1,2.9,2.7,2.4,2.3,2,1.7,1.3,1.2,1.7,2,2.4,2.4,2.6,3.4,3.5,3.5,3.8,4.1,3.9,4,4.3,4.2,4.1,4.3,4.6,4.1,4,4.1,4.3,4.5,4.2,3.2,2.8,2.7,2.5,2.2,2,1.6,1.4,1.1,0.8,1,1.3,1.5,1.7,1.9,2,2.1,2.4,1.4,1.1,0.8,1,1.3,1.5,1.7,1.9,2,2.1,2.4,1.9,2.2,2.7,3.1,3.1,3.6,3.7,3.6,3.8,4,4.2,4,4.2,3.5,3.6,3.8,4,4.2,2.8,2.5,1.5,0.8,1.2,1.5,1.9,2.4,2.9,2.5,2,9,8.4,7.7,7,6.3,5.4,4.6,4.3,4.1,4.3,4,3.7,3.8,3.4,3.1,2.7,2.1,1.6,1.2,1,1.4,1.8,2.2,2,2.5,2.8,3.1,3.5,4,3.8,4,4.2,4.5,4.3,4.4,3.8,4.3,4.2,4.9,4.7,4.5,4.2,4.4,4.4,4.2,4,3.7,3.4,3.1,2.8,2.4,2,2.2,2.6,2.4,2.3,2.1,1.8,1.4,2.8,3.2,3.1,3.9,4.2,4.4,4.3,4.4,4.6,4.7,4.3,4.5,4.6,4.60,5.00,5.40,5.90,5.50,5.10,6.20,6.40,7.40,7.50,7.80,8.10,7.50,7.60,7.90,8.10,7.80,8.00,8.10,8.40
MR5,Imbi,4.5,4.3,4.2,4,3.8,3.5,3.3,3.1,2.8,2.7,2.4,2.1,1.7,1.6,2.1,2.4,2.8,2.8,3,3.7,3.8,3.8,4.1,4.4,4.2,4.3,4.6,4.5,4.4,4.6,4.9,4.4,4.3,4.4,4.6,4.8,4.5,3.6,3.2,3.1,2.9,2.6,2.4,2,1.8,1.5,1.2,1.4,1.7,1.9,2.1,2.3,2.4,2.5,2.8,1.8,1.5,1.2,1.4,1.7,1.9,2.1,2.3,2.4,2.5,2.8,2.3,2.6,3.1,3.5,3.4,3.9,4,3.9,4.1,4.3,4.5,4.3,4.5,3.8,3.9,4.1,4.3,4.5,3.1,2.7,1.8,1.2,0.9,1.3,1.6,2.1,2.6,3.1,2.4,9.5,8.9,8.2,7.5,6.8,5.9,4.9,4.6,4.4,4.6,4.3,4,4.1,3.7,3.4,3.1,2.5,2,1.6,1.4,1.8,2.2,2.6,2.4,2.9,3.2,3.4,3.8,4.3,4.1,4.3,4.5,4.8,4.6,4.7,4.1,4.6,4.5,5.2,5,4.8,4.5,4.7,4.7,4.5,4.3,4,3.7,3.5,3.2,2.8,2.4,2.6,3,2.8,2.7,2.5,2.2,1.8,3.2,3.6,3.4,4.2,4.5,4.7,4.6,4.7,4.9,5,4.6,4.8,4.9,4.90,5.30,5.70,6.20,5.80,5.40,6.50,6.70,7.70,7.80,8.10,8.40,7.80,7.90,8.20,8.40,8.10,8.30,8.40,8.70
MR6,Air Asia - Bukit Bintang,4.8,4.6,4.5,4.3,4.1,3.8,3.6,3.4,3.1,3,2.7,2.4,2,1.9,2.4,2.7,3.1,3.1,3.3,4,4.1,4.1,4.4,4.7,4.5,4.6,4.9,4.8,4.7,4.9,5.2,4.7,4.6,4.7,4.9,5.1,4.8,3.9,3.5,3.4,3.2,2.9,2.7,2.3,2.1,1.8,1.5,1.7,2,2.2,2.4,2.6,2.5,2.7,3,2.1,1.8,1.5,1.7,2,2.2,2.4,2.6,2.5,2.7,3,2.6,2.9,3.4,3.8,3.7,4.2,4.3,4.2,4.4,4.6,4.8,4.6,4.8,4.1,4.2,4.4,4.6,4.8,2.5,3.1,2.2,1.5,1.3,0.9,1.2,1.8,2.3,2.8,2.5,9.8,9.2,8.5,7.8,7.1,6.2,5.2,4.9,4.7,4.9,4.6,4.3,4.4,4,3.7,3.4,2.8,2.3,1.9,1.7,2.1,2.5,2.9,2.7,3.2,3.5,3.7,4.1,4.6,4.4,4.6,4.8,5.1,4.9,5,4.4,4.9,4.8,5.5,5.3,5.1,4.8,4.8,4.9,4.6,4.4,4.1,3.8,3.6,3.3,2.9,2.5,2.7,3.1,3.1,3,2.8,2.5,2.1,3.5,3.9,3.7,4.5,4.8,5,4.9,5,5.2,5.3,4.9,5.1,5.2,5.20,5.60,6.00,6.50,6.10,5.70,6.80,7.00,8.00,8.10,8.40,8.70,8.10,8.20,8.50,8.70,8.40,8.60,8.70,9.00
MR7,Raja Chulan,5.2,5,4.9,4.7,4.5,4.2,4,3.8,3.5,3.4,3.1,2.8,2.4,2.3,2.8,3.1,3.5,3.5,3.7,4.4,4.5,4.5,4.8,5.1,4.9,5,5.3,5.2,5.1,5.3,5.6,5.1,5,5.1,5.3,5.5,5.2,4.3,3.9,3.8,3.6,3.3,3.1,2.7,2.5,2.2,1.9,2.1,2.4,2.6,2.8,3,3.1,3.2,3.5,2.5,2.2,1.9,2.1,2.4,2.6,2.8,3,3.1,3.2,3.5,3,3.3,3.8,4.2,4.1,4.6,4.7,4.6,4.8,5,5.2,5,5.2,4.5,4.6,4.8,5,5.2,2.7,2.5,2.5,1.9,1.6,1.2,0.9,1.5,1.9,2.4,3.1,10.2,9.6,8.9,8.2,7.5,6.6,5.6,5.3,5.1,5.3,5,4.7,4.8,4.4,4.1,3.8,3.2,2.7,2.3,2.1,2.5,2.9,3.3,3.1,3.6,3.9,4.1,4.5,5,4.8,5,5.2,5.5,5.3,5.4,4.8,5.3,5.2,5.9,5.7,5.5,5.2,5.4,5.4,5.2,5,4.7,4.4,4.2,3.9,3.5,3.1,3.3,3.7,3.5,3.4,3.2,2.9,2.5,3.9,4.3,4.1,4.9,5.2,5.4,5.3,5.4,5.6,5.7,5.3,5.5,5.6,5.60,6.00,6.40,6.90,6.50,6.10,7.20,7.40,8.40,8.50,8.80,9.10,8.50,8.60,8.90,9.10,8.80,9.00,9.10,9.40
MR8,Bukit Nanas,5.7,5.5,5.4,5.2,5,4.7,4.5,4.3,4,3.9,3.6,3.3,2.9,2.8,3.3,3.6,4,4,4.2,4.9,5,5,5.3,5.6,5.4,5.5,5.8,5.7,5.6,5.8,6.1,5.6,5.5,5.6,5.8,6,5.7,4.8,4.4,4.3,4.1,3.8,3.6,3.2,3,2.7,2.4,2.6,2.9,3.1,3,2.8,2.5,2.7,3,3,2.7,2.4,2.6,2.9,3.1,3,2.8,2.5,2.7,3,3.5,3.8,4.3,4.7,4.6,5.1,5.2,5.1,5.3,5.5,5.7,5.3,5.5,5,5.1,5.3,5.5,5.7,3.1,2.8,3.1,2.4,2.1,1.8,1.5,0.9,1.4,1.9,2.5,10.7,10.1,9.4,8.7,8,7.1,6.1,5.5,5.6,5.8,5.5,5.2,5.3,4.9,4.6,4.3,3.7,3.2,2.8,2.6,3,3.4,3.8,3.6,4.1,4.4,4.6,5,5.5,5.3,5.5,5.7,6,5.8,5.9,5.3,5.5,5.7,5.5,5.3,5.4,5.1,4.8,4.9,4.6,4.4,4.1,3.8,3.6,3.3,2.9,2.5,2.7,3.1,3.4,3.6,3.7,3.4,3,4.4,4.8,4.6,5.4,5.4,5.5,5.7,5.4,5.6,5.9,5.8,6,6.1,6.10,6.50,6.90,7.40,7.00,6.60,7.70,7.90,8.90,9.00,9.30,9.60,9.00,9.10,9.40,9.60,9.30,9.50,9.60,9.90
MR9,Medan Tuanku,5.9,6,5.6,5.4,5.2,4.9,4.7,4.5,4.2,4.1,3.8,3.5,3.1,3.3,3.8,4.1,4.4,4.5,4.7,5.4,5.2,5.5,5.8,6.1,5.9,6,6.3,5.9,6.1,6.2,6.5,5.8,5.9,6,6.2,6.4,6,5.1,4.8,4.7,4.6,4.3,4.1,3.7,3.5,3.2,2.9,3.1,3.1,2.9,2.7,2.5,2.2,2.4,2.7,3.5,3.2,2.9,3.1,3.1,2.9,2.7,2.5,2.2,2.4,2.7,4,4.3,4.7,5.1,4.8,5.2,5.4,5,5.1,5.3,5.5,5,5.2,5.3,5.4,5.6,5.7,6,3.4,3.2,2.6,2.9,2.6,2.3,1.9,1.4,0.9,1.6,2.2,10.9,10.3,9.6,8.9,8.2,7.3,6.5,5.2,5.6,6.3,6,5.7,5.8,5.4,5.1,4.8,4.2,3.7,3.3,3.1,3.5,3.6,4,4.1,4.6,4.9,5.1,5.5,5.9,5.8,6,6.2,6.2,6.3,6.4,5.8,5.2,5.5,5.2,5,5.1,4.8,4.5,4.6,4.3,4.1,3.8,3.5,3.3,3,2.6,2.2,2.4,2.8,3.1,3.3,3.4,3.6,3.5,4.9,5.2,4.8,5.5,5.1,5.2,5.4,5.1,5.3,5.6,5.8,5.9,6,6.60,7.00,7.40,7.90,7.50,7.10,8.20,8.40,9.40,9.50,9.80,10.10,9.50,9.60,9.90,10.10,9.80,10.00,10.10,10.40
MR10,Chow Kit,5.3,5.5,5,4.8,4.6,4.3,4.1,3.9,3.6,3.5,3.2,2.9,2.5,2.8,3.3,3.6,3.8,4,4.2,4.9,4.6,5,5.3,5.5,5.3,5.4,5.7,5.3,5.5,5.6,5.9,5.2,5.3,5.4,5.6,5.8,5.4,4.5,4.2,4.1,4,3.7,3.7,3.3,3.1,2.8,2.5,2.7,2.5,2.3,2.1,1.9,1.6,1.8,2.1,3.1,2.8,2.5,2.7,2.5,2.3,2.1,1.9,1.6,1.8,2.1,3.6,3.7,4.1,4.5,4.2,4.6,4.8,4.4,4.5,4.7,4.9,4.4,4.6,4.7,4.8,5,5.1,5.4,3.7,3.5,2.9,2.5,3.1,2.8,2.4,1.9,1.6,0.9,1.6,10.3,9.7,9,8.3,7.6,6.7,5.9,4.6,5,5.7,5.6,5.3,5.4,5,4.7,4.3,3.7,3.2,2.8,2.7,3.1,3,3.4,3.7,4.2,4.3,4.7,5.1,5.3,5.4,5.6,5.6,5.6,5.8,6,5.4,4.6,4.9,4.6,4.4,4.5,4.2,3.9,4,3.7,3.5,3.2,2.9,2.7,2.4,2,1.6,1.8,2.2,2.5,2.7,2.8,3,3.1,4.3,4.6,4.2,4.9,4.5,4.6,4.8,4.5,4.7,5,5.2,5.3,5.4,6.20,6.60,7.00,7.50,6.90,6.50,7.60,7.80,8.80,9.10,9.40,9.50,9.10,9.20,9.50,9.70,9.20,9.40,9.50,9.80
MR11,Titiwangsa,4.6,4.8,4.3,4.1,3.9,3.6,3.4,3.1,2.8,2.7,2.4,2.1,1.7,2,2.5,2.8,3,3.2,3.5,4.2,3.9,4.3,4.6,4.8,4.6,4.7,5,4.6,4.8,4.9,5.2,4.5,4.6,4.7,4.9,5.1,4.7,3.8,3.5,3.4,3.3,3,2.9,2.7,2.5,2.2,2,2,1.7,1.5,1.3,1.1,0.8,1,1.3,2.5,2.2,2,2,1.7,1.5,1.3,1.1,0.8,1,1.3,3,3,3.4,3.8,3.5,3.9,4.1,3.7,3.8,4,4.2,3.7,3.9,4,4.1,4.3,4.4,4.7,4,3.7,2.7,2,2.4,2.5,3.1,2.5,2.2,1.6,0.8,9.6,9,8.3,7.6,6.9,6,5.2,3.9,4.3,5,4.9,4.7,4.7,4.3,4.1,3.6,2.9,2.4,2,2,2.4,2.2,2.6,2.9,3.5,3.6,4.1,4.5,4.6,4.8,5,4.9,4.9,5.1,5.3,4.8,3.9,4.2,3.9,3.7,3.8,3.5,3.2,3.2,2.9,2.7,2.4,2.1,1.9,1.6,1.2,0.8,1,1.4,1.7,1.9,2,2.2,2.5,3.6,3.9,3.5,4.2,3.8,3.9,4.1,3.8,4,4.3,4.5,4.6,4.7,5.50,5.90,6.30,6.80,6.20,5.80,6.90,7.10,8.10,8.40,8.70,8.80,8.40,8.50,8.80,9.00,8.50,8.70,8.80,9.10
BRT1,Sunway-Setia Jaya,9.7,9.5,9.3,9,8.7,8.6,8.5,8.4,8.3,8.2,8.1,8,8.7,8.6,8.3,8.2,8.7,8.5,8.4,8,8.3,8,7.7,7.4,7.5,7.3,6.9,6.5,6.2,5.9,5.3,5.6,6,6.3,6.7,7.1,7.5,10.9,10.7,10.9,10.7,10.4,10,9.8,9.6,9.3,9,8.8,8.7,8.9,9.1,9.3,9.6,9.8,9.9,9.6,9.3,9,8.8,8.7,8.9,9.1,9.3,9.6,9.8,9.9,10,10.3,10.1,10.7,10.5,10.9,10.7,10.4,10.2,10.5,10.2,9.6,9.6,9.3,9.1,8.7,8.3,7.5,11.1,10.8,9.8,9,9.5,9.8,10.2,10.7,10.9,10.3,9.6,0.9,1.6,2.2,2.9,3.6,4.5,5.3,11.7,11.5,11.7,11.4,11.5,11.2,10.8,10.9,10.1,9.5,9,8.6,8.8,9.2,9.6,9.8,10,10.5,10.8,10.8,11.1,11.6,11.4,11.7,11.8,11.4,11.9,12,11.3,11.7,12.5,12.6,12.4,12.5,12.2,11.9,12,11.7,11.5,11.2,10.9,10.7,10.4,10,9.6,9.8,10.2,10.2,10.1,9.9,9.6,9.6,11.2,11.1,10.5,11.3,11.6,11.8,12.3,12.5,12.7,12.4,12.6,12.7,12.9,9.80,9.50,9.10,8.70,8.10,7.70,8.80,9.00,10.00,10.30,10.70,10.70,11.10,10.60,10.90,11.10,10.40,10.60,10.70,11.00
BRT2,Mentari,9.1,8.9,8.7,8.4,8.1,8,7.9,7.8,7.7,7.6,7.5,7.4,8.1,8,7.7,7.6,8.1,7.9,7.8,7.4,7.7,7.4,7.1,6.8,6.9,6.7,6.3,5.9,5.6,5.3,4.7,5,5.4,5.7,6.1,6.5,6.9,10.3,10.1,10.3,10.1,9.8,9.4,9.2,9,8.7,8.4,8.2,8.1,8.3,8.5,8.7,9,9.2,9.3,9,8.7,8.4,8.2,8.1,8.3,8.5,8.7,9,9.2,9.3,9.4,9.7,9.5,10.1,9.9,10.3,10.1,9.8,9.6,9.9,9.6,9,9,8.7,8.5,8.1,7.7,6.9,10.5,10.2,9.2,8.4,8.9,9.2,9.6,10.1,10.3,9.7,9,1.6,0.9,1.6,2.3,2.9,3.8,4.7,11.1,10.9,11.1,10.8,10.9,10.6,10.2,10.3,9.5,8.9,8.4,8,8.2,8.6,9,9.2,9.4,9.9,10.2,10.2,10.5,11,10.8,11.1,11.2,10.8,11.3,11.4,10.7,11.1,11.9,12,11.8,11.9,11.6,11.3,11.4,11.1,10.9,10.6,10.3,10.1,9.8,9.4,9,9.2,9.6,9.6,9.5,9.3,9,9,10.6,10.5,9.9,10.7,11,11.2,11.7,11.9,12.1,11.8,12,12.1,12.3,9.20,8.90,8.50,8.10,7.50,7.10,8.20,8.40,9.40,9.70,10.10,10.10,10.50,10.00,10.30,10.50,9.80,10.00,10.10,10.40
BRT3,Sunway Lagoon,8.4,8.2,8,7.7,7.4,7.3,7.2,7.1,7,6.9,6.8,6.7,7.4,7.3,7,6.9,7.4,7.2,7.1,6.7,7,6.7,6.4,6.1,6.2,6,5.6,5.2,4.9,4.6,4,4.3,4.7,5,5.4,5.8,6.2,9.6,9.4,9.6,9.4,9.1,8.7,8.5,8.3,8,7.7,7.5,7.4,7.6,7.8,8,8.3,8.5,8.6,8.3,8,7.7,7.5,7.4,7.6,7.8,8,8.3,8.5,8.6,8.7,9,8.8,9.4,9.2,9.6,9.4,9.1,8.9,9.2,8.9,8.3,8.3,8,7.8,7.4,7,6.2,9.8,9.5,8.5,7.7,8.2,8.5,8.9,9.4,9.6,9,8.3,2.2,1.6,0.9,1.6,2.3,3.2,4,10.4,10.2,10.4,10.1,10.2,9.9,9.5,9.6,8.8,8.2,7.7,7.3,7.5,7.9,8.3,8.5,8.7,9.2,9.5,9.5,9.8,10.3,10.1,10.4,10.5,10.1,10.6,10.7,10,10.4,11.2,11.3,11.1,11.2,10.9,10.6,10.7,10.4,10.2,9.9,9.6,9.4,9.1,8.7,8.3,8.5,8.9,8.9,8.8,8.6,8.3,8.3,9.9,9.8,9.2,10,10.3,10.5,11,11.2,11.4,11.1,11.3,11.4,11.6,8.50,8.20,7.80,7.40,6.80,6.40,7.50,7.70,8.70,9.00,9.40,9.40,9.80,9.30,9.60,9.80,9.10,9.30,9.40,9.70
BRT4,SunMed,7.7,7.5,7.3,7,6.7,6.6,6.5,6.4,6.3,6.2,6.1,6,6.7,6.6,6.3,6.2,6.7,6.5,6.4,6,6.3,6,5.7,5.4,5.5,5.3,4.9,4.5,4.2,3.9,3.3,3.6,4,4.3,4.7,5.1,5.5,8.9,8.7,8.9,8.7,8.4,8,7.8,7.6,7.3,7,6.8,6.7,6.9,7.1,7.3,7.6,7.8,7.9,7.6,7.3,7,6.8,6.7,6.9,7.1,7.3,7.6,7.8,7.9,8,8.3,8.1,8.7,8.5,8.9,8.7,8.4,8.2,8.5,8.2,7.6,7.6,7.3,7.1,6.7,6.3,5.5,9.1,8.8,7.8,7,7.5,7.8,8.2,8.7,8.9,8.3,7.6,2.9,2.3,1.6,0.9,1.6,2.5,3.3,9.7,9.5,9.7,9.4,9.5,9.2,8.8,8.9,8.1,7.5,7,6.6,6.8,7.2,7.6,7.8,8,8.5,8.8,8.8,9.1,9.6,9.4,9.7,9.8,9.4,9.9,10,9.3,9.7,10.5,10.6,10.4,10.5,10.2,9.9,10,9.7,9.5,9.2,8.9,8.7,8.4,8,7.6,7.8,8.2,8.2,8.1,7.9,7.6,7.6,9.2,9.1,8.5,9.3,9.6,9.8,10.3,10.5,10.7,10.4,10.6,10.7,10.9,7.80,7.50,7.10,6.70,6.10,5.70,6.80,7.00,8.00,8.30,8.70,8.70,9.10,8.60,8.90,9.10,8.40,8.60,8.70,9.00
BRT5,SunU-Monash,7,6.8,6.6,6.3,6,5.9,5.8,5.7,5.6,5.5,5.4,5.3,6,5.9,5.6,5.5,6,5.8,5.7,5.3,5.6,5.3,5,4.7,4.8,4.6,4.2,3.8,3.5,3.2,2.6,2.9,3.3,3.6,4,4.4,4.8,8.2,8,8.2,8,7.7,7.3,7.1,6.9,6.6,6.3,6.1,6,6.2,6.4,6.6,6.9,7.1,7.2,6.9,6.6,6.3,6.1,6,6.2,6.4,6.6,6.9,7.1,7.2,7.3,7.6,7.4,8,7.8,8.2,8,7.7,7.5,7.8,7.5,6.9,6.9,6.6,6.4,6,5.6,4.8,8.4,8.1,7.1,6.3,6.8,7.1,7.5,8,8.2,7.6,6.9,3.6,2.9,2.3,1.6,0.9,1.8,2.6,9,8.8,9,8.7,8.8,8.5,8.1,8.2,7.4,6.8,6.3,5.9,6.1,6.5,6.9,7.1,7.3,7.8,8.1,8.1,8.4,8.9,8.7,9,9.1,8.7,9.2,9.3,8.6,9,9.8,9.9,9.7,9.8,9.5,9.2,9.3,9,8.8,8.5,8.2,8,7.7,7.3,6.9,7.1,7.5,7.5,7.4,7.2,6.9,6.9,8.5,8.4,7.8,8.6,8.9,9.1,9.6,9.8,10,9.7,9.9,10,10.2,7.10,6.80,6.40,6.00,5.40,5.00,6.10,6.30,7.30,7.60,8.00,8.00,8.40,7.90,8.20,8.40,7.70,7.90,8.00,8.30
BRT6,South Quay-USJ1,6.1,5.9,5.7,5.4,5.1,5,4.9,4.8,4.7,4.6,4.5,4.4,5.1,5,4.7,4.6,5.1,4.9,4.8,4.4,4.7,4.4,4.1,3.8,3.9,3.7,3.3,2.9,2.6,2.3,1.7,2,2.4,2.7,3.1,3.5,3.9,7.3,7.1,7.3,7.1,6.8,6.4,6.2,6,5.7,5.4,5.2,5.1,5.3,5.5,5.7,6,6.2,6.3,6,5.7,5.4,5.2,5.1,5.3,5.5,5.7,6,6.2,6.3,6.4,6.7,6.5,7.1,6.9,7.3,7.1,6.8,6.6,6.9,6.6,6,6,5.7,5.5,5.1,4.7,3.9,7.5,7.2,6.2,5.4,5.9,6.2,6.6,7.1,7.3,6.7,6,4.5,3.8,3.2,2.5,1.8,0.9,1.7,8.1,7.9,8.1,7.8,7.9,7.6,7.2,7.3,6.5,5.9,5.4,5,5.2,5.6,6,6.2,6.4,6.9,7.2,7.2,7.5,8,7.8,8.1,8.2,7.8,8.3,8.4,7.7,8.1,8.9,9,8.8,8.9,8.6,8.3,8.4,8.1,7.9,7.6,7.3,7.1,6.8,6.4,6,6.2,6.6,6.6,6.5,6.3,6,6,7.6,7.5,6.9,7.7,8,8.2,8.7,8.9,9.1,8.8,9,9.1,9.3,6.20,5.90,5.50,5.10,4.50,4.10,5.20,5.40,6.40,6.70,7.10,7.10,7.50,7.00,7.30,7.50,6.80,7.00,7.10,7.40
BRT7,USJ7,5.3,5.1,4.9,4.6,4.3,4.2,4.1,4,3.9,3.8,3.7,3.6,4.3,4.2,3.9,3.8,4.3,4.1,4,3.6,3.9,3.6,3.3,3,3,2.8,2.4,2,1.7,1.4,0.8,1.1,1.5,1.8,2.2,2.6,3,6.5,6.3,6.5,6.3,6,5.6,5.4,5.2,4.9,4.6,4.4,4.3,4.5,4.7,4.9,5.2,5.4,5.5,5.2,4.9,4.6,4.4,4.3,4.5,4.7,4.9,5.2,5.4,5.5,5.6,5.9,5.7,6.3,6.1,6.5,6.3,6,5.8,6.1,5.8,5.2,5.2,4.9,4.7,4.3,3.9,3,6.5,6.2,5.2,4.6,4.9,5.2,5.6,6.1,6.5,5.9,5.2,5.3,4.7,4,3.3,2.6,1.7,0.8,7.3,7.1,7.3,7,7.1,6.8,6.4,6.5,5.7,5.1,4.6,4.2,4.4,4.8,5.2,5.4,5.6,6.1,6.4,6.4,6.7,7.2,7,7.3,7.4,7,7.5,7.6,6.9,7.3,8.1,8.2,8,8.1,7.8,7.5,7.6,7.3,7.1,6.8,6.5,6.3,6,5.6,5.2,5.4,5.8,5.8,5.7,5.5,5.2,5.2,6.8,6.7,6.1,6.9,7.2,7.4,7.9,8.1,8.3,8,8.2,8.3,8.5,5.30,5.00,4.60,4.20,3.60,3.20,4.30,4.50,5.50,5.80,6.20,6.20,6.60,6.10,6.40,6.60,5.90,6.10,6.20,6.50
KG04,Kwasa Damansara,7,6.7,6.8,6.5,6.4,6.1,6,5.7,5.4,5.2,5,4.7,4.3,4,4.5,4.8,5.2,5.2,5.4,6.1,6.3,6.2,6.5,6.8,6.6,6.7,7,7.2,6.8,7,7.3,7.1,6.7,6.8,7,7.2,7,5.1,4.9,4.8,4.6,4.3,3.8,4.1,3.9,4.2,4.3,4.1,4.3,4.5,4.4,4.2,3.9,4.1,4.4,3.9,4.2,4.3,4.1,4.3,4.5,4.4,4.2,3.9,4.1,4.4,4.4,4.9,5.2,5.3,4.9,5.5,5.8,6.2,6.3,6.6,6.8,6.6,6.9,6.8,6.9,6.5,6.7,7,6.2,5.9,4.9,4.3,4.6,4.9,5.3,5.5,5.2,4.6,3.9,11.7,11.1,10.4,9.7,9,8.1,7.3,0.8,1.2,1.9,2.3,2.8,2.9,3.3,3.7,3.7,4.2,3.8,4,4.1,4.1,3.6,3.7,3.8,4,4.1,4.3,4.5,4.7,4.9,5,5.1,5.3,5.7,5.8,5.9,0.8,1.6,2,2.2,2.7,3.1,3.1,3.5,3.7,3.9,3.6,3.8,4,4.1,3.7,3.9,4,4.2,4.2,3.5,3.6,3.6,3.9,4.5,4.6,4.9,5.1,5.3,5.4,5.6,6.1,6.2,6.4,6.6,6.7,6.9,3.70,4.10,4.50,5.00,5.50,5.80,6.30,6.60,6.80,6.60,6.90,7.20,6.60,6.70,7.00,7.20,7.30,7.40,7.60,7.80
KG05,Kwasa Sentral,6.8,6.5,6.6,6.3,6.2,5.9,5.8,5.5,5.2,5,4.8,4.5,4.1,3.8,4.3,4.6,5,5,5.2,5.9,6.1,6,6.3,6.6,6.4,6.5,6.8,7,6.6,6.8,7.1,6.9,6.5,6.6,6.8,7,6.9,5,4.8,4.7,4.5,4.2,3.7,4,4.3,4.4,4.1,3.9,4.1,4.3,4.5,4.6,4.3,4.5,4.8,4.3,4.4,4.1,3.9,4.1,4.3,4.5,4.6,4.3,4.5,4.8,4.3,4.8,5.1,5.6,5.3,5.9,6.2,6.6,6.2,6.5,6.7,6.5,6.8,6.6,6.7,6.4,6.6,6.9,6,5.7,4.7,4.1,4.4,4.7,5.1,5.6,5.6,5,4.3,11.5,10.9,10.2,9.5,8.8,7.9,7.1,1.2,0.8,1.7,2,2.5,3,3.1,3.4,3.5,4,4.3,3.8,3.9,4.1,4.1,3.6,3.7,3.9,4,4.2,4.3,4.6,4.7,4.9,5,5.2,5.6,5.6,5.8,1.2,2,2.4,2.6,3.1,3.6,3.5,3.9,4.1,4.3,4,4.2,4.4,4.5,4.1,4.3,4.4,4.6,4.7,3.9,4,4.1,4.3,4.9,5,5.3,5.5,5.7,5.8,6,6.5,6.6,6.9,7.1,7.3,7.4,3.80,4.20,4.60,5.10,5.60,5.90,6.40,6.70,6.90,6.70,7.00,7.30,6.70,6.80,7.10,7.30,7.40,7.50,7.70,7.90
KG06,Kota Damansara,7,6.7,6.8,6.5,6.4,6.1,6,5.7,5.4,5.2,5,4.7,4.3,4,4.5,4.8,5.2,5.2,5.4,6.1,6.3,6.2,6.5,6.8,6.6,6.7,7,7.2,6.8,7,7.3,7.1,6.7,6.8,7,7.2,7.4,5.5,5.3,5.2,5,4.7,4.2,4.5,4.4,4.6,4.3,4.1,4.3,4.5,4.7,4.9,5,5.2,5.5,4.4,4.6,4.3,4.1,4.3,4.5,4.7,4.9,5,5.2,5.5,4.8,5.3,5.6,6.1,6,6.5,6.7,6.9,6.7,7,6.9,7,7,6.8,6.9,6.9,7.1,7.4,6.2,5.9,4.9,4.3,4.6,4.9,5.3,5.8,6.3,5.7,5,11.7,11.1,10.4,9.7,9,8.1,7.3,1.9,1.7,0.8,1.3,1.9,2.2,2.7,3.1,3.4,3.5,3.8,4,4.1,3.6,3.9,4,4.2,3.6,3.7,3.8,4,4.3,4.4,4.6,4.7,4.9,5.2,5.3,5.5,1.9,2.7,3.1,3.4,3.9,4.3,4.2,4.6,4.8,5,4.7,4.9,5.1,5.2,4.8,5,5.1,4.9,4.5,4.4,4.2,3.9,4.4,5.6,5.7,6,6.2,6.4,6.5,6.7,7,7.3,6.7,6.9,7,7.2,3.00,3.40,3.80,4.30,4.80,5.10,5.60,5.90,6.10,5.90,6.20,6.50,5.90,6.00,6.30,6.50,6.60,6.70,6.90,7.10
KG07,Surian,6.7,6.4,6.5,6.2,6.1,5.8,5.7,5.4,5.1,4.9,4.7,4.4,4,3.7,4.2,4.5,4.9,4.9,5.1,5.8,6,5.9,6.2,6.5,6.3,6.4,6.7,6.9,6.5,6.7,7,6.8,6.4,6.5,6.7,6.9,7.1,5.2,5,4.9,4.7,4.4,3.9,4.2,4.5,4.3,4,3.8,4,4.2,4.4,4.6,4.9,5,5.2,4.5,4.3,4,3.8,4,4.2,4.4,4.6,4.9,5,5.2,4.5,5,5.3,5.8,6.1,6.2,6.4,6.6,6.4,6.7,6.6,6.7,6.7,6.5,6.6,6.6,6.8,7.1,5.9,5.6,4.6,4,4.3,4.6,5,5.5,6,5.6,4.9,11.4,10.8,10.1,9.4,8.7,7.8,7,2.3,2,1.3,0.8,1.4,1.9,2.2,2.7,3,3.6,3.5,3.7,3.8,4,4.3,3.8,3.9,4.2,4.3,3.7,3.8,4.1,4.2,4.4,4.5,4.7,5.1,5.2,5.3,2.3,3.1,3.6,3.8,4.3,4.7,4.6,5,5.2,5.4,5.1,5.3,5.5,5.6,5.2,4.9,5.2,5.3,4.9,4.8,4.6,4.3,4.5,5.9,6.1,6.1,6.6,6.8,6.9,7.1,7.4,7.6,7.1,7.3,7.4,7.6,2.70,3.10,3.50,4.00,4.50,4.80,5.30,5.60,5.80,5.60,5.90,6.20,5.60,5.70,6.00,6.20,6.30,6.40,6.60,6.80
KG08,Mutiara Damansara,6.6,6.5,6.3,6.1,5.9,5.6,5.4,5.2,4.9,4.8,4.5,4.2,3.8,3.8,4.3,4.6,5,5,5.2,5.9,5.9,6,6.3,6.6,6.4,6.5,6.8,6.6,6.6,6.8,7.1,6.5,6.5,6.6,6.8,7,6.9,5,4.8,4.7,4.5,4.2,3.7,4,4.3,4,3.7,3.5,3.8,4,4.2,4.4,4.7,4.7,4.9,4.3,4,3.7,3.5,3.8,4,4.2,4.4,4.7,4.7,4.9,4.3,4.8,5.1,5.5,5.8,6,6.2,6.3,6.2,6.5,6.3,6.5,6.8,6.2,6.3,6.4,6.6,6.9,5.6,5.3,4.3,3.7,4,4.3,4.7,5.2,5.7,5.3,4.7,11.5,10.9,10.2,9.5,8.8,7.9,7.1,2.8,2.5,1.9,1.4,0.8,1.3,1.8,2.1,2.9,3.2,3.6,3.8,3.5,3.7,3.9,4.2,3.7,3.9,4.1,4.3,3.6,3.9,4,4.2,4.3,4.5,4.8,4.9,5.1,2.8,3.7,4.1,4.3,4.8,5.2,5.1,5.5,5.7,5.9,5.6,5.8,5.8,5.5,5.1,4.7,4.9,4.9,4.5,4.4,4.2,3.9,4.3,5.7,6.1,5.8,6.6,6.5,6.7,7,7,7.3,6.7,6.9,7,7.2,2.10,2.50,2.90,3.40,3.90,4.20,4.70,5.00,5.20,5.00,5.30,5.60,5.00,5.10,5.40,5.60,5.70,5.80,6.00,6.20
KG09,Bandar Utama,6.5,6.2,6.3,6,5.9,5.6,5.5,5.2,4.9,4.7,4.5,4.2,3.8,3.5,4,4.3,4.7,4.7,4.9,5.6,5.8,5.7,6,6.3,6.1,6.2,6.5,6.7,6.3,6.5,6.8,6.6,6.2,6.3,6.5,6.7,6.9,5.3,5.1,5,4.8,4.5,4,4.3,4.2,4.1,3.8,3.6,3.8,4,4.2,4.4,4.7,4.8,5,4.2,4.1,3.8,3.6,3.8,4,4.2,4.4,4.7,4.8,5,4.6,5.1,5.4,5.6,5.9,6.3,6.4,6.4,6.5,6.8,6.4,6.8,6.5,6.3,6.4,6.5,6.7,6.9,5.7,5.4,4.4,3.8,4.1,4.4,4.8,5.3,5.8,5.4,4.7,11.2,10.6,9.9,9.2,8.5,7.6,6.8,2.9,3,2.2,1.9,1.3,0.8,1.4,1.8,2.5,2.9,3.2,3.5,3.6,3.9,3.7,3.9,4,3.7,3.8,4.1,4.3,3.7,3.9,4,4.1,4.3,4.7,4.8,4.9,2.9,3.7,4.1,4.3,4.8,5.2,5.1,5.5,5.7,5.9,5.6,5.8,5.9,5.6,5.2,4.7,4.9,4.7,4.3,4.2,4,3.7,4.2,5.6,6,5.9,6.5,6.3,6.5,6.8,6.8,7.1,6.5,6.7,6.8,7,1.60,2.00,2.40,2.90,3.40,3.70,4.20,4.50,4.70,4.50,4.80,5.10,4.50,4.60,4.90,5.10,5.20,5.30,5.50,5.70
KG10,Taman Tun Dr Ismail,6.1,5.8,5.9,5.6,5.5,5.2,5.1,4.8,4.5,4.3,4.1,3.8,3.4,3.1,3.6,3.9,4.3,4.3,4.5,5.2,5.4,5.3,5.6,5.9,5.7,5.8,6.1,6.3,5.9,6.1,6.4,6.2,5.8,5.9,6.1,6.3,6.5,5,4.8,4.7,4.5,4.2,3.7,4,4,3.7,3.4,3.2,3.4,3.6,3.8,4,4.3,4.4,4.6,4,3.7,3.4,3.2,3.4,3.6,3.8,4,4.3,4.4,4.6,4.3,4.8,5.1,5.2,5.5,6,6,6,6.2,6.4,6,6.4,6.1,5.9,6,6.1,6.3,6.5,5.3,5,4,3.4,3.7,4,4.4,4.9,5.4,5,4.3,10.8,10.2,9.5,8.8,8.1,7.2,6.4,3.3,3.1,2.7,2.2,1.8,1.4,0.8,1.3,2,2.7,3.1,3.1,3.2,3.5,3.8,3.5,3.7,4,4.2,3.8,4,4.4,3.7,3.8,3.9,4.1,4.5,4.6,4.7,3.3,4.1,4.5,4.7,5.2,5.6,5.5,5.9,6.1,6.3,6,5.7,5.5,5.2,4.8,4.3,4.6,4.8,4.4,4.3,4.1,3.8,4,5.4,5.8,5.5,6.3,6.4,6.6,6.8,6.9,7.1,6.6,6.8,6.9,7.1,2.20,2.60,3.00,3.50,4.00,4.30,4.80,5.10,5.30,5.10,5.40,5.70,5.10,5.20,5.50,5.70,5.80,5.90,6.10,6.30
KG12,Phileo Damansara,6,5.9,5.7,5.5,5.3,5,4.8,4.6,4.3,4.2,3.9,3.6,3.2,3.1,3.7,4,4.4,4.4,4.6,5.3,5.3,5.4,5.7,6,5.8,5.9,6.2,6,6,6.2,6.5,5.9,5.9,6,6.2,6.4,6.3,4.7,4.5,4.4,4.2,3.9,3.4,3.7,3.7,3.4,3.1,2.9,3.2,3.4,3.6,3.8,4.1,4.1,4.3,3.7,3.4,3.1,2.9,3.2,3.4,3.6,3.8,4.1,4.1,4.3,4,4.5,4.8,4.9,5.2,5.7,5.9,5.7,5.9,6.1,5.7,6.1,6.2,5.6,5.7,5.8,6,6.3,5,4.7,3.7,3.1,3.4,3.7,4.1,4.6,5.1,4.7,4.1,10.9,10.3,9.6,8.9,8.2,7.3,6.5,3.7,3.4,3.1,2.7,2.1,1.8,1.3,0.8,1.7,2.3,2.7,3.1,2.9,3.2,3.5,3.7,3.4,3.8,3.9,4.2,3.8,4.1,4.4,3.7,3.8,3.9,4.3,4.4,4.6,3.7,4.5,4.9,5.1,5.6,6,5.9,6.1,6.2,6,5.7,5.4,5.2,4.9,4.5,4.1,4.3,4.5,4.1,4,3.8,3.5,3.7,5.1,5.5,5.2,6,6.1,6.3,6.5,6.6,6.8,6.3,6.5,6.6,6.8,2.60,3.00,3.40,3.90,4.40,4.70,5.20,5.50,5.70,5.50,5.80,6.10,5.50,5.60,5.90,6.10,6.20,6.30,6.50,6.70
KG13,Pusat Bandar Damansara,5.4,5.1,5.2,4.9,4.8,4.5,4.4,4.1,3.8,3.6,3.4,3,2.6,2.3,2.8,3.1,3.6,3.6,3.8,4.5,4.7,4.6,4.9,5.2,5,5.1,5.4,5.7,5.2,5.4,5.7,5.6,5.1,5.2,5.4,5.6,5.8,4.6,4.4,4.3,4.1,3.8,3.3,3.6,3.3,3,2.7,2.5,2.6,2.8,3,3.2,3.6,3.8,3.9,3.3,3,2.7,2.5,2.6,2.8,3,3.2,3.6,3.8,3.9,3.8,4.2,4.6,4.6,4.9,5.4,5.3,5.4,5.6,5.8,5.4,5.8,5.4,5.3,5.4,5.5,5.7,5.8,4.7,4.4,3.4,2.7,3.1,3.4,3.8,4.3,4.8,4.3,3.6,10.1,9.5,8.8,8.1,7.4,6.5,5.7,3.7,3.5,3.4,3,2.9,2.5,2,1.7,0.8,1.6,2,2.3,2.5,2.8,3.2,3.1,3.3,3.7,3.9,3.7,4,3.7,3.9,4.2,4.3,3.6,4,4.1,4.2,3.7,4.5,4.9,5.1,5.6,6,5.9,5.9,5.9,5.7,5.4,5.1,4.9,4.6,4.2,3.6,4,4.3,3.9,3.8,3.6,3.2,3.3,4.8,5.2,4.9,5.7,5.9,6.1,6.2,6.3,6.5,6.1,6.2,6.4,6.5,3.30,3.70,4.10,4.60,5.10,5.40,5.90,6.20,6.40,6.20,6.50,6.80,6.20,6.30,6.60,6.80,6.90,7.00,7.20,7.40
KG14,Semantan,4.8,4.5,4.6,4.3,4.2,3.9,3.8,3.5,3.1,2.9,2.7,2.4,2,1.7,2.2,2.5,2.9,2.9,3.1,3.9,4.1,4,4.3,4.6,4.4,4.5,4.8,5.1,4.6,4.8,5.1,5,4.5,4.6,4.8,5,5.2,4.1,4.1,4.1,3.9,3.6,3,2.9,2.7,2.4,2.1,1.9,2,2.2,2.4,2.6,2.9,3.1,3.2,2.7,2.4,2.1,1.9,2,2.2,2.4,2.6,2.9,3.1,3.2,3.1,3.6,4,4,4.3,4.8,4.7,4.8,5,5.2,4.8,5.2,4.8,4.7,4.8,4.9,5.1,5.2,4.1,3.8,2.8,2.1,2.5,2.8,3.2,3.7,4.2,3.7,2.9,9.5,8.9,8.2,7.5,6.8,5.9,5.1,4.2,4,3.5,3.6,3.2,2.9,2.7,2.3,1.6,0.8,1.3,1.7,1.9,2,2.4,2.8,3,3.1,3.3,3.7,3.5,3.9,4.2,3.8,3.9,4.1,3.7,3.8,3.9,4.2,5,5.4,5.5,5.8,5.5,5.4,5.1,5.3,5.1,4.8,4.5,4.3,4,3.5,2.9,3.3,3.5,3,2.9,2.7,2.4,2.7,4.2,4.6,4.3,5.1,5.1,5.3,5.6,5.6,5.9,5.3,5.5,5.6,5.8,3.70,4.10,4.50,5.00,5.50,5.60,6.30,6.60,6.80,6.60,6.90,7.20,6.60,6.70,7.00,7.20,7.30,7.40,7.60,7.80
KG15,Muzium Negara,4.3,4,4.1,3.8,3.7,3.4,3.2,2.9,2.6,2.4,2.2,1.9,1.5,1.2,1.7,2,2.4,2.4,2.6,3.4,3.6,3.5,3.8,4.1,3.9,4,4.3,4.6,4.1,4.3,4.6,4.5,4,4.1,4.3,4.5,4.7,3.6,3.6,3.6,3.3,3,2.6,2.4,2.2,1.9,1.6,1.4,1.5,1.7,1.9,2.1,2.4,2.6,2.7,2.2,1.9,1.6,1.4,1.5,1.7,1.9,2.1,2.4,2.6,2.7,2.6,3,3.5,3.5,3.8,4.3,4.2,4.3,4.5,4.7,4.3,4.7,4.3,4.2,4.3,4.4,4.6,4.7,3.6,3.3,2.3,1.6,2,2.3,2.7,3.2,3.7,3.2,2.4,9,8.4,7.7,7,6.3,5.4,4.6,3.8,4.3,3.8,3.5,3.6,3.2,3.1,2.7,2,1.3,0.8,1.2,1.4,1.7,2,2.3,2.6,3.1,3,3.3,3.7,3.6,3.9,4.2,3.7,3.9,3.5,3.6,3.8,3.8,4.6,5,5.1,5.3,5,5,4.7,4.8,4.6,4.3,4,3.8,3.4,3,2.4,2.8,3,2.6,2.5,2.3,2,2.2,3.7,4.1,3.8,4.6,4.7,4.9,5.1,5.2,5.4,4.9,5.1,5.2,5.4,4.00,4.40,4.80,5.30,5.50,5.10,6.20,6.40,7.10,6.90,7.20,7.50,6.90,7.00,7.30,7.50,7.60,7.70,7.90,8.10
KG16,Pasar Seni,3.9,3.6,3.7,3.4,3.2,2.9,2.8,2.5,2.2,2,1.8,1.5,1.1,0.8,1.3,1.6,2,2,2.2,2.9,3.1,3.1,3.4,3.7,3.5,3.6,3.9,4.2,3.7,3.9,4.2,4.1,3.6,3.7,3.9,4.1,4.3,3.2,3.2,3.1,2.9,2.6,2.2,2,1.8,1.5,1.2,1,1.1,1.3,1.5,1.7,2,2.2,2.3,1.8,1.5,1.2,1,1.1,1.3,1.5,1.7,2,2.2,2.3,2.2,2.6,3,3.1,3.4,3.9,3.8,3.9,4.1,4.3,3.9,4.3,3.9,3.8,3.9,4,4.2,4.3,3.2,2.9,1.9,1.2,1.6,1.9,2.3,2.8,3.3,2.8,2,8.6,8,7.3,6.6,5.9,5,4.2,4,3.8,4,3.7,3.8,3.5,3.1,3.1,2.3,1.7,1.2,0.8,1,1.4,1.8,2,2.2,2.7,3,3.1,3.4,3.9,3.7,4,4.1,3.7,4.2,4.3,3.6,4,4.6,5.1,4.9,4.9,4.6,4.4,4.5,4.2,4,3.7,3.3,3.1,2.8,2.4,2,2.2,2.6,2.4,2.3,2.1,1.8,1.8,3.2,3.7,3.4,4.2,4.5,4.7,4.7,4.8,5,4.7,4.7,4.9,5,4.30,4.70,5.10,5.60,5.10,4.70,5.80,6.00,7.00,7.20,7.50,7.70,7.20,7.30,7.60,7.80,7.40,7.60,7.70,8.00
KG17,Merdeka,4,3.8,3.7,3.5,3.2,2.9,2.7,2.5,2.2,2.1,1.8,1.5,1.1,1,1.5,1.8,2.2,2.2,2.4,3.1,3.3,3.3,3.6,3.9,3.7,3.8,4.1,4,3.9,4.1,4.4,3.9,3.8,3.9,4.1,4.3,4.3,3,3,2.9,2.7,2.4,2,1.8,1.6,1.3,1,0.8,1.1,1.3,1.5,1.7,2,2,2.2,1.6,1.3,1,0.8,1.1,1.3,1.5,1.7,2,2,2.2,2,2.4,2.8,2.9,3.2,3.7,3.9,3.7,3.9,4.1,3.7,4.1,4.1,3.6,3.7,3.8,4,4.3,3,2.7,1.7,1,1.4,1.7,2.1,2.6,3.1,2.7,2,8.8,8.2,7.5,6.8,6.1,5.2,4.4,4.1,3.9,4.1,3.8,3.5,3.6,3.2,2.9,2.5,1.9,1.4,1,0.8,1.2,1.6,2,2,2.5,2.8,2.9,3.3,3.8,3.6,3.8,4,4.3,4.1,4.2,3.6,4.1,4.4,4.9,4.7,4.7,4.4,4.4,4.3,4.2,4,3.7,3.3,3.1,2.8,2.4,2,2.2,2.6,2.2,2.1,1.9,1.6,1.6,3,3.5,3.2,4,4.3,4.5,4.5,4.6,4.8,4.5,4.5,4.7,4.8,4.40,4.80,5.20,5.70,5.30,4.90,6.00,6.20,7.20,7.30,7.60,7.90,7.30,7.40,7.70,7.90,7.60,7.80,7.90,8.20
KG18A,Bukit Bintang,4.4,4.2,4.1,3.9,3.7,3.3,3.1,2.9,2.6,2.5,2.2,1.9,1.5,1.4,1.9,2.2,2.6,2.6,2.8,3.6,3.7,3.7,4,4.3,4.1,4.2,4.5,4.4,4.3,4.5,4.8,4.3,4.2,4.3,4.5,4.7,4.7,3.2,3,2.9,2.7,2.4,1.9,2,1.7,1.7,1.4,1.2,1.5,1.7,1.9,2.1,2.4,2.4,2.6,1.7,1.7,1.4,1.2,1.5,1.7,1.9,2.1,2.4,2.4,2.6,2.3,2.7,3,3.3,3.6,4,4.2,4.1,4.3,4.5,4.1,4.5,4.5,4,4.1,4.2,4.4,4.7,3.4,3.1,2.1,1.4,1.8,2.1,2.5,3,3.5,3.1,2.4,9.2,8.6,7.9,7.2,6.5,5.6,4.8,4.1,4.1,3.6,4,3.7,3.9,3.5,3.2,2.8,2,1.7,1.4,1.2,0.8,1.2,1.6,1.9,2.2,2.5,3,3,3.5,3.8,3.6,3.8,4.1,3.9,4.1,4.3,4.1,4.7,4.5,4.3,4.7,4.4,4.2,3.9,4.2,4,3.7,3.5,3.5,3.2,2.8,2.4,2.4,2.2,1.8,1.7,1.5,1.2,1.7,3.1,3.6,3.6,4.1,3.9,4.1,4.4,4.4,4.7,4.1,4.3,4.4,4.6,4.70,5.10,5.50,6.00,5.70,5.30,6.40,6.60,7.60,7.60,7.90,8.20,7.60,7.70,8.00,8.20,8.00,8.20,8.30,8.60
KG20,Tun Razak Exchange,4.8,4.6,4.5,4.3,4.1,3.8,3.6,3.3,3,2.9,2.6,2.3,1.9,1.8,2.3,2.6,3,3,3.2,4,4.1,4.1,4.4,4.7,4.5,4.6,4.9,4.8,4.7,4.9,5.2,4.7,4.6,4.7,4.9,5,4.5,2.8,2.6,2.5,2.3,2,1.5,1.6,1.3,1.6,1.8,1.6,1.9,2.1,2.3,2.5,2.2,2.4,2.7,1.3,1.6,1.8,1.6,1.9,2.1,2.3,2.5,2.2,2.4,2.7,1.9,2.3,2.6,3.1,3.2,3.6,3.8,4.2,4.1,4.1,4.4,4.2,4.5,4.4,4.5,4.1,4.2,4.5,3.8,3.5,2.5,1.8,2.2,2.5,2.9,3.4,3.6,3,2.2,9.6,9,8.3,7.6,6.9,6,5.2,3.6,4.1,3.9,4.3,3.9,3.7,3.8,3.5,3.2,2.4,2,1.8,1.6,1.2,0.8,1.2,1.5,2,2.1,2.6,3,3.2,3.5,3.9,3.5,3.8,3.7,3.9,4.1,3.6,4.3,4.1,3.9,4.3,4,3.8,3.5,3.8,3.6,3.3,3.1,3.1,2.9,2.6,2.2,2,1.8,1.4,1.3,1.1,0.8,1.3,2.7,3.1,3.2,3.7,3.5,3.7,4,4,4.3,3.7,3.9,4,4.2,4.50,4.90,5.30,5.80,6.10,5.70,6.80,7.00,7.60,7.40,7.70,8.00,7.40,7.50,7.80,8.00,8.10,8.20,8.40,8.60
KG21,Cochrane,5.1,4.8,4.9,4.6,4.5,4.2,4,3.8,3.5,3.3,3,2.7,2.3,2,2.5,2.8,3.2,3.3,3.5,4.2,4.4,4.3,4.6,4.9,4.7,4.8,5.1,5.2,4.9,5.1,5.4,5.1,4.8,4.9,5.1,4.9,4.4,2.4,2.2,2.1,1.9,1.6,1.1,1.4,1.7,2,2.2,2,2.3,2.5,2.7,2.9,2.6,2.8,3.1,1.7,2,2.2,2,2.3,2.5,2.7,2.9,2.6,2.8,3.1,1.7,2.2,2.5,3,3.4,3.5,3.7,4.1,3.7,4,4.2,4,4.3,4.5,4.6,3.9,4.1,4.4,4.2,3.9,2.9,2.2,2.6,2.9,3.3,3.8,4,3.4,2.6,9.8,9.2,8.5,7.8,7.1,6.2,5.4,3.7,3.6,4,3.8,4.2,3.9,3.5,3.7,3.1,2.8,2.3,2,2,1.6,1.2,0.8,1.1,1.6,1.9,2.3,2.7,2.9,3.3,3.6,3.8,3.6,4.2,3.7,3.9,3.7,4.5,4.5,4.3,4.7,4.4,4.2,3.9,4.2,4,3.7,3.5,3.6,3.4,3,2.6,2.4,2.2,1.8,1.7,1.5,1.2,1.7,3.1,3.6,3.4,4.1,3.9,4.1,4.4,4.4,4.7,4.1,4.3,4.4,4.6,4.70,5.10,5.50,6.00,6.30,5.90,7.00,7.20,7.80,7.60,7.90,8.20,7.60,7.70,8.00,8.20,8.30,8.40,8.60,8.80
KG22,Maluri,5.1,5,4.8,4.6,4.4,4.1,3.9,3.7,3.4,3.2,2.9,2.6,2.2,2.2,2.7,3,3.5,3.5,3.7,4.4,4.4,4.5,4.8,5.1,4.9,5,5.3,5.1,5.1,5.3,5.6,5,5,5.1,5.1,4.6,4.1,2.1,1.9,1.8,1.6,1.3,0.8,1.1,1.4,1.7,2,2,2.2,2.4,2.6,2.8,2.9,3.1,3,1.4,1.7,2,2,2.2,2.4,2.6,2.8,2.9,3.1,3,1.4,1.9,2.2,2.7,3,3.2,3.4,3.8,3.4,3.7,3.9,3.7,4,4.2,4.3,3.6,3.8,4.1,4,3.7,2.7,2,2.4,2.7,3.1,3.6,4.1,3.7,2.9,10,9.4,8.7,8,7.3,6.4,5.6,3.8,3.7,4.2,3.9,3.7,4,3.7,3.4,3.3,3,2.6,2.2,2,1.9,1.5,1.1,0.8,1.3,1.6,2,2.4,3,3,3.4,3.6,3.4,4,4.2,3.7,3.8,4.2,4.8,4.6,4.5,4.2,4.5,4.2,4.2,4,4,3.8,3.8,3.6,3.3,2.9,2.7,2.5,2.1,2,1.8,1.5,1.4,2.8,3.2,3,3.9,4.2,4.4,4.3,4.4,4.6,4.4,4.3,4.5,4.6,4.80,5.20,5.60,6.10,6.50,6.10,7.20,7.40,7.90,7.70,8.00,8.30,7.70,7.80,8.10,8.30,8.40,8.50,8.70,8.90
KG23,Taman Pertama,5.6,5.5,5.3,5.1,4.9,4.6,4.4,4.2,3.9,3.8,3.5,3.1,2.7,2.7,3.2,3.6,4,4,4.2,4.9,4.9,5,5.3,5.6,5.4,5.5,5.8,5.6,5.6,5.8,6.1,5.5,5.5,5.6,5.6,5.1,4.6,2.6,2.4,2.3,2.1,1.8,1.3,1.6,1.9,2.2,2.5,2.5,2.7,2.9,3.1,3.4,3.5,3.7,3.5,1.9,2.2,2.5,2.5,2.7,2.9,3.1,3.4,3.5,3.7,3.5,1.9,2.4,2.7,3.2,3.6,3.7,3.9,4.3,3.9,4.2,4.4,4.2,4.5,4.7,4.8,4.1,4.3,4.6,4.5,4.2,3.2,2.5,2.9,3.2,3.6,4.1,4.6,4.2,3.5,10.5,9.9,9.2,8.5,7.8,6.9,6.1,4,3.9,3.6,4.2,3.9,3.7,4,3.8,3.7,3.1,3.1,2.7,2.5,2.2,2,1.6,1.3,0.8,1.1,1.6,1.9,2.5,2.9,3,3.2,3.6,3.7,3.9,4.1,4,4.7,5.2,5.1,5,4.7,5,4.7,4.7,4.5,4.5,4.3,4.3,4.1,3.9,3.5,3.2,3,2.6,2.5,2.3,2,1.9,3.4,3.8,3.6,4.4,4.7,4.9,4.8,4.9,5.1,4.9,4.8,5,5.1,4.50,4.90,5.30,5.80,6.30,6.60,7.10,7.40,7.60,7.40,7.70,8.00,7.40,7.50,7.80,8.00,8.10,8.20,8.40,8.60
KG24,Taman Midah,5.9,5.8,5.6,5.4,5.2,4.9,4.7,4.5,4.2,4.1,3.8,3.5,3,3,3.6,3.9,4.3,4.3,4.5,5.2,5.2,5.3,5.6,5.9,5.7,5.8,6.1,5.9,5.9,6.1,6.4,5.8,5.8,5.9,5.9,5.4,4.9,2.9,2.7,2.6,2.4,2.1,1.6,1.9,2.2,2.5,2.8,2.8,3,3.2,3.5,3.7,3.6,3.8,3.8,2.2,2.5,2.8,2.8,3,3.2,3.5,3.7,3.6,3.8,3.8,2.2,2.7,3,3.6,3.9,4,4.2,4.6,4.2,4.5,4.7,4.5,4.8,5,5.1,4.4,4.6,4.9,4.8,4.5,3.5,2.8,3.2,3.5,3.9,4.4,4.9,4.3,3.6,10.8,10.2,9.5,8.8,8.1,7.2,6.4,4.1,4,3.7,4.3,4.1,3.8,4.2,3.9,3.9,3.3,3,3,2.8,2.5,2.1,1.9,1.6,1.1,0.8,1.3,1.8,2.3,2.7,3.1,3,3.3,3.5,3.7,4,4.1,4.9,5.3,5.2,5.3,5,5.1,4.8,5,4.8,4.6,4.4,4.5,4.3,4,3.6,3.4,3.1,2.7,2.6,2.4,2.1,2.2,3.7,4.1,3.9,4.7,4.8,5,5.1,5.2,5.4,5,5.1,5.3,5.4,4.60,5.00,5.40,5.90,6.40,6.70,7.20,7.50,7.70,7.50,7.80,8.10,7.50,7.60,7.90,8.10,8.20,8.30,8.50,8.70
KG25,Taman Mutiara,6,5.8,5.7,5.5,5.3,5,4.8,4.6,4.3,4.2,3.9,3.6,3.2,3.1,3.6,3.9,4.3,4.3,4.5,5.2,5.3,5.3,5.6,5.9,5.7,5.8,6.1,6,5.9,6.1,6.4,5.9,5.8,5.9,6.1,5.8,5.3,3.4,3.1,3,2.8,2.5,2,2.3,2.6,2.9,3.1,2.9,3.2,3.4,3.6,3.8,4.1,4.1,4.2,2.6,2.9,3.1,2.9,3.2,3.4,3.6,3.8,4.1,4.1,4.2,2.6,3.1,3.5,4,4.3,4.4,4.6,5,4.6,4.9,5.1,4.9,5.2,5.4,5.5,4.8,5,5.3,5,4.7,3.7,3.1,3.4,3.7,4.1,4.6,5.1,4.7,4.1,10.8,10.2,9.5,8.8,8.1,7.2,6.4,4.3,4.2,3.8,3.7,4.3,4.1,3.8,4.2,3.7,3.7,3.3,3.1,2.9,3,2.6,2.3,2,1.6,1.3,0.8,1.3,2,2.2,2.6,2.9,3,3.7,3.9,3.6,4.3,5.1,5.5,5.7,5.7,5.4,5.6,5.3,5.4,5.2,5.1,4.9,5,4.8,4.5,4.1,3.9,3.7,3.2,3.1,2.9,2.6,2.6,4.1,4.5,4.3,5.1,5.3,5.5,5.5,5.6,5.8,5.5,5.5,5.7,5.8,4.90,5.30,5.70,6.20,6.70,6.90,7.50,7.80,8.00,7.80,8.10,8.40,7.80,7.90,8.20,8.40,8.50,8.60,8.80,9.00
KG26,Taman Connaught,6.4,6.1,6.1,5.9,5.7,5.4,5.2,5,4.7,4.6,4.3,4,3.6,3.4,3.9,4.2,4.6,4.6,4.8,5.5,5.7,5.6,5.9,6.2,6,6.1,6.4,6.4,6.2,6.4,6.7,6.3,6.1,6.2,6.4,6.2,5.7,3.8,3.6,3.5,3.2,2.9,2.4,2.7,3,3.4,3.5,3.3,3.6,3.8,4,4.2,4.5,4.5,4.6,3,3.4,3.5,3.3,3.6,3.8,4,4.2,4.5,4.5,4.6,3,3.6,3.9,4.4,4.7,4.8,5,5.4,5,5.3,5.5,5.3,5.6,5.8,5.9,5.2,5.4,5.7,5.4,5.1,4.1,3.5,3.8,4.1,4.5,5,5.5,5.1,4.5,11.1,10.5,9.8,9.1,8.4,7.5,6.7,4.5,4.3,4,3.8,3.6,4.3,4,3.8,4,3.5,3.7,3.4,3.3,3,3,2.7,2.4,1.9,1.8,1.3,0.8,1.5,1.9,2.2,2.4,2.9,3.4,3.5,3.9,4.5,5.3,5.7,5.9,6.1,5.8,6,5.7,5.8,5.6,5.5,5.3,5.4,5.2,4.9,4.5,4.3,4.1,3.7,3.6,3.4,3,3,4.5,4.9,4.7,5.5,5.7,5.9,5.9,6,6.2,5.9,5.9,6.1,6.2,5.10,5.50,5.90,6.40,6.90,7.20,7.70,8.00,8.20,8.00,8.30,8.60,8.00,8.10,8.40,8.60,8.70,8.80,9.00,9.20
KG27,Taman Suntex,6.9,6.6,6.6,6.4,6.2,5.9,5.7,5.5,5.2,5.1,4.8,4.5,4.1,3.9,4.4,4.7,5.1,5.1,5.3,6,6.2,6.1,6.4,6.7,6.5,6.6,6.9,6.9,6.7,6.9,7.2,6.8,6.6,6.7,6.9,6.8,6.3,4.4,4.2,4.1,3.9,3.6,3,3.4,3.7,4,4,3.8,4.1,4.3,4.5,4.7,4.6,4.8,5.1,3.7,4,4,3.8,4.1,4.3,4.5,4.7,4.6,4.8,5.1,3.7,4.2,4.5,5,5.3,5.4,5.6,6,5.6,5.9,6.1,5.9,6.2,6.4,6.5,5.8,6,6.3,5.9,5.6,4.6,4,4.3,4.6,5,5.5,5.9,5.3,4.6,11.6,11,10.3,9.6,8.9,8,7.2,4.7,4.6,4.3,4.1,3.9,3.7,4.4,4.1,3.7,3.9,3.6,3.9,3.8,3.5,3.2,2.9,3,2.5,2.3,2,1.5,0.8,1.3,1.7,2,2.3,2.9,3,3.4,4.7,5.5,5.9,6.1,6.6,6.3,6.1,5.8,6.1,5.9,5.6,5.4,5.5,5.3,5,4.6,4.4,4.2,3.8,3.7,3.5,3.2,3.7,5.1,5.5,5.3,6,5.8,6,6.3,6.3,6.6,6,6.2,6.3,6.5,4.50,4.90,5.30,5.80,6.30,6.60,7.10,7.40,7.60,7.40,7.70,8.00,7.40,7.50,7.80,8.00,8.10,8.20,8.40,8.60
KG28,Seri Raya,6.7,6.4,6.4,6.2,6,5.7,5.5,5.3,5,4.9,4.6,4.3,3.9,3.7,4.2,4.5,4.9,4.9,5.1,5.8,6,5.9,6.2,6.5,6.3,6.4,6.7,6.7,6.5,6.7,7,6.6,6.4,6.5,6.7,6.7,6.2,4.3,4.1,4,3.8,3.5,3,3.3,3.6,3.9,3.8,3.6,3.9,4.1,4.3,4.5,4.8,4.8,5,3.6,3.9,3.8,3.6,3.9,4.1,4.3,4.5,4.8,4.8,5,3.6,4.1,4.4,4.9,5.2,5.3,5.5,5.9,5.5,5.8,6,5.8,6.1,6.3,6.4,5.7,5.9,6.2,5.7,5.4,4.4,3.8,4.1,4.4,4.8,5.3,5.8,5.4,4.8,11.4,10.8,10.1,9.4,8.7,7.8,7,4.9,4.7,4.4,4.2,4,3.9,3.7,4.4,3.9,4.2,3.9,3.7,3.6,3.8,3.5,3.3,3,2.9,2.7,2.2,1.9,1.3,0.8,1.3,1.5,1.9,2.8,3,3,4.9,5.7,6.1,6.3,6.6,6.3,6.4,6.1,6.3,6.1,5.9,5.7,5.8,5.6,5.2,4.8,4.7,4.5,4.1,4,3.8,3.5,3.6,5,5.4,5.2,6,6.1,6.3,6.4,6.5,6.7,6.3,6.4,6.6,6.7,4.70,5.10,5.50,6.00,6.50,6.80,7.30,7.60,7.80,7.60,7.90,8.20,7.60,7.70,8.00,8.20,8.30,8.40,8.60,8.80
KG29,Bandar Tun Hussein Onn,6.9,6.7,6.6,6.4,6.2,5.9,5.7,5.5,5.2,5.1,4.8,4.5,4.1,4,4.5,4.8,5.2,5.2,5.4,6.1,6.2,6.2,6.5,6.8,6.6,6.7,7,6.9,6.8,7,7.3,6.8,6.7,6.8,7,7.1,6.6,4.7,4.5,4.4,4.2,3.9,3.4,3.7,4,4.3,4,3.8,4.1,4.3,4.5,4.7,5,5,5.2,4,4.3,4,3.8,4.1,4.3,4.5,4.7,5,5,5.2,4,4.5,4.8,5.3,5.6,5.7,5.9,6.3,5.9,6.2,6.4,6.2,6.5,6.5,6.6,6.1,6.3,6.6,5.9,5.6,4.6,4,4.3,4.6,5,5.5,6,5.6,5,11.7,11.1,10.4,9.7,9,8.1,7.3,5,4.9,4.6,4.4,4.2,4,3.8,3.7,4.2,3.8,4.2,4,3.8,3.6,3.9,3.6,3.4,3,3.1,2.6,2.2,1.7,1.3,0.8,1.1,1.6,2.4,2.6,3,5,5.8,6.2,6.4,6.9,6.7,6.8,6.5,6.7,6.5,6.3,6.1,6.1,5.8,5.4,5,5.1,4.9,4.5,4.4,4.2,3.9,4,5.4,5.8,5.6,6.4,6.5,6.7,6.8,6.9,7.1,6.7,6.8,7,7.1,4.80,5.20,5.60,6.10,6.60,6.90,7.40,7.70,7.90,7.70,8.00,8.30,7.70,7.80,8.10,8.30,8.40,8.50,8.70,8.90
KG30,Batu Sebelas Cheras,7.1,6.8,6.8,6.6,6.4,6.1,5.9,5.7,5.4,5.3,5,4.7,4.3,4.1,4.6,4.9,5.3,5.3,5.5,6.2,6.4,6.3,6.6,6.9,6.7,6.8,7.1,7.1,6.9,7.1,7.4,7,6.8,6.9,7.1,7.3,6.8,4.9,4.7,4.6,4.4,4.1,3.6,3.9,4,4.3,4.2,4,4.3,4.5,4.7,4.9,4.9,5.1,5.4,4,4.3,4.2,4,4.3,4.5,4.7,4.9,4.9,5.1,5.4,4.2,4.7,5,5.5,5.8,5.9,6.1,6.5,6.1,6.4,6.6,6.4,6.7,6.7,6.8,6.3,6.5,6.8,6.1,5.8,4.8,4.2,4.5,4.8,5.2,5.7,6.2,5.6,4.9,11.8,11.2,10.5,9.8,9.1,8.2,7.4,5.1,5,4.7,4.5,4.3,4.1,3.9,3.8,4.3,3.9,3.7,4.1,4,3.8,3.5,3.8,3.6,3.2,3,2.9,2.4,2,1.5,1.1,0.8,1.3,2.2,2.4,2.8,5.1,5.9,6.3,6.5,6.9,6.6,6.4,6.1,6.4,6.2,5.9,5.7,5.8,5.6,5.3,4.9,4.7,4.5,4.1,4,3.8,3.5,4,5.4,5.8,5.8,6.3,6.1,6.3,6.6,6.6,6.9,6.3,6.5,6.6,6.8,4.90,5.30,5.70,6.20,6.70,7.00,7.50,7.80,8.00,7.80,8.10,8.40,7.80,7.90,8.20,8.40,8.50,8.60,8.80,9.00
KG31,Bukit Dukung,6.7,6.4,6.5,6.2,6.1,5.8,5.7,5.4,5.1,4.9,4.7,4.4,4,3.7,4.2,4.5,4.9,4.9,5.1,5.8,6,5.9,6.2,6.5,6.3,6.4,6.7,7,6.5,6.7,7,7.1,6.4,6.5,6.7,6.9,6.6,4.7,4.5,4.4,4.2,3.9,3.4,3.7,4,4.3,4.5,4.3,4,4.2,4.4,4.6,4.9,5.1,5.2,4,4.3,4.5,4.3,4,4.2,4.4,4.6,4.9,5.1,5.2,4,4.5,4.8,5.3,5.6,5.7,5.9,6.3,5.9,6.2,6.4,6.2,6.5,6.7,6.8,6.1,6.3,6.6,6.4,6.1,5.1,4.5,4.8,5.1,5.5,6,6.2,5.6,4.9,11.4,10.8,10.1,9.4,8.7,7.8,7,5.3,5.2,4.9,4.7,4.5,4.3,4.1,3.9,3.6,4.1,3.9,3.7,4.3,4.1,3.8,3.6,3.4,3.6,3.3,3,2.9,2.3,1.9,1.6,1.3,0.8,1.8,1.9,2.3,5.3,6.1,6.5,6.7,7,6.7,6.7,6.4,6.7,6.5,6.2,6,6.1,5.9,5.6,4.9,5,4.8,4.4,4.3,4.1,3.8,4,5.4,5.8,5.6,6.4,6.4,6.6,6.8,6.9,7.1,6.6,6.8,6.9,7.1,5.10,5.50,5.90,6.40,6.90,7.20,7.70,8.00,8.20,8.00,8.30,8.60,8.00,8.10,8.40,8.60,8.70,8.80,9.00,9.20
KG33,Sungai Jernih,7.2,6.9,6.9,6.7,6.5,6.2,6,5.8,5.5,5.4,5.1,4.8,4.4,4.2,4.7,5,5.4,5.4,5.6,6.3,6.5,6.4,6.7,7,6.8,6.9,7.2,7.2,7,7.2,7.5,7.1,6.9,7,7.2,7.4,7.2,5.3,5.1,5,4.8,4.5,4,4.3,4.2,4.5,4.3,4.1,4.4,4.6,4.8,5,5.1,5.3,5.5,4.2,4.5,4.3,4.1,4.4,4.6,4.8,5,5.1,5.3,5.5,4.6,5.1,5.4,5.9,6,6.3,6.5,6.9,6.5,6.8,6.9,6.8,7.1,6.8,6.9,6.7,6.9,7.2,6.2,5.9,4.9,4.3,4.6,4.9,5.3,5.8,6.3,5.8,5.1,11.9,11.3,10.6,9.9,9.2,8.3,7.5,5.7,5.6,5.2,5.1,4.8,4.7,4.5,4.3,4,3.7,3.5,4.2,4.1,3.9,3.7,4.2,4,3.7,3.5,3.7,3.4,2.9,2.8,2.4,2.2,1.8,0.8,1.1,1.5,5.7,6.5,6.9,6.7,7.1,6.8,6.6,6.3,6.6,6.4,6.1,5.9,6,5.8,5.5,5.1,4.9,4.7,4.3,4.2,4,3.7,4.2,5.6,6,6,6.5,6.3,6.5,6.8,6.8,7.1,6.5,6.7,6.8,7,5.50,5.90,6.30,6.80,7.30,7.60,8.10,8.40,8.60,8.40,8.70,9.00,8.40,8.50,8.80,9.00,9.10,9.20,9.40,9.60
KG34,Stadium Kajang,7.3,7,7,6.8,6.6,6.3,6.1,5.9,5.6,5.5,5.2,4.9,4.5,4.3,4.8,5.1,5.5,5.5,5.7,6.4,6.6,6.5,6.8,7.1,6.9,7,7.3,7.3,7.1,7.3,7.6,7.2,7,7.1,7.3,7.5,7.4,5.5,5.3,5.2,5,4.7,4.2,4.5,4.4,4.7,4.4,4.2,4.5,4.7,4.9,5.1,5.3,5.4,5.6,4.4,4.7,4.4,4.2,4.5,4.7,4.9,5.1,5.3,5.4,5.6,4.8,5.3,5.6,6.1,6.2,6.5,6.7,7,6.7,7,7,7,7.3,6.9,7,6.9,7.1,7.4,6.3,6,5,4.4,4.7,5,5.4,5.9,6.4,6,5.3,12,11.4,10.7,10,9.3,8.4,7.6,5.8,5.6,5.3,5.2,4.9,4.8,4.6,4.4,4.1,3.8,3.6,4.3,4.2,4.1,3.9,3.7,4.2,3.9,3.7,3.9,3.5,3,3,2.6,2.4,1.9,1.1,0.8,1.2,5.8,6.6,7,6.9,7.3,7,6.8,6.5,6.8,6.6,6.3,6.1,6.2,6,5.7,5.3,5.1,4.9,4.5,4.4,4.2,3.9,4.4,5.8,6.2,6.2,6.7,6.5,6.7,7,7,7.3,6.7,6.9,7,7.2,5.60,6.00,6.40,6.90,7.40,7.70,8.20,8.50,8.70,8.50,8.80,9.10,8.50,8.60,8.90,9.10,9.20,9.30,9.50,9.70
KG35,Kajang,6.6,6.3,6.4,6.1,6,5.7,5.5,5.3,5,4.8,4.6,4.3,3.9,3.6,4.1,4.4,4.8,4.8,5,5.7,5.9,5.8,6.1,6.4,6.2,6.3,6.6,6.7,6.4,6.6,6.9,6.6,6.3,6.4,6.6,6.8,6.9,5,4.8,4.7,4.5,4.2,3.7,4,4.3,4.1,3.8,3.6,3.9,4.1,4.3,4.5,4.8,4.8,5,4.3,4.1,3.8,3.6,3.9,4.1,4.3,4.5,4.8,4.8,5,4.3,4.8,5.1,5.6,5.9,6,6.2,6.4,6.2,6.5,6.4,6.5,6.6,6.3,6.4,6.4,6.6,6.9,5.7,5.4,4.4,3.8,4.1,4.4,4.8,5.3,5.8,5.4,4.8,11.3,10.7,10,9.3,8.6,7.7,6.9,5.9,5.8,5.5,5.3,5.1,4.9,4.7,4.6,4.2,3.9,3.8,3.6,3.6,4.3,4.1,3.9,3.7,4.1,4,3.6,3.9,3.4,3,3,2.8,2.3,1.5,1.2,0.8,5.9,6.7,7.1,7.1,7.3,7,7,6.7,6.9,6.7,6.4,6.1,5.9,5.6,5.2,4.8,5,5.1,4.7,4.6,4.4,4.1,4.3,5.7,6.1,5.9,6.7,6.7,6.9,7.1,7.2,7.4,6.9,7.1,7.2,7.4,5.70,6.10,6.50,7.00,7.50,7.40,8.30,8.60,8.80,8.60,8.90,9.20,8.60,8.70,9.00,9.20,9.30,9.40,9.60,9.80
PY01,Kwasa Damansara,7,6.7,6.8,6.5,6.4,6.1,6,5.7,5.4,5.2,5,4.7,4.3,4,4.5,4.8,5.2,5.2,5.4,6.1,6.3,6.2,6.5,6.8,6.6,6.7,7,7.2,6.8,7,7.3,7.1,6.7,6.8,7,7.2,7,5.1,4.9,4.8,4.6,4.3,3.8,4.1,3.9,4.2,4.3,4.1,4.3,4.5,4.4,4.2,3.9,4.1,4.4,3.9,4.2,4.3,4.1,4.3,4.5,4.4,4.2,3.9,4.1,4.4,4.4,4.9,5.2,5.3,4.9,5.5,5.8,6.2,6.3,6.6,6.8,6.6,6.9,6.8,6.9,6.5,6.7,7,6.2,5.9,4.9,4.3,4.6,4.9,5.3,5.5,5.2,4.6,3.9,11.7,11.1,10.4,9.7,9,8.1,7.3,0.8,1.2,1.9,2.3,2.8,2.9,3.3,3.7,3.7,4.2,3.8,4,4.1,4.1,3.6,3.7,3.8,4,4.1,4.3,4.5,4.7,4.9,5,5.1,5.3,5.7,5.8,5.9,0.8,1.6,2,2.2,2.7,3.1,3.1,3.5,3.7,3.9,3.6,3.8,4,4.1,3.7,3.9,4,4.2,4.2,3.5,3.6,3.6,3.9,4.5,4.6,4.9,5.1,5.3,5.4,5.6,6.1,6.2,6.4,6.6,6.7,6.9,3.70,4.10,4.50,5.00,5.50,5.80,6.30,6.60,6.80,6.60,6.90,7.20,6.60,6.70,7.00,7.20,7.30,7.40,7.60,7.80
PY03,Kampung Selamat,7.5,7.5,7.2,7,6.8,6.5,6.3,6.1,5.8,5.7,5.4,5.1,4.7,4.6,5.3,5.6,6,6,6.2,6.9,6.8,7,7.3,7.6,7.4,7.5,7.8,7.5,7.6,7.8,8.1,7.4,7.5,7.6,7.7,7.2,6.7,5.5,5.1,5,4.8,4.7,4.2,3.9,3.6,3.9,4.2,4.4,4.7,4.7,4.7,4.5,4.2,4.4,4.7,3.6,3.9,4.2,4.4,4.7,4.7,4.7,4.5,4.2,4.4,4.7,4.2,4.6,4.9,5,4.6,5.2,5.5,5.9,6.1,6.3,6.6,6.4,6.7,6.8,6.9,6.3,6.4,6.7,6.1,5.8,4.8,4.2,4.5,4.8,5.2,5.7,5.5,4.9,4.2,12.5,11.9,11.2,10.5,9.8,8.9,8.1,1.6,2,2.7,3.1,3.7,3.7,4.1,4.5,4.5,5,4.6,4.6,4.4,4.7,4.3,4.5,4.2,4.7,4.9,5.1,5.3,5.5,5.7,5.8,5.9,6.1,6.5,6.6,6.7,1.6,0.8,1.2,1.6,2,2.4,2.8,2.9,3.1,3.3,3.5,3.8,3.5,3.7,3.9,4.2,4.3,3.8,4,4,4.1,4.3,3.6,4.2,4.3,4.6,4.8,5,5.1,5.3,5.8,6,6.2,6.4,6.6,6.7,4.50,4.90,5.30,5.80,6.30,6.60,7.10,7.40,7.60,7.40,7.70,8.00,7.40,7.50,7.80,8.00,8.10,8.20,8.40,8.60
PY04,Sungai Buloh,7.6,7.8,7.3,7.1,6.9,6.6,6.4,6.2,5.9,5.8,5.5,5.2,4.8,5.1,5.6,5.9,6.1,6.3,6.5,7.2,6.9,7.3,7.6,7.8,7.6,7.7,8,7.6,7.8,7.9,8.2,7.5,7.6,7.7,7.9,7.9,7.4,6.1,5.8,5.7,5.5,5.3,4.8,4.6,4.3,4.6,4.9,4.9,4.8,4.6,4.4,4.2,3.9,4.1,4.4,4.3,4.6,4.9,4.9,4.8,4.6,4.4,4.2,3.9,4.1,4.4,4.9,5.3,5.4,4.8,4.4,5,5.3,5.7,5.9,6.2,6.6,6.7,6.9,6.9,7.1,7,7.1,7.4,6.8,6.5,5.5,4.9,5.2,5.5,5.9,5.5,5.2,4.6,3.9,12.6,12,11.3,10.6,9.9,9,8.2,2,2.4,3.1,3.6,4.1,4.1,4.5,4.9,4.9,5.4,5,5.1,4.9,4.5,4.1,4.5,4.8,5.2,5.3,5.5,5.7,5.9,6.1,6.2,6.3,6.5,6.9,7,7.1,2,1.2,0.8,1.2,1.8,2.1,2.4,2.9,3.1,3,3.2,3.5,3.8,3.9,3.7,3.9,4,4.3,3.8,3.9,4,4.1,4.3,4,4.2,4.4,4.7,4.9,4.9,5.1,5.6,5.8,6.1,6.3,6.4,6.5,4.90,5.30,5.70,6.20,6.70,7.00,7.50,7.80,8.00,7.80,8.10,8.40,7.80,7.90,8.20,8.40,8.50,8.60,8.80,9.00
PY05,Damansara Damai,7.4,7.6,7.1,6.9,6.7,6.4,6.2,6,5.7,5.6,5.3,5,4.6,4.9,5.4,5.7,5.9,6.1,6.3,7,6.7,7.1,7.4,7.6,7.4,7.5,7.8,7.4,7.6,7.7,8,7.3,7.4,7.5,7.7,7.7,7.2,5.9,5.6,5.5,5.3,5.1,4.6,4.4,4.1,4.4,4.7,4.7,4.6,4.4,4.2,4,3.7,3.9,4.2,4.1,4.4,4.7,4.7,4.6,4.4,4.2,4,3.7,3.9,4.2,4.7,5.1,5.3,4.7,4.3,4.9,5.2,5.6,5.8,6.1,6.5,6.5,6.7,6.8,6.9,6.8,6.9,7.2,6.6,6.3,5.3,4.7,5,5.3,5.7,5.3,5,4.4,3.7,12.4,11.8,11.1,10.4,9.7,8.8,8,2.2,2.6,3.4,3.8,4.3,4.3,4.7,5.1,5.1,5.5,5.1,4.9,4.7,4.3,3.9,4.3,4.6,5.1,5.2,5.7,5.9,6.1,6.3,6.4,6.5,6.7,6.7,6.9,7.1,2.2,1.6,1.2,0.8,1.3,1.8,2,2.5,2.7,3,2.9,3.2,3.5,3.6,3.9,3.7,3.8,4,4.2,4.3,3.7,3.9,4.1,3.9,4.1,4.3,4.5,4.7,4.8,5,5.5,5.7,5.9,6.1,6.3,6.4,5.10,5.50,5.90,6.40,6.90,7.20,7.70,8.00,8.20,8.00,8.30,8.60,8.00,8.10,8.40,8.60,8.70,8.80,9.00,9.20
PY06,Sri Damansara Barat,7.5,7.7,7.2,7,6.8,6.5,6.3,6.1,5.8,5.7,5.4,5.1,4.7,4.9,5.5,5.8,6,6.2,6.4,7.1,6.8,7.2,7.5,7.7,7.5,7.6,7.9,7.5,7.7,7.8,8.1,7.4,7.5,7.6,7.8,7.5,7,5.8,5.4,5.3,5.1,5,4.5,4.2,3.9,4.2,4.5,4.7,4.7,4.5,4.3,4.1,3.8,4,4.3,3.9,4.2,4.5,4.7,4.7,4.5,4.3,4.1,3.8,4,4.3,4.5,4.9,5.1,4.5,4.1,4.7,5,5.4,5.6,5.9,6.3,6.5,6.8,6.6,6.8,6.6,6.7,7,6.4,6.1,5.1,4.5,4.8,5.1,5.5,5.4,5.1,4.5,3.8,12.5,11.9,11.2,10.5,9.8,8.9,8.1,2.7,3.1,3.9,4.3,4.8,4.8,5.2,5.6,5.6,5.8,5.3,4.9,4.7,4.7,4.3,4.7,4.5,5,5.3,5.7,6.1,6.6,6.6,6.9,6.9,7,7.1,7.3,7.3,2.7,2,1.8,1.3,0.8,1.3,1.7,2,2.3,2.5,2.8,3.1,3.1,3.2,3.5,3.8,3.5,3.7,3.9,4,4.1,4.3,3.9,3.7,3.9,4.1,4.3,4.5,4.6,4.8,5.3,5.5,5.7,5.9,6.1,6.2,5.60,6.00,6.40,6.90,7.40,7.70,8.20,8.50,8.70,8.50,8.80,9.10,8.50,8.60,8.90,9.10,9.20,9.30,9.50,9.70
PY07,Sri Damansara Sentral,7.2,7.4,6.9,6.7,6.5,6.2,6,5.8,5.5,5.4,5.1,4.8,4.4,4.6,5.2,5.5,5.7,5.9,6.1,6.8,6.5,6.9,7.2,7.4,7.2,7.3,7.6,7.2,7.4,7.5,7.8,7.1,7.2,7.3,7.5,7.2,6.7,5.5,5.1,5,4.8,4.7,4.2,3.9,3.6,3.9,4.2,4.4,4.4,4.2,4,3.8,3.5,3.7,4,3.6,3.9,4.2,4.4,4.4,4.2,4,3.8,3.5,3.7,4,4.2,4.6,4.9,4.3,3.9,4.5,4.8,5.2,5.4,5.7,6.1,6.3,6.5,6.4,6.6,6.3,6.4,6.7,6.1,5.8,4.8,4.2,4.5,4.8,5.2,5.1,4.8,4.2,3.5,12.2,11.6,10.9,10.2,9.5,8.6,7.8,3.1,3.6,4.3,4.7,5.2,5.2,5.6,6,6,5.5,5,4.6,4.4,4.4,4,4.4,4.2,4.7,5,5.4,5.8,6.3,6.3,6.7,6.6,6.7,6.8,7,7,3.1,2.4,2.1,1.8,1.3,0.8,1.2,1.7,2,2.1,2.4,2.7,3.1,2.9,3.2,3.5,3.6,3.9,3.6,3.7,3.9,4,3.6,3.5,3.7,3.9,4.2,4.3,4.4,4.6,5.1,5.3,5.5,5.8,5.9,6,6.00,6.40,6.80,7.30,7.80,8.10,8.60,8.90,9.10,8.90,9.20,9.50,8.90,9.00,9.30,9.50,9.60,9.70,9.90,10.10
PY08,Sri Damansara Timur,6.9,7.1,6.6,6.4,6.2,5.9,5.7,5.5,5.2,5.1,4.8,4.5,4.1,4.4,4.9,5.2,5.4,5.6,5.8,6.5,6.2,6.6,6.9,7.1,6.9,7,7.3,6.9,7.1,7.2,7.5,6.8,6.9,7,7.2,7.3,6.8,5.8,5.6,5.5,5.3,5,4.5,4.4,4.1,4.4,4.4,4.4,4.1,3.9,3.7,3.5,3.2,3.4,3.7,4.1,4.4,4.4,4.4,4.1,3.9,3.7,3.5,3.2,3.4,3.7,4.7,5.1,4.8,4.2,3.8,4.4,4.7,5.1,5.3,5.6,6,6,6.2,6.3,6.4,6.6,6.7,6.8,6.3,6,5,4.4,4.7,4.8,5.4,4.8,4.5,3.9,3.2,11.9,11.3,10.6,9.9,9.2,8.3,7.5,3.1,3.5,4.2,4.6,5.1,5.1,5.5,5.9,5.9,5.4,5,4.4,4.4,4.2,3.8,4.2,4.5,5,5.1,5.6,6,6.1,6.4,6.8,6.4,6.7,6.6,6.8,7,3.1,2.8,2.4,2,1.7,1.2,0.8,1.3,1.6,1.9,2,2.4,2.7,2.9,2.9,3.2,3.3,3.6,3.9,3.5,3.6,3.8,4.1,4.2,3.5,3.8,4,4.2,4.3,4.5,5,5.2,5.4,5.6,5.8,5.9,5.90,6.30,6.70,7.20,7.70,8.00,8.50,8.80,9.00,8.80,9.10,9.40,8.80,8.90,9.20,9.40,9.50,9.60,9.80,10.00
PY09,Metro Prima,7,7.2,6.7,6.5,6.3,6,5.8,5.6,5.3,5.2,4.9,4.6,4.2,4.5,5,5.3,5.5,5.7,5.9,6.6,6.3,6.7,7,7.2,7,7.1,7.4,7,7.2,7.3,7.6,6.9,7,7.1,7.3,7.1,6.6,5.5,5.3,5.2,5,4.7,4.2,4.1,3.8,4.1,4.4,4.3,4.2,4,3.8,3.6,3.2,3.5,3.8,3.8,4.1,4.4,4.3,4.2,4,3.8,3.6,3.2,3.5,3.8,4.4,4.8,4.6,4,3.6,4.2,4.5,4.9,5.1,5.4,5.8,6,6.3,6.1,6.3,6.5,6.6,6.6,6.3,6,5,4.4,4.7,4.9,5.4,4.9,4.6,4,3.2,12,11.4,10.7,10,9.3,8.4,7.6,3.5,3.9,4.6,5,5.5,5.5,5.9,6.1,5.9,5.1,4.7,4.5,4.3,3.9,3.5,3.9,4.2,4.7,4.8,5.3,5.7,5.8,6.1,6.5,6.1,6.4,6.3,6.5,6.7,3.5,2.9,2.9,2.5,2,1.7,1.3,0.8,1.1,1.4,1.7,1.9,2.2,2.4,2.8,3.2,3,3.3,3.5,3.6,3.8,3.5,3.8,4,4.2,3.6,3.8,4,4.1,4.3,4.8,5,5.2,5.4,5.6,5.7,6.30,6.70,7.10,7.60,8.10,8.20,8.90,9.20,9.40,9.20,9.50,9.80,9.20,9.30,9.60,9.80,9.90,10.00,10.20,10.40
PY10,Kepong Baru,6.7,6.9,6.4,6.2,6,5.7,5.5,5.3,5,4.9,4.6,4.3,3.9,4.2,4.7,5,5.2,5.4,5.6,6.3,6,6.4,6.7,6.9,6.7,6.8,7.1,6.7,6.9,7,7.3,6.6,6.7,6.8,7,7.2,6.7,5.5,5.1,5,4.8,4.7,4.2,3.9,3.6,3.9,4.2,4.2,3.9,3.7,3.5,3.2,2.9,3.1,3.5,3.6,3.9,4.2,4.2,3.9,3.7,3.5,3.2,2.9,3.1,3.5,4.2,4.6,4.9,4.7,4.3,4.9,5.2,5.6,5.8,6.1,6.3,5.8,6,6.1,6.2,6.3,6.4,6.7,6.1,5.8,4.8,4.2,4.5,4.6,5.2,4.6,4.3,3.7,2.9,11.7,11.1,10.4,9.7,9,8.1,7.3,3.7,4.1,4.8,5.2,5.7,5.7,6.1,6.2,5.9,5.3,4.8,4.2,4.2,4.2,3.8,4.2,4.2,4.7,5,5.4,5.8,6.1,6.3,6.7,6.4,6.7,6.6,6.8,6.9,3.7,3.1,3.1,2.7,2.3,2,1.6,1.1,0.8,1.1,1.4,1.8,2,2.2,2.5,2.9,3.1,3.1,3.3,3.4,3.6,3.8,3.6,3.8,4.1,4.3,3.7,3.9,4,4.2,4.7,4.9,5.1,5.3,5.5,5.6,6.50,6.90,7.30,7.80,8.30,7.90,9.00,9.20,9.60,9.40,9.70,10.00,9.40,9.50,9.80,10.00,10.10,10.20,10.40,10.60
PY11,Jinjang,6.5,6.7,6.2,6,5.8,5.5,5.3,5.1,4.8,4.7,4.4,4.1,3.7,4,4.5,4.8,5,5.2,5.4,6.1,5.8,6.2,6.5,6.7,6.5,6.6,6.9,6.5,6.7,6.8,7.1,6.4,6.5,6.6,6.8,7,6.5,5.3,4.9,4.8,4.6,4.5,4,3.7,3.4,3.7,4,4,3.7,3.5,3.2,3,2.7,2.9,3.2,3.4,3.7,4,4,3.7,3.5,3.2,3,2.7,2.9,3.2,4,4.4,4.7,4.6,4.2,4.8,5.1,5.5,5.7,5.9,6.1,5.6,5.8,5.9,6,6.1,6.2,6.5,5.9,5.6,4.6,4,4.3,4.4,5,4.4,4.1,3.5,2.7,11.5,10.9,10.2,9.5,8.8,7.9,7.1,3.9,4.3,5,5.4,5.9,5.9,6.3,6,5.7,5.1,4.6,4,4,4,3.6,4,4,4.5,4.8,5.2,5.6,5.9,6.1,6.5,6.2,6.5,6.4,6.6,6.7,3.9,3.3,3,3,2.5,2.1,1.9,1.4,1.1,0.8,1.1,1.5,1.9,1.9,2.3,2.7,2.8,2.9,3.1,3.2,3.4,3.6,3.4,3.7,3.9,4.2,3.6,3.8,3.9,4.1,4.6,4.8,5,5.2,5.4,5.5,6.70,7.10,7.50,8.00,8.10,7.70,8.80,9.00,9.80,9.60,9.90,10.20,9.60,9.70,10.00,10.20,10.30,10.40,10.60,10.80
PY12,Sri Delima,6.2,6.4,5.9,5.7,5.5,5.2,5,4.8,4.5,4.4,4.1,3.8,3.3,3.7,4.2,4.5,4.7,4.9,5.1,5.8,5.5,5.9,6.2,6.4,6.2,6.3,6.6,6.2,6.4,6.5,6.8,6.1,6.2,6.3,6.5,6.7,6.3,5.3,5.1,5,4.8,4.5,4,4,3.7,3.9,3.7,3.7,3.3,3.1,2.9,2.7,2.4,2.6,2.9,3.7,3.9,3.7,3.7,3.3,3.1,2.9,2.7,2.4,2.6,2.9,4.3,4.6,5,4.4,4,4.6,4.9,5.3,5.4,5.6,5.8,5.3,5.5,5.6,5.7,5.9,6,6.3,5.6,5.3,4.3,3.7,4,4.1,4.7,4.1,3.8,3.2,2.4,11.2,10.6,9.9,9.2,8.5,7.6,6.8,3.6,4,4.7,5.1,5.6,5.6,6,5.7,5.4,4.8,4.3,3.7,3.7,3.7,3.3,3.7,4,4.5,4.6,5.1,5.5,5.6,5.9,6.3,5.9,6.2,6.1,6.3,6.4,3.6,3.5,3.2,2.9,2.8,2.4,2,1.7,1.4,1.1,0.8,1.2,1.5,1.8,2,2.4,2.5,2.9,2.9,3,3.1,3.3,3.7,4.2,3.8,4,3.5,3.7,3.8,4,4.5,4.6,4.9,5.1,5.3,5.4,6.40,6.80,7.20,7.70,7.80,7.40,8.50,8.70,9.50,9.30,9.60,9.90,9.30,9.40,9.70,9.90,10.00,10.10,10.30,10.50
PY13,Kampung Batu,5.9,6.1,5.6,5.4,5.2,4.9,4.7,4.5,4.2,4.1,3.8,3.4,3,3.3,3.9,4.2,4.4,4.6,4.8,5.5,5.2,5.6,5.9,6.1,5.9,6,6.3,5.9,6.1,6.2,6.5,5.8,5.9,6,6.2,6.4,6,5.1,4.8,4.7,4.6,4.3,3.8,3.7,3.4,3.6,3.4,3.3,3,2.8,2.6,2.4,2.1,2.3,2.6,3.4,3.6,3.4,3.3,3,2.8,2.6,2.4,2.1,2.3,2.6,4,4.3,4.7,4.3,3.9,4.5,4.8,5,5.1,5.3,5.5,5,5.2,5.3,5.4,5.6,5.7,6,5.3,5,4,3.4,3.7,3.8,4.4,3.8,3.5,2.9,2.1,10.9,10.3,9.6,8.9,8.2,7.3,6.5,3.8,4.2,4.9,5.3,5.8,5.8,5.7,5.4,5.1,4.5,4,3.3,3.3,3.5,3.1,3.5,3.8,4.3,4.4,4.9,5.3,5.4,5.7,6.1,5.7,6,5.9,6.1,6.1,3.8,3.8,3.5,3.2,3.1,2.7,2.4,1.9,1.8,1.5,1.2,0.8,1.2,1.4,1.8,2.1,2.2,2.6,2.9,3,2.9,3.1,3.4,4,4.3,3.9,4.2,3.6,3.7,3.9,4.3,4.5,4.8,5,5.1,5.3,6.60,7.00,7.40,7.90,7.50,7.10,8.20,8.40,9.40,9.50,9.80,10.10,9.50,9.60,9.90,10.10,9.80,10.00,10.10,10.40
PY14,Kentonmen,5.7,5.9,5.4,5.2,5,4.7,4.5,4.3,4,3.9,3.5,3.2,2.8,3.1,3.6,4,4.2,4.4,4.6,5.3,5,5.4,5.7,5.9,5.7,5.8,6.1,5.7,5.9,6,6.3,5.6,5.7,5.8,6,6.2,5.8,4.9,4.6,4.5,4.4,4.1,3.8,3.5,3.2,3.3,3.1,3.1,2.8,2.6,2.4,2.2,1.9,2.1,2.4,3.2,3.3,3.1,3.1,2.8,2.6,2.4,2.2,1.9,2.1,2.4,3.8,4.1,4.5,4.1,3.7,4.3,4.6,4.8,4.9,5.1,5.3,4.8,5,5.1,5.2,5.4,5.5,5.8,5.1,4.8,3.8,3.1,3.5,3.6,4.2,3.6,3.3,2.7,1.9,10.7,10.1,9.4,8.7,8,7.1,6.3,4,4.4,5.1,5.5,5.8,5.9,5.5,5.2,4.9,4.3,3.8,3.1,3.1,3.5,3.1,3.6,3.8,4.3,4.5,5,5.4,5.5,5.8,6.1,5.8,6.1,6,6.2,5.9,4,3.5,3.8,3.5,3.1,3.1,2.7,2.2,2,1.9,1.5,1.2,0.8,1,1.4,1.9,1.9,2.2,2.6,2.7,2.9,3.1,3.2,3.8,4,3.7,4,4.3,3.5,3.7,4.2,4.4,4.6,4.8,5,5.1,6.70,7.10,7.50,7.90,7.30,6.90,8.00,8.20,9.20,9.50,9.90,9.90,9.60,9.70,10.00,10.20,9.60,9.80,9.90,10.20
PY15,Jalan Ipoh,5.4,5.6,5.1,4.9,4.7,4.4,4.2,4,3.7,3.6,3.2,2.9,2.5,2.8,3.3,3.7,3.9,4.1,4.3,5,4.7,5.1,5.4,5.6,5.4,5.5,5.8,5.4,5.6,5.7,6,5.3,5.4,5.5,5.7,5.9,5.5,4.6,4.3,4.2,4.1,3.8,3.6,3.3,3,3,2.8,2.8,2.5,2.3,2.1,1.9,1.6,1.8,2.1,3,3,2.8,2.8,2.5,2.3,2.1,1.9,1.6,1.8,2.1,3.6,3.8,4.2,4.6,4.2,4.7,4.9,4.5,4.6,4.8,5,4.5,4.7,4.8,4.9,5.1,5.2,5.5,4.8,4.5,3.5,2.8,3.2,3.3,3.9,3.3,3,2.4,1.6,10.4,9.8,9.1,8.4,7.7,6.8,6,4.1,4.5,5.2,5.6,5.5,5.6,5.2,4.9,4.6,4,3.4,2.8,2.8,3.2,2.9,3.4,3.6,4.1,4.3,4.8,5.2,5.3,5.6,5.8,5.6,5.9,5.8,6,5.6,4.1,3.7,3.9,3.6,3.2,2.9,2.9,2.4,2.2,1.9,1.8,1.4,1,0.8,1.2,1.6,1.8,2.1,2.4,2.5,2.7,2.9,3,3.6,3.9,4.2,3.9,4.2,4.3,3.6,4.1,4.3,4.5,4.8,4.9,5,6.40,6.80,7.20,7.60,7.00,6.60,7.70,7.90,8.90,9.20,9.60,9.60,9.30,9.40,9.70,9.90,9.30,9.50,9.60,9.90
PY16,Sentul Barat,5,5.2,4.7,4.5,4.3,4,3.8,3.6,3.2,3.1,2.8,2.5,2.1,2.4,2.9,3.2,3.5,3.7,3.9,4.6,4.3,4.7,5,5.2,5,5.1,5.4,5,5.2,5.3,5.6,4.9,5,5.1,5.3,5.5,5.1,4.2,3.9,3.8,3.7,3.4,3.3,3.1,2.9,2.6,2.4,2.4,2.1,1.9,1.7,1.5,1.2,1.4,1.7,2.9,2.6,2.4,2.4,2.1,1.9,1.7,1.5,1.2,1.4,1.7,3.5,3.4,3.8,4.2,3.9,4.3,4.5,4.1,4.2,4.4,4.6,4.1,4.3,4.4,4.5,4.7,4.8,5.1,4.4,4.1,3.1,2.4,2.8,2.9,3.5,2.9,2.6,2,1.2,10,9.4,8.7,8,7.3,6.4,5.6,3.7,4.1,4.8,5.2,5.1,5.2,4.8,4.5,4.2,3.5,3,2.4,2.4,2.8,2.6,3,3.3,3.9,4,4.5,4.9,5,5.2,5.4,5.3,5.6,5.5,5.7,5.2,3.7,3.9,3.7,3.9,3.5,3.2,2.9,2.8,2.5,2.3,2,1.8,1.4,1.2,0.8,1.2,1.4,1.8,2,2.2,2.3,2.6,2.9,3.9,3.6,3.9,3.7,4,4.1,4.4,4,4.2,4.4,4.6,4.8,4.9,6.00,6.40,6.80,7.20,6.60,6.20,7.30,7.50,8.50,8.80,9.20,9.20,8.90,9.00,9.30,9.50,8.90,9.10,9.20,9.50
PY17,Titiwangsa,4.6,4.8,4.3,4.1,3.9,3.6,3.4,3.1,2.8,2.7,2.4,2.1,1.7,2,2.5,2.8,3,3.2,3.5,4.2,3.9,4.3,4.6,4.8,4.6,4.7,5,4.6,4.8,4.9,5.2,4.5,4.6,4.7,4.9,5.1,4.7,3.8,3.5,3.4,3.3,3,2.9,2.7,2.5,2.2,2,2,1.7,1.5,1.3,1.1,0.8,1,1.3,2.5,2.2,2,2,1.7,1.5,1.3,1.1,0.8,1,1.3,3,3,3.4,3.8,3.5,3.9,4.1,3.7,3.8,4,4.2,3.7,3.9,4,4.1,4.3,4.4,4.7,4,3.7,2.7,2,2.4,2.5,3.1,2.5,2.2,1.6,0.8,9.6,9,8.3,7.6,6.9,6,5.2,3.9,4.3,5,4.9,4.7,4.7,4.3,4.1,3.6,2.9,2.4,2,2,2.4,2.2,2.6,2.9,3.5,3.6,4.1,4.5,4.6,4.8,5,4.9,4.9,5.1,5.3,4.8,3.9,4.2,3.9,3.7,3.8,3.5,3.2,3.2,2.9,2.7,2.4,2.1,1.9,1.6,1.2,0.8,1,1.4,1.7,1.9,2,2.2,2.5,3.6,3.9,3.5,4.2,3.8,3.9,4.1,3.8,4,4.3,4.5,4.6,4.7,5.50,5.90,6.30,6.80,6.20,5.80,6.90,7.10,8.10,8.40,8.70,8.80,8.40,8.50,8.80,9.00,8.50,8.70,8.80,9.10
PY18,Hospital Kuala Lumpur,4.8,5,4.5,4.3,4.1,3.8,3.6,3.3,3,2.9,2.6,2.3,1.9,2.2,2.7,3,3.2,3.5,3.7,4.4,4.1,4.5,4.8,5,4.8,4.9,5.2,4.8,5,5.1,5.4,4.7,4.8,4.9,5.1,5.3,4.9,4,3.7,3.6,3.5,3.2,2.7,2.8,2.5,2.4,2.2,2.2,1.9,1.7,1.5,1.3,1,1.2,1.5,2.5,2.4,2.2,2.2,1.9,1.7,1.5,1.3,1,1.2,1.5,3.1,3.2,3.6,4,3.6,4.1,4.3,3.9,4,4.2,4.4,3.9,4.1,4.2,4.3,4.5,4.6,4.9,4.2,3.9,2.9,2.2,2.6,2.7,3.3,2.7,2.4,1.8,1,9.8,9.2,8.5,7.8,7.1,6.2,5.4,4,4.4,5.1,5.2,4.9,4.9,4.6,4.3,4,3.3,2.8,2.2,2.2,2.4,2,2.4,2.7,3.2,3.4,3.9,4.3,4.4,4.7,5.1,4.7,5,4.9,5.1,5,4,4.3,4,3.8,3.5,3.6,3.3,3,3.1,2.8,2.5,2.2,1.9,1.8,1.4,1,0.8,1.2,1.6,1.7,1.9,2,2.5,3.4,3.8,3.6,4.1,3.7,3.8,4.1,3.8,3.9,4.2,4.4,4.5,4.7,5.70,6.10,6.50,7.00,6.40,6.00,7.10,7.30,8.30,8.60,8.90,9.00,8.60,8.70,9.00,9.20,8.70,8.90,9.00,9.30
PY19,Raja Uda,5.2,5.4,4.9,4.7,4.5,4.2,4,3.8,3.5,3.3,3,2.7,2.3,2.6,3.1,3.4,3.7,3.9,4.1,4.8,4.5,4.9,5.2,5.4,5.2,5.3,5.6,5.2,5.4,5.5,5.8,5.1,5.2,5.3,5.5,5.7,5.3,3.9,3.7,3.5,3.3,3,2.5,2.4,2.1,2.4,2.6,2.6,2.3,2.1,1.9,1.7,1.4,1.6,1.9,2.1,2.4,2.6,2.6,2.3,2.1,1.9,1.7,1.4,1.6,1.9,2.7,3.1,3.5,4,3.9,4.4,4.6,4.3,4.4,4.6,4.8,4.3,4.5,4.6,4.7,4.9,5,5.3,4.6,4.3,3.3,2.6,3,3.1,3.7,3.1,2.8,2.2,1.4,10.2,9.6,8.9,8.2,7.5,6.6,5.8,4.2,4.6,4.9,5.3,4.9,4.7,4.8,4.5,4.3,3.5,3,2.6,2.6,2.2,1.8,2.2,2.5,3,3.1,3.7,4.1,4.2,4.5,4.9,4.5,4.8,4.7,4.9,5.1,4.2,3.8,4.3,4,3.7,3.9,3.6,3.3,3.1,2.9,2.9,2.6,2.2,2.1,1.8,1.4,1.2,0.8,1.2,1.3,1.5,1.8,2.1,3.1,3.5,3.9,3.8,4.1,4.3,3.9,3.6,3.8,4,4.2,4.4,4.5,5.50,5.90,6.30,6.80,6.80,6.40,7.50,7.70,8.60,8.40,8.70,9.00,8.40,8.50,8.80,9.00,9.10,9.20,9.40,9.60
PY20,Ampang Park,5.5,5.2,5.2,5,4.8,4.5,4.3,4.1,3.8,3.7,3.3,3,2.5,2.4,2.9,3.2,3.7,3.7,3.9,4.6,4.8,4.7,5,5.3,5.1,5.2,5.5,5.5,5.3,5.5,5.8,5.4,5.2,5.3,5.5,5.7,5.2,3.5,3.2,3.1,2.9,2.6,2.1,2.3,2,2.3,2.4,2.2,2.5,2.4,2.2,2,1.7,1.9,2.2,2,2.3,2.4,2.2,2.5,2.4,2.2,2,1.7,1.9,2.2,2.6,3,3.3,3.9,3.6,4.2,4.5,4.6,4.7,4.8,5.1,4.6,4.8,4.9,5,4.8,4.9,5.2,4.4,4.1,3.1,2.4,2.8,3.1,3.5,3.4,3.1,2.5,1.7,10.2,9.6,8.9,8.2,7.5,6.6,5.8,4.2,4.7,4.5,4.9,4.5,4.3,4.4,4.1,3.9,3,2.6,2.4,2.2,1.8,1.4,1.8,2.1,2.6,2.7,3.2,3.7,3.8,4.1,4.5,4.1,4.4,4.3,4.5,4.7,4.2,4,3.8,4.2,3.9,3.6,3.9,3.5,3.3,3.1,2.9,2.9,2.6,2.4,2,1.7,1.6,1.2,0.8,1,1.2,1.4,2,2.9,3.2,3.6,3.6,3.9,4.1,3.7,4.3,3.7,3.9,4.1,4.3,4.4,5.10,5.50,5.90,6.40,6.70,6.30,7.40,7.60,8.20,8.00,8.30,8.60,8.00,8.10,8.40,8.60,8.70,8.80,9.00,9.20
PY21,Persiaran KLCC,5.4,5.1,5.2,4.9,4.8,4.5,4.4,4.1,3.8,3.6,3.3,3,2.4,2.3,2.8,3.1,3.5,3.6,3.8,4.5,4.7,4.6,4.9,5.2,5,5.1,5.4,5.7,5.2,5.4,5.7,5.6,5.1,5.2,5.4,5.5,5,3.3,3.1,3,2.8,2.5,2,2.1,1.8,2.1,2.3,2.1,2.4,2.6,2.4,2.2,1.9,2.1,2.4,1.8,2.1,2.3,2.1,2.4,2.6,2.4,2.2,1.9,2.1,2.4,2.4,2.8,3.1,3.7,3.5,4.1,4.3,4.7,4.6,4.6,4.9,4.7,5,4.9,5,4.6,4.7,5,4.3,4,3,2.3,2.7,3,3.4,3.6,3.3,2.7,1.9,10.1,9.5,8.8,8.1,7.4,6.5,5.7,3.5,3.9,4.4,4.8,4.4,4.2,4.3,4,3.8,2.9,2.5,2.3,2.1,1.7,1.3,1.7,2,2.5,2.6,3.1,3.6,3.7,4,4.4,4,4.3,4.2,4.4,4.6,3.5,4,3.9,4.3,4,3.7,3.5,3.6,3.4,3.2,3,3,2.7,2.5,2.2,1.9,1.7,1.3,1,0.8,1,1.3,1.8,3.1,3.1,3.5,3.5,3.8,4,4.3,4.3,3.6,3.9,4.1,4.2,4.3,5.00,5.40,5.80,6.30,6.60,6.20,7.30,7.50,8.10,7.90,8.20,8.50,7.90,8.00,8.30,8.50,8.60,8.70,8.90,9.10
PY22,Conlay,5.2,4.9,5,4.7,4.6,4.3,4.2,3.9,3.6,3.3,3.1,2.8,2.2,2.1,2.6,2.9,3.3,3.3,3.6,4.3,4.5,4.4,4.7,5,4.8,4.9,5.2,5.5,5,5.2,5.5,5.5,4.9,5,5.2,5.3,4.8,3.1,2.9,2.8,2.6,2.3,1.8,1.9,1.6,1.9,2.1,1.9,2.2,2.4,2.5,2.3,2,2.2,2.5,1.6,1.9,2.1,1.9,2.2,2.4,2.5,2.3,2,2.2,2.5,2.2,2.6,2.9,3.5,3.4,3.9,4.1,4.5,4.4,4.4,4.7,4.5,4.8,4.7,4.8,4.4,4.5,4.8,4.1,3.8,2.8,2.1,2.5,2.8,3.2,3.7,3.4,2.8,2,9.9,9.3,8.6,7.9,7.2,6.3,5.5,3.6,4,4.2,4.6,4.2,4,4.1,3.8,3.6,2.7,2.3,2.1,1.9,1.5,1.1,1.5,1.8,2.3,2.4,2.9,3.4,3.5,3.8,4.2,3.8,4.1,4,4.2,4.4,3.6,4.1,4,3.7,4.1,3.9,3.6,3.8,3.6,3.4,3.1,2.9,2.9,2.7,2.3,2,1.9,1.5,1.2,1,0.8,1.1,1.6,2.9,2.9,3.4,3.9,3.7,3.8,4.2,4.2,3.5,3.8,4,4.1,4.3,4.80,5.20,5.60,6.10,6.40,6.00,7.10,7.30,7.90,7.70,8.00,8.30,7.70,7.80,8.10,8.30,8.40,8.50,8.70,8.90
PY23,Tun Razak Exchange,4.8,4.6,4.5,4.3,4.1,3.8,3.6,3.3,3,2.9,2.6,2.3,1.9,1.8,2.3,2.6,3,3,3.2,4,4.1,4.1,4.4,4.7,4.5,4.6,4.9,4.8,4.7,4.9,5.2,4.7,4.6,4.7,4.9,5,4.5,2.8,2.6,2.5,2.3,2,1.5,1.6,1.3,1.6,1.8,1.6,1.9,2.1,2.3,2.5,2.2,2.4,2.7,1.3,1.6,1.8,1.6,1.9,2.1,2.3,2.5,2.2,2.4,2.7,1.9,2.3,2.6,3.1,3.2,3.6,3.8,4.2,4.1,4.1,4.4,4.2,4.5,4.4,4.5,4.1,4.2,4.5,3.8,3.5,2.5,1.8,2.2,2.5,2.9,3.4,3.6,3,2.2,9.6,9,8.3,7.6,6.9,6,5.2,3.6,4.1,3.9,4.3,3.9,3.7,3.8,3.5,3.2,2.4,2,1.8,1.6,1.2,0.8,1.2,1.5,2,2.1,2.6,3,3.2,3.5,3.9,3.5,3.8,3.7,3.9,4.1,3.6,4.3,4.1,3.9,4.3,4,3.8,3.5,3.8,3.6,3.3,3.1,3.1,2.9,2.6,2.2,2,1.8,1.4,1.3,1.1,0.8,1.3,2.7,3.1,3.2,3.7,3.5,3.7,4,4,4.3,3.7,3.9,4,4.2,4.50,4.90,5.30,5.80,6.10,5.70,6.80,7.00,7.60,7.40,7.70,8.00,7.40,7.50,7.80,8.00,8.10,8.20,8.40,8.60
PY24,Chan Show Lin,4.8,4.6,4.5,4.3,4.1,3.8,3.6,3.3,3,2.9,2.6,2.3,1.9,1.8,2.3,2.6,3,3,3.2,4,4.1,4.1,4.4,4.7,4.5,4.6,4.9,4.8,4.7,4.9,5.2,4.7,4.6,4.7,4.9,4.5,4,2.7,2.3,2.2,2,1.9,1.4,1.1,0.8,1.1,1.4,1.6,1.9,1.9,2.1,2.3,2.5,2.7,2.9,0.8,1.1,1.4,1.6,1.9,1.9,2.1,2.3,2.5,2.7,2.9,1.4,1.8,2.1,2.6,3,3.1,3.3,3.7,3.9,3.6,3.9,3.7,4,4.1,4.2,3.6,3.7,4,3.4,3.1,2.1,1.4,1.8,2.1,2.5,3,3.5,3.1,2.5,9.6,9,8.3,7.6,6.9,6,5.2,3.9,4.3,4.4,4.5,4.3,4.2,4,3.7,3.3,2.7,2.2,1.8,1.6,1.7,1.3,1.7,1.4,1.9,2.2,2.6,3,3.7,3.6,4,4,4,4.2,4.4,4.3,3.9,3.6,4.3,4.1,3.9,3.6,4.1,3.8,3.6,3.4,3.7,3.4,3.2,3,2.9,2.5,2.5,2.1,2,1.8,1.6,1.3,0.8,2.2,2.6,3,3.3,3.7,3.9,3.7,3.8,4,4.4,3.7,3.9,4,5.00,5.40,5.80,6.30,6.10,5.70,6.80,7.00,8.00,7.90,8.20,8.50,7.90,8.00,8.30,8.50,8.40,8.60,8.70,9.00
PY27,Kuchai,6.2,6.4,5.9,5.7,5.5,5.2,5,4.8,4.5,4.4,4.1,3.8,3.3,3.2,4.2,4.5,4.7,4.9,5.1,5.8,5.5,5.9,6.2,6.4,6.2,6.3,6.6,6.2,6.4,6.5,6.8,6.1,6.2,6.2,5.9,5.4,4.9,4.2,3.8,3.7,3.5,3.3,2.8,2.5,2.2,2.5,2.8,3,3.3,3.4,3.6,3.8,3.6,3.8,4.1,2.2,2.5,2.8,3,3.3,3.4,3.6,3.8,3.6,3.8,4.1,2.8,3.1,2.8,2.2,1.8,2.4,2.7,3.1,3.4,3.7,4.1,4.3,4.7,4.4,4.6,4.9,5.1,4.9,4.8,4.5,3.5,2.8,3.2,3.5,3.9,4.4,4.9,4.3,3.6,11.2,10.6,9.9,9.2,8.5,7.6,6.8,4.5,4.9,5.6,5.9,5.7,5.6,5.4,5.1,4.8,4.2,3.7,3.2,3,3.1,2.7,3.1,2.8,3.4,3.7,4.1,4.5,5.1,5,5.4,5.4,5.4,5.6,5.8,5.7,4.5,4.2,4,3.9,3.7,3.5,4.2,4,3.8,3.7,4.2,4,3.8,3.6,3.9,3.6,3.4,3.1,2.9,3.1,2.9,2.7,2.2,0.8,1.3,1.8,2.4,2.8,3,3.1,3.6,3.9,4.3,3.9,4.1,4.2,6.40,6.80,7.20,7.70,7.80,7.40,8.50,8.70,9.50,9.30,9.60,9.90,9.30,9.40,9.70,9.90,10.00,10.10,10.30,10.50
PY28,Taman Naga Emas,6.6,6.8,6.3,6.1,5.9,5.6,5.4,5.2,4.9,4.8,4.5,4.2,3.8,3.7,4.6,4.9,5.1,5.3,5.5,6.2,5.9,6.3,6.6,6.8,6.6,6.7,7,6.6,6.8,6.8,6.7,6.5,6.1,5.8,5.5,5,4.5,4.4,4.2,4.1,3.9,3.7,3.2,2.9,2.6,2.9,3.2,3.5,3.8,3.8,4,4.2,3.9,4.1,4.4,2.6,2.9,3.2,3.5,3.8,3.8,4,4.2,3.9,4.1,4.4,3.1,2.7,2.4,1.8,1.4,2,2.3,2.7,2.9,3.2,3.7,3.9,4.3,4,4.2,4.5,4.8,4.5,5.2,4.9,3.9,3.2,3.6,3.9,4.3,4.8,5.2,4.6,3.9,11.1,10.5,9.8,9.1,8.4,7.5,6.7,4.6,5,5.7,6.1,6.1,6,5.8,5.5,5.2,4.6,4.1,3.7,3.5,3.6,3.1,3.6,3.2,3.8,4.1,4.5,4.9,5.5,5.4,5.8,5.8,5.8,6,6.2,6.1,4.6,4.3,4.2,4.1,3.9,3.7,3.5,4.2,4.1,3.9,3.8,4.3,4,3.9,3.6,3.9,3.8,3.5,3.2,3.1,2.9,3.1,2.6,1.3,0.8,1.4,2,2.4,2.6,3.1,3.8,3.6,4,3.6,3.9,4,6.80,7.20,7.60,8.10,8.20,7.80,8.90,9.10,9.90,9.70,10.00,10.30,9.70,9.80,10.10,10.30,10.40,10.50,10.70,10.90
PY29,Sungai Besi,6.2,6.1,5.9,5.7,5.5,5.2,5,4.8,4.5,4.4,4.1,3.8,3.4,3.4,3.9,4.2,4.6,4.6,4.8,5.5,5.5,5.6,5.9,6.2,6,6.1,6.4,6.2,6.2,6.2,6.1,5.9,5.5,5.2,4.9,4.4,3.9,3.8,3.6,3.5,3.3,3.1,3,2.8,3,2.9,3.1,3.2,3.4,3.6,3.7,3.9,3.5,3.7,3.8,3,2.9,3.1,3.2,3.4,3.6,3.7,3.9,3.5,3.7,3.8,2.5,2.1,1.8,1.2,0.8,1.4,1.7,2.1,2.3,2.6,3,3.3,3.7,3.4,3.6,3.9,4.2,3.9,5,4.7,3.7,3.1,3.4,3.7,4.1,4.6,4.8,4.2,3.5,10.5,9.9,9.2,8.5,7.8,6.9,6.1,4.9,5.3,6,6.1,5.8,5.9,5.5,5.2,4.9,4.3,3.8,3.4,3.2,3.6,3.2,3.4,3,3.6,3.9,4.3,4.7,5.3,5.2,5.6,5.8,5.6,6,6.2,5.9,4.9,4.6,4.4,4.3,4.1,3.9,3.8,3.6,4.3,4.2,4,3.9,3.7,4.2,3.9,3.5,3.6,3.9,3.6,3.5,3.4,3.2,3,1.8,1.4,0.8,1.6,1.9,2.1,2.6,3.3,3.7,3.6,4,4.2,3.7,6.70,7.10,7.50,8.00,7.60,7.20,8.30,8.50,9.50,9.60,9.90,10.20,9.60,9.70,10.00,10.20,9.90,10.10,10.20,10.50
PY31,Serdang Raya Utara,7,7.2,6.7,6.5,6.3,6,5.8,5.6,5.3,5.2,4.9,4.6,4.2,4.2,5,5.3,5.5,5.7,5.9,6.6,6.3,6.7,7,7.2,7,7.1,7.3,7,7.2,7,6.9,6.7,6.3,6,5.7,5.2,4.7,4.6,4.4,4.3,4.1,3.9,3.9,3.6,3.3,3.6,3.9,4,4.2,4.4,4.5,4.5,4.2,4.4,4.6,3.3,3.6,3.9,4,4.2,4.4,4.5,4.5,4.2,4.4,4.6,3.4,2.9,2.6,2,1.6,2.2,2.5,2.9,3.1,3.5,3.9,4.1,4.5,4.2,4.4,4.7,5,4.7,5.8,5.5,4.5,3.9,4.2,4.5,4.9,5.4,5.5,4.9,4.2,11.3,10.7,10,9.3,8.6,7.7,6.9,5.1,5.5,6.2,6.6,6.6,6.5,6.3,6,5.7,5.1,4.6,4.2,4,4.1,3.7,4.1,3.9,4.4,4.7,5.1,5.5,6,6,6.4,6.3,6.4,6.5,6.7,6.7,5.1,4.8,4.7,4.5,4.3,4.2,4,3.8,3.7,3.6,3.5,4.2,4,3.9,3.7,4.2,4.1,3.8,3.6,3.5,3.9,3.7,3.3,2.4,2,1.6,0.8,1.3,1.5,1.9,3.1,3.1,3.6,3.5,3.8,4,7.30,7.70,8.10,8.60,8.50,8.10,9.20,9.40,10.40,10.20,10.50,10.80,10.20,10.30,10.60,10.80,10.80,11.00,11.10,11.40
PY32,Serdang Raya Selatan,7.3,7.2,7,6.8,6.6,6.3,6.1,5.9,5.6,5.5,5.2,4.9,4.5,4.5,5,5.3,5.7,5.7,5.9,6.6,6.6,6.7,7,7.3,7.1,7.2,7.5,7.3,7.3,7.3,7.2,7,6.6,6.3,6,5.5,5,4.9,4.7,4.6,4.4,4.2,4.2,4,3.7,4,4.2,4.3,4.5,4.5,4.3,4.1,3.8,4,4.3,3.7,4,4.2,4.3,4.5,4.5,4.3,4.1,3.8,4,4.3,3.7,3.3,2.9,2.3,1.9,2.5,2.8,3.2,3.5,3.8,4.2,4.4,4.8,4.5,4.7,5,5.3,5,6.1,5.8,4.8,4.2,4.5,4.8,5.2,5.4,5.1,4.5,3.8,11.6,11,10.3,9.6,8.9,8,7.2,5.3,5.7,6.4,6.8,6.5,6.3,6.4,6.1,5.9,5.1,4.7,4.5,4.3,3.9,3.5,3.9,4.2,4.7,4.8,5.3,5.7,5.8,6.1,6.5,6.1,6.4,6.3,6.5,6.7,5.3,5,4.9,4.7,4.5,4.3,4.2,4,3.9,3.8,3.7,3.6,4.3,4.2,4,3.8,3.7,4.1,3.9,3.8,3.7,3.5,3.7,2.8,2.4,1.9,1.3,0.8,1,1.6,2.7,3.1,3.3,3.7,3.5,3.7,7.10,7.50,7.90,8.40,8.70,8.30,9.40,9.60,10.20,10.00,10.30,10.60,10.00,10.10,10.40,10.60,10.70,10.80,11.00,11.20
PY33,Serdang Jaya,7.5,7.4,7.2,7,6.8,6.5,6.3,6.1,5.8,5.7,5.4,5.1,4.7,4.7,5.2,5.5,5.9,5.9,6.1,6.8,6.8,6.9,7.2,7.5,7.3,7.4,7.7,7.5,7.5,7.5,7.4,7.2,6.8,6.5,6.2,5.7,5.2,5.1,4.9,4.8,4.6,4.4,4.4,4.2,3.9,4.2,4.4,4.5,4.7,4.6,4.4,4.2,3.9,4.1,4.4,3.9,4.2,4.4,4.5,4.7,4.6,4.4,4.2,3.9,4.1,4.4,3.9,3.5,3.1,2.5,2.1,2.7,3,3.5,3.7,4,4.4,4.6,5,4.7,4.9,5.2,5.5,5.2,6.3,6,5,4.4,4.7,5,5.4,5.5,5.2,4.6,3.9,11.8,11.2,10.5,9.8,9.1,8.2,7.4,5.4,5.8,6.5,6.9,6.7,6.5,6.6,6.3,6.1,5.3,4.9,4.7,4.5,4.1,3.7,4.1,4.4,4.9,5,5.5,5.9,6,6.3,6.7,6.3,6.6,6.5,6.7,6.9,5.4,5.1,4.9,4.8,4.6,4.4,4.3,4.1,4,3.9,3.8,3.7,3.5,4.3,4.1,3.9,3.8,4.3,4.1,4,3.8,3.7,3.9,3,2.6,2.1,1.5,1,0.8,1.4,2.5,2.9,3.1,3.5,3.9,3.6,7.30,7.70,8.10,8.60,8.90,8.50,9.60,9.80,10.40,10.20,10.50,10.80,10.20,10.30,10.60,10.80,10.90,11.00,11.20,11.40
PY34,UPM,7.6,7.7,7.3,7.1,6.9,6.6,6.4,6.2,5.9,5.8,5.5,5.2,4.8,4.7,5.5,5.8,6.1,6.2,6.4,7.1,6.9,7.2,7.5,7.8,7.6,7.7,8,7.6,7.8,7.9,7.9,7.5,7.3,7,6.7,6.2,5.7,5.6,5.2,5.1,4.9,4.8,4.3,4,3.7,4,4.3,4.5,4.8,4.8,4.6,4.4,4.1,4.3,4.6,3.7,4,4.3,4.5,4.8,4.8,4.6,4.4,4.1,4.3,4.6,4.3,4,3.7,3,2.6,3.2,3.6,4,4.2,4.5,4.9,5.1,5.5,5.2,5.4,5.7,6,5.7,6.2,5.9,4.9,4.3,4.6,4.9,5.3,5.7,5.4,4.8,4.1,12.3,11.7,11,10.3,9.6,8.7,7.9,5.6,6,6.7,7.1,7,6.8,6.8,6.5,6.2,5.6,5.1,4.7,4.5,4.4,4,4.4,4.3,4.8,5.1,5.5,5.9,6.3,6.4,6.8,6.6,6.8,6.8,7,7.1,5.6,5.3,5.1,5,4.8,4.6,4.5,4.3,4.2,4.1,4,3.9,3.7,3.6,4.4,4.1,4.1,3.9,3.7,4.3,4.2,4,3.7,3.1,3.1,2.6,1.9,1.6,1.4,0.8,2,2.4,3,3.1,3.5,3.7,7.60,8.00,8.40,8.90,9.20,8.80,9.90,10.10,10.70,10.50,10.80,11.10,10.50,10.60,10.90,11.10,11.20,11.30,11.50,11.70
PY36,Taman Equine,7.5,7.7,7.2,7,6.8,6.5,6.3,6.1,5.8,5.7,5.4,5.1,4.7,4.8,5.5,5.8,6,6.2,6.4,7.1,6.8,7.2,7.5,7.7,7.5,7.6,7.9,7.5,7.7,7.8,8.1,7.4,7.5,7.6,7.3,6.8,6.3,5.7,5.3,5.2,5,4.9,4.4,4.1,3.8,4.1,4.4,4.6,4.7,4.5,4.3,4.1,3.8,4,4.3,3.8,4.1,4.4,4.6,4.7,4.5,4.3,4.1,3.8,4,4.3,4.4,4.6,4.3,3.7,3.3,3.9,4.2,4.6,4.8,5.1,5.5,5.7,6.1,5.8,6,6.3,6.6,6.3,6.3,6,5,4.4,4.7,5,5.4,5.4,5.1,4.5,3.8,12.5,11.9,11.2,10.5,9.8,8.9,8.1,6.1,6.5,7,7.4,7,6.8,6.9,6.6,6.3,5.6,5.2,4.8,4.6,4.4,4,4.4,4.4,4.9,5.2,5.6,6,6.3,6.5,6.9,6.6,6.9,6.8,7,7.2,6.1,5.8,5.6,5.5,5.3,5.1,5,4.8,4.7,4.6,4.5,4.3,4.2,4.1,4,3.8,3.8,3.6,4.3,4.3,4.2,4,3.8,3.6,3.8,3.3,3.1,2.7,2.5,2,0.8,1.3,2,2.3,2.7,3,7.60,8.00,8.40,8.90,9.10,8.70,9.80,10.00,10.70,10.50,10.80,11.10,10.50,10.60,10.90,11.10,11.20,11.30,11.50,11.70
PY37,Putra Permai,7.7,7.9,7.4,7.2,7,6.7,6.5,6.3,6,5.9,5.6,5.3,4.9,5,5.7,6,6.2,6.4,6.6,7.3,7,7.4,7.7,7.9,7.7,7.8,8.1,7.7,7.9,8,8.3,7.6,7.7,7.8,7.7,7.2,6.7,5.9,5.5,5.4,5.2,5.1,4.6,4.3,4,4.3,4.6,4.8,4.9,4.7,4.5,4.3,4,4.2,4.5,4,4.3,4.6,4.8,4.9,4.7,4.5,4.3,4,4.2,4.5,4.6,5,4.7,4.1,3.7,4.3,4.6,5,5.2,5.5,5.9,6.1,6.5,6.2,6.4,6.7,6.8,6.7,6.5,6.2,5.2,4.6,4.9,5.2,5.6,5.6,5.3,4.7,4,12.7,12.1,11.4,10.7,10,9.1,8.3,6.2,6.6,7.3,7.6,7.3,7.1,7.1,6.8,6.5,5.9,5.4,5,4.8,4.7,4.3,4.7,4.6,5.1,5.4,5.8,6.2,6.6,6.7,7.1,6.9,7.1,7.1,7.3,7.4,6.2,6,5.8,5.7,5.5,5.3,5.2,5,4.9,4.8,4.6,4.5,4.4,4.3,4.2,4,3.9,3.8,3.7,3.6,3.5,4.3,4,3.9,3.6,3.7,3.1,3.1,2.9,2.4,1.3,0.8,1.5,1.9,2.3,2.6,7.90,8.30,8.70,9.20,9.30,8.90,10.00,10.20,11.00,10.80,11.10,11.40,10.80,10.90,11.20,11.40,11.50,11.60,11.80,12.00
PY38,16 Sierra,7.7,7.4,7.5,7.2,7.1,6.8,6.7,6.4,6.1,5.9,5.7,5.4,4.8,4.7,5.2,5.5,5.9,5.9,6.1,6.8,7,6.9,7.2,7.5,7.3,7.4,7.7,8,7.5,7.7,8,7.9,7.4,7.5,7.6,7.1,6.6,5.7,5.5,5.4,5.2,4.9,4.4,4.7,4.4,4.7,4.7,4.5,4.8,5,4.8,4.6,4.3,4.5,4.8,4.4,4.7,4.7,4.5,4.8,5,4.8,4.6,4.3,4.5,4.8,5,4.9,4.6,4,3.6,4.2,4.5,4.9,5.1,5.4,5.8,6,6.4,6.1,6.3,6.6,6.9,6.6,6.6,6.3,5.3,4.7,5,5.3,5.7,5.9,5.6,5,4.3,12.4,11.8,11.1,10.4,9.7,8.8,8,6.4,6.9,6.7,7.1,6.7,6.5,6.6,6.3,6.1,5.3,4.9,4.7,4.5,4.1,3.7,4.1,4.4,4.9,5,5.5,5.9,6,6.3,6.7,6.3,6.6,6.5,6.7,6.9,6.4,6.2,6.1,5.9,5.7,5.5,5.4,5.2,5.1,5,4.9,4.8,4.6,4.5,4.4,4.3,4.2,4,3.9,3.9,3.8,3.7,4.4,4.3,4,3.6,3.6,3.3,3.1,3,2,1.5,0.8,1.4,1.8,2,7.30,7.70,8.10,8.60,8.90,8.50,9.60,9.80,10.40,10.20,10.50,10.80,10.20,10.30,10.60,10.80,10.90,11.00,11.20,11.40
PY39,Cyberjaya Utara,7.6,7.6,7.3,7.1,6.9,6.6,6.4,6.2,5.9,5.8,5.5,5.2,4.8,4.7,5.4,5.7,6.1,6.1,6.3,7,6.9,7.1,7.4,7.7,7.5,7.6,7.9,7.6,7.7,7.9,8.2,7.5,7.6,7.7,7.8,7.3,6.8,5.6,5.2,5.1,4.9,4.8,4.3,4,3.7,4,4.3,4.5,4.8,4.8,5,4.8,4.5,4.7,5,3.7,4,4.3,4.5,4.8,4.8,5,4.8,4.5,4.7,5,4.3,4.7,5,4.4,4,4.6,4.9,5.3,5.5,5.8,6.2,6.4,6.8,6.5,6.7,6.4,6.5,6.8,6.2,5.9,4.9,4.3,4.6,4.9,5.3,5.8,5.8,5.2,4.5,12.6,12,11.3,10.6,9.9,9,8.2,6.6,7.1,6.9,7.3,6.9,6.7,6.8,6.5,6.2,5.5,5.1,4.7,4.5,4.3,3.9,4.3,4.3,4.8,5.1,5.5,5.9,6.2,6.4,6.8,6.5,6.8,6.7,6.9,7.1,6.6,6.4,6.3,6.1,5.9,5.8,5.6,5.4,5.3,5.2,5.1,5,4.8,4.8,4.6,4.5,4.4,4.2,4.1,4.1,4,3.9,3.7,3.9,3.6,4,3.5,3.7,3.5,3.1,2.3,1.9,1.4,0.8,1.3,1.6,7.50,7.90,8.30,8.80,9.10,8.70,9.80,10.00,10.60,10.40,10.70,11.00,10.40,10.50,10.80,11.00,11.10,11.20,11.40,11.60
PY40,Cyberjaya City Centre,7.8,7.7,7.5,7.3,7.1,6.8,6.6,6.4,6.1,6,5.7,5.4,5,4.9,5.5,5.8,6.2,6.2,6.4,7.1,7.1,7.2,7.5,7.8,7.6,7.7,8,7.8,7.8,8,8.3,7.7,7.7,7.8,8,7.5,7,5.8,5.4,5.3,5.1,5,4.5,4.2,3.9,4.2,4.5,4.7,5,5,5.1,4.9,4.6,4.8,5.1,3.9,4.2,4.5,4.7,5,5,5.1,4.9,4.6,4.8,5.1,4.5,4.9,5.2,4.6,4.2,4.8,5.1,5.5,5.7,6,6.4,6.6,7,6.7,6.9,6.6,6.7,7,6.4,6.1,5.1,4.5,4.8,5.1,5.5,6,5.9,5.3,4.6,12.7,12.1,11.4,10.7,10,9.1,8.3,6.7,7.3,7,7.4,7,6.8,6.9,6.6,6.4,5.6,5.2,4.9,4.7,4.4,4,4.4,4.5,5,5.3,5.7,6.1,6.3,6.6,7,6.6,6.9,6.8,7,7.2,6.7,6.6,6.4,6.3,6.1,5.9,5.8,5.6,5.5,5.4,5.3,5.1,5,4.9,4.8,4.6,4.5,4.4,4.3,4.2,4.1,4,3.9,4.1,3.9,4.2,3.8,3.5,3.9,3.5,2.7,2.3,1.8,1.3,0.8,1.2,7.60,8.00,8.40,8.90,9.20,8.80,9.90,10.10,10.70,10.50,10.80,11.10,10.50,10.60,10.90,11.10,11.20,11.30,11.50,11.70
PY41,Putrajaya Sentral,7.9,7.9,7.6,7.4,7.2,6.9,6.7,6.5,6.2,6.1,5.8,5.5,5.1,5,5.7,6,6.4,6.4,6.6,7.3,7.2,7.4,7.7,8,7.8,7.9,8.2,7.9,8,8.2,8.5,7.8,7.9,8,7.7,7.2,6.7,5.9,5.5,5.4,5.2,5.1,4.6,4.3,4,4.3,4.6,4.8,5.1,5.1,5.2,5,4.7,4.9,5.2,4,4.3,4.6,4.8,5.1,5.1,5.2,5,4.7,4.9,5.2,4.6,5,4.7,4.1,3.7,4.3,4.6,5,5.2,5.5,5.9,6.1,6.5,6.2,6.4,6.7,6.8,6.7,6.5,6.2,5.2,4.6,4.9,5.2,5.6,6.1,6,5.4,4.7,12.9,12.3,11.6,10.9,10.2,9.3,8.5,6.9,7.4,7.2,7.6,7.2,7,7.1,6.8,6.5,5.8,5.4,5,4.8,4.6,4.2,4.6,4.6,5.1,5.4,5.8,6.2,6.5,6.7,7.1,6.8,7.1,7,7.2,7.4,6.9,6.7,6.5,6.4,6.2,6,5.9,5.7,5.6,5.5,5.4,5.3,5.1,5,4.9,4.7,4.7,4.5,4.4,4.3,4.3,4.2,4,4.2,4,3.7,4,3.7,3.6,3.7,3,2.6,2,1.6,1.2,0.8,7.80,8.20,8.60,9.10,9.40,9.00,10.10,10.30,10.90,10.70,11.00,11.30,10.70,10.80,11.10,11.30,11.40,11.50,11.70,11.90
SA1,Bandar Utama,7.30,7.00,7.10,6.80,6.60,6.40,6.30,6.00,5.70,5.50,5.30,5.00,4.60,4.30,4.80,5.10,5.50,5.50,5.70,6.00,5.80,5.40,5.00,4.90,4.40,4.20,3.70,4.20,4.60,4.90,5.30,5.50,5.90,5.80,6.20,6.60,6.40,6.10,5.90,5.80,5.60,5.30,4.80,5.10,5.00,4.90,4.60,4.40,4.60,4.80,5.00,5.20,5.50,5.60,5.80,5.00,4.90,4.60,4.40,4.60,4.80,5.00,5.20,5.50,5.60,5.80,5.40,5.90,6.20,6.40,6.70,7.10,7.20,7.20,7.30,7.60,7.20,7.60,7.30,7.10,7.20,7.30,7.20,6.40,6.50,6.20,5.20,4.60,4.90,5.20,5.60,6.10,6.60,6.20,5.50,9.80,9.20,8.50,7.80,7.10,6.20,5.30,3.70,3.80,3.00,2.70,2.10,1.60,2.20,2.60,3.30,3.70,4.00,4.30,4.40,4.70,4.50,4.70,4.80,4.50,4.60,4.90,5.10,4.50,4.70,4.80,4.90,5.10,5.50,5.60,5.70,3.70,4.50,4.90,5.10,5.60,6.00,5.90,6.30,6.50,6.70,6.40,6.60,6.70,6.40,6.00,5.50,5.70,5.50,5.10,5.00,4.80,4.50,5.00,6.40,6.80,6.70,7.30,7.10,7.30,7.60,7.60,7.90,7.30,7.50,7.60,7.80,0.80,1.20,1.60,2.10,2.60,2.90,3.40,3.70,3.90,3.70,4.00,4.30,3.70,3.80,4.10,4.30,4.40,4.50,4.70,4.90
SA2,Kayu Ara,7.20,7.10,6.90,6.50,6.30,6.20,6.70,6.40,6.10,5.90,5.70,5.40,5.00,4.70,5.20,5.50,5.90,5.90,5.90,5.70,5.50,5.10,4.70,4.60,4.10,3.90,3.40,3.90,4.30,4.60,5.00,5.20,5.60,5.50,5.90,6.30,6.10,6.50,6.30,6.20,6.00,5.70,5.20,5.50,5.40,5.30,5.00,4.80,5.00,5.20,5.40,5.60,5.90,6.00,6.20,5.40,5.30,5.00,4.80,5.00,5.20,5.40,5.60,5.90,6.00,6.20,5.80,6.30,6.60,6.80,7.10,7.50,7.60,7.60,7.70,8.00,7.60,8.00,7.70,7.50,7.60,7.30,6.90,6.10,6.90,6.60,5.60,5.00,5.30,5.60,6.00,6.50,7.00,6.60,5.90,9.50,8.90,8.20,7.50,6.80,5.90,5.00,4.10,4.20,3.40,3.10,2.50,2.00,2.60,3.00,3.70,4.10,4.40,4.70,4.80,5.10,4.90,5.10,5.20,4.90,5.00,5.30,5.50,4.90,5.10,5.20,5.30,5.50,5.90,6.00,6.10,4.10,4.90,5.30,5.50,6.00,6.40,6.30,6.70,6.90,7.10,6.80,7.00,7.10,6.80,6.40,5.90,6.10,5.90,5.50,5.40,5.20,4.90,5.40,6.80,7.20,7.10,7.70,7.50,7.70,8.00,8.00,8.30,7.70,7.90,8.00,8.20,1.20,0.80,1.30,1.90,2.30,2.60,3.10,3.50,3.70,4.20,3.80,4.20,3.60,3.70,3.90,4.10,4.30,4.40,4.60,4.80
SA3,BU 11,6.80,6.70,6.50,6.10,5.90,5.80,6.50,6.40,6.30,6.10,6.00,5.80,5.40,5.10,5.60,5.90,5.90,5.70,5.50,5.30,5.10,4.70,4.30,4.20,3.70,3.50,3.00,3.50,3.90,4.20,4.60,4.80,5.20,5.10,5.50,5.90,5.70,6.90,6.70,6.60,6.40,6.10,5.60,5.90,5.80,5.70,5.40,5.20,5.40,5.60,5.80,6.00,6.30,6.40,6.60,5.80,5.70,5.40,5.20,5.40,5.60,5.80,6.00,6.30,6.40,6.60,6.20,6.70,7.00,7.20,7.50,7.90,8.00,8.00,8.10,8.40,8.00,7.80,7.80,7.50,7.30,6.90,6.50,5.70,7.30,7.00,6.00,5.40,5.70,6.00,6.40,6.90,7.40,7.00,6.30,9.10,8.50,7.80,7.10,6.40,5.50,4.60,4.50,4.60,3.80,3.50,2.90,2.40,3.00,3.40,4.10,4.50,4.80,5.10,5.20,5.50,5.30,5.50,5.60,5.30,5.40,5.70,5.90,5.30,5.50,5.60,5.70,5.90,6.30,6.40,6.50,4.50,5.30,5.70,5.90,6.40,6.80,6.70,7.10,7.30,7.50,7.20,7.40,7.50,7.20,6.80,6.30,6.50,6.30,5.90,5.80,5.60,5.30,5.80,7.20,7.60,7.50,8.10,7.90,8.10,8.40,8.40,8.70,8.10,8.30,8.40,8.60,1.60,1.30,0.80,1.40,2.00,2.20,3.10,3.10,3.50,3.90,4.20,3.90,4.30,3.50,3.80,4.00,4.10,4.20,4.40,4.70
SA5,Damansara Idaman,6.40,6.30,6.10,5.70,5.50,5.40,6.10,6.00,5.90,5.70,5.60,6.10,5.90,5.60,5.40,5.70,5.50,5.30,5.10,4.90,4.70,4.30,3.90,3.80,3.30,3.10,2.60,3.10,3.50,3.80,4.20,4.40,4.80,4.70,5.10,5.50,5.30,7.40,7.20,7.10,6.90,6.60,6.10,6.40,6.30,6.20,5.90,5.70,5.90,6.10,6.30,6.50,6.80,6.90,7.10,6.30,6.20,5.90,5.70,5.90,6.10,6.30,6.50,6.80,6.90,7.10,6.70,7.20,7.50,7.70,8.00,8.40,8.50,8.20,8.00,8.30,8.00,7.40,7.40,7.10,6.90,6.50,6.10,5.30,7.80,7.50,6.50,5.90,6.20,6.50,6.90,7.40,7.90,7.50,6.80,8.70,8.10,7.40,6.70,6.00,5.10,4.20,5.00,5.10,4.30,4.00,3.40,2.90,3.50,3.90,4.60,5.00,5.30,5.60,5.70,6.00,5.80,6.00,6.10,5.80,5.90,6.20,6.40,5.80,6.00,6.10,6.20,6.40,6.80,6.90,7.00,5.00,5.80,6.20,6.40,6.90,7.30,7.20,7.60,7.80,8.00,7.70,7.90,7.90,7.60,7.20,6.80,7.00,6.80,6.40,6.30,6.10,5.80,6.30,7.70,8.10,8.00,8.60,8.40,8.60,8.90,8.90,9.20,8.60,8.80,8.90,9.10,2.10,1.90,1.40,0.80,1.40,1.80,2.60,3.00,3.50,3.50,3.90,3.60,4.00,4.10,3.50,3.70,3.90,4.00,4.20,4.40
SA6,Subang,5.80,5.70,5.50,5.10,4.90,4.80,5.50,5.40,5.30,5.10,5.00,5.50,5.30,5.10,4.80,5.10,4.90,4.70,4.50,4.30,4.10,3.70,3.30,3.20,2.70,2.50,2.00,2.50,2.90,3.20,3.60,3.80,4.20,4.10,4.50,4.90,4.70,7.40,7.30,7.40,7.20,6.90,6.50,6.30,6.10,5.80,5.50,5.30,5.30,5.50,5.70,5.90,6.20,6.40,6.50,6.10,5.80,5.50,5.30,5.30,5.50,5.70,5.90,6.20,6.40,6.50,6.50,6.90,7.30,7.30,7.60,8.10,7.90,7.60,7.40,7.70,7.40,6.80,6.80,6.50,6.30,5.90,5.50,4.70,7.40,7.10,6.10,5.50,5.80,6.10,6.50,7.00,7.50,6.90,6.20,8.10,7.50,6.80,6.10,5.40,4.50,3.60,5.50,5.60,4.80,4.50,3.90,3.40,4.00,4.40,5.10,5.50,5.50,5.10,5.30,5.70,6.10,6.30,6.50,6.30,6.40,6.70,6.90,6.30,6.50,6.60,6.70,6.90,7.30,7.40,7.50,5.50,6.30,6.70,6.90,7.40,7.80,7.70,8.10,8.30,8.10,7.80,7.50,7.30,7.00,6.60,6.20,6.40,6.80,6.70,6.60,6.40,6.10,6.10,7.80,8.20,7.60,8.50,8.70,8.90,9.20,9.10,9.30,8.90,9.10,9.20,9.40,2.60,2.30,2.00,1.40,0.80,1.20,2.10,2.50,3.10,3.60,3.50,4.00,3.70,3.80,4.10,3.50,3.70,3.80,4.00,4.20
SA7,Glenmarie 2,5.40,5.30,5.10,4.70,4.50,4.40,5.10,5.00,4.90,4.70,4.60,5.10,4.90,4.70,4.40,4.70,4.50,4.30,4.10,3.90,3.70,3.30,2.90,2.80,2.30,2.10,1.60,2.10,2.50,2.80,3.20,3.40,3.80,3.70,4.10,4.50,4.30,7.00,6.90,7.00,6.80,6.50,6.10,5.90,5.70,5.40,5.10,4.90,4.90,5.10,5.30,5.50,5.80,6.00,6.10,5.70,5.40,5.10,4.90,4.90,5.10,5.30,5.50,5.80,6.00,6.10,6.10,6.50,6.90,6.90,7.20,7.70,7.50,7.20,7.00,7.30,7.00,6.40,6.40,6.10,5.90,5.50,5.10,4.30,7.00,6.70,5.70,5.10,5.40,5.70,6.10,6.60,7.10,6.50,5.80,7.70,7.10,6.40,5.70,5.00,4.10,3.20,5.80,5.90,5.10,4.80,4.20,3.70,4.30,4.70,5.40,5.60,5.10,4.70,4.90,5.30,5.70,5.90,6.10,6.60,6.70,6.90,7.20,6.60,6.80,6.90,7.00,7.20,7.60,7.70,7.40,5.80,6.60,7.00,7.20,7.70,8.10,8.00,8.20,7.90,7.70,7.40,7.10,6.90,6.60,6.20,5.80,6.00,6.40,6.30,6.20,6.00,5.70,5.70,7.40,7.80,7.20,8.10,8.30,8.50,8.80,8.70,8.90,8.50,8.70,8.80,9.00,2.90,2.60,2.20,1.80,1.20,0.80,1.90,2.10,3.10,3.40,3.80,3.80,4.20,3.70,4.00,4.20,3.50,3.70,3.80,4.10
SA9,Kerjaya,6.50,6.40,6.20,5.80,5.60,5.50,6.20,6.10,6.00,5.80,5.70,6.20,6.00,5.80,5.50,5.80,5.60,5.40,5.20,5.00,4.80,4.40,4.00,3.90,3.40,3.20,2.70,3.20,3.60,3.90,4.30,4.50,4.90,4.80,5.20,5.60,5.40,8.10,8.00,8.10,7.90,7.60,7.20,7.00,6.80,6.50,6.20,6.00,6.00,6.20,6.40,6.60,6.90,7.10,7.20,6.80,6.50,6.20,6.00,6.00,6.20,6.40,6.60,6.90,7.10,7.20,7.20,7.60,8.00,8.00,8.30,8.80,8.60,8.30,8.10,8.40,8.10,7.50,7.50,7.20,7.00,6.60,6.20,5.40,8.10,7.80,6.80,6.20,6.50,6.80,7.20,7.70,8.20,7.60,6.90,8.80,8.20,7.50,6.80,6.10,5.20,4.30,6.30,6.40,5.60,5.30,4.70,4.20,4.80,5.20,5.90,6.30,6.20,5.80,6.00,6.40,6.80,7.00,7.20,7.10,7.20,7.50,7.70,7.10,7.30,7.40,7.50,7.70,8.10,8.20,8.30,6.30,7.10,7.50,7.70,8.20,8.60,8.50,8.90,9.00,8.80,8.50,8.20,8.00,7.70,7.30,6.90,7.10,7.50,7.40,7.30,7.10,6.80,6.80,8.50,8.90,8.30,9.20,9.40,9.60,9.90,9.80,10.00,9.60,9.80,9.90,10.10,3.40,3.10,3.10,2.60,2.10,1.90,0.80,1.30,2.20,2.90,3.00,3.60,3.50,3.70,4.10,3.70,3.90,4.10,4.30,3.70
SA10,Stadium Shah Alam,6.70,6.60,6.40,6.00,5.80,5.70,6.40,6.30,6.20,6.00,5.90,6.40,6.20,6.00,5.70,6.00,5.80,5.60,5.40,5.20,5.00,4.60,4.20,4.10,3.60,3.40,2.90,3.40,3.80,4.10,4.50,4.70,5.10,5.00,5.40,5.80,5.60,8.30,8.20,8.30,8.10,7.80,7.40,7.20,7.00,6.70,6.40,6.20,6.20,6.40,6.60,6.80,7.10,7.30,7.40,7.00,6.70,6.40,6.20,6.20,6.40,6.60,6.80,7.10,7.30,7.40,7.40,7.80,8.20,8.20,8.50,9.00,8.80,8.50,8.30,8.60,8.30,7.70,7.70,7.40,7.20,6.80,6.40,5.60,8.30,8.00,7.00,6.40,6.70,7.00,7.40,7.90,8.40,7.80,7.10,9.00,8.40,7.70,7.00,6.30,5.40,4.50,6.60,6.70,5.90,5.60,5.00,4.50,5.10,5.50,6.20,6.60,6.40,6.00,6.20,6.60,7.00,7.20,7.40,7.40,7.50,7.80,8.00,7.40,7.60,7.70,7.80,8.00,8.40,8.50,8.60,6.60,7.40,7.80,8.00,8.50,8.90,8.80,9.20,9.20,9.00,8.70,8.40,8.20,7.90,7.50,7.10,7.30,7.70,7.60,7.50,7.30,7.00,7.00,8.70,9.10,8.50,9.40,9.60,9.80,10.10,10.00,10.20,9.80,10.00,10.10,10.30,3.70,3.50,3.10,3.00,2.50,2.10,1.30,0.80,2.00,2.50,3.00,3.20,3.70,3.40,3.80,4.20,3.70,3.90,4.10,3.50
SA12,Dato Menteri,7.70,7.60,7.40,7.00,6.80,6.70,7.40,7.30,7.20,7.00,6.90,7.40,7.20,7.00,6.70,7.00,6.80,6.60,6.40,6.20,6.00,5.60,5.20,5.10,4.60,4.40,3.90,4.40,4.80,5.10,5.50,5.70,6.10,6.00,6.40,6.80,6.60,9.20,9.00,8.90,8.70,8.40,7.90,8.20,8.00,7.70,7.40,7.20,7.20,7.40,7.60,7.80,8.10,8.30,8.40,8.00,7.70,7.40,7.20,7.20,7.40,7.60,7.80,8.10,8.30,8.40,8.40,8.80,9.20,9.20,9.50,10.00,9.80,9.50,9.30,9.60,9.30,8.70,8.70,8.40,8.20,7.80,7.40,6.60,9.30,9.00,8.00,7.40,7.70,8.00,8.40,8.90,9.40,8.80,8.10,10.00,9.40,8.70,8.00,7.30,6.40,5.50,6.80,6.90,6.10,5.80,5.20,4.70,5.30,5.70,6.40,6.80,7.10,7.00,7.20,7.60,7.60,7.80,7.90,7.60,7.70,8.00,8.20,7.60,7.80,7.90,8.00,8.20,8.60,8.70,8.80,6.80,7.60,8.00,8.20,8.70,9.10,9.00,9.40,9.60,9.80,9.50,9.40,9.20,8.90,8.50,8.10,8.30,8.60,8.20,8.10,7.90,7.60,8.00,9.50,9.90,9.50,10.40,10.20,10.40,10.70,10.70,11.00,10.40,10.60,10.70,10.90,3.90,3.70,3.50,3.50,3.10,3.10,2.20,2.00,0.80,1.60,1.90,2.70,2.90,3.10,3.60,3.50,3.70,3.90,4.20,3.90
SA14,UiTM Shah Alam,8.00,7.90,7.70,7.30,7.10,7.00,7.70,7.60,7.50,7.30,7.20,7.70,7.50,7.20,7.00,7.30,7.10,6.90,6.70,6.50,6.30,5.90,5.50,5.40,4.90,4.70,4.20,4.70,5.10,5.40,5.80,6.00,6.40,6.30,6.70,7.10,6.90,9.00,8.80,8.70,8.50,8.20,7.70,8.00,7.90,7.80,7.50,7.30,7.50,7.70,7.90,8.10,8.40,8.50,8.70,7.90,7.80,7.50,7.30,7.50,7.70,7.90,8.10,8.40,8.50,8.70,8.30,8.80,9.10,9.30,9.60,10.00,10.10,9.80,9.60,9.90,9.60,9.00,9.00,8.70,8.50,8.10,7.70,6.90,9.40,9.10,8.10,7.50,7.80,8.10,8.50,9.00,9.50,9.10,8.40,10.30,9.70,9.00,8.30,7.60,6.70,5.80,6.60,6.70,5.90,5.60,5.00,4.50,5.10,5.50,6.20,6.60,6.90,7.20,7.30,7.60,7.40,7.60,7.70,7.40,7.50,7.80,8.00,7.40,7.60,7.70,7.80,8.00,8.40,8.50,8.60,6.60,7.40,7.80,8.00,8.50,8.90,8.80,9.20,9.40,9.60,9.30,9.50,9.50,9.20,8.80,8.40,8.60,8.40,8.00,7.90,7.70,7.40,7.90,9.30,9.70,9.60,10.20,10.00,10.20,10.50,10.50,10.80,10.20,10.40,10.50,10.70,3.70,4.20,3.90,3.50,3.60,3.40,2.90,2.50,1.60,0.80,1.40,2.00,2.60,2.90,3.00,3.40,3.70,3.50,3.70,4.20
SA15,Seksyen 7 Shah Alam,8.40,8.30,8.10,7.70,7.50,7.40,8.10,8.00,7.90,7.70,7.60,8.10,7.80,7.50,7.40,7.70,7.50,7.30,7.10,6.90,6.70,6.30,5.90,5.80,5.30,5.10,4.60,5.10,5.50,5.80,6.20,6.40,6.80,6.70,7.10,7.50,7.30,9.30,9.10,9.00,8.80,8.50,8.00,8.30,8.20,8.10,7.80,7.60,7.80,8.00,8.20,8.40,8.70,8.80,9.00,8.20,8.10,7.80,7.60,7.80,8.00,8.20,8.40,8.70,8.80,9.00,8.60,9.10,9.40,9.60,9.90,10.30,10.40,10.20,10.00,10.30,10.00,9.40,9.40,9.10,8.90,8.50,8.10,7.30,9.70,9.40,8.40,7.80,8.10,8.40,8.80,9.30,9.80,9.40,8.70,10.70,10.10,9.40,8.70,8.00,7.10,6.20,6.90,7.00,6.20,5.90,5.30,4.80,5.40,5.80,6.50,6.90,7.20,7.50,7.60,7.90,7.70,7.90,8.00,7.70,7.80,8.10,8.30,7.70,7.90,8.00,8.10,8.30,8.70,8.80,8.90,6.90,7.70,8.10,8.30,8.80,9.20,9.10,9.50,9.70,9.90,9.60,9.80,9.90,9.60,9.20,8.70,8.90,8.70,8.30,8.20,8.00,7.70,8.20,9.60,10.00,9.90,10.50,10.30,10.50,10.80,10.80,11.10,10.50,10.70,10.80,11.00,4.00,3.80,4.20,3.90,3.50,3.80,3.00,3.00,1.90,1.40,0.80,1.60,2.10,2.40,2.90,3.10,3.30,3.60,3.90,3.80
SA17,Bandar Baru Klang,8.40,8.30,8.10,7.70,7.50,7.40,8.10,8.00,7.90,7.70,7.60,8.10,7.90,7.70,7.40,7.70,7.50,7.30,7.10,6.90,6.70,6.30,5.90,5.80,5.30,5.10,4.60,5.10,5.50,5.80,6.20,6.40,6.80,6.70,7.10,7.50,7.30,9.60,9.40,9.30,9.10,8.80,8.30,8.60,8.50,8.40,8.10,7.90,7.90,8.10,8.30,8.50,8.80,9.00,9.10,8.50,8.40,8.10,7.90,7.90,8.10,8.30,8.50,8.80,9.00,9.10,8.90,9.40,9.70,9.90,10.20,10.60,10.50,10.20,10.00,10.30,10.00,9.40,9.40,9.10,8.90,8.50,8.10,7.30,10.00,9.70,8.70,8.10,8.40,8.70,9.10,9.60,10.10,9.50,8.80,10.70,10.10,9.40,8.70,8.00,7.10,6.20,7.20,7.30,6.50,6.20,5.60,5.10,5.70,6.10,6.80,7.20,7.50,7.70,7.90,8.20,8.00,8.20,8.30,8.00,8.10,8.40,8.60,8.00,8.20,8.30,8.40,8.60,9.00,9.10,9.20,7.20,8.00,8.40,8.60,9.10,9.50,9.40,9.80,10.00,10.20,9.90,10.10,9.90,9.60,9.20,8.80,9.00,9.00,8.60,8.50,8.30,8.00,8.50,9.90,10.30,10.20,10.80,10.60,10.80,11.10,11.10,11.40,10.80,11.00,11.10,11.30,4.30,4.20,3.90,3.60,4.00,3.80,3.60,3.20,2.70,2.00,1.60,0.80,1.50,1.80,2.20,2.70,3.10,3.00,3.30,3.80
SA18,Pasar Klang,8.80,8.70,8.50,8.10,7.90,7.80,8.50,8.40,8.30,8.10,8.00,7.90,7.50,7.20,7.70,8.00,7.90,7.70,7.50,7.30,7.10,6.70,6.30,6.20,5.70,5.50,5.00,5.50,5.90,6.20,6.60,6.80,7.20,7.10,7.50,7.90,7.70,9.00,8.80,8.70,8.50,8.20,7.70,8.00,7.90,7.80,7.50,7.30,7.50,7.70,7.90,8.10,8.40,8.50,8.70,7.90,7.80,7.50,7.30,7.50,7.70,7.90,8.10,8.40,8.50,8.70,8.30,8.80,9.10,9.30,9.60,10.00,10.10,10.10,10.20,10.50,10.10,9.80,9.80,9.50,9.30,8.90,8.50,7.70,9.40,9.10,8.10,7.50,7.80,8.10,8.50,9.00,9.50,9.10,8.40,11.10,10.50,9.80,9.10,8.40,7.50,6.60,6.60,6.70,5.90,5.60,5.00,4.50,5.10,5.50,6.20,6.60,6.90,7.20,7.30,7.60,7.40,7.60,7.70,7.40,7.50,7.80,8.00,7.40,7.60,7.70,7.80,8.00,8.40,8.50,8.60,6.60,7.40,7.80,8.00,8.50,8.90,8.80,9.20,9.40,9.60,9.30,9.50,9.60,9.30,8.90,8.40,8.60,8.40,8.00,7.90,7.70,7.40,7.90,9.30,9.70,9.60,10.20,10.00,10.20,10.50,10.50,10.80,10.20,10.40,10.50,10.70,3.70,3.60,4.30,4.00,3.70,4.20,3.50,3.70,2.90,2.60,2.10,1.50,0.80,1.10,1.70,2.10,2.50,2.80,3.20,3.40
SA19,Jalan Meru,8.30,8.20,8.00,7.60,7.40,7.30,8.00,7.90,7.80,7.60,7.50,8.00,7.60,7.30,7.30,7.60,7.40,7.20,7.00,6.80,6.60,6.20,5.80,5.70,5.20,5.00,4.50,5.00,5.40,5.70,6.10,6.30,6.70,6.60,7.00,7.40,7.20,9.10,8.90,8.80,8.60,8.30,7.80,8.10,8.00,7.90,7.60,7.40,7.60,7.80,8.00,8.20,8.50,8.60,8.80,8.00,7.90,7.60,7.40,7.60,7.80,8.00,8.20,8.50,8.60,8.80,8.40,8.90,9.20,9.40,9.70,10.10,10.20,10.10,9.90,10.20,9.90,9.30,9.30,9.00,8.80,8.40,8.00,7.20,9.50,9.20,8.20,7.60,7.90,8.20,8.60,9.10,9.60,9.20,8.50,10.60,10.00,9.30,8.60,7.90,7.00,6.10,6.70,6.80,6.00,5.70,5.10,4.60,5.20,5.60,6.30,6.70,7.00,7.30,7.40,7.70,7.50,7.70,7.80,7.50,7.60,7.90,8.10,7.50,7.70,7.80,7.90,8.10,8.50,8.60,8.70,6.70,7.50,7.90,8.10,8.60,9.00,8.90,9.30,9.50,9.70,9.40,9.60,9.70,9.40,9.00,8.50,8.70,8.50,8.10,8.00,7.80,7.50,8.00,9.40,9.80,9.70,10.30,10.10,10.30,10.60,10.60,10.90,10.30,10.50,10.60,10.80,3.80,3.70,3.50,4.10,3.80,3.70,3.70,3.40,3.10,2.90,2.40,1.80,1.10,0.80,1.40,2.00,2.20,2.50,2.90,3.10
SA20,Jambatan Kota,8.60,8.50,8.30,7.90,7.70,7.60,8.30,8.20,8.10,7.90,7.80,8.30,7.90,7.60,7.60,7.90,7.70,7.50,7.30,7.10,6.90,6.50,6.10,6.00,5.50,5.30,4.80,5.30,5.70,6.00,6.40,6.60,7.00,6.90,7.30,7.70,7.50,9.40,9.20,9.10,8.90,8.60,8.10,8.40,8.30,8.20,7.90,7.70,7.90,8.10,8.30,8.50,8.80,8.90,9.10,8.30,8.20,7.90,7.70,7.90,8.10,8.30,8.50,8.80,8.90,9.10,8.70,9.20,9.50,9.70,10.00,10.40,10.50,10.40,10.20,10.50,10.20,9.60,9.60,9.30,9.10,8.70,8.30,7.50,9.80,9.50,8.50,7.90,8.20,8.50,8.90,9.40,9.90,9.50,8.80,10.90,10.30,9.60,8.90,8.20,7.30,6.40,7.00,7.10,6.30,6.00,5.40,4.90,5.50,5.90,6.60,7.00,7.30,7.60,7.70,8.00,7.80,8.00,8.10,7.80,7.90,8.20,8.40,7.80,8.00,8.10,8.20,8.40,8.80,8.90,9.00,7.00,7.80,8.20,8.40,8.90,9.30,9.20,9.60,9.80,10.00,9.70,9.90,10.00,9.70,9.30,8.80,9.00,8.80,8.40,8.30,8.10,7.80,8.30,9.70,10.10,10.00,10.60,10.40,10.60,10.90,10.90,11.20,10.60,10.80,10.90,11.10,4.10,3.90,3.80,3.50,4.10,4.00,4.10,3.80,3.60,3.00,2.90,2.20,1.70,1.40,0.80,1.40,1.70,2.00,2.30,3.00
SA21,Taman Selatan,8.80,8.70,8.50,8.10,7.90,7.80,8.50,8.40,8.30,8.10,8.00,8.50,8.10,7.80,7.80,8.10,7.90,7.70,7.50,7.30,7.10,6.70,6.30,6.20,5.70,5.50,5.00,5.50,5.90,6.20,6.60,6.80,7.20,7.10,7.50,7.90,7.70,9.60,9.40,9.30,9.10,8.80,8.30,8.60,8.50,8.40,8.10,7.90,8.10,8.30,8.50,8.70,9.00,9.10,9.30,8.50,8.40,8.10,7.90,8.10,8.30,8.50,8.70,9.00,9.10,9.30,8.90,9.40,9.70,9.90,10.20,10.60,10.70,10.60,10.40,10.70,10.40,9.80,9.80,9.50,9.30,8.90,8.50,7.70,10.00,9.70,8.70,8.10,8.40,8.70,9.10,9.60,10.10,9.70,9.00,11.10,10.50,9.80,9.10,8.40,7.50,6.60,7.20,7.30,6.50,6.20,5.60,5.10,5.70,6.10,6.80,7.20,7.50,7.80,7.90,8.20,8.00,8.20,8.30,8.00,8.10,8.40,8.60,8.00,8.20,8.30,8.40,8.60,9.00,9.10,9.20,7.20,8.00,8.40,8.60,9.10,9.50,9.40,9.80,10.00,10.20,9.90,10.10,10.20,9.90,9.50,9.00,9.20,9.00,8.60,8.50,8.30,8.00,8.50,9.90,10.30,10.20,10.80,10.60,10.80,11.10,11.10,11.40,10.80,11.00,11.10,11.30,4.30,4.10,4.00,3.70,3.50,4.20,3.70,4.20,3.50,3.40,3.10,2.70,2.10,2.00,1.40,0.80,1.20,1.60,2.00,2.50
SA22,Seri Andalas,8.10,8.00,7.80,7.40,7.20,7.10,7.80,7.70,7.60,7.40,7.30,7.80,7.60,7.40,7.10,7.40,7.20,7.00,6.80,6.60,6.40,6.00,5.60,5.50,5.00,4.80,4.30,4.80,5.20,5.50,5.90,6.10,6.50,6.40,6.80,7.20,7.00,9.70,9.50,9.40,9.20,8.90,8.40,8.60,8.40,8.10,7.80,7.60,7.60,7.80,8.00,8.20,8.50,8.70,8.80,8.40,8.10,7.80,7.60,7.60,7.80,8.00,8.20,8.50,8.70,8.80,8.80,9.20,9.60,9.60,9.90,10.40,10.20,9.90,9.70,10.00,9.70,9.10,9.10,8.80,8.60,8.20,7.80,7.00,9.70,9.40,8.40,7.80,8.10,8.40,8.80,9.30,9.80,9.20,8.50,10.40,9.80,9.10,8.40,7.70,6.80,5.90,7.30,7.40,6.60,6.30,5.70,5.20,5.80,6.20,6.90,7.30,7.60,7.40,7.60,8.00,8.10,8.30,8.40,8.10,8.20,8.50,8.70,8.10,8.30,8.40,8.50,8.70,9.10,9.20,9.30,7.30,8.10,8.50,8.70,9.20,9.60,9.50,9.90,10.10,10.30,10.00,9.80,9.60,9.30,8.90,8.50,8.70,9.10,8.70,8.60,8.40,8.10,8.40,10.00,10.40,9.90,10.80,10.70,10.90,11.20,11.20,11.50,10.90,11.10,11.20,11.40,4.40,4.30,4.10,3.90,3.70,3.50,3.90,3.70,3.70,3.70,3.30,3.10,2.50,2.20,1.70,1.20,0.80,1.20,1.60,2.10
SA23,Klang Jaya,8.30,8.20,8.00,7.60,7.40,7.30,8.00,7.90,7.80,7.60,7.50,8.00,7.80,7.60,7.30,7.60,7.40,7.20,7.00,6.80,6.60,6.20,5.80,5.70,5.20,5.00,4.50,5.00,5.40,5.70,6.10,6.30,6.70,6.60,7.00,7.40,7.20,9.80,9.60,9.50,9.30,9.00,8.50,8.80,8.60,8.30,8.00,7.80,7.80,8.00,8.20,8.40,8.70,8.90,9.00,8.60,8.30,8.00,7.80,7.80,8.00,8.20,8.40,8.70,8.90,9.00,9.00,9.40,9.80,9.80,10.10,10.60,10.40,10.10,9.90,10.20,9.90,9.30,9.30,9.00,8.80,8.40,8.00,7.20,9.90,9.60,8.60,8.00,8.30,8.60,9.00,9.50,10.00,9.40,8.70,10.60,10.00,9.30,8.60,7.90,7.00,6.10,7.40,7.50,6.70,6.40,5.80,5.30,5.90,6.30,7.00,7.40,7.70,7.60,7.80,8.20,8.20,8.40,8.50,8.20,8.30,8.60,8.80,8.20,8.40,8.50,8.60,8.80,9.20,9.30,9.40,7.40,8.20,8.60,8.80,9.30,9.70,9.60,10.00,10.20,10.40,10.10,10.00,9.80,9.50,9.10,8.70,8.90,9.20,8.80,8.70,8.50,8.20,8.60,10.10,10.50,10.10,11.00,10.80,11.00,11.30,11.30,11.60,11.00,11.20,11.30,11.50,4.50,4.40,4.20,4.00,3.80,3.70,4.10,3.90,3.90,3.50,3.60,3.00,2.80,2.50,2.00,1.60,1.20,0.80,1.20,2.00
SA24,Bandar Bukit Tinggi,8.40,8.30,8.10,7.70,7.50,7.40,8.10,8.00,7.90,7.70,7.60,8.10,7.90,7.70,7.40,7.70,7.50,7.30,7.10,6.90,6.70,6.30,5.90,5.80,5.30,5.10,4.60,5.10,5.50,5.80,6.20,6.40,6.80,6.70,7.10,7.50,7.30,10.00,9.80,9.70,9.50,9.20,8.70,8.90,8.70,8.40,8.10,7.90,7.90,8.10,8.30,8.50,8.80,9.00,9.10,8.70,8.40,8.10,7.90,7.90,8.10,8.30,8.50,8.80,9.00,9.10,9.10,9.50,9.90,9.90,10.20,10.70,10.50,10.20,10.00,10.30,10.00,9.40,9.40,9.10,8.90,8.50,8.10,7.30,10.00,9.70,8.70,8.10,8.40,8.70,9.10,9.60,10.10,9.50,8.80,10.70,10.10,9.40,8.70,8.00,7.10,6.20,7.60,7.70,6.90,6.60,6.00,5.50,6.10,6.50,7.20,7.60,7.90,7.70,7.90,8.30,8.40,8.60,8.70,8.40,8.50,8.80,9.00,8.40,8.60,8.70,8.80,9.00,9.40,9.50,9.60,7.60,8.40,8.80,9.00,9.50,9.90,9.80,10.20,10.40,10.60,10.30,10.10,9.90,9.60,9.20,8.80,9.00,9.40,9.00,8.90,8.70,8.40,8.70,10.30,10.70,10.20,11.10,11.00,11.20,11.50,11.50,11.80,11.20,11.40,11.50,11.70,4.70,4.60,4.40,4.20,4.00,3.80,4.30,4.10,4.20,3.70,3.90,3.30,3.20,2.90,2.30,2.00,1.60,1.20,0.80,1.50
SA26,Johan Setia,8.70,8.60,8.40,8.00,7.80,7.70,8.40,8.30,8.20,8.00,7.90,8.40,8.20,8.00,7.70,8.00,7.80,7.60,7.40,7.20,7.00,6.60,6.20,6.10,5.60,5.40,4.90,5.40,5.80,6.10,6.50,6.70,7.10,7.00,7.40,7.80,7.60,10.20,10.00,9.90,9.70,9.40,8.90,9.20,9.00,8.70,8.40,8.20,8.20,8.40,8.60,8.80,9.10,9.30,9.40,9.00,8.70,8.40,8.20,8.20,8.40,8.60,8.80,9.10,9.30,9.40,9.40,9.80,10.20,10.20,10.50,11.00,10.80,10.50,10.30,10.60,10.30,9.70,9.70,9.40,9.20,8.80,8.40,7.60,10.30,10.00,9.00,8.40,8.70,9.00,9.40,9.90,10.40,9.80,9.10,11.00,10.40,9.70,9.00,8.30,7.40,6.50,7.80,7.90,7.10,6.80,6.20,5.70,6.30,6.70,7.40,7.80,8.10,8.00,8.20,8.60,8.60,8.80,8.90,8.60,8.70,9.00,9.20,8.60,8.80,8.90,9.00,9.20,9.60,9.70,9.80,7.80,8.60,9.00,9.20,9.70,10.10,10.00,10.40,10.60,10.80,10.50,10.40,10.20,9.90,9.50,9.10,9.30,9.60,9.20,9.10,8.90,8.60,9.00,10.50,10.90,10.50,11.40,11.20,11.40,11.70,11.70,12.00,11.40,11.60,11.70,11.90,4.90,4.80,4.70,4.40,4.20,4.10,3.70,3.50,3.90,4.20,3.80,3.80,3.40,3.10,3.00,2.50,2.10,2.00,1.50,0.80
