Code,OriginStation,KJ1,KJ2,KJ3,KJ4,KJ5,KJ6,KJ7,KJ8,KJ9,KJ10,KJ11,KJ12,KJ13,KJ14,KJ15,KJ16,KJ17,KJ18,KJ19,KJ20,KJ21,KJ22,KJ23,KJ24,KJ25,KJ26,KJ27,KJ28,KJ29,KJ30,KJ31,KJ32,KJ33,KJ34,KJ35,KJ36,KJ37,AG18,AG17,AG16,AG15,AG14,AG13,AG12,AG11;SP11,AG10;SP10,AG9;SP9,AG8;SP8,AG7;SP7,AG6;SP6,AG5;SP5,AG4;SP4,AG3S;SP3,AG2;SP2,AG1;SP1,SP12,SP13,SP14,SP15,SP16,SP17,SP18,SP19,SP20,SP21,SP22,SP24,SP25,SP26,SP27,SP28,SP29,SP31,MR1,MR2,MR3,MR4,MR5,MR6,MR7,MR8,MR9,MR10,MR11,BRT1,BRT2,BRT3,BRT4,BRT5,BRT6,BRT7,KG04,KG05,KG06,KG07,KG08,KG09,KG10,KG12,KG13,KG14,KG15,KG16,KG17,KG18A,KG20,KG21,KG22,KG23,KG24,KG25,KG26,KG27,KG28,KG29,KG30,KG31,KG33,KG34,KG35,PY01,PY03,PY04,PY05,PY06,PY07,PY08,PY09,PY10,PY11,PY12,PY13,PY14,PY15,PY16,PY17,PY18,PY19,PY20,PY21,PY22,PY23,PY24,PY27,PY28,PY29,PY31,PY32,PY33,PY34,PY36,PY37,PY38,PY39,PY40,PY41,SA1,SA2,SA3,SA5,SA6,SA7,SA9,SA10,SA12,SA14,SA15,SA17,SA18,SA19,SA20,SA21,SA22,SA23,SA24,SA26
KJ1,Gombak,0.80,1.20,1.60,1.70,2.30,2.50,2.40,2.50,2.70,2.80,3.00,2.70,2.90,3.00,3.20,3.40,3.40,3.00,3.10,2.60,2.70,2.80,2.90,2.90,3.10,3.20,3.30,3.40,3.50,3.60,3.80,3.80,3.90,4.00,4.10,4.20,4.30,4.60,4.40,4.70,4.50,4.30,4.00,3.80,3.70,3.50,3.30,3.10,2.90,3.10,3.20,3.40,3.60,3.70,3.80,4.00,4.30,4.60,4.60,4.80,5.10,4.80,5.00,5.20,5.30,4.90,5.20,4.60,4.70,4.80,4.90,4.90,4.30,4.80,4.50,3.80,3.30,3.50,3.80,4.10,4.50,4.70,4.10,3.60,7.40,6.80,6.30,5.70,5.20,4.50,3.80,5.10,5.00,5.20,5.00,5.00,4.90,4.60,4.60,4.10,3.70,3.30,3.00,3.10,3.40,3.70,3.90,4.00,4.40,4.60,4.60,4.90,5.20,5.00,5.20,5.30,5.00,5.30,5.40,4.80,5.10,5.50,5.80,5.60,5.80,5.50,5.30,5.40,5.20,5.00,4.80,4.60,4.4,4.2,3.9,3.6,3.7,4.1,4.3,4.2,4,3.7,3.7,4.8,5.1,4.8,5.4,5.6,5.7,5.7,5.5,5.6,5.6,5.5,5.6,5.7,5.70,5.50,5.20,4.80,4.40,4.10,4.90,5.10,5.90,6.00,6.30,6.30,6.50,6.20,6.40,6.40,6.10,6.20,6.30,6.50
KJ2,Taman Melati,1.20,0.80,1.30,1.50,2.00,2.20,2.30,2.50,2.40,2.50,2.70,2.90,3.10,2.80,3.00,3.20,3.20,2.80,2.90,3.20,3.20,2.70,2.80,2.80,3.10,3.10,3.20,3.30,3.40,3.50,3.60,3.70,3.80,3.90,4.00,4.10,4.20,4.50,4.60,4.60,4.40,4.20,3.90,3.80,3.60,3.40,3.20,3.00,3.10,3.30,3.40,3.60,3.80,3.90,4.00,3.90,4.20,4.50,4.50,4.70,5.10,5.00,5.00,5.10,5.30,4.90,5.20,4.80,4.80,4.80,4.90,4.80,4.20,4.70,4.40,3.70,3.20,3.40,3.70,4.00,4.40,4.80,4.30,3.80,7.20,6.60,6.10,5.50,5.00,4.30,3.60,4.90,4.80,5.00,4.80,5.00,4.70,4.40,4.50,3.90,3.50,3.10,2.80,3.00,3.20,3.60,3.70,3.90,4.30,4.50,4.40,4.70,5.00,4.80,5.00,5.10,4.80,5.10,5.20,4.60,4.90,5.50,5.80,5.70,6.00,5.70,5.50,5.50,5.40,5.20,5.00,4.80,4.6,4.4,4.1,3.8,3.9,4.3,4.1,4,3.8,3.6,3.6,5,5.3,4.7,5.6,5.5,5.6,5.8,5.7,5.8,5.4,5.5,5.6,5.7,5.50,5.40,5.10,4.70,4.30,4.00,4.80,5.00,5.80,5.90,6.20,6.20,6.40,6.10,6.30,6.30,6.00,6.10,6.20,6.40
KJ3,Wangsa Maju,1.60,1.30,0.80,1.50,1.70,1.80,1.90,2.00,2.30,2.40,2.40,2.60,2.80,2.90,2.80,2.90,2.90,3.20,3.30,3.00,3.00,3.20,2.60,2.70,2.90,3.00,3.10,3.20,3.30,3.40,3.50,3.60,3.70,3.70,3.90,4.00,4.10,4.50,4.30,4.60,4.40,4.20,3.90,3.70,3.60,3.40,3.20,3.00,2.80,3.00,3.10,3.30,3.50,3.60,3.70,3.90,4.20,4.50,4.50,4.70,5.00,4.70,4.90,5.10,5.20,4.80,5.10,4.50,4.60,4.70,4.80,4.70,4.10,4.70,4.40,3.70,3.20,3.40,3.70,4.00,4.40,4.60,4.00,3.50,7.10,6.50,6.00,5.40,4.90,4.20,3.50,5.00,4.90,5.10,4.90,4.90,4.80,4.50,4.50,4.00,3.60,3.20,2.90,3.00,3.30,3.60,3.80,3.90,4.30,4.50,4.50,4.80,5.10,4.90,5.10,5.20,4.90,5.20,5.30,4.70,5.00,5.40,5.70,5.50,5.70,5.40,5.20,5.30,5.10,4.90,4.70,4.50,4.3,4.1,3.8,3.5,3.6,4,4.2,4.1,3.9,3.6,3.6,4.7,5,4.7,5.3,5.5,5.6,5.6,5.4,5.5,5.5,5.4,5.5,5.6,5.50,5.30,5.00,4.60,4.20,3.90,4.70,4.90,5.70,5.80,6.10,6.10,6.30,6.00,6.20,6.20,5.90,6.00,6.10,6.30
KJ4,Sri Rampai,1.70,1.50,1.50,0.80,1.40,1.60,1.70,1.80,2.00,2.20,2.40,2.40,2.60,2.80,3.00,2.70,2.90,3.00,3.10,2.80,2.90,3.10,3.20,2.60,2.70,2.80,2.90,3.00,3.10,3.20,3.30,3.40,3.50,3.50,3.70,3.80,3.90,4.30,4.10,4.40,4.20,4.00,3.70,3.50,3.40,3.20,3.00,2.80,2.60,2.80,2.90,3.10,3.30,3.40,3.50,3.70,4.00,4.30,4.30,4.50,4.80,4.50,4.70,4.90,5.00,4.60,4.90,4.30,4.40,4.50,4.60,4.50,3.90,4.50,4.20,3.50,3.00,3.20,3.50,3.80,4.20,4.40,3.80,3.30,6.90,6.30,5.80,5.20,4.70,4.00,3.30,4.90,4.80,5.00,4.80,4.70,4.70,4.40,4.30,3.90,3.50,3.10,2.80,2.80,3.10,3.40,3.70,3.70,4.10,4.30,4.30,4.60,4.90,4.70,4.90,5.00,4.80,5.00,5.10,4.50,4.90,5.20,5.50,5.30,5.50,5.20,5.00,5.10,4.90,4.70,4.50,4.30,4.1,3.9,3.6,3.3,3.4,3.8,4,4,3.8,3.4,3.4,4.5,4.8,4.5,5.1,5.3,5.4,5.4,5.2,5.3,5.4,5.2,5.3,5.4,5.30,5.10,4.80,4.40,4.00,3.70,4.50,4.70,5.50,5.60,5.90,5.90,6.10,5.80,6.00,6.00,5.70,5.80,5.90,6.10
KJ5,Setiawangsa,2.30,2.00,1.70,1.40,0.80,1.00,1.20,1.30,1.60,1.70,1.90,2.10,2.40,2.60,2.60,2.70,2.90,3.10,2.80,3.10,3.20,2.80,3.00,3.10,3.20,3.30,2.70,2.80,2.90,3.00,3.10,3.20,3.30,3.30,3.50,3.60,3.70,4.20,4.00,4.30,4.10,3.90,3.60,3.40,3.30,3.10,2.90,2.60,2.40,2.60,2.80,3.00,3.20,3.30,3.40,3.60,3.90,4.20,4.20,4.40,4.70,4.40,4.60,4.80,4.90,4.50,4.80,4.20,4.30,4.40,4.50,4.30,3.70,4.40,4.10,3.40,2.90,3.10,3.40,3.70,4.10,4.30,3.70,3.20,6.70,6.10,5.60,5.00,4.50,3.80,3.10,4.80,4.70,4.90,4.70,4.60,4.60,4.30,4.20,3.80,3.40,3.00,2.60,2.60,3.00,3.30,3.60,3.60,4.00,4.20,4.20,4.50,4.80,4.60,4.80,4.90,4.70,4.90,5.00,4.40,4.80,5.10,5.40,5.20,5.40,5.10,4.90,5.00,4.80,4.60,4.40,4.20,4,3.8,3.5,3.2,3.3,3.7,3.9,3.9,3.7,3.3,3.3,4.4,4.7,4.4,5,5.2,5.3,5.3,5.1,5.2,5.3,5.1,5.2,5.3,5.10,4.90,4.60,4.20,3.80,3.50,4.30,4.50,5.30,5.40,5.70,5.70,5.90,5.60,5.80,5.80,5.50,5.60,5.70,5.90
KJ6,Jelatek,2.50,2.20,1.80,1.60,1.00,0.80,0.90,1.10,1.40,1.60,1.70,1.90,2.20,2.40,2.40,2.60,2.80,2.90,3.00,3.00,3.10,3.30,2.90,3.00,3.10,3.20,2.60,2.70,2.80,2.90,3.00,3.10,3.20,3.30,3.40,3.50,3.60,4.00,3.80,4.10,3.90,3.70,3.40,3.20,3.10,2.90,2.60,2.40,2.20,2.40,2.50,2.70,3.00,3.10,3.20,3.40,3.70,4.00,4.00,4.20,4.50,4.20,4.40,4.60,4.70,4.30,4.60,4.00,4.10,4.20,4.30,4.20,3.60,4.20,3.90,3.20,2.60,2.90,3.20,3.50,3.90,4.10,3.50,3.00,6.60,6.00,5.50,4.90,4.40,3.70,3.00,4.60,4.50,4.70,4.50,4.40,4.40,4.10,4.00,3.60,3.20,2.80,2.40,2.40,2.70,3.10,3.40,3.40,3.80,4.00,4.00,4.30,4.60,4.40,4.60,4.70,4.50,4.70,4.80,4.20,4.60,4.90,5.20,5.00,5.20,4.90,4.70,4.80,4.60,4.40,4.20,4.00,3.8,3.6,3.3,3,3.1,3.5,3.7,3.7,3.5,3.1,3.1,4.2,4.5,4.2,4.8,5,5.1,5.1,4.9,5,5.1,4.9,5,5.1,5.00,4.80,4.50,4.10,3.70,3.40,4.20,4.40,5.20,5.30,5.60,5.60,5.80,5.50,5.70,5.70,5.40,5.50,5.60,5.80
KJ7,Dato Keramat,2.40,2.30,1.90,1.70,1.20,0.90,0.80,1.00,1.20,1.50,1.70,1.80,2.10,2.30,2.60,2.50,2.70,2.80,2.90,2.90,3.00,3.20,2.80,2.90,3.10,3.10,3.30,2.70,2.80,2.90,3.00,3.10,3.20,3.20,3.40,3.50,3.60,3.90,3.70,4.00,3.80,3.60,3.30,3.10,3.00,2.70,2.50,2.30,2.10,2.30,2.40,2.60,2.90,3.00,3.10,3.30,3.60,3.90,3.90,4.10,4.40,4.10,4.30,4.50,4.60,4.20,4.50,3.90,4.00,4.10,4.20,4.20,3.60,4.10,3.80,3.10,2.50,2.80,3.10,3.40,3.80,4.00,3.40,2.90,6.60,6.00,5.50,4.90,4.40,3.70,3.00,4.50,4.40,4.60,4.40,4.30,4.30,4.00,3.90,3.50,3.10,2.60,2.30,2.30,2.60,3.00,3.30,3.30,3.70,3.90,3.90,4.20,4.50,4.30,4.50,4.60,4.40,4.60,4.70,4.10,4.50,4.80,5.10,4.90,5.10,4.80,4.60,4.70,4.50,4.30,4.10,3.90,3.7,3.5,3.2,2.9,3,3.4,3.6,3.6,3.4,3,3,4.1,4.4,4.1,4.7,4.9,5,5,4.8,4.9,5,4.8,4.9,5,5.10,5.40,5.20,4.80,4.40,4.10,4.90,5.10,5.90,6.00,6.30,6.30,6.50,6.20,6.40,6.40,6.10,6.20,6.30,6.50
KJ8,Damai,2.50,2.50,2.00,1.80,1.30,1.10,1.00,0.80,1.10,1.30,1.50,1.60,1.90,2.10,2.40,2.40,2.60,2.70,2.80,2.80,2.90,3.10,3.30,2.80,3.00,3.10,3.20,2.60,2.70,2.80,2.90,3.00,3.10,3.20,3.30,3.40,3.50,3.70,3.50,3.80,3.60,3.40,3.10,2.90,2.70,2.50,2.30,2.10,1.90,2.10,2.20,2.40,2.60,2.70,2.90,3.10,3.40,3.70,3.70,3.90,4.20,3.90,4.10,4.30,4.40,4.00,4.30,3.70,3.80,3.90,4.00,4.10,3.50,3.90,3.60,2.90,2.30,2.60,2.90,3.20,3.60,3.80,3.20,2.60,6.50,5.90,5.40,4.80,4.30,3.60,2.90,4.30,4.20,4.40,4.20,4.10,4.10,3.80,3.70,3.30,2.90,2.40,2.10,2.10,2.40,2.70,3.10,3.10,3.50,3.70,3.70,4.00,4.30,4.10,4.30,4.40,4.20,4.40,4.50,3.90,4.30,4.60,4.90,4.70,4.90,4.60,4.40,4.50,4.30,4.10,3.90,3.70,3.5,3.3,3,2.6,2.7,3.2,3.4,3.4,3.2,2.7,2.7,3.9,4.2,3.9,4.5,4.7,4.8,4.8,4.6,4.7,4.8,4.6,4.7,4.8,4.90,5.20,5.10,4.70,4.30,4.00,4.80,5.00,5.80,5.90,6.20,6.20,6.40,6.10,6.30,6.30,6.00,6.10,6.20,6.40
KJ9,Ampang Park,2.70,2.40,2.30,2.00,1.60,1.40,1.20,1.10,0.80,1.00,1.30,1.50,1.70,1.90,2.20,2.40,2.40,2.50,2.60,3.00,2.70,3.00,3.10,3.30,2.90,3.00,3.10,3.30,2.70,2.70,2.90,2.90,3.00,3.10,3.20,3.30,3.50,3.50,3.30,3.60,3.40,3.20,2.90,2.60,2.50,2.30,2.10,1.90,1.70,1.90,2.00,2.20,2.40,2.50,2.60,2.90,3.20,3.50,3.50,3.70,4.00,3.70,3.90,4.10,4.20,3.80,4.10,3.50,3.60,3.70,3.80,3.90,3.50,3.70,3.40,2.70,2.10,2.40,2.70,3.00,3.40,3.60,3.00,2.40,6.50,5.90,5.40,4.80,4.30,3.60,2.90,4.10,4.00,4.20,4.00,3.90,3.90,3.60,3.50,3.10,2.60,2.20,1.90,1.90,2.20,2.50,2.90,2.90,3.30,3.50,3.50,3.80,4.10,3.90,4.10,4.20,4.00,4.20,4.30,3.70,4.10,4.40,4.70,4.50,4.70,4.40,4.20,4.30,4.10,3.90,3.70,3.50,3.3,3.1,2.7,2.4,2.5,3,3.2,3.2,3,2.5,2.5,3.7,4,3.7,4.3,4.5,4.6,4.6,4.4,4.5,4.6,4.4,4.5,4.6,4.70,5.00,5.00,4.60,4.20,3.90,4.70,4.90,5.70,5.80,6.10,6.10,6.30,6.00,6.20,6.20,5.90,6.00,6.10,6.30
KJ10,KLCC,2.80,2.50,2.40,2.20,1.70,1.60,1.50,1.30,1.00,0.80,1.10,1.30,1.60,1.70,2.00,2.20,2.50,2.40,2.50,2.90,3.00,2.80,3.00,3.10,3.30,2.90,3.00,3.20,2.60,2.70,2.80,2.90,3.00,3.00,3.20,3.30,3.40,3.40,3.20,3.50,3.30,3.10,2.70,2.50,2.40,2.20,2.00,1.80,1.60,1.80,1.90,2.10,2.30,2.40,2.50,2.70,3.10,3.40,3.40,3.60,3.90,3.60,3.80,4.00,4.10,3.70,4.00,3.40,3.50,3.60,3.70,3.80,3.40,3.60,3.30,2.60,2.00,2.30,2.60,2.90,3.30,3.50,2.90,2.30,6.40,5.80,5.30,4.70,4.20,3.50,2.80,3.90,3.80,4.00,3.80,3.80,3.70,3.40,3.40,2.90,2.40,2.00,1.70,1.80,2.10,2.40,2.70,2.70,3.20,3.40,3.40,3.70,4.00,3.80,4.00,4.10,3.80,4.10,4.20,3.60,3.90,4.30,4.60,4.40,4.60,4.30,4.10,4.20,4.00,3.80,3.60,3.40,3.2,3,2.6,2.3,2.4,2.8,3.1,3,2.7,2.4,2.4,3.6,3.9,3.6,4.2,4.4,4.5,4.5,4.3,4.4,4.4,4.3,4.4,4.5,4.50,4.80,4.90,4.50,4.10,3.80,4.60,4.80,5.60,5.70,6.00,6.00,6.20,5.90,6.10,6.10,5.80,5.90,6.00,6.20
KJ11,Kampung Baru,3.00,2.70,2.40,2.40,1.90,1.70,1.70,1.50,1.30,1.10,0.80,1.00,1.30,1.60,1.80,2.00,2.30,2.40,2.60,2.70,2.80,3.10,2.90,3.00,3.20,3.30,2.90,3.10,3.20,3.30,2.70,2.80,2.90,3.00,3.10,3.20,3.30,3.10,2.90,3.20,3.00,2.80,2.40,2.20,2.10,1.90,1.70,1.50,1.30,1.50,1.60,1.80,2.00,2.10,2.20,2.40,2.80,3.10,3.10,3.30,3.60,3.30,3.50,3.70,3.80,3.40,3.70,3.10,3.20,3.30,3.40,3.50,3.30,3.30,3.00,2.30,1.70,2.00,2.30,2.60,3.00,3.20,2.60,2.00,6.30,5.70,5.20,4.60,4.10,3.40,2.70,3.80,3.70,3.90,3.70,3.50,3.60,3.30,3.10,2.80,2.30,1.90,1.60,1.50,1.80,2.10,2.40,2.40,2.90,3.10,3.10,3.40,3.70,3.50,3.70,3.80,3.70,3.80,3.90,3.30,3.80,4.00,4.30,4.10,4.30,4.00,3.80,3.90,3.70,3.50,3.30,3.10,2.8,2.6,2.3,2,2.1,2.5,2.7,2.8,2.6,2.1,2.1,3.3,3.6,3.3,3.9,4.1,4.2,4.2,4,4.1,4.3,4,4.1,4.2,4.40,4.70,4.80,4.40,4.00,3.70,4.50,4.70,5.50,5.60,5.90,5.90,6.10,5.80,6.00,6.00,5.70,5.80,5.90,6.10
KJ12,Dang Wangi,2.70,2.90,2.60,2.40,2.10,1.90,1.80,1.60,1.50,1.30,1.00,0.80,1.10,1.40,1.70,1.80,2.10,2.20,2.40,2.50,2.70,2.90,2.70,2.90,3.10,3.20,3.40,3.00,3.10,3.20,2.60,2.70,2.80,2.90,3.00,3.10,3.20,2.90,2.70,3.00,2.80,2.50,2.20,2.00,1.90,1.70,1.50,1.30,1.10,1.30,1.40,1.60,1.80,1.90,2.00,2.20,2.50,2.90,2.90,3.10,3.40,3.10,3.30,3.50,3.60,3.20,3.50,2.90,3.00,3.10,3.20,3.30,3.20,3.10,2.80,2.10,1.50,1.80,2.10,2.40,2.80,3.00,2.40,1.80,6.20,5.60,5.10,4.50,4.00,3.30,2.60,3.60,3.50,3.70,3.50,3.30,3.40,3.10,2.90,2.50,2.10,1.70,1.40,1.30,1.60,1.90,2.20,2.20,2.60,2.90,2.90,3.20,3.50,3.30,3.50,3.60,3.50,3.60,3.70,3.10,3.60,3.80,4.10,3.90,4.10,3.80,3.60,3.70,3.50,3.30,3.10,2.80,2.6,2.4,2.1,1.8,1.9,2.3,2.5,2.6,2.4,1.9,1.9,3.1,3.4,3.1,3.7,3.9,4,4,3.8,3.9,4.1,3.8,3.9,4,4.20,4.50,4.80,4.90,4.50,4.20,5.00,5.20,6.00,6.10,6.40,6.40,6.40,6.30,6.50,6.50,6.20,6.30,6.40,6.60
KJ13,Masjid Jamek,2.90,3.10,2.80,2.60,2.40,2.20,2.10,1.90,1.70,1.60,1.30,1.10,0.80,1.10,1.40,1.70,1.80,2.00,2.10,2.60,2.50,2.70,3.00,3.10,2.90,3.00,3.20,2.80,3.00,3.10,3.30,2.60,2.70,2.80,2.90,3.00,3.20,2.60,2.40,2.60,2.40,2.20,1.90,1.70,1.60,1.40,1.20,1.00,0.80,1.00,1.10,1.30,1.50,1.60,1.70,1.90,2.20,2.50,2.60,2.80,3.10,2.80,3.00,3.20,3.30,2.90,3.20,2.60,2.70,2.80,2.90,3.00,3.20,2.80,2.50,1.80,1.20,1.50,1.80,2.10,2.50,2.70,2.10,1.50,6.90,6.30,5.80,5.20,4.70,4.00,3.30,3.30,3.20,3.40,3.20,3.00,3.10,2.80,2.60,2.20,1.80,1.40,1.10,1.00,1.30,1.60,1.90,1.90,2.30,2.50,2.60,2.90,3.20,3.00,3.20,3.30,3.20,3.30,3.40,2.80,3.30,3.50,3.80,3.60,3.80,3.50,3.30,3.40,3.20,3.00,2.70,2.50,2.3,2.1,1.8,1.5,1.6,2,2.1,2,1.8,1.6,1.6,2.7,3.1,2.8,3.4,3.6,3.7,3.7,3.5,3.6,3.5,3.5,3.6,3.7,3.90,4.20,4.50,4.70,4.30,4.00,4.80,5.00,5.80,5.90,6.10,6.20,6.10,6.10,6.20,6.20,6.00,6.10,6.20,6.40
KJ14,Pasar Seni,3.00,2.80,2.90,2.80,2.60,2.40,2.30,2.10,1.90,1.70,1.60,1.40,1.10,0.80,1.20,1.40,1.70,1.70,1.90,2.40,2.50,2.60,2.80,2.90,2.80,2.90,3.10,3.20,2.90,3.00,3.20,3.00,2.60,2.70,2.90,3.00,3.10,2.60,2.70,2.60,2.40,2.20,1.90,1.80,1.60,1.40,1.20,1.00,1.10,1.30,1.40,1.60,1.80,1.90,2.00,1.90,2.20,2.50,2.60,2.80,3.20,3.10,3.10,3.20,3.40,3.00,3.30,2.90,2.90,2.90,3.00,3.10,3.10,2.80,2.50,1.80,1.20,1.50,1.80,2.10,2.50,2.90,2.40,1.80,6.80,6.20,5.70,5.10,4.60,3.90,3.20,3.00,2.90,3.10,2.90,3.10,2.80,2.50,2.50,1.90,1.50,1.10,0.80,1.00,1.20,1.60,1.70,1.90,2.30,2.50,2.50,2.80,3.10,2.90,3.10,3.20,2.90,3.20,3.30,2.70,3.00,3.50,3.90,3.80,3.80,3.60,3.60,3.60,3.50,3.30,3.10,2.80,2.6,2.4,2.1,1.8,1.9,2.3,2.1,2,1.8,1.6,1.6,2.7,3.1,2.8,3.4,3.6,3.7,3.7,3.7,3.9,3.5,3.5,3.6,3.7,3.60,3.90,4.20,4.60,4.20,3.90,4.70,4.90,5.70,5.70,5.80,6.00,5.80,5.80,5.90,5.90,5.90,6.00,6.10,6.30
KJ15,KL Sentral,3.20,3.00,2.80,3.00,2.60,2.40,2.60,2.40,2.20,2.00,1.80,1.70,1.40,1.20,0.80,1.10,1.40,1.50,1.70,2.10,2.20,2.60,2.50,2.70,2.90,3.10,2.90,3.10,3.20,3.40,3.00,3.10,3.20,2.60,2.70,2.90,3.00,3.00,3.00,3.10,2.90,2.60,2.30,2.20,2.00,1.80,1.60,1.40,1.40,1.60,1.70,1.90,2.10,2.20,2.30,2.30,2.60,3.00,3.00,3.20,3.60,3.40,3.50,3.60,3.80,3.40,3.70,3.20,3.30,3.30,3.40,3.50,3.00,3.20,2.90,2.20,1.60,1.90,2.20,2.50,2.90,3.30,2.70,2.10,6.60,6.00,5.50,4.90,4.40,3.70,3.00,3.40,3.30,3.50,3.30,3.50,3.20,2.90,3.00,2.30,1.90,1.50,1.20,1.40,1.60,2.00,2.10,2.30,2.70,3.00,2.90,3.20,3.50,3.30,3.50,3.60,3.30,3.60,3.70,3.10,3.40,4.00,4.30,4.20,4.40,4.10,3.90,4.00,3.80,3.60,3.40,3.20,2.9,2.7,2.4,2.1,2.2,2.6,2.5,2.4,2.2,2,2,3.4,3.7,3.2,4,4,4.1,4.3,4.1,4.2,3.9,4,4.1,4.2,4.00,4.30,4.60,4.40,4.00,3.70,4.50,4.70,5.50,5.60,5.90,5.90,6.10,5.80,6.00,6.00,5.70,5.80,5.90,6.10
KJ16,Bank Rakyat - Bangsar,3.40,3.20,2.90,2.70,2.70,2.60,2.50,2.40,2.40,2.20,2.00,1.80,1.70,1.40,1.10,0.80,1.10,1.30,1.40,1.80,2.00,2.30,2.60,2.50,2.80,2.90,3.10,2.90,3.10,3.20,2.90,3.00,3.10,3.20,2.70,2.80,2.90,3.20,3.30,3.30,3.10,2.90,2.50,2.40,2.20,2.00,1.80,1.60,1.70,1.90,2.00,2.20,2.40,2.50,2.60,2.50,2.90,3.20,3.20,3.40,3.80,3.70,3.70,3.80,4.00,3.60,3.90,3.50,3.50,3.50,3.60,3.50,2.90,3.40,3.10,2.40,1.80,2.10,2.40,2.70,3.10,3.50,3.00,2.40,6.50,5.90,5.40,4.80,4.30,3.60,2.90,3.60,3.50,3.70,3.50,3.70,3.40,3.10,3.20,2.50,2.10,1.70,1.40,1.60,1.80,2.20,2.30,2.50,3.00,3.20,3.10,3.40,3.70,3.50,3.70,3.80,3.50,3.80,3.90,3.30,3.60,4.20,4.50,4.40,4.70,4.40,4.20,4.20,4.10,3.90,3.70,3.50,3.3,3.1,2.7,2.4,2.5,2.9,2.7,2.6,2.4,2.2,2.2,3.7,4,3.4,4.3,4.2,4.3,4.5,4.4,4.5,4.1,4.2,4.3,4.4,4.20,4.50,4.80,4.60,4.20,3.90,4.70,4.90,5.70,5.80,6.10,6.10,6.30,6.00,6.20,6.20,5.90,6.00,6.10,6.30
KJ17,Abdullah Hukum,3.40,3.20,2.90,2.90,2.90,2.80,2.70,2.60,2.40,2.50,2.30,2.10,1.80,1.70,1.40,1.10,0.80,1.00,1.20,1.70,1.80,2.10,2.40,2.60,2.60,2.70,2.90,2.80,2.90,3.10,3.30,2.90,3.00,3.10,3.30,2.70,2.80,3.50,3.40,3.60,3.40,3.20,2.90,2.70,2.50,2.30,2.10,1.90,1.80,2.00,2.10,2.30,2.50,2.60,2.80,2.90,3.20,3.50,3.50,3.70,4.10,3.80,4.00,4.10,4.30,3.90,4.20,3.60,3.70,3.80,3.70,3.40,2.80,3.70,3.40,2.70,2.10,2.40,2.70,3.00,3.40,3.70,3.10,2.50,6.90,6.30,5.80,5.20,4.70,4.00,3.30,3.90,3.80,4.00,3.80,4.00,3.70,3.40,3.50,2.90,2.40,2.00,1.70,1.90,2.10,2.50,2.60,2.90,3.30,3.50,3.40,3.70,4.00,3.80,4.00,4.10,3.80,4.10,4.20,3.60,3.90,4.50,4.80,4.60,4.80,4.50,4.30,4.40,4.20,4.00,3.80,3.60,3.4,3.2,2.9,2.5,2.6,3.1,3.1,2.9,2.7,2.5,2.5,3.8,4.1,3.7,4.4,4.5,4.6,4.7,4.5,4.6,4.4,4.5,4.6,4.7,4.50,4.80,4.80,4.40,4.00,3.70,4.50,4.70,5.50,5.60,5.90,5.90,6.10,5.80,6.00,6.00,5.70,5.80,5.90,6.10
KJ18,Kerinchi,3.00,2.80,3.20,3.00,3.10,2.90,2.80,2.70,2.50,2.40,2.40,2.20,2.00,1.70,1.50,1.30,1.00,0.80,1.00,1.50,1.60,1.90,2.20,2.40,2.40,2.60,2.80,3.10,2.90,3.00,3.20,3.40,2.90,3.00,3.20,2.60,2.80,3.50,3.60,3.60,3.40,3.20,2.90,2.70,2.50,2.30,2.10,1.90,2.00,2.20,2.30,2.50,2.70,2.90,3.00,2.90,3.20,3.50,3.50,3.70,4.10,4.00,4.00,4.10,4.30,3.90,4.20,3.80,3.80,3.80,3.70,3.40,2.80,3.70,3.40,2.70,2.10,2.40,2.70,3.00,3.40,3.80,3.30,2.70,6.80,6.20,5.70,5.10,4.60,3.90,3.20,3.90,3.80,4.00,3.80,4.00,3.70,3.40,3.50,2.90,2.40,2.00,1.70,1.90,2.10,2.50,2.70,2.90,3.30,3.50,3.40,3.70,4.00,3.80,4.00,4.10,3.80,4.10,4.20,3.60,3.90,4.50,4.80,4.70,5.00,4.70,4.50,4.50,4.40,4.20,4.00,3.80,3.6,3.4,3.1,2.7,2.9,3.3,3.1,3,2.7,2.5,2.5,4,4.3,3.7,4.6,4.5,4.6,4.8,4.7,4.8,4.4,4.5,4.6,4.7,4.50,4.80,4.70,4.30,3.90,3.60,4.40,4.60,5.40,5.50,5.80,5.80,6.00,5.70,5.90,5.90,5.60,5.70,5.80,6.00
KJ19,KL Gateway - Universiti,3.10,2.90,3.30,3.10,2.80,3.00,2.90,2.80,2.60,2.50,2.60,2.40,2.10,1.90,1.70,1.40,1.20,1.00,0.80,1.40,1.60,1.80,2.10,2.30,2.60,2.50,2.70,3.00,2.70,2.90,3.10,3.20,2.90,3.00,3.20,3.30,2.70,3.70,3.70,3.80,3.60,3.40,3.10,3.00,2.70,2.50,2.30,2.10,2.10,2.30,2.40,2.60,2.90,3.00,3.10,3.10,3.40,3.70,3.70,3.90,4.30,4.10,4.20,4.30,4.50,4.10,4.20,3.90,4.00,3.90,3.60,3.30,2.70,3.90,3.60,2.90,2.30,2.60,2.90,3.20,3.60,4.00,3.40,2.90,6.70,6.10,5.60,5.00,4.50,3.80,3.10,4.10,4.00,4.20,4.00,4.20,3.90,3.60,3.70,3.10,2.60,2.20,1.90,2.10,2.30,2.70,2.90,3.10,3.50,3.70,3.60,3.90,4.20,4.00,4.20,4.30,4.00,4.30,4.40,3.80,4.10,4.70,5.00,4.90,5.10,4.80,4.60,4.70,4.50,4.30,4.10,3.90,3.7,3.5,3.2,2.9,3,3.4,3.3,3.2,3,2.7,2.7,4.1,4.4,3.9,4.7,4.7,4.8,5,4.8,4.9,4.6,4.7,4.8,4.9,4.70,4.90,4.60,4.20,3.80,3.50,4.30,4.50,5.30,5.40,5.70,5.70,5.90,5.60,5.80,5.80,5.50,5.60,5.70,5.90
KJ20,Taman Jaya,2.60,3.20,3.00,2.80,3.10,3.00,2.90,2.80,3.00,2.90,2.70,2.50,2.60,2.40,2.10,1.80,1.70,1.50,1.40,0.80,1.00,1.40,1.70,1.80,2.10,2.30,2.60,2.60,2.80,2.90,2.80,2.90,3.10,3.30,2.90,3.10,3.20,4.20,4.20,4.30,4.10,3.90,3.60,3.50,3.30,3.10,2.90,2.60,2.60,2.90,3.00,3.20,3.40,3.50,3.60,3.60,3.90,4.20,4.20,4.40,4.80,4.60,4.70,4.80,5.00,4.60,4.70,4.40,4.50,4.40,4.10,3.80,3.20,4.40,4.10,3.40,2.90,3.10,3.40,3.70,4.10,4.50,3.90,3.40,6.40,5.80,5.30,4.70,4.20,3.50,2.80,4.60,4.50,4.70,4.50,4.70,4.40,4.10,4.20,3.60,3.20,2.80,2.40,2.60,2.90,3.30,3.40,3.60,4.00,4.20,4.10,4.40,4.70,4.50,4.70,4.80,4.50,4.80,4.90,4.30,4.60,5.20,5.50,5.40,5.60,5.30,5.10,5.20,5.00,4.80,4.60,4.40,4.2,4,3.7,3.4,3.5,3.9,3.8,3.7,3.5,3.3,3.3,4.6,4.9,4.4,5.2,5.2,5.3,5.5,5.3,5.4,5.1,5.2,5.3,5.4,5.00,4.80,4.50,4.10,3.70,3.40,4.20,4.40,5.20,5.30,5.60,5.60,5.80,5.50,5.70,5.70,5.40,5.50,5.60,5.80
KJ21,Asia Jaya,2.70,3.20,3.00,2.90,3.20,3.10,3.00,2.90,2.70,3.00,2.80,2.70,2.50,2.50,2.20,2.00,1.80,1.60,1.60,1.00,0.80,1.20,1.50,1.60,1.90,2.10,2.40,2.40,2.70,2.80,3.10,2.80,3.00,3.20,2.80,3.00,3.10,4.20,4.00,4.30,4.10,3.90,3.60,3.40,3.30,3.10,2.90,2.70,2.50,2.70,2.80,3.00,3.20,3.30,3.40,3.60,3.90,4.20,4.20,4.40,4.70,4.40,4.60,4.80,4.90,4.50,4.60,4.20,4.30,4.30,4.00,3.70,3.10,4.40,4.10,3.40,2.90,3.10,3.40,3.70,4.10,4.30,3.70,3.20,6.70,6.10,5.60,5.00,4.50,3.80,3.10,4.70,4.60,4.80,4.60,4.60,4.50,4.20,4.20,3.70,3.30,2.90,2.50,2.70,3.00,3.30,3.50,3.60,4.00,4.20,4.20,4.50,4.80,4.60,4.80,4.90,4.60,4.90,5.00,4.40,4.70,5.10,5.40,5.20,5.40,5.10,4.90,5.00,4.80,4.60,4.40,4.20,4,3.8,3.5,3.2,3.3,3.7,3.9,3.8,3.6,3.3,3.3,4.4,4.7,4.4,5,5.2,5.3,5.3,5.1,5.2,5.2,5.1,5.2,5.3,4.80,4.60,4.30,3.90,3.50,3.20,4.00,4.20,5.00,5.10,5.40,5.40,5.60,5.30,5.50,5.50,5.20,5.30,5.40,5.60
KJ22,Taman Paramount,2.80,2.70,3.20,3.10,2.80,3.30,3.20,3.10,3.00,2.80,3.10,2.90,2.70,2.60,2.60,2.30,2.10,1.90,1.80,1.40,1.20,0.80,1.10,1.40,1.70,1.80,2.10,2.40,2.40,2.50,2.90,3.00,2.80,2.90,3.20,2.80,3.00,4.30,4.20,4.40,4.20,4.00,3.70,3.60,3.40,3.20,3.00,2.80,2.70,2.90,3.00,3.20,3.40,3.50,3.60,3.70,4.00,4.30,4.30,4.50,4.90,4.60,4.80,4.90,5.10,4.70,4.50,4.40,4.30,4.20,3.90,3.60,3.00,4.50,4.20,3.50,3.00,3.20,3.50,3.80,4.20,4.50,3.90,3.40,6.50,5.90,5.40,4.80,4.30,3.60,2.90,4.70,4.60,4.80,4.60,4.80,4.50,4.20,4.30,3.70,3.30,2.90,2.60,2.80,3.00,3.40,3.50,3.70,4.10,4.30,4.20,4.50,4.80,4.60,4.80,4.90,4.60,4.90,5.00,4.40,4.70,5.30,5.60,5.40,5.60,5.30,5.10,5.20,5.00,4.80,4.60,4.40,4.2,4,3.7,3.4,3.5,3.9,3.9,3.8,3.6,3.4,3.4,4.6,4.9,4.5,5.2,5.3,5.4,5.5,5.3,5.4,5.2,5.3,5.4,5.5,4.50,4.30,4.00,3.60,3.20,2.90,3.70,3.90,4.70,4.80,5.10,5.10,5.30,5.00,5.20,5.20,4.90,5.00,5.10,5.30
KJ23,Taman Bahagia,2.90,2.80,2.60,3.20,3.00,2.90,2.80,3.30,3.10,3.00,2.90,2.70,3.00,2.80,2.50,2.60,2.40,2.20,2.10,1.70,1.50,1.10,0.80,1.00,1.40,1.60,1.80,2.10,2.40,2.60,2.70,2.80,3.00,2.80,3.00,3.20,2.80,4.50,4.50,4.60,4.40,4.20,3.90,3.80,3.60,3.40,3.20,3.00,3.00,3.20,3.30,3.50,3.70,3.80,3.90,3.90,4.20,4.50,4.50,4.70,5.10,4.90,4.90,4.80,5.00,4.80,4.30,4.40,4.10,4.00,3.70,3.40,2.80,4.70,4.40,3.70,3.20,3.40,3.70,4.00,4.40,4.80,4.20,3.70,6.30,5.70,5.20,4.60,4.10,3.40,2.70,4.90,4.80,5.00,4.80,5.00,4.70,4.40,4.50,3.90,3.50,3.10,2.80,3.00,3.20,3.60,3.70,3.90,4.30,4.50,4.40,4.70,5.00,4.80,5.00,5.10,4.80,5.10,5.20,4.60,4.90,5.50,5.80,5.70,5.90,5.60,5.40,5.50,5.30,5.10,4.90,4.70,4.5,4.3,4,3.7,3.8,4.2,4.1,4,3.8,3.6,3.6,4.9,5.2,4.7,5.5,5.5,5.6,5.8,5.6,5.7,5.4,5.5,5.6,5.7,4.20,4.00,3.70,3.30,2.90,2.60,3.40,3.60,4.40,4.50,4.80,4.80,5.00,4.70,4.90,4.90,4.60,4.70,4.80,5.00
KJ24,Kelana Jaya,2.90,2.80,2.70,2.60,3.10,3.00,2.90,2.80,3.30,3.10,3.00,2.90,3.10,2.90,2.70,2.50,2.60,2.40,2.30,1.80,1.60,1.40,1.00,0.80,1.20,1.40,1.70,1.90,2.20,2.40,2.50,2.60,2.90,3.00,2.90,3.10,3.30,4.60,4.60,4.70,4.50,4.30,4.00,3.90,3.70,3.50,3.30,3.10,3.10,3.30,3.40,3.60,3.80,3.90,4.00,4.00,4.30,4.60,4.60,4.80,5.20,5.00,5.10,5.20,5.40,5.00,4.80,4.80,4.60,4.50,4.20,3.90,3.30,4.80,4.50,3.80,3.30,3.50,3.80,4.10,4.50,4.90,4.30,3.80,6.10,5.50,5.00,4.40,3.90,3.20,2.50,5.00,4.90,5.10,4.90,5.10,4.80,4.50,4.60,4.00,3.60,3.20,2.90,3.10,3.30,3.70,3.80,4.00,4.40,4.60,4.50,4.80,5.10,4.90,5.10,5.20,4.90,5.20,5.30,4.70,5.00,5.60,5.90,5.80,6.00,5.70,5.50,5.60,5.40,5.20,5.00,4.80,4.6,4.4,4.1,3.8,3.9,4.3,4.2,4.1,3.9,3.7,3.7,5,5.3,4.8,5.6,5.6,5.7,5.9,5.7,5.8,5.5,5.6,5.7,5.8,4.10,3.90,3.60,3.20,2.80,2.50,3.30,3.50,4.30,4.40,4.70,4.70,4.90,4.60,4.80,4.80,4.50,4.60,4.70,4.90
KJ25,Lembah Subang,3.10,3.10,2.90,2.70,3.20,3.10,3.10,3.00,2.90,3.30,3.20,3.10,2.90,2.80,2.90,2.80,2.60,2.40,2.60,2.10,1.90,1.70,1.40,1.20,0.80,1.00,1.30,1.70,1.90,2.10,2.50,2.40,2.60,2.80,3.10,2.90,3.10,4.50,4.40,4.60,4.40,4.20,3.90,3.80,3.60,3.40,3.20,3.00,2.90,3.10,3.20,3.40,3.60,3.70,3.80,3.90,4.20,4.50,4.50,4.70,5.10,4.80,5.00,5.10,5.30,4.90,4.60,4.60,4.40,4.30,4.00,3.70,3.10,4.70,4.40,3.70,3.20,3.40,3.70,4.00,4.40,4.70,4.10,3.60,6.20,5.60,5.10,4.50,4.00,3.30,2.50,4.90,4.80,5.00,4.80,5.00,4.70,4.40,4.50,3.90,3.50,3.10,2.80,3.00,3.20,3.60,3.70,3.90,4.30,4.50,4.40,4.70,5.00,4.80,5.00,5.10,4.80,5.10,5.20,4.60,4.90,5.50,5.80,5.60,5.80,5.50,5.30,5.40,5.20,5.00,4.80,4.60,4.4,4.2,3.9,3.6,3.7,4.1,4.1,4,3.8,3.6,3.6,4.8,5.1,4.7,5.4,5.5,5.6,5.7,5.5,5.6,5.4,5.5,5.6,5.7,3.70,3.50,3.20,2.80,2.40,2.10,2.90,3.10,3.90,4.00,4.30,4.30,4.50,4.20,4.40,4.40,4.10,4.20,4.30,4.50
KJ26,Ara Damansara,3.20,3.10,3.00,2.80,3.30,3.20,3.10,3.10,3.00,2.90,3.30,3.20,3.00,2.90,3.10,2.90,2.70,2.60,2.50,2.30,2.10,1.80,1.60,1.40,1.00,0.80,1.20,1.50,1.70,1.90,2.30,2.50,2.50,2.60,3.00,2.80,3.00,4.60,4.50,4.70,4.50,4.30,4.00,3.90,3.70,3.50,3.30,3.10,3.00,3.20,3.30,3.50,3.70,3.80,3.90,4.00,4.30,4.60,4.60,4.80,5.20,4.90,5.10,5.00,5.20,5.00,4.50,4.60,4.30,4.20,3.90,3.60,3.00,4.80,4.50,3.80,3.30,3.50,3.80,4.10,4.50,4.80,4.20,3.70,6.00,5.40,4.90,4.30,3.80,3.10,2.30,5.00,4.90,5.10,4.90,5.10,4.80,4.50,4.60,4.00,3.60,3.20,2.90,3.10,3.30,3.70,3.80,4.00,4.40,4.60,4.50,4.80,5.10,4.90,5.10,5.20,4.90,5.20,5.30,4.70,5.00,5.60,5.90,5.70,5.90,5.60,5.40,5.50,5.30,5.10,4.90,4.70,4.5,4.3,4,3.7,3.8,4.2,4.2,4.1,3.9,3.7,3.7,4.9,5.2,4.8,5.5,5.6,5.7,5.8,5.6,5.7,5.5,5.6,5.7,5.8,3.60,3.40,3.10,2.70,2.30,2.00,2.80,3.00,3.80,3.90,4.20,4.20,4.40,4.10,4.30,4.30,4.00,4.10,4.20,4.40
KJ27,CGC - Glenmarie,3.30,3.20,3.10,2.90,2.70,2.60,3.30,3.20,3.10,3.00,2.90,3.40,3.20,3.10,2.90,3.10,2.90,2.80,2.70,2.60,2.40,2.10,1.80,1.70,1.30,1.20,0.80,1.20,1.50,1.70,2.00,2.20,2.50,2.40,2.70,3.00,2.80,4.80,4.70,4.90,4.70,4.50,4.20,4.10,3.90,3.70,3.50,3.30,3.20,3.40,3.50,3.70,3.90,4.00,4.10,4.20,4.50,4.50,4.80,4.90,5.20,5.10,4.90,4.80,5.00,4.80,4.30,4.40,4.10,4.00,3.70,3.40,2.80,5.00,4.70,4.00,3.50,3.70,4.00,4.30,4.70,5.00,4.40,3.90,5.70,5.10,4.60,4.00,3.50,2.80,2.00,5.20,5.10,5.30,5.10,5.30,5.00,4.70,4.80,4.20,3.80,3.40,3.10,3.30,3.50,3.90,4.00,4.20,4.60,4.80,4.70,5.00,5.30,5.10,5.30,5.40,5.10,5.40,5.50,4.90,5.20,5.80,6.10,5.90,6.10,5.80,5.60,5.70,5.50,5.30,5.10,4.90,4.7,4.5,4.2,3.9,4,4.4,4.4,4.3,4.1,3.9,3.9,5.1,5.4,4.9,5.5,5.7,5.9,6,5.8,5.9,5.7,5.8,5.9,6,3.20,3.00,2.70,2.30,1.90,1.60,2.40,2.60,3.40,3.50,3.80,3.80,4.00,3.70,3.90,3.90,3.60,3.70,3.80,4.00
KJ28,Subang Jaya,3.40,3.30,3.20,3.00,2.80,2.70,2.70,2.60,3.30,3.20,3.10,3.00,2.80,3.20,3.10,2.90,2.80,3.10,3.00,2.60,2.40,2.40,2.10,1.90,1.70,1.50,1.20,0.80,1.10,1.30,1.70,1.80,2.10,2.40,2.50,2.70,3.00,4.50,4.30,4.60,4.40,4.20,3.90,3.70,3.60,3.40,3.20,3.00,2.80,3.00,3.10,3.30,3.50,3.60,3.70,3.90,4.20,4.50,4.50,4.70,5.00,4.70,4.90,5.00,5.20,4.80,4.50,4.50,4.30,4.20,3.90,3.60,3.00,4.70,4.40,3.70,3.20,3.40,3.70,4.00,4.40,4.60,4.00,3.50,5.40,4.80,4.30,3.70,3.20,2.50,1.70,5.20,5.10,5.30,5.10,4.90,5.00,4.70,4.50,4.30,3.80,3.40,3.20,3.00,3.30,3.60,3.90,3.90,4.30,4.50,4.50,4.80,5.10,4.90,5.10,5.20,5.30,5.20,5.30,4.70,5.20,5.40,5.70,5.50,5.70,5.40,5.20,5.30,5.10,4.90,4.70,4.50,4.3,4.1,3.8,3.5,3.6,4,4.2,4.4,4.2,3.6,3.6,4.7,5,4.7,5.3,5.5,5.6,5.6,5.4,5.5,5.7,5.4,5.5,5.6,3.60,3.40,3.10,2.70,2.30,2.00,2.80,3.00,3.80,3.90,4.20,4.20,4.40,4.10,4.30,4.30,4.00,4.10,4.20,4.40
KJ29,SS15,3.50,3.40,3.30,3.10,2.90,2.80,2.80,2.70,2.70,2.60,3.20,3.10,3.00,2.90,3.20,3.10,2.90,2.90,2.70,2.80,2.70,2.40,2.40,2.20,1.90,1.70,1.50,1.10,0.80,1.00,1.50,1.70,1.90,2.10,2.50,2.50,2.70,4.60,4.50,4.70,4.50,4.30,4.00,3.90,3.70,3.50,3.30,3.10,3.00,3.20,3.30,3.50,3.70,3.80,3.90,4.00,4.30,4.40,4.60,4.80,5.10,4.90,4.80,4.70,4.90,4.70,4.20,4.30,4.00,3.90,3.60,3.30,2.70,4.80,4.50,3.80,3.30,3.50,3.80,4.10,4.50,4.80,4.20,3.70,5.20,4.60,4.10,3.50,3.00,2.30,1.50,5.00,4.90,5.10,4.90,5.10,4.80,4.50,4.60,4.00,3.60,3.20,2.90,3.10,3.30,3.70,3.80,4.00,4.40,4.60,4.50,4.80,5.10,4.90,5.10,5.20,4.90,5.20,5.30,4.70,5.00,5.60,5.90,5.70,5.90,5.60,5.40,5.50,5.30,5.10,4.90,4.70,4.5,4.3,4,3.7,3.8,4.2,4.2,4.1,3.9,3.7,3.7,4.9,5.2,4.8,5.4,5.6,5.7,5.8,5.6,5.7,5.5,5.6,5.7,5.8,3.90,3.70,3.40,3.00,2.60,2.30,3.10,3.30,4.10,4.20,4.50,4.50,4.70,4.40,4.60,4.60,4.30,4.40,4.50,4.70
KJ30,SS18,3.60,3.50,3.40,3.20,3.00,2.90,2.90,2.80,2.70,2.70,3.30,3.20,3.10,3.00,3.40,3.20,3.10,3.00,2.90,2.90,2.80,2.50,2.60,2.40,2.10,1.90,1.70,1.30,1.00,0.80,1.30,1.50,1.70,1.90,2.30,2.60,2.60,4.70,4.60,4.80,4.60,4.40,4.10,4.00,3.80,3.60,3.40,3.20,3.10,3.30,3.40,3.60,3.80,3.90,4.00,4.10,4.40,4.30,4.70,4.70,5.00,4.90,4.70,4.60,4.80,4.60,4.10,4.20,3.90,3.80,3.50,3.20,2.60,4.90,4.60,3.90,3.40,3.60,3.90,4.20,4.60,4.90,4.30,3.80,5.00,4.40,3.90,3.30,2.80,2.10,1.30,5.10,5.00,5.20,5.00,5.20,4.90,4.60,4.70,4.10,3.70,3.30,3.00,3.20,3.40,3.80,3.90,4.10,4.50,4.70,4.60,4.90,5.20,5.00,5.20,5.30,5.00,5.30,5.40,4.80,5.10,5.70,6.00,5.80,6.00,5.70,5.50,5.60,5.40,5.20,5.00,4.80,4.6,4.4,4.1,3.8,3.9,4.3,4.3,4.2,4,3.8,3.8,5,5.2,4.7,5.3,5.5,5.7,5.9,5.7,5.8,5.6,5.7,5.8,5.9,4.10,3.90,3.60,3.20,2.80,2.50,3.30,3.50,4.30,4.40,4.70,4.70,4.90,4.60,4.80,4.80,4.50,4.60,4.70,4.90
KJ31,USJ7,3.80,3.60,3.50,3.30,3.10,3.00,3.00,2.90,2.90,2.80,2.70,2.60,3.30,3.20,3.00,2.90,3.30,3.20,3.10,2.80,3.10,2.90,2.70,2.50,2.50,2.30,2.00,1.70,1.50,1.30,0.80,1.00,1.30,1.60,1.90,2.20,2.50,4.90,4.80,4.90,4.80,4.60,4.30,4.20,4.00,3.80,3.60,3.40,3.30,3.50,3.60,3.80,4.00,4.10,4.20,4.30,4.40,4.30,4.80,4.70,5.00,4.90,4.70,4.60,4.80,4.60,4.10,4.20,3.90,3.80,3.50,3.20,2.50,5.10,4.80,4.10,3.60,3.80,4.10,4.40,4.80,5.10,4.50,4.00,4.50,3.90,3.40,2.80,2.30,1.60,0.80,5.30,5.20,5.40,5.20,5.40,5.10,4.80,4.90,4.30,3.90,3.50,3.20,3.40,3.60,4.00,4.10,4.30,4.70,4.90,4.80,5.10,5.40,5.20,5.40,5.50,5.20,5.50,5.60,5.00,5.30,5.90,6.20,6.00,6.20,5.90,5.70,5.80,5.60,5.40,5.20,5.00,4.8,4.6,4.3,4,4.1,4.5,4.5,4.4,4.2,4,4,5.2,5.2,4.7,5.3,5.5,5.7,6.1,5.9,6,5.8,5.9,6,6.1,4.40,4.20,3.90,3.50,3.10,2.80,3.60,3.80,4.60,4.70,5.00,5.00,5.20,4.90,5.10,5.10,4.80,4.90,5.00,5.20
KJ32,Taipan,3.80,3.70,3.60,3.40,3.20,3.10,3.10,3.00,2.90,2.90,2.80,2.70,2.60,3.00,3.10,3.00,2.90,3.40,3.20,2.90,2.80,3.00,2.80,2.60,2.40,2.50,2.20,1.80,1.70,1.50,1.00,0.80,1.10,1.40,1.70,2.00,2.30,4.30,4.10,4.40,4.20,4.00,3.70,3.50,3.40,3.20,3.00,2.80,2.60,2.80,2.90,3.10,3.30,3.40,3.50,3.70,4.00,4.10,4.30,4.50,4.80,4.50,4.50,4.40,4.60,4.40,3.90,4.00,3.70,3.60,3.30,3.00,2.30,4.50,4.20,3.50,3.00,3.20,3.50,3.80,4.20,4.40,3.80,3.30,4.70,4.10,3.60,3.00,2.50,1.80,1.00,5.00,4.90,5.10,4.90,4.70,4.80,4.50,4.30,4.10,3.60,3.20,3.00,2.80,3.10,3.40,3.70,3.70,4.10,4.30,4.30,4.60,4.90,4.70,4.90,5.00,5.20,5.00,5.10,4.50,5.00,5.20,5.50,5.30,5.50,5.20,5.00,5.10,4.90,4.70,4.50,4.30,4.1,3.9,3.6,3.3,3.4,3.8,4,4.2,4,3.4,3.4,4.5,4.8,4.5,5.1,5.3,5.4,5.4,5.2,5.3,5.5,5.2,5.3,5.4,4.60,4.40,4.10,3.70,3.30,3.00,3.80,4.00,4.80,4.90,5.20,5.20,5.40,5.10,5.30,5.30,5.00,5.10,5.20,5.40
KJ33,Wawasan,3.90,3.80,3.70,3.50,3.30,3.20,3.20,3.10,3.00,3.00,2.90,2.80,2.70,2.60,3.20,3.10,3.00,2.90,2.90,3.10,3.00,2.80,3.00,2.90,2.60,2.50,2.50,2.10,1.90,1.70,1.30,1.10,0.80,1.00,1.50,1.70,2.00,4.30,4.20,4.40,4.20,4.00,3.70,3.60,3.40,3.20,3.00,2.80,2.70,2.90,3.00,3.20,3.40,3.50,3.60,3.70,3.90,3.80,4.30,4.20,4.50,4.40,4.20,4.10,4.30,4.10,3.60,3.70,3.40,3.30,3.00,2.60,2.00,4.50,4.20,3.50,3.00,3.20,3.50,3.80,4.20,4.50,3.90,3.40,5.00,4.40,3.90,3.30,2.80,2.10,1.30,4.70,4.60,4.80,4.60,4.80,4.50,4.20,4.30,3.70,3.30,2.90,2.60,2.80,3.00,3.40,3.50,3.70,4.10,4.30,4.20,4.50,4.80,4.60,4.80,4.90,4.60,4.90,5.00,4.40,4.70,5.30,5.60,5.40,5.60,5.30,5.10,5.20,5.00,4.80,4.60,4.40,4.2,4,3.7,3.4,3.5,3.9,3.9,3.8,3.6,3.4,3.4,4.6,4.7,4.2,4.8,5,5.2,5.5,5.3,5.4,5.2,5.3,5.4,5.5,4.90,4.70,4.40,4.00,3.60,3.30,4.10,4.30,5.10,5.20,5.50,5.50,5.70,5.40,5.60,5.60,5.30,5.40,5.50,5.70
KJ34,USJ21,4.00,3.90,3.70,3.50,3.30,3.30,3.20,3.20,3.10,3.00,3.00,2.90,2.80,2.70,2.60,3.20,3.10,3.00,3.00,3.30,3.20,2.90,2.80,3.00,2.80,2.60,2.40,2.40,2.10,1.90,1.60,1.40,1.00,0.80,1.20,1.60,1.80,4.30,4.20,4.20,4.10,4.10,3.80,3.70,3.50,3.30,3.10,2.90,2.80,3.00,3.10,3.30,3.50,3.60,3.70,3.80,3.70,3.60,4.10,4.00,4.30,4.20,4.00,3.90,4.10,3.90,3.40,3.50,3.20,3.10,2.80,2.40,1.80,4.60,4.30,3.60,3.10,3.30,3.60,3.90,4.30,4.60,4.00,3.50,5.30,4.70,4.20,3.60,3.10,2.40,1.60,4.80,4.70,4.90,4.70,4.90,4.60,4.30,4.40,3.80,3.40,3.00,2.70,2.90,3.10,3.50,3.60,3.80,4.20,4.40,4.30,4.60,4.90,4.70,4.90,5.00,4.70,5.00,5.10,4.50,4.80,5.40,5.70,5.50,5.70,5.40,5.20,5.30,5.10,4.90,4.70,4.50,4.3,4.1,3.8,3.5,3.6,4,4,3.9,3.7,3.5,3.5,4.7,4.5,4,4.6,4.8,5,5.4,5.4,5.5,5.3,5.4,5.5,5.6,4.80,4.60,4.30,3.90,3.50,3.20,4.00,4.20,5.00,5.10,5.40,5.40,5.60,5.30,5.50,5.50,5.20,5.30,5.40,5.60
KJ35,Alam Megah,4.10,4.00,3.90,3.70,3.50,3.40,3.40,3.30,3.20,3.20,3.10,3.00,2.90,2.90,2.70,2.70,3.30,3.20,3.20,2.90,2.80,3.20,3.00,2.90,3.10,3.00,2.70,2.50,2.50,2.30,1.90,1.70,1.50,1.20,0.80,1.10,1.50,4.00,3.90,3.90,3.80,3.80,3.70,3.60,3.60,3.50,3.30,3.10,2.90,3.10,3.20,3.40,3.60,3.70,3.80,3.50,3.40,3.30,3.80,3.70,4.00,3.90,3.70,3.60,3.80,3.60,3.10,3.20,2.90,2.80,2.40,2.10,1.50,4.80,4.50,3.80,3.30,3.50,3.80,4.10,4.50,4.70,4.10,3.60,5.60,5.00,4.50,3.90,3.40,2.70,1.90,5.00,4.90,5.10,4.90,5.00,4.80,4.50,4.60,4.00,3.60,3.20,2.90,3.10,3.30,3.70,3.80,3.70,4.10,4.30,4.50,4.80,5.10,4.90,5.10,5.20,4.90,5.20,5.30,4.70,5.00,5.40,5.80,5.60,5.70,5.50,5.30,5.40,5.20,5.00,4.80,4.60,4.4,4.2,3.9,3.6,3.7,4.1,4.2,4.1,3.9,3.7,3.6,4.5,4.2,3.7,4.3,4.5,4.7,5.1,5.5,5.6,5.5,5.4,5.5,5.6,5.10,4.90,4.60,4.20,3.80,3.50,4.30,4.50,5.30,5.40,5.70,5.70,5.90,5.60,5.80,5.80,5.50,5.60,5.70,5.90
KJ36,Subang Alam,4.20,4.10,4.00,3.80,3.60,3.50,3.50,3.40,3.30,3.30,3.20,3.10,3.00,3.00,2.90,2.80,2.70,2.60,3.30,3.10,3.00,2.80,3.20,3.10,2.90,2.80,3.00,2.70,2.50,2.60,2.20,2.00,1.70,1.60,1.10,0.80,1.20,3.70,3.60,3.60,3.50,3.50,3.40,3.30,3.30,3.40,3.40,3.20,3.00,3.20,3.30,3.50,3.70,3.80,3.90,3.20,3.10,3.00,3.50,3.40,3.70,3.60,3.40,3.30,3.50,3.30,2.80,2.90,2.50,2.40,2.10,1.80,1.20,4.90,4.60,3.90,3.40,3.60,3.90,4.20,4.60,4.80,4.20,3.70,5.90,5.30,4.80,4.20,3.70,3.00,2.20,5.10,5.00,5.20,5.00,5.10,4.90,4.60,4.70,4.10,3.70,3.30,3.00,3.20,3.40,3.70,3.60,3.40,3.80,4.00,4.30,4.60,5.10,5.00,5.20,5.30,5.00,5.30,5.40,4.80,5.10,5.10,5.70,5.50,5.40,5.20,5.30,5.10,5.30,5.10,4.90,4.70,4.5,4.3,4,3.7,3.8,4.2,4.2,4.1,3.9,3.7,3.3,4.2,3.9,3.4,4,4.2,4.4,4.8,5.2,5.5,5.4,5.1,5.2,5.3,5.40,5.20,4.90,4.50,4.10,3.80,4.60,4.80,5.60,5.70,6.00,6.00,6.20,5.90,6.10,6.10,5.80,5.90,6.00,6.20
KJ37,Putra Heights,4.30,4.20,4.10,3.90,3.70,3.60,3.60,3.50,3.50,3.40,3.30,3.20,3.20,3.10,3.00,2.90,2.80,2.80,2.70,3.20,3.10,3.00,2.80,3.30,3.10,3.00,2.80,3.00,2.70,2.60,2.50,2.30,2.00,1.80,1.50,1.20,0.80,3.30,3.20,3.20,3.10,3.10,3.00,2.90,2.90,3.00,3.10,3.10,3.20,3.20,3.30,3.30,3.40,3.40,3.50,2.80,2.70,2.60,3.10,3.00,3.30,3.20,3.00,2.90,3.10,2.90,2.40,2.40,2.10,2.00,1.70,1.40,0.80,4.60,4.30,3.60,3.10,3.30,3.60,3.90,4.30,4.50,3.90,3.40,6.20,5.60,5.10,4.50,4.00,3.30,2.50,4.80,4.80,5.30,5.10,4.90,5.00,4.70,4.60,4.20,3.80,3.40,3.10,3.10,3.40,3.30,3.20,3.00,3.40,3.60,3.90,4.20,4.70,4.60,4.80,5.00,4.80,5.30,5.40,4.80,4.80,4.70,5.30,5.10,5.00,4.80,4.90,4.70,4.90,4.70,4.60,4.40,4.2,4,3.7,3.4,3.5,3.9,3.8,3.7,3.5,3.3,2.9,3.8,3.5,3,3.6,3.8,4,4.4,4.8,5.1,5,4.7,4.8,4.9,5.20,5.00,4.70,4.30,3.90,3.60,4.40,4.60,5.40,5.50,5.80,5.80,6.00,5.70,5.90,5.90,5.60,5.70,5.80,6.00
AG18,Ampang,4.60,4.50,4.50,4.30,4.20,4.00,3.90,3.70,3.50,3.40,3.10,2.90,2.60,2.60,3.00,3.20,3.50,3.50,3.70,4.20,4.20,4.30,4.50,4.60,4.50,4.60,4.80,4.50,4.60,4.70,4.90,4.30,4.30,4.30,4.00,3.70,3.30,0.80,1.10,1.20,1.40,1.60,1.80,2.00,2.20,2.40,2.60,2.40,2.60,2.70,2.80,2.90,3.10,2.70,2.80,2.20,2.50,2.60,2.80,3.10,2.90,3.00,3.30,2.80,2.90,3.10,2.60,2.80,2.80,2.90,3.00,3.10,3.30,4.20,3.90,3.20,2.60,2.90,3.20,3.50,3.90,4.20,3.60,3.10,8.50,7.90,7.40,6.80,6.30,5.60,4.90,3.80,3.70,4.20,4.00,3.80,4.20,3.90,3.70,3.70,3.20,2.80,2.60,2.40,2.60,2.30,2.00,1.80,2.20,2.40,2.80,3.10,3.60,3.50,3.70,3.90,3.70,4.20,4.30,3.90,3.80,4.10,4.60,4.50,4.40,4.20,4.50,4.30,4.30,4.10,4.20,4.00,3.9,3.7,3.4,3.1,3.2,3.2,2.9,2.7,2.5,2.3,2.2,3.4,3.6,3.1,3.7,3.9,4.1,4.3,4.3,4.5,4.2,4.1,4.2,4.3,5.00,5.30,5.60,6.00,5.90,5.60,6.40,6.60,7.20,7.10,7.20,7.40,7.20,7.20,7.30,7.30,7.40,7.40,7.60,7.70
AG17,Cahaya,4.40,4.60,4.30,4.10,4.00,3.80,3.70,3.50,3.30,3.20,2.90,2.70,2.40,2.70,3.00,3.30,3.40,3.60,3.70,4.20,4.00,4.20,4.50,4.60,4.40,4.50,4.70,4.30,4.50,4.60,4.80,4.10,4.20,4.20,3.90,3.60,3.20,1.10,0.80,0.90,1.10,1.30,1.70,1.80,2.00,2.20,2.30,2.50,2.40,2.50,2.60,2.70,2.90,3.00,3.10,2.00,2.30,2.40,2.70,2.90,2.80,2.90,3.10,3.20,2.80,3.00,3.30,2.70,2.80,2.80,2.90,3.00,3.20,3.90,3.60,2.90,2.30,2.60,2.90,3.20,3.60,4.00,3.40,2.90,8.40,7.80,7.30,6.70,6.20,5.50,4.80,3.70,3.60,4.10,3.90,3.70,4.10,3.80,3.60,3.60,3.40,3.00,2.70,2.50,2.50,2.20,1.90,1.70,2.10,2.30,2.60,3.00,3.50,3.40,3.60,3.80,3.60,4.10,4.20,3.80,3.70,3.90,4.50,4.30,4.20,4.00,4.40,4.20,4.10,3.90,4.10,3.90,3.7,3.5,3.2,2.9,3,3.1,2.7,2.6,2.4,2.2,2,3.2,3.4,2.9,3.5,3.7,3.9,4.1,4.1,4.3,4.1,3.9,4,4.1,4.90,5.20,5.50,5.90,5.80,5.50,6.30,6.50,7.10,7.00,7.10,7.30,7.10,7.10,7.20,7.20,7.30,7.30,7.50,7.60
AG16,Cempaka,4.70,4.60,4.60,4.40,4.30,4.10,4.00,3.80,3.60,3.50,3.20,3.00,2.60,2.60,3.10,3.30,3.60,3.60,3.80,4.30,4.30,4.40,4.60,4.70,4.60,4.70,4.90,4.60,4.70,4.80,4.90,4.40,4.40,4.20,3.90,3.60,3.20,1.20,0.90,0.80,1.00,1.20,1.60,1.70,1.90,2.10,2.30,2.40,2.60,2.40,2.50,2.60,2.80,2.90,3.00,1.90,2.20,2.50,2.60,2.80,3.10,2.80,3.10,3.20,3.30,2.90,3.20,2.60,2.70,2.80,2.90,3.00,3.20,3.90,3.60,2.90,2.30,2.60,2.90,3.20,3.60,3.90,3.30,2.80,8.50,7.90,7.40,6.80,6.30,5.60,4.90,3.60,3.50,4.00,3.80,3.60,4.00,3.70,3.50,3.50,3.30,2.90,2.60,2.40,2.40,2.10,1.80,1.60,2.00,2.20,2.50,2.90,3.40,3.30,3.50,3.70,3.50,4.00,4.10,3.70,3.60,3.80,4.40,4.20,4.10,3.90,4.30,4.10,4.00,3.80,4.00,3.80,3.6,3.4,3.1,2.8,2.9,2.9,2.6,2.5,2.3,2.1,1.9,3.1,3.3,2.8,3.4,3.6,3.8,4,4,4.2,4,3.8,3.9,4,4.80,5.10,5.40,5.80,6.00,5.70,6.50,6.70,7.00,6.90,7.00,7.20,7.00,7.00,7.10,7.10,7.20,7.20,7.40,7.50
AG15,Pandan Indah,4.50,4.40,4.40,4.20,4.10,3.90,3.80,3.60,3.40,3.30,3.00,2.80,2.40,2.40,2.90,3.10,3.40,3.40,3.60,4.10,4.10,4.20,4.40,4.50,4.40,4.50,4.70,4.40,4.50,4.60,4.80,4.20,4.20,4.10,3.80,3.50,3.10,1.40,1.10,1.00,0.80,1.00,1.40,1.60,1.70,1.90,2.10,2.20,2.40,2.50,2.40,2.50,2.60,2.70,2.90,1.70,2.00,2.40,2.40,2.70,3.00,3.10,3.00,3.10,3.20,2.80,3.10,3.30,2.70,2.70,2.80,2.90,3.10,3.70,3.40,2.70,2.10,2.40,2.70,3.00,3.40,3.70,3.10,2.60,8.40,7.80,7.30,6.70,6.20,5.50,4.80,3.40,3.30,3.80,3.60,3.40,3.80,3.50,3.30,3.30,3.10,2.60,2.40,2.20,2.20,1.90,1.60,1.40,1.80,2.00,2.30,2.60,3.20,3.10,3.30,3.50,3.30,3.80,3.90,3.50,3.40,3.60,4.20,4.00,3.90,3.70,4.10,3.90,3.80,3.60,3.80,3.60,3.4,3.2,2.9,2.6,2.7,2.7,2.4,2.3,2.1,1.9,1.7,2.9,3.2,2.7,3.3,3.5,3.7,3.8,3.8,4,3.8,3.6,3.7,3.8,4.60,4.90,5.20,5.60,5.80,5.50,6.30,6.50,6.80,6.70,6.80,7.00,6.80,6.80,6.90,6.90,7.00,7.00,7.20,7.30
AG14,Pandan Jaya,4.30,4.20,4.20,4.00,3.90,3.70,3.60,3.40,3.20,3.10,2.80,2.50,2.20,2.20,2.60,2.90,3.20,3.20,3.40,3.90,3.90,4.00,4.20,4.30,4.20,4.30,4.50,4.20,4.30,4.40,4.60,4.00,4.00,4.10,3.80,3.50,3.10,1.60,1.30,1.20,1.00,0.80,1.20,1.40,1.60,1.70,1.90,2.00,2.20,2.30,2.50,2.60,2.50,2.60,2.70,1.60,1.80,2.20,2.50,2.50,2.80,3.00,2.80,2.90,3.10,3.30,3.00,3.20,2.60,2.60,2.80,2.90,3.10,3.50,3.20,2.50,1.90,2.20,2.50,2.80,3.20,3.60,3.00,2.50,8.20,7.60,7.10,6.50,6.00,5.30,4.60,3.20,3.10,3.60,3.40,3.20,3.60,3.30,3.10,3.10,2.90,2.40,2.20,2.00,2.00,1.70,1.40,1.20,1.60,1.80,2.10,2.40,3.00,2.90,3.10,3.30,3.10,3.60,3.70,3.30,3.20,3.50,4.00,3.90,3.80,3.60,3.90,3.70,3.70,3.50,3.60,3.40,3.3,3.1,2.8,2.5,2.6,2.5,2.2,2.1,1.9,1.7,1.6,2.7,3,2.5,3.1,3.3,3.5,3.7,3.7,3.9,3.6,3.5,3.6,3.7,4.40,4.70,5.00,5.40,5.60,5.30,6.10,6.30,6.60,6.50,6.60,6.80,6.60,6.60,6.70,6.70,6.80,6.80,7.00,7.10
AG13,Maluri,4.00,3.90,3.90,3.70,3.60,3.40,3.30,3.10,2.90,2.70,2.40,2.20,1.90,1.90,2.30,2.50,2.90,2.90,3.10,3.60,3.60,3.70,3.90,4.00,3.90,4.00,4.20,3.90,4.00,4.10,4.30,3.70,3.70,3.80,3.70,3.40,3.00,1.80,1.70,1.60,1.40,1.20,0.80,1.10,1.30,1.50,1.70,1.70,1.90,2.00,2.20,2.30,2.40,2.50,2.50,1.30,1.60,1.90,2.20,2.50,2.60,2.70,3.00,2.70,2.90,3.10,2.90,3.00,3.20,3.20,2.60,2.80,3.00,3.30,3.00,2.30,1.70,2.00,2.30,2.60,3.00,3.40,3.00,2.40,7.90,7.30,6.80,6.20,5.70,5.00,4.30,2.80,2.70,3.20,3.00,2.80,3.20,2.90,2.70,2.70,2.50,2.10,1.90,1.70,1.60,1.30,1.00,0.80,1.20,1.40,1.70,2.00,2.50,2.50,2.70,2.90,2.70,3.20,3.30,2.90,2.80,3.20,3.60,3.50,3.50,3.30,3.50,3.30,3.40,3.20,3.20,3.00,3.1,3,2.6,2.4,2.2,2.1,1.8,1.7,1.5,1.3,1.3,2.4,2.7,2.5,3.2,3.3,3.4,3.4,3.4,3.6,3.2,3.2,3.3,3.4,4.00,4.30,4.60,5.00,5.30,5.00,5.80,6.00,6.20,6.10,6.20,6.40,6.20,6.20,6.30,6.30,6.40,6.40,6.60,6.70
AG12,Miharja,3.80,3.80,3.70,3.50,3.40,3.20,3.10,2.90,2.60,2.50,2.20,2.00,1.70,1.80,2.20,2.40,2.70,2.70,3.00,3.50,3.40,3.60,3.80,3.90,3.80,3.90,4.10,3.70,3.90,4.00,4.20,3.50,3.60,3.70,3.60,3.30,2.90,2.00,1.80,1.70,1.60,1.40,1.10,0.80,1.00,1.20,1.40,1.60,1.70,1.80,1.90,2.10,2.30,2.40,2.60,1.00,1.40,1.60,2.00,2.30,2.40,2.50,2.80,3.00,2.80,2.90,3.30,2.90,3.10,3.10,3.30,2.70,2.90,3.00,2.70,2.00,1.40,1.70,2.00,2.30,2.70,3.10,2.70,2.30,7.80,7.20,6.70,6.10,5.60,4.90,4.20,3.00,3.00,3.50,3.30,3.10,3.50,3.20,3.00,3.00,2.40,2.00,1.80,1.60,1.70,1.40,1.30,1.10,1.50,1.70,2.00,2.30,2.90,2.80,3.00,3.20,3.00,3.50,3.60,3.20,3.00,2.90,3.50,3.30,3.20,3.00,3.40,3.20,3.10,2.90,3.20,3.00,2.8,2.7,2.6,2.3,2.3,2,1.9,1.8,1.6,1.4,1,2.1,2.4,2.3,2.9,3.2,3.3,3.1,3.1,3.3,3.5,2.9,3,3.1,4.30,4.60,4.90,5.30,5.20,4.90,5.70,5.90,6.50,6.40,6.50,6.70,6.50,6.50,6.60,6.60,6.70,6.70,6.90,7.00
AG11;SP11,Chan Sow Lin,3.70,3.60,3.60,3.40,3.30,3.10,3.00,2.70,2.50,2.40,2.10,1.90,1.60,1.60,2.00,2.20,2.50,2.50,2.70,3.30,3.30,3.40,3.60,3.70,3.60,3.70,3.90,3.60,3.70,3.80,4.00,3.40,3.40,3.50,3.60,3.30,2.90,2.20,2.00,1.90,1.70,1.60,1.30,1.00,0.80,1.00,1.20,1.40,1.60,1.60,1.80,1.90,2.10,2.20,2.40,1.20,1.60,1.80,2.20,2.50,2.60,2.70,3.00,3.10,2.90,3.10,2.80,3.00,3.10,3.20,2.60,2.70,2.90,2.80,2.50,1.80,1.20,1.50,1.80,2.10,2.50,2.90,2.50,2.10,7.60,7.00,6.50,5.90,5.40,4.70,4.00,2.80,3.10,3.40,3.50,3.30,3.30,3.20,3.00,2.70,2.20,1.80,1.60,1.40,1.50,1.20,1.50,1.30,1.70,1.90,2.20,2.50,3.00,3.00,3.20,3.20,3.20,3.30,3.40,3.20,2.80,2.70,3.30,3.10,3.00,2.80,3.20,3.00,2.90,2.70,3.00,2.80,2.6,2.5,2.4,2.1,2.1,1.8,1.7,1.6,1.4,1.2,0.8,1.9,2.2,2.5,2.7,3,3.1,2.9,2.9,3.1,3.3,2.7,2.8,2.9,4.10,4.40,4.70,5.10,5.00,4.70,5.50,5.70,6.30,6.20,6.30,6.50,6.30,6.30,6.40,6.40,6.50,6.50,6.70,6.80
AG10;SP10,Pudu,3.50,3.40,3.40,3.20,3.10,2.90,2.70,2.50,2.30,2.20,1.90,1.70,1.40,1.40,1.80,2.00,2.30,2.30,2.50,3.10,3.10,3.20,3.40,3.50,3.40,3.50,3.70,3.40,3.50,3.60,3.80,3.20,3.20,3.30,3.50,3.40,3.00,2.40,2.20,2.10,1.90,1.70,1.50,1.20,1.00,0.80,1.00,1.20,1.40,1.50,1.70,1.70,1.90,2.00,2.20,1.50,1.70,2.00,2.40,2.40,2.70,2.80,3.10,2.80,3.00,3.20,2.90,3.10,3.20,2.60,2.70,2.80,3.00,2.60,2.30,1.60,1.00,1.30,1.60,1.90,2.30,2.70,2.30,1.90,7.40,6.80,6.30,5.70,5.20,4.50,3.80,3.00,3.30,3.60,3.40,3.20,3.30,3.00,2.80,2.50,2.00,1.60,1.40,1.20,1.50,1.40,1.70,1.50,1.90,2.10,2.40,2.80,3.20,3.20,3.40,3.40,3.40,3.50,3.60,3.00,3.00,2.90,3.50,3.30,3.20,3.00,3.40,3.20,3.10,2.90,3.20,3.00,2.7,2.5,2.2,1.9,2,2,1.9,1.8,1.6,1.4,1,2.1,2.4,2.4,2.9,3.2,3.3,3.1,3.1,3.3,3.5,2.9,3,3.1,4.10,4.40,4.70,5.10,4.80,4.50,5.30,5.50,6.30,6.20,6.30,6.50,6.30,6.30,6.40,6.40,6.50,6.50,6.70,6.80
AG9;SP9,Hang Tuah,3.30,3.20,3.20,3.00,2.90,2.60,2.50,2.30,2.10,2.00,1.70,1.50,1.20,1.20,1.60,1.80,2.10,2.10,2.30,2.90,2.90,3.00,3.20,3.30,3.20,3.30,3.50,3.20,3.30,3.40,3.60,3.00,3.00,3.10,3.30,3.40,3.10,2.60,2.30,2.30,2.10,1.90,1.70,1.40,1.20,1.00,0.80,1.00,1.20,1.30,1.50,1.60,1.70,1.80,2.00,1.70,1.90,2.20,2.60,2.50,2.90,3.00,2.80,3.00,3.10,3.30,3.00,3.20,2.60,2.70,2.80,2.90,3.10,2.40,2.10,1.40,0.80,1.10,1.40,1.70,2.10,2.50,2.10,1.70,7.20,6.60,6.10,5.50,5.00,4.30,3.60,3.20,3.20,3.40,3.20,3.00,3.10,2.80,2.60,2.30,1.80,1.40,1.20,1.00,1.30,1.60,1.90,1.70,2.10,2.30,2.60,2.90,3.20,3.00,3.20,3.30,3.60,3.30,3.40,2.80,3.20,3.10,3.70,3.50,3.40,3.20,3.50,3.40,3.30,3.10,3.00,2.80,2.5,2.3,2,1.7,1.8,2.2,2.1,2,1.8,1.6,1.2,2.3,2.6,2.5,3.1,3.3,3.5,3.3,3.3,3.5,3.5,3.1,3.2,3.3,3.90,4.20,4.50,4.90,4.60,4.30,5.10,5.30,6.10,6.00,6.10,6.30,6.10,6.10,6.20,6.20,6.30,6.30,6.50,6.60
AG8;SP8,Plaza Rakyat,3.10,3.00,3.00,2.80,2.60,2.40,2.30,2.10,1.90,1.80,1.50,1.30,1.00,1.00,1.40,1.60,1.90,1.90,2.10,2.60,2.70,2.80,3.00,3.10,3.00,3.10,3.30,3.00,3.10,3.20,3.40,2.80,2.80,2.90,3.10,3.20,3.10,2.40,2.50,2.40,2.20,2.00,1.70,1.60,1.40,1.20,1.00,0.80,1.00,1.20,1.30,1.50,1.70,1.70,1.90,1.70,2.00,2.30,2.40,2.60,3.00,3.10,2.90,3.00,3.20,2.80,3.10,3.10,2.70,2.70,2.80,2.90,3.10,2.60,2.30,1.60,1.00,1.30,1.60,1.90,2.30,2.70,2.30,1.70,7.00,6.40,5.90,5.30,4.80,4.10,3.40,3.10,3.00,3.20,3.00,2.80,2.90,2.60,2.40,2.10,1.60,1.20,1.00,0.80,1.10,1.40,1.70,1.70,2.10,2.30,2.40,2.70,3.00,2.80,3.00,3.10,3.40,3.10,3.20,2.60,3.10,3.30,3.70,3.60,3.60,3.40,3.50,3.40,3.40,3.20,3.00,2.70,2.5,2.3,2,1.7,1.8,2.2,1.9,1.8,1.6,1.4,1.4,2.5,2.9,2.6,3.2,3.4,3.5,3.5,3.5,3.7,3.3,3.3,3.4,3.5,3.70,4.00,4.30,4.70,4.40,4.10,4.90,5.10,5.90,5.80,5.90,6.10,5.90,5.90,6.00,6.00,6.10,6.10,6.30,6.40
AG7;SP7,Masjid Jamek,2.90,3.10,2.80,2.60,2.40,2.20,2.10,1.90,1.70,1.60,1.30,1.10,0.80,1.10,1.40,1.70,1.80,2.00,2.10,2.60,2.50,2.70,3.00,3.10,2.90,3.00,3.20,2.80,3.00,3.10,3.30,2.60,2.70,2.80,2.90,3.00,3.20,2.60,2.40,2.60,2.40,2.20,1.90,1.70,1.60,1.40,1.20,1.00,0.80,1.00,1.10,1.30,1.50,1.60,1.70,1.90,2.20,2.50,2.60,2.80,3.10,2.80,3.00,3.20,3.30,2.90,3.20,2.60,2.70,2.80,2.90,3.00,3.20,2.80,2.50,1.80,1.20,1.50,1.80,2.10,2.50,2.70,2.10,1.50,6.90,6.30,5.80,5.20,4.70,4.00,3.30,3.30,3.20,3.40,3.20,3.00,3.10,2.80,2.60,2.20,1.80,1.40,1.10,1.00,1.30,1.60,1.90,1.90,2.30,2.50,2.60,2.90,3.20,3.00,3.20,3.30,3.20,3.30,3.40,2.80,3.30,3.50,3.80,3.60,3.80,3.50,3.30,3.40,3.20,3.00,2.70,2.50,2.3,2.1,1.8,1.5,1.6,2,2.1,2,1.8,1.6,1.6,2.7,3.1,2.8,3.4,3.6,3.7,3.7,3.5,3.6,3.5,3.5,3.6,3.7,3.90,4.20,4.50,4.70,4.30,4.00,4.80,5.00,5.80,5.90,6.10,6.20,6.10,6.10,6.20,6.20,6.00,6.10,6.20,6.40
AG6;SP6,Bandaraya,3.10,3.30,3.00,2.80,2.60,2.40,2.30,2.10,1.90,1.80,1.50,1.30,1.00,1.30,1.60,1.90,2.00,2.20,2.30,2.90,2.70,2.90,3.20,3.30,3.10,3.20,3.40,3.00,3.20,3.30,3.50,2.80,2.90,3.00,3.10,3.20,3.20,2.70,2.50,2.40,2.50,2.30,2.00,1.80,1.60,1.50,1.30,1.20,1.00,0.80,1.00,1.10,1.30,1.50,1.70,2.00,2.30,2.40,2.70,2.90,2.80,2.90,3.10,3.30,2.80,3.00,3.30,2.70,2.80,2.80,2.90,3.00,3.20,2.90,2.60,1.90,1.30,1.60,1.90,2.20,2.60,2.50,1.90,1.30,7.10,6.50,6.00,5.40,4.90,4.20,3.50,3.50,3.40,3.60,3.40,3.20,3.30,3.00,2.80,2.40,2.00,1.60,1.30,1.20,1.50,1.80,2.10,2.00,2.40,2.60,2.80,3.10,3.40,3.20,3.40,3.50,3.40,3.50,3.60,3.00,3.50,3.50,3.60,3.40,3.60,3.30,3.10,3.20,3.00,2.80,2.50,2.30,2.1,1.9,1.6,1.3,1.4,1.8,2,2.2,2,1.8,1.6,2.8,3.1,2.9,3.5,3.4,3.5,3.7,3.3,3.4,3.6,3.5,3.6,3.7,4.10,4.40,4.70,4.90,4.50,4.20,5.00,5.20,6.00,6.10,6.30,6.40,6.30,6.30,6.40,6.40,6.20,6.30,6.40,6.60
AG5;SP5,Sultan Ismail,3.20,3.40,3.10,2.90,2.80,2.50,2.40,2.20,2.00,1.90,1.60,1.40,1.10,1.40,1.70,2.00,2.10,2.30,2.40,3.00,2.80,3.00,3.30,3.40,3.20,3.30,3.50,3.10,3.30,3.40,3.60,2.90,3.00,3.10,3.20,3.30,3.30,2.80,2.60,2.50,2.40,2.50,2.20,1.90,1.80,1.70,1.50,1.30,1.10,1.00,0.80,1.00,1.20,1.30,1.50,2.10,2.40,2.50,2.80,3.00,2.90,3.00,3.20,3.30,2.90,3.00,2.60,2.70,2.80,2.90,3.00,3.10,3.30,3.10,2.80,2.10,1.50,1.80,2.10,2.40,2.60,2.40,1.80,1.20,7.20,6.60,6.10,5.50,5.00,4.30,3.60,3.40,3.50,3.70,3.50,3.30,3.40,3.10,2.90,2.50,2.10,1.70,1.40,1.30,1.60,1.90,2.20,2.20,2.60,2.90,2.90,3.20,3.50,3.30,3.50,3.60,3.50,3.60,3.70,3.10,3.40,3.70,3.50,3.30,3.50,3.20,3.00,3.10,2.90,2.60,2.40,2.20,2,1.8,1.5,1.2,1.3,1.7,1.9,2.1,2.1,1.9,1.8,3,3.3,3,3.6,3.3,3.4,3.6,3.2,3.3,3.5,3.6,3.7,3.8,4.20,4.50,4.80,5.00,4.60,4.30,5.10,5.30,6.10,6.20,6.40,6.50,6.40,6.40,6.50,6.50,6.30,6.40,6.50,6.70
AG4;SP4,PWTC,3.40,3.60,3.30,3.10,3.00,2.70,2.60,2.40,2.20,2.10,1.80,1.60,1.30,1.60,1.90,2.20,2.30,2.50,2.60,3.20,3.00,3.20,3.50,3.60,3.40,3.50,3.70,3.30,3.50,3.60,3.80,3.10,3.20,3.30,3.40,3.50,3.30,2.90,2.70,2.60,2.50,2.60,2.30,2.10,1.90,1.70,1.60,1.50,1.30,1.10,1.00,0.80,1.00,1.20,1.40,2.30,2.60,2.60,2.90,3.10,3.00,3.10,3.30,2.80,3.00,3.10,2.60,2.80,2.90,2.90,3.00,3.10,3.30,3.20,2.90,2.20,1.60,1.90,2.20,2.50,2.40,2.20,1.60,1.00,7.40,6.80,6.30,5.70,5.20,4.50,3.80,3.20,3.50,3.90,3.70,3.50,3.60,3.30,3.10,2.70,2.30,1.90,1.60,1.50,1.80,2.10,2.40,2.30,2.80,3.00,3.10,3.40,3.70,3.50,3.70,3.80,3.70,3.80,3.90,3.30,3.20,3.50,3.30,3.10,3.30,3.00,2.80,2.90,2.60,2.40,2.20,2.00,1.8,1.6,1.3,1,1.1,1.5,1.7,1.9,1.9,2.1,1.9,3.1,3.3,3.1,3.5,3.1,3.2,3.4,3,3.1,3.3,3.4,3.5,3.6,4.40,4.70,5.00,5.20,4.80,4.50,5.30,5.50,6.30,6.40,6.60,6.70,6.60,6.60,6.70,6.70,6.50,6.60,6.70,6.90
AG3S;SP3,Titiwangsa,3.60,3.80,3.50,3.30,3.20,3.00,2.90,2.60,2.40,2.30,2.00,1.80,1.50,1.80,2.10,2.40,2.50,2.70,2.90,3.40,3.20,3.40,3.70,3.80,3.60,3.70,3.90,3.50,3.70,3.80,4.00,3.30,3.40,3.50,3.60,3.70,3.40,3.10,2.90,2.80,2.60,2.50,2.40,2.30,2.10,1.90,1.70,1.70,1.50,1.30,1.20,1.00,0.80,0.90,1.20,2.50,2.50,2.70,3.00,2.80,3.10,3.20,2.80,2.90,3.10,3.20,2.70,2.80,2.90,3.00,3.10,3.20,3.40,3.30,3.00,2.30,1.70,2.00,2.20,2.60,2.20,2.00,1.40,0.80,7.60,7.00,6.50,5.90,5.40,4.70,4.00,3.00,3.30,3.80,3.90,3.70,3.80,3.50,3.30,3.00,2.50,2.10,1.80,1.70,2.00,1.90,2.20,2.40,2.90,3.00,3.30,3.60,3.70,3.70,3.90,3.90,3.90,4.00,4.10,3.50,3.00,3.30,3.10,2.90,3.10,2.80,2.60,2.60,2.40,2.20,2.00,1.80,1.6,1.4,1.1,0.8,0.9,1.3,1.5,1.7,1.7,1.9,2.1,2.9,3.1,2.8,3.3,2.9,3,3.2,2.8,2.9,3.1,3.2,3.3,3.4,4.60,4.90,5.20,5.40,5.00,4.70,5.50,5.70,6.50,6.60,6.80,6.90,6.80,6.80,6.90,6.90,6.70,6.80,6.90,7.10
AG2;SP2,Sentul,3.70,3.90,3.60,3.40,3.30,3.10,3.00,2.70,2.50,2.40,2.10,1.90,1.60,1.90,2.20,2.50,2.60,2.90,3.00,3.50,3.30,3.50,3.80,3.90,3.70,3.80,4.00,3.60,3.80,3.90,4.10,3.40,3.50,3.60,3.70,3.80,3.40,2.70,3.00,2.90,2.70,2.60,2.50,2.40,2.20,2.00,1.80,1.70,1.60,1.50,1.30,1.20,0.90,0.80,1.00,2.60,2.60,2.80,3.10,2.90,3.20,3.30,2.90,3.00,3.10,3.30,2.80,2.90,3.00,3.00,3.10,3.20,3.40,3.40,3.10,2.40,1.80,2.10,2.30,2.70,2.30,2.10,1.50,0.90,7.70,7.10,6.60,6.00,5.50,4.80,4.10,3.10,3.40,3.90,3.90,3.70,3.80,3.50,3.30,3.10,2.50,2.10,1.90,1.70,2.00,2.00,2.30,2.50,3.00,3.10,3.30,3.60,3.80,3.70,3.90,4.00,4.00,4.00,4.10,3.50,3.10,3.40,3.20,3.00,3.20,2.90,2.70,2.80,2.50,2.30,2.10,1.90,1.7,1.5,1.2,0.9,1,1.4,1.6,1.8,1.8,2,2.2,3,3.2,2.9,3.4,3,3.1,3.3,2.9,3,3.2,3.3,3.4,3.5,4.60,4.90,5.20,5.50,5.10,4.80,5.60,5.80,6.60,6.70,6.80,7.00,6.80,6.80,6.90,6.90,6.80,6.90,7.00,7.20
AG1;SP1,Sentul Timur,3.80,4.00,3.70,3.50,3.40,3.20,3.10,2.90,2.60,2.50,2.20,2.00,1.70,2.00,2.30,2.60,2.80,3.00,3.10,3.60,3.40,3.60,3.90,4.00,3.80,3.90,4.10,3.70,3.90,4.00,4.20,3.50,3.60,3.70,3.80,3.90,3.50,2.80,3.10,3.00,2.90,2.70,2.50,2.60,2.40,2.20,2.00,1.90,1.70,1.70,1.50,1.40,1.20,1.00,0.80,2.50,2.70,3.00,2.80,3.00,3.30,2.80,3.00,3.10,3.20,2.60,2.80,2.90,3.00,3.10,3.20,3.30,3.50,3.60,3.30,2.60,2.00,2.30,2.60,2.90,2.60,2.40,1.80,1.20,7.80,7.20,6.70,6.10,5.60,4.90,4.20,3.40,3.70,4.20,4.10,3.90,4.00,3.70,3.50,3.20,2.70,2.30,2.00,1.90,2.20,2.30,2.60,2.50,2.90,3.10,3.40,3.70,4.10,3.90,4.10,4.20,4.10,4.20,4.30,3.70,3.40,3.70,3.50,3.30,3.50,3.20,3.00,3.10,2.90,2.60,2.40,2.20,2,1.8,1.5,1.2,1.3,1.7,1.9,2.1,2.1,2.3,2.4,3.3,3.5,3,3.6,3.3,3.4,3.6,3.2,3.3,3.5,3.6,3.7,3.8,4.80,5.10,5.40,5.60,5.20,4.90,5.70,5.90,6.70,6.80,7.00,7.10,7.00,7.00,7.10,7.10,6.90,7.00,7.10,7.30
SP12,Cheras,4.00,3.90,3.90,3.70,3.60,3.40,3.30,3.10,2.90,2.70,2.40,2.20,1.90,1.90,2.30,2.50,2.90,2.90,3.10,3.60,3.60,3.70,3.90,4.00,3.90,4.00,4.20,3.90,4.00,4.10,4.30,3.70,3.70,3.80,3.50,3.20,2.80,2.20,2.00,1.90,1.70,1.60,1.30,1.00,1.20,1.50,1.70,1.70,1.90,2.00,2.10,2.30,2.50,2.60,2.50,0.80,1.20,1.50,1.80,2.10,2.50,2.40,2.70,2.80,3.00,2.80,3.20,2.80,3.00,3.00,3.20,2.60,2.80,3.30,3.00,2.30,1.70,2.00,2.30,2.60,3.00,3.40,3.00,2.50,7.90,7.30,6.80,6.20,5.70,5.00,4.30,3.20,3.20,3.70,3.50,3.30,3.70,3.40,3.20,3.10,2.50,2.10,1.90,1.70,1.90,1.60,1.50,1.30,1.70,1.90,2.20,2.50,3.10,3.00,3.20,3.40,3.20,3.70,3.80,3.40,3.20,3.10,3.70,3.50,3.40,3.20,3.60,3.40,3.30,3.10,3.40,3.20,3,2.9,2.9,2.5,2.5,2.2,2.1,2,1.8,1.6,1.2,2.3,2.6,2.1,2.8,3,3.2,3.3,3.3,3.5,3.7,3.1,3.2,3.3,4.50,4.80,5.10,5.50,5.30,5.00,5.80,6.00,6.70,6.60,6.70,6.90,6.70,6.70,6.80,6.80,6.90,6.90,7.10,7.20
SP13,Salak Selatan,4.30,4.20,4.20,4.00,3.90,3.70,3.60,3.40,3.20,3.10,2.80,2.50,2.20,2.20,2.60,2.90,3.20,3.20,3.40,3.90,3.90,4.00,4.20,4.30,4.20,4.30,4.50,4.20,4.30,4.40,4.40,4.00,3.90,3.70,3.40,3.10,2.70,2.50,2.30,2.20,2.00,1.80,1.60,1.40,1.60,1.70,1.90,2.00,2.20,2.30,2.40,2.60,2.50,2.60,2.70,1.20,0.80,1.20,1.60,1.80,2.20,2.40,2.50,2.60,2.80,3.00,3.00,3.20,2.80,2.90,3.00,3.20,2.70,3.50,3.20,2.50,1.90,2.20,2.50,2.80,3.20,3.60,3.00,2.50,8.00,7.40,6.90,6.30,5.80,5.10,4.40,3.60,3.50,4.00,3.80,3.60,4.00,3.70,3.50,3.40,2.90,2.40,2.20,2.00,2.30,2.00,1.80,1.60,2.00,2.20,2.50,2.90,3.40,3.30,3.50,3.70,3.50,4.00,4.10,3.70,3.60,3.50,4.10,3.90,3.80,3.60,3.80,3.60,3.70,3.50,3.70,3.50,3.3,3.1,2.8,2.5,2.6,2.6,2.5,2.4,2.2,2,1.6,2.6,2.3,1.8,2.4,2.7,2.9,3.3,3.7,3.9,3.9,3.5,3.6,3.7,4.80,5.10,5.40,5.80,5.60,5.30,6.10,6.30,7.00,6.90,7.00,7.20,7.00,7.00,7.10,7.10,7.20,7.20,7.40,7.50
SP14,Bandar Tun Razak,4.60,4.50,4.50,4.30,4.20,4.00,3.90,3.70,3.50,3.40,3.10,2.90,2.50,2.50,3.00,3.20,3.50,3.50,3.70,4.20,4.20,4.30,4.50,4.60,4.50,4.60,4.50,4.50,4.40,4.30,4.30,4.10,3.80,3.60,3.30,3.00,2.60,2.60,2.40,2.50,2.40,2.20,1.90,1.60,1.80,2.00,2.20,2.30,2.50,2.40,2.50,2.60,2.70,2.80,3.00,1.50,1.20,0.80,1.20,1.60,1.90,2.00,2.40,2.60,2.50,2.80,2.80,3.00,3.20,3.30,2.90,3.00,2.60,3.80,3.50,2.80,2.20,2.50,2.80,3.10,3.50,3.80,3.20,2.70,7.90,7.30,6.80,6.20,5.70,5.00,4.30,3.80,3.80,4.30,4.10,3.90,4.30,4.00,3.80,3.70,3.20,2.80,2.50,2.30,2.50,2.20,2.10,1.90,2.30,2.50,2.90,3.20,3.70,3.60,3.80,4.00,3.80,4.30,4.40,4.00,3.80,3.70,4.00,3.90,3.80,3.70,3.60,3.40,3.90,3.70,3.90,3.70,3.5,3.3,3,2.7,2.8,2.9,2.7,2.6,2.4,2.2,1.8,2.4,2.1,1.6,2.2,2.4,2.6,3.1,3.5,3.8,3.7,3.7,3.8,3.7,5.10,5.40,5.70,6.00,5.60,5.30,6.10,6.30,7.10,7.20,7.30,7.50,7.30,7.30,7.40,7.40,7.30,7.40,7.50,7.70
SP15,Bandar Tasik Selatan,4.60,4.50,4.50,4.30,4.20,4.00,3.90,3.70,3.50,3.40,3.10,2.90,2.60,2.60,3.00,3.20,3.50,3.50,3.70,4.20,4.20,4.30,4.50,4.60,4.50,4.60,4.80,4.50,4.60,4.70,4.80,4.30,4.30,4.10,3.80,3.50,3.10,2.80,2.70,2.60,2.40,2.50,2.20,2.00,2.20,2.40,2.60,2.40,2.60,2.70,2.80,2.90,3.00,3.10,2.80,1.80,1.60,1.20,0.80,1.10,1.60,1.70,2.00,2.20,2.50,2.50,2.90,2.80,2.90,3.00,3.20,2.80,3.10,4.20,3.90,3.20,2.60,2.90,3.20,3.50,3.90,4.10,3.50,3.00,8.40,7.80,7.30,6.70,6.20,5.50,4.80,3.80,4.10,4.60,4.40,4.20,4.40,4.10,3.90,3.70,3.20,2.80,2.60,2.40,2.70,2.60,2.40,2.20,2.60,2.90,3.20,3.50,4.00,3.90,4.10,4.30,4.10,4.60,4.70,4.10,3.80,3.60,3.50,3.40,3.30,3.20,3.10,2.90,3.60,3.50,3.40,3.30,3.1,3.6,3.3,3,3.1,3.3,3.2,3.1,2.9,2.6,2.2,1.9,1.6,1.1,1.7,1.9,2.1,2.5,3,3.3,3.2,3.4,3.6,3.2,5.20,5.50,5.80,6.20,5.90,5.60,6.40,6.60,7.40,7.30,7.40,7.60,7.40,7.40,7.50,7.50,7.60,7.60,7.80,7.90
SP16,Sungai Besi,4.80,4.70,4.70,4.50,4.40,4.20,4.10,3.90,3.70,3.60,3.30,3.10,2.80,2.80,3.20,3.40,3.70,3.70,3.90,4.40,4.40,4.50,4.70,4.80,4.70,4.80,4.90,4.70,4.80,4.70,4.70,4.50,4.20,4.00,3.70,3.40,3.00,3.10,2.90,2.80,2.70,2.50,2.50,2.30,2.50,2.40,2.50,2.60,2.80,2.90,3.00,3.10,2.80,2.90,3.00,2.10,1.80,1.60,1.10,0.80,1.30,1.50,1.80,1.90,2.20,2.50,2.70,3.00,2.70,2.80,3.00,3.30,3.00,4.00,3.70,3.00,2.50,2.70,3.00,3.30,3.70,3.90,3.30,2.80,8.30,7.70,7.20,6.60,6.10,5.40,4.70,3.50,3.80,4.30,4.70,4.50,4.60,4.30,4.10,3.90,3.40,3.00,2.80,2.60,2.90,2.60,2.80,2.50,3.00,3.20,3.50,3.80,4.30,4.20,4.40,4.50,4.40,4.60,4.70,4.30,3.50,3.30,3.20,3.10,3.00,2.90,2.80,2.60,3.30,3.20,3.10,3.00,2.8,3.3,3.1,2.8,2.9,3.1,2.9,2.8,2.7,2.6,2.5,1.6,1.3,0.8,1.4,1.6,1.8,2.2,2.7,3,2.9,3.1,3.3,2.9,5.40,5.70,6.00,6.40,6.00,5.70,6.50,6.70,7.50,7.50,7.60,7.80,7.60,7.60,7.70,7.70,7.70,7.80,7.90,8.10
SP17,Bukit Jalil,5.10,5.10,5.00,4.80,4.70,4.50,4.40,4.20,4.00,3.90,3.60,3.40,3.10,3.20,3.60,3.80,4.10,4.10,4.30,4.80,4.70,4.90,5.10,5.20,5.10,5.20,5.20,5.00,5.10,5.00,5.00,4.80,4.50,4.30,4.00,3.70,3.30,2.90,2.80,3.10,3.00,2.80,2.60,2.40,2.60,2.70,2.90,3.00,3.10,2.80,2.90,3.00,3.10,3.20,3.30,2.50,2.20,1.90,1.60,1.30,0.80,1.00,1.40,1.60,1.80,2.10,2.40,2.60,2.80,2.90,2.80,3.00,3.30,4.40,4.10,3.40,2.90,3.10,3.40,3.70,4.10,4.20,3.60,3.10,8.60,8.00,7.50,6.90,6.40,5.70,5.00,4.00,4.30,4.80,4.70,4.50,4.90,4.60,4.40,4.30,3.80,3.40,3.20,3.00,3.30,3.00,2.80,2.60,3.00,3.20,3.50,3.80,4.30,4.20,4.40,4.60,4.40,4.90,5.00,4.60,4.00,3.80,3.70,3.60,3.50,3.40,3.30,3.10,3.80,3.70,3.60,3.50,3.3,3.7,3.4,3.1,3.2,3.6,3.4,3.3,3.2,3,2.6,2.1,1.8,1.3,1.9,2.1,2.3,2.7,3.2,3.5,3.4,3.6,3.8,3.4,5.70,6.00,6.30,6.70,6.30,6.00,6.80,7.00,7.80,7.80,7.90,8.10,7.90,7.90,8.00,8.00,8.00,8.10,8.20,8.40
SP18,Sri Petaling,4.80,5.00,4.70,4.50,4.40,4.20,4.10,3.90,3.70,3.60,3.30,3.10,2.80,3.10,3.40,3.70,3.80,4.00,4.10,4.60,4.40,4.60,4.90,5.00,4.80,4.90,5.10,4.70,4.90,4.90,4.90,4.50,4.40,4.20,3.90,3.60,3.20,3.00,2.90,2.80,3.10,3.00,2.70,2.50,2.70,2.80,3.00,3.10,2.80,2.90,3.00,3.10,3.20,3.30,2.80,2.40,2.40,2.00,1.70,1.50,1.00,0.80,1.20,1.40,1.70,1.90,2.50,2.50,2.70,2.80,3.10,2.90,3.20,4.50,4.20,3.50,3.00,3.20,3.50,3.80,4.20,4.30,3.70,3.20,8.50,7.90,7.40,6.80,6.30,5.60,4.90,4.20,4.50,5.00,4.80,4.60,5.00,4.70,4.50,4.20,3.80,3.40,3.10,3.10,3.40,3.10,2.90,2.70,3.10,3.30,3.60,3.90,4.40,4.30,4.50,4.70,4.50,5.00,5.10,4.70,4.20,4.00,3.90,3.80,3.70,3.60,3.50,3.30,4.00,3.90,3.80,3.70,3.5,3.8,3.5,3.2,3.3,3.7,3.6,3.5,3.3,3.1,2.7,2.3,2,1.5,2.1,2.3,2.5,3,3.4,3.7,3.6,3.8,4,3.6,5.80,6.10,6.40,6.60,6.20,5.90,6.70,6.90,7.70,7.80,8.00,8.10,8.00,8.00,8.10,8.10,7.90,8.00,8.10,8.30
SP19,Awan Besar,5.00,5.00,4.90,4.70,4.60,4.40,4.30,4.10,3.90,3.80,3.50,3.30,3.00,3.10,3.50,3.70,4.00,4.00,4.20,4.70,4.60,4.80,4.90,5.10,5.00,5.10,4.90,4.90,4.80,4.70,4.70,4.50,4.20,4.00,3.70,3.40,3.00,3.30,3.10,3.10,3.00,2.80,3.00,2.80,3.00,3.10,2.80,2.90,3.00,3.10,3.20,3.30,2.80,2.90,3.00,2.70,2.50,2.40,2.00,1.80,1.40,1.20,0.80,1.00,1.30,1.60,2.10,2.40,2.40,2.50,2.80,3.00,3.00,4.30,4.00,3.30,2.80,3.00,3.30,3.60,4.00,3.90,3.30,2.80,8.30,7.70,7.20,6.60,6.10,5.40,4.70,4.50,4.80,5.20,5.00,4.80,4.90,4.60,4.40,4.20,3.70,3.30,3.10,2.90,3.20,3.40,3.20,3.00,3.40,3.60,3.90,4.20,4.70,4.60,4.80,5.00,4.80,5.10,5.20,4.60,4.50,4.30,4.20,4.10,4.00,3.90,3.80,3.60,4.30,4.20,4.00,3.80,3.6,3.4,3.1,2.8,2.9,3.3,3.5,3.7,3.6,3.4,3,2.6,2.3,1.8,2.4,2.6,2.9,3.3,3.7,4,3.9,4.1,4.3,3.9,5.70,6.00,6.30,6.40,6.00,5.70,6.50,6.70,7.50,7.60,7.90,7.90,7.90,7.80,8.00,8.00,7.70,7.80,7.90,8.10
SP20,Muhibbah,5.20,5.10,5.10,4.90,4.80,4.60,4.50,4.30,4.10,4.00,3.70,3.50,3.20,3.20,3.60,3.80,4.10,4.10,4.30,4.80,4.80,4.90,4.80,5.20,5.10,5.00,4.80,5.00,4.70,4.60,4.60,4.40,4.10,3.90,3.60,3.30,2.90,2.80,3.20,3.20,3.10,2.90,2.70,3.00,3.10,2.80,3.00,3.00,3.20,3.30,3.30,2.80,2.90,3.00,3.10,2.80,2.60,2.60,2.20,1.90,1.60,1.40,1.00,0.80,1.10,1.40,1.90,2.30,2.50,2.40,2.60,2.90,2.90,4.50,4.20,3.50,3.00,3.20,3.50,3.80,4.20,4.00,3.40,2.90,8.20,7.60,7.10,6.50,6.00,5.30,4.60,4.60,4.50,5.00,4.80,4.60,5.00,4.70,4.50,4.30,3.80,3.40,3.20,3.00,3.30,3.20,2.90,2.70,3.10,3.30,3.60,3.90,4.40,4.30,4.50,4.70,4.50,5.00,5.10,4.70,4.60,4.40,4.30,4.20,4.10,4.00,3.90,3.70,4.40,4.30,4.10,3.90,3.7,3.5,3.2,2.9,3,3.4,3.6,3.6,3.4,3.2,3.1,2.8,2.4,1.9,2.5,2.8,3,3.4,3.8,4.1,4,4.2,4.4,4,5.80,6.10,6.40,6.30,5.90,5.60,6.40,6.60,7.40,7.50,7.80,7.80,8.00,7.70,7.90,7.90,7.60,7.70,7.80,8.00
SP21,Alam Sutera,5.30,5.30,5.20,5.00,4.90,4.70,4.60,4.40,4.20,4.10,3.80,3.60,3.30,3.40,3.80,4.00,4.30,4.30,4.50,5.00,4.90,5.10,5.00,5.40,5.30,5.20,5.00,5.20,4.90,4.80,4.80,4.60,4.30,4.10,3.80,3.50,3.10,2.90,2.80,3.30,3.20,3.10,2.90,2.80,2.90,3.00,3.10,3.20,3.30,2.80,2.90,3.00,3.10,3.10,3.20,3.00,2.80,2.50,2.50,2.20,1.80,1.70,1.30,1.10,0.80,1.10,1.70,2.00,2.30,2.40,2.40,2.70,3.10,4.60,4.30,3.60,3.10,3.30,3.60,3.90,4.30,4.20,3.60,3.10,8.40,7.80,7.30,6.70,6.20,5.50,4.80,4.80,4.70,5.20,5.00,4.80,5.20,4.90,4.70,4.50,4.00,3.60,3.40,3.20,3.50,3.30,3.10,2.90,3.30,3.50,3.80,4.10,4.60,4.50,4.70,4.90,4.70,5.20,5.30,4.90,4.80,4.70,4.60,4.50,4.40,4.30,4.20,4.00,4.70,4.50,4.30,4.10,3.9,3.7,3.4,3.1,3.2,3.6,3.8,3.7,3.5,3.3,2.9,3.1,2.7,2.2,2.9,3.1,3.3,3.7,4.1,4.4,4.3,4.5,4.7,4.3,6.00,6.30,6.60,6.50,6.10,5.80,6.60,6.80,7.60,7.70,8.00,8.00,8.20,7.90,8.10,8.10,7.80,7.90,8.00,8.20
SP22,Kinrara BK5,4.90,4.90,4.80,4.60,4.50,4.30,4.20,4.00,3.80,3.70,3.40,3.20,2.90,3.00,3.40,3.60,3.90,3.90,4.10,4.60,4.50,4.70,4.80,5.00,4.90,5.00,4.80,4.80,4.70,4.60,4.60,4.40,4.10,3.90,3.60,3.30,2.90,3.10,3.00,2.90,2.80,3.30,3.10,2.90,3.10,3.20,3.30,2.80,2.90,3.00,3.00,3.10,3.20,3.30,2.60,2.80,3.00,2.80,2.50,2.50,2.10,1.90,1.60,1.40,1.10,0.80,1.50,1.70,2.00,2.10,2.40,2.50,2.90,4.80,4.50,3.80,3.30,3.50,3.80,4.10,4.50,4.30,3.70,3.20,8.20,7.60,7.10,6.50,6.00,5.30,4.60,5.00,4.90,5.10,4.90,4.70,4.80,4.50,4.30,4.10,3.60,3.20,3.00,2.80,3.10,3.40,3.30,3.10,3.50,3.70,4.00,4.30,4.80,4.70,4.90,5.00,4.90,5.00,5.10,4.50,5.00,4.90,4.90,4.80,4.70,4.60,4.50,4.30,4.80,4.60,4.40,4.20,4,3.8,3.5,3.2,3.3,3.7,3.9,3.8,3.6,3.4,3.1,3.4,3.1,2.5,3.2,3.4,3.6,4,4.4,4.7,4.6,4.8,5,4.6,5.60,5.90,6.20,6.30,5.90,5.60,6.40,6.60,7.40,7.50,7.80,7.80,7.80,7.70,7.90,7.90,7.60,7.70,7.80,8.00
SP24,IOI Puchong,5.20,5.20,5.10,4.90,4.80,4.60,4.50,4.30,4.10,4.00,3.70,3.50,3.20,3.30,3.70,3.90,4.20,4.20,4.20,4.70,4.60,4.50,4.30,4.80,4.60,4.50,4.30,4.50,4.20,4.10,4.10,3.90,3.60,3.40,3.10,2.80,2.40,2.60,3.30,3.20,3.10,3.00,2.90,3.30,2.80,2.90,3.00,3.10,3.20,3.30,2.60,2.60,2.70,2.80,2.80,3.20,3.00,2.80,2.90,2.70,2.40,2.50,2.10,1.90,1.70,1.50,0.80,1.20,1.50,1.60,1.80,2.20,2.40,4.50,4.20,3.50,3.00,3.20,3.50,3.80,4.00,3.80,3.20,2.70,7.70,7.10,6.60,6.00,5.50,4.80,4.10,4.70,4.70,5.20,5.00,4.80,5.10,4.80,4.60,4.40,3.90,3.50,3.30,3.10,3.40,3.20,3.10,2.90,3.30,3.50,3.80,4.10,4.60,4.50,4.70,4.90,4.70,5.20,5.30,4.80,4.70,4.60,4.90,4.70,4.80,4.60,4.40,4.40,4.30,4.10,3.90,3.70,3.5,3.3,3,2.7,2.8,3.2,3.4,3.6,3.4,3.2,2.8,3.5,3.2,2.7,3.3,3.5,3.7,4.1,4.5,4.7,4.7,4.6,4.7,4.7,5.90,6.20,6.20,5.80,5.40,5.10,5.90,6.10,6.90,7.00,7.30,7.30,7.50,7.20,7.40,7.40,7.10,7.20,7.30,7.50
SP25,Pusat Bandar Puchong,4.60,4.80,4.50,4.30,4.20,4.00,3.90,3.70,3.50,3.40,3.10,2.90,2.60,2.90,3.20,3.50,3.60,3.80,3.90,4.40,4.20,4.40,4.40,4.80,4.60,4.60,4.40,4.50,4.30,4.20,4.20,4.00,3.70,3.50,3.20,2.90,2.40,2.80,2.70,2.60,3.30,3.20,3.00,2.90,3.00,3.10,3.20,3.10,2.60,2.70,2.70,2.80,2.80,2.90,2.90,2.80,3.20,3.00,2.80,3.00,2.60,2.50,2.40,2.30,2.00,1.70,1.20,0.80,1.10,1.20,1.60,1.80,2.40,4.70,4.40,3.70,3.20,3.40,3.70,4.00,4.10,3.90,3.30,2.80,7.80,7.20,6.70,6.10,5.60,4.90,4.20,4.90,4.80,5.10,4.90,4.90,4.80,4.50,4.60,4.00,3.60,3.20,2.90,3.10,3.30,3.40,3.20,3.00,3.40,3.60,3.90,4.20,4.70,4.60,4.80,5.00,4.80,5.20,5.30,4.70,4.90,4.80,5.00,4.80,5.00,4.70,4.50,4.60,4.40,4.20,4.00,3.80,3.6,3.4,3.1,2.8,2.9,3.3,3.5,3.7,3.6,3.4,3,3.8,3.5,3,3.6,3.8,4,4.4,4.7,4.8,5,4.8,4.9,5,5.60,5.90,6.20,5.90,5.50,5.20,6.00,6.20,7.00,7.10,7.40,7.40,7.60,7.30,7.50,7.50,7.20,7.30,7.40,7.60
SP26,Taman Perindustrian Puchong,4.70,4.80,4.60,4.40,4.30,4.10,4.00,3.80,3.60,3.50,3.20,3.00,2.70,2.90,3.30,3.50,3.70,3.80,4.00,4.50,4.30,4.30,4.10,4.60,4.40,4.30,4.10,4.30,4.00,3.90,3.90,3.70,3.40,3.20,2.90,2.50,2.10,2.80,2.80,2.70,2.70,2.60,3.20,3.10,3.10,3.20,2.60,2.70,2.70,2.80,2.80,2.90,2.90,3.00,3.00,3.00,2.80,3.20,2.90,2.70,2.80,2.70,2.40,2.50,2.30,2.00,1.50,1.10,0.80,1.00,1.30,1.70,2.10,4.10,3.80,3.10,2.60,2.80,3.10,3.40,3.80,4.00,3.40,2.90,7.50,6.90,6.40,5.80,5.30,4.60,3.90,4.90,4.80,5.00,4.80,4.60,4.70,4.40,4.20,4.00,3.50,3.10,2.90,2.70,3.00,3.30,3.40,3.20,3.60,3.80,4.10,4.40,4.80,4.60,4.80,4.90,5.00,4.90,5.00,4.40,4.90,4.90,5.00,4.90,4.80,4.70,4.60,4.40,4.50,4.30,4.10,3.90,3.7,3.5,3.2,2.9,3,3.4,3.6,3.7,3.5,3.3,3.1,3.5,3.2,2.7,3.3,3.5,3.7,4.1,4.5,4.8,4.7,4.9,5,4.7,5.50,5.80,6.00,5.60,5.20,4.90,5.70,5.90,6.70,6.80,7.10,7.10,7.30,7.00,7.20,7.20,6.90,7.00,7.10,7.30
SP27,Bandar Puteri,4.80,4.80,4.70,4.50,4.40,4.20,4.10,3.90,3.70,3.60,3.30,3.10,2.80,2.90,3.30,3.50,3.80,3.80,3.90,4.40,4.30,4.20,4.00,4.50,4.30,4.20,4.00,4.20,3.90,3.80,3.80,3.60,3.30,3.10,2.80,2.40,2.00,2.90,2.80,2.80,2.70,2.60,3.20,3.10,3.20,2.60,2.70,2.70,2.80,2.80,2.90,2.90,3.00,3.00,3.10,3.00,2.90,3.30,3.00,2.80,2.90,2.80,2.50,2.40,2.40,2.10,1.60,1.20,1.00,0.80,1.20,1.60,2.00,4.20,3.90,3.20,2.70,2.90,3.20,3.50,3.90,4.10,3.50,3.00,7.40,6.80,6.30,5.70,5.20,4.50,3.80,4.90,4.80,5.00,4.80,4.60,4.70,4.40,4.20,4.00,3.50,3.10,2.90,2.70,3.00,3.30,3.40,3.20,3.60,3.80,4.10,4.40,4.80,4.60,4.80,4.90,5.00,4.90,5.00,4.40,4.90,5.00,5.10,5.00,4.90,4.80,4.70,4.50,4.60,4.40,4.20,4.00,3.8,3.6,3.3,3,3.1,3.5,3.7,3.7,3.5,3.3,3.2,3.6,3.3,2.8,3.4,3.6,3.8,4.2,4.6,4.9,4.8,5,5.1,4.8,5.50,5.80,5.90,5.50,5.10,4.80,5.60,5.80,6.60,6.70,7.00,7.00,7.20,6.90,7.10,7.10,6.80,6.90,7.00,7.20
SP28,Puchong Perdana,4.90,4.90,4.80,4.60,4.50,4.30,4.20,4.00,3.80,3.70,3.40,3.20,2.90,3.00,3.40,3.60,3.70,3.70,3.60,4.10,4.00,3.90,3.70,4.20,4.00,3.90,3.70,3.90,3.60,3.50,3.50,3.30,3.00,2.80,2.40,2.10,1.70,3.00,2.90,2.90,2.80,2.80,2.60,3.30,2.60,2.70,2.80,2.80,2.90,2.90,3.00,3.00,3.10,3.10,3.20,3.20,3.00,2.90,3.20,3.00,2.80,3.10,2.80,2.60,2.40,2.40,1.80,1.60,1.30,1.20,0.80,1.20,1.70,4.30,4.00,3.30,2.80,3.00,3.30,3.60,4.00,4.20,3.60,3.10,7.10,6.50,6.00,5.40,4.90,4.20,3.50,4.50,4.40,4.90,4.70,4.50,4.80,4.50,4.30,4.10,3.60,3.20,3.00,2.80,3.10,3.00,2.80,2.60,3.00,3.20,3.50,3.80,4.30,4.20,4.40,4.60,4.40,4.90,5.00,4.50,4.50,4.40,5.00,4.80,4.70,4.50,4.80,4.70,4.60,4.40,4.30,4.10,3.9,3.7,3.4,3.1,3.2,3.6,3.5,3.4,3.2,3,2.6,3.7,3.5,3,3.6,3.8,4,4.4,4.6,4.8,4.9,4.4,4.5,4.6,5.60,5.90,5.60,5.20,4.80,4.50,5.30,5.50,6.30,6.40,6.70,6.70,6.90,6.60,6.80,6.80,6.50,6.60,6.70,6.90
SP29,Puchong Prima,4.90,4.80,4.70,4.50,4.30,4.20,4.20,4.10,3.90,3.80,3.50,3.30,3.00,3.10,3.50,3.50,3.40,3.40,3.30,3.80,3.70,3.60,3.40,3.90,3.70,3.60,3.40,3.60,3.30,3.20,3.20,3.00,2.60,2.40,2.10,1.80,1.40,3.10,3.00,3.00,2.90,2.90,2.80,2.70,2.70,2.80,2.90,2.90,3.00,3.00,3.10,3.10,3.20,3.20,3.30,2.60,3.20,3.00,2.80,3.30,3.00,2.90,3.00,2.90,2.70,2.50,2.20,1.80,1.70,1.60,1.20,0.80,1.40,4.40,4.10,3.40,2.90,3.10,3.40,3.70,4.10,4.30,3.70,3.20,6.80,6.20,5.70,5.10,4.60,3.90,3.20,4.60,4.60,5.10,4.90,4.70,4.90,4.60,4.40,4.20,3.70,3.30,3.10,2.90,3.20,3.10,3.00,2.80,3.20,3.40,3.70,4.00,4.50,4.40,4.60,4.80,4.60,5.10,5.20,4.60,4.60,4.50,5.10,4.90,4.80,4.60,4.90,4.80,4.70,4.50,4.40,4.20,4,3.8,3.5,3.2,3.3,3.7,3.6,3.5,3.3,3.1,2.7,3.8,3.8,3.3,3.9,4.1,4.3,4.7,4.7,4.9,5.1,4.5,4.6,4.7,5.70,5.60,5.30,4.90,4.50,4.20,5.00,5.20,6.00,6.10,6.40,6.40,6.60,6.30,6.50,6.50,6.20,6.30,6.40,6.60
SP31,Putra Heights,4.30,4.20,4.10,3.90,3.70,3.60,3.60,3.50,3.50,3.40,3.30,3.20,3.20,3.10,3.00,2.90,2.80,2.80,2.70,3.20,3.10,3.00,2.80,3.30,3.10,3.00,2.80,3.00,2.70,2.60,2.50,2.30,2.00,1.80,1.50,1.20,0.80,3.30,3.20,3.20,3.10,3.10,3.00,2.90,2.90,3.00,3.10,3.10,3.20,3.20,3.30,3.30,3.40,3.40,3.50,2.80,2.70,2.60,3.10,3.00,3.30,3.20,3.00,2.90,3.10,2.90,2.40,2.40,2.10,2.00,1.70,1.40,0.80,4.60,4.30,3.60,3.10,3.30,3.60,3.90,4.30,4.50,3.90,3.40,6.20,5.60,5.10,4.50,4.00,3.30,2.50,4.80,4.80,5.30,5.10,4.90,5.00,4.70,4.60,4.20,3.80,3.40,3.10,3.10,3.40,3.30,3.20,3.00,3.40,3.60,3.90,4.20,4.70,4.60,4.80,5.00,4.80,5.30,5.40,4.80,4.80,4.70,5.30,5.10,5.00,4.80,4.90,4.70,4.90,4.70,4.60,4.40,4.2,4,3.7,3.4,3.5,3.9,3.8,3.7,3.5,3.3,2.9,3.8,3.5,3,3.6,3.8,4,4.4,4.8,5.1,5,4.7,4.8,4.9,5.20,5.00,4.70,4.30,3.90,3.60,4.40,4.60,5.40,5.50,5.80,5.80,6.00,5.70,5.90,5.90,5.60,5.70,5.80,6.00
MR1,KL Sentral (MRL),4.80,4.70,4.70,4.50,4.40,4.20,4.10,3.90,3.70,3.60,3.30,3.10,2.80,2.80,3.20,3.40,3.70,3.70,3.90,4.40,4.40,4.50,4.70,4.80,4.70,4.80,5.00,4.70,4.80,4.90,5.10,4.50,4.50,4.60,4.80,4.90,4.60,4.20,3.90,3.90,3.70,3.50,3.30,3.00,2.80,2.60,2.40,2.60,2.80,2.90,3.10,3.20,3.30,3.40,3.60,3.30,3.50,3.80,4.20,4.00,4.40,4.50,4.30,4.50,4.60,4.80,4.50,4.70,4.10,4.20,4.30,4.40,4.60,0.90,1.20,1.90,2.40,2.60,2.20,2.30,2.60,2.80,3.10,3.30,8.80,8.20,7.70,7.10,6.60,5.90,5.10,4.70,4.70,4.90,4.70,4.50,4.60,4.30,4.10,3.90,3.40,3.00,2.80,2.60,2.90,3.20,3.50,3.30,3.70,3.90,4.10,4.40,4.70,4.50,4.70,4.80,5.10,4.80,4.90,4.30,4.70,4.60,5.20,5.00,4.90,4.70,5.00,4.90,4.80,4.60,4.50,4.30,4.1,3.9,3.6,3.3,3.4,3.8,3.7,3.6,3.4,3.2,2.8,3.9,4.2,4,4.6,4.8,5,4.8,4.8,5,5,4.6,4.7,4.8,5.40,5.70,6.00,6.40,6.10,5.80,6.60,6.80,7.60,7.50,7.60,7.80,7.60,7.60,7.70,7.70,7.80,7.80,8.00,8.10
MR2,Tun Sambanthan,4.50,4.40,4.40,4.20,4.10,3.90,3.80,3.60,3.40,3.30,3.00,2.80,2.50,2.50,2.90,3.10,3.40,3.40,3.60,4.10,4.10,4.20,4.40,4.50,4.40,4.50,4.70,4.40,4.50,4.60,4.80,4.20,4.20,4.30,4.50,4.60,4.30,3.90,3.60,3.60,3.40,3.20,3.00,2.70,2.50,2.30,2.10,2.30,2.50,2.60,2.80,2.90,3.00,3.10,3.30,3.00,3.20,3.50,3.90,3.70,4.10,4.20,4.00,4.20,4.30,4.50,4.20,4.40,3.80,3.90,4.00,4.10,4.30,1.20,0.90,1.60,2.10,2.40,2.60,2.20,2.40,2.70,2.90,3.00,8.50,7.90,7.40,6.80,6.30,5.60,4.80,4.40,4.40,4.60,4.40,4.20,4.30,4.00,3.80,3.60,3.10,2.70,2.50,2.30,2.60,2.90,3.20,3.00,3.40,3.60,3.80,4.10,4.40,4.20,4.40,4.50,4.80,4.50,4.60,4.00,4.40,4.30,4.90,4.70,4.60,4.40,4.70,4.60,4.50,4.30,4.20,4.00,3.8,3.6,3.3,3,3.1,3.5,3.4,3.3,3.1,2.9,2.5,3.6,3.9,3.7,4.3,4.5,4.7,4.5,4.5,4.7,4.7,4.3,4.4,4.5,5.10,5.40,5.70,6.10,5.80,5.50,6.30,6.50,7.30,7.20,7.30,7.50,7.30,7.30,7.40,7.40,7.50,7.50,7.70,7.80
MR3,Maharajalela,3.80,3.70,3.70,3.50,3.40,3.20,3.10,2.90,2.70,2.60,2.30,2.10,1.80,1.80,2.20,2.40,2.70,2.70,2.90,3.40,3.40,3.50,3.70,3.80,3.70,3.80,4.00,3.70,3.80,3.90,4.10,3.50,3.50,3.60,3.80,3.90,3.60,3.20,2.90,2.90,2.70,2.50,2.30,2.00,1.80,1.60,1.40,1.60,1.80,1.90,2.10,2.20,2.30,2.40,2.60,2.30,2.50,2.80,3.20,3.00,3.40,3.50,3.30,3.50,3.60,3.80,3.50,3.70,3.10,3.20,3.30,3.40,3.60,1.90,1.60,0.90,1.40,1.60,1.90,2.20,2.60,2.20,2.50,2.30,7.80,7.20,6.70,6.10,5.60,4.90,4.10,3.70,3.70,3.90,3.70,3.50,3.60,3.30,3.10,2.90,2.40,2.00,1.80,1.60,1.90,2.20,2.50,2.30,2.70,2.90,3.10,3.40,3.70,3.50,3.70,3.80,4.10,3.80,3.90,3.30,3.70,3.60,4.20,4.00,3.90,3.70,4.00,3.90,3.80,3.60,3.50,3.30,3.1,2.9,2.6,2.3,2.4,2.8,2.7,2.6,2.4,2.2,1.8,2.9,3.2,3,3.6,3.8,4,3.8,3.8,4,4,3.6,3.7,3.8,4.40,4.70,5.00,5.40,5.10,4.80,5.60,5.80,6.60,6.50,6.60,6.80,6.60,6.60,6.70,6.70,6.80,6.80,7.00,7.10
MR4,Hang Tuah,3.30,3.20,3.20,3.00,2.90,2.60,2.50,2.30,2.10,2.00,1.70,1.50,1.20,1.20,1.60,1.80,2.10,2.10,2.30,2.90,2.90,3.00,3.20,3.30,3.20,3.30,3.50,3.20,3.30,3.40,3.60,3.00,3.00,3.10,3.30,3.40,3.10,2.60,2.30,2.30,2.10,1.90,1.70,1.40,1.20,1.00,0.80,1.00,1.20,1.30,1.50,1.60,1.70,1.80,2.00,1.70,1.90,2.20,2.60,2.50,2.90,3.00,2.80,3.00,3.10,3.30,3.00,3.20,2.60,2.70,2.80,2.90,3.10,2.40,2.10,1.40,0.80,1.10,1.40,1.70,2.10,2.50,2.10,1.70,7.20,6.60,6.10,5.50,5.00,4.30,3.60,3.20,3.20,3.40,3.20,3.00,3.10,2.80,2.60,2.30,1.80,1.40,1.20,1.00,1.30,1.60,1.90,1.70,2.10,2.30,2.60,2.90,3.20,3.00,3.20,3.30,3.60,3.30,3.40,2.80,3.20,3.10,3.70,3.50,3.40,3.20,3.50,3.40,3.30,3.10,3.00,2.80,2.5,2.3,2,1.7,1.8,2.2,2.1,2,1.8,1.6,1.2,2.3,2.6,2.5,3.1,3.3,3.5,3.3,3.3,3.5,3.5,3.1,3.2,3.3,3.90,4.20,4.50,4.90,4.60,4.30,5.10,5.30,6.10,6.00,6.10,6.30,6.10,6.10,6.20,6.20,6.30,6.30,6.50,6.60
MR5,Imbi,3.50,3.40,3.40,3.20,3.10,2.90,2.80,2.60,2.40,2.30,2.00,1.80,1.50,1.50,1.90,2.10,2.40,2.40,2.60,3.10,3.10,3.20,3.40,3.50,3.40,3.50,3.70,3.40,3.50,3.60,3.80,3.20,3.20,3.30,3.50,3.60,3.30,2.90,2.60,2.60,2.40,2.20,2.00,1.70,1.50,1.30,1.10,1.30,1.50,1.60,1.80,1.90,2.00,2.10,2.30,2.00,2.20,2.50,2.90,2.70,3.10,3.20,3.00,3.20,3.30,3.50,3.20,3.40,2.80,2.90,3.00,3.10,3.30,2.60,2.40,1.60,1.10,0.90,1.20,1.50,1.90,2.30,2.70,2.00,7.50,6.90,6.40,5.80,5.30,4.60,3.80,3.40,3.40,3.60,3.40,3.20,3.30,3.00,2.80,2.60,2.10,1.70,1.50,1.30,1.60,1.90,2.20,2.00,2.40,2.60,2.80,3.10,3.40,3.20,3.40,3.50,3.80,3.50,3.60,3.00,3.40,3.30,3.90,3.70,3.60,3.40,3.70,3.60,3.50,3.30,3.20,3.00,2.8,2.6,2.3,2,2.1,2.5,2.4,2.3,2.1,1.9,1.5,2.6,2.9,2.7,3.3,3.5,3.7,3.5,3.5,3.7,3.7,3.3,3.4,3.5,4.10,4.40,4.70,5.10,4.80,4.50,5.30,5.50,6.30,6.20,6.30,6.50,6.30,6.30,6.40,6.40,6.50,6.50,6.70,6.80
MR6,Air Asia - Bukit Bintang,3.80,3.70,3.70,3.50,3.40,3.20,3.10,2.90,2.70,2.60,2.30,2.10,1.80,1.80,2.20,2.40,2.70,2.70,2.90,3.40,3.40,3.50,3.70,3.80,3.70,3.80,4.00,3.70,3.80,3.90,4.10,3.50,3.50,3.60,3.80,3.90,3.60,3.20,2.90,2.90,2.70,2.50,2.30,2.00,1.80,1.60,1.40,1.60,1.80,1.90,2.10,2.20,2.20,2.30,2.60,2.30,2.50,2.80,3.20,3.00,3.40,3.50,3.30,3.50,3.60,3.80,3.50,3.70,3.10,3.20,3.30,3.40,3.60,2.20,2.60,1.90,1.40,1.20,0.90,1.20,1.60,2.00,2.40,2.20,7.80,7.20,6.70,6.10,5.60,4.90,4.10,3.70,3.70,3.90,3.70,3.50,3.60,3.30,3.10,2.90,2.40,2.00,1.80,1.60,1.90,2.20,2.50,2.30,2.70,2.90,3.10,3.40,3.70,3.50,3.70,3.80,4.10,3.80,3.90,3.30,3.70,3.60,4.20,4.00,3.90,3.70,3.90,3.90,3.80,3.60,3.40,3.20,3,2.8,2.5,2.2,2.3,2.7,2.7,2.6,2.4,2.2,1.8,2.9,3.2,3,3.6,3.8,4,3.8,3.8,4,4,3.6,3.7,3.8,4.40,4.70,5.00,5.40,5.10,4.80,5.60,5.80,6.60,6.50,6.60,6.80,6.60,6.60,6.70,6.70,6.80,6.80,7.00,7.10
MR7,Raja Chulan,4.10,4.00,4.00,3.80,3.70,3.50,3.40,3.20,3.00,2.90,2.60,2.40,2.10,2.10,2.50,2.70,3.00,3.00,3.20,3.70,3.70,3.80,4.00,4.10,4.00,4.10,4.30,4.00,4.10,4.20,4.40,3.80,3.80,3.90,4.10,4.20,3.90,3.50,3.20,3.20,3.00,2.80,2.60,2.30,2.10,1.90,1.70,1.90,2.10,2.20,2.40,2.50,2.60,2.70,2.90,2.60,2.80,3.10,3.50,3.30,3.70,3.80,3.60,3.80,3.90,4.10,3.80,4.00,3.40,3.50,3.60,3.70,3.90,2.30,2.20,2.20,1.70,1.50,1.20,0.90,1.30,1.70,2.10,2.60,8.10,7.50,7.00,6.40,5.90,5.20,4.40,4.00,4.00,4.20,4.00,3.80,3.90,3.60,3.40,3.20,2.70,2.30,2.10,1.90,2.20,2.50,2.80,2.60,3.00,3.20,3.40,3.70,4.00,3.80,4.00,4.10,4.40,4.10,4.20,3.60,4.00,3.90,4.50,4.30,4.20,4.00,4.30,4.20,4.10,3.90,3.80,3.60,3.4,3.2,2.9,2.6,2.7,3.1,3,2.9,2.7,2.5,2.1,3.2,3.5,3.3,3.9,4.1,4.3,4.1,4.1,4.3,4.3,3.9,4,4.1,4.70,5.00,5.30,5.70,5.40,5.10,5.90,6.10,6.90,6.80,6.90,7.10,6.90,6.90,7.00,7.00,7.10,7.10,7.30,7.40
MR8,Bukit Nanas,4.50,4.40,4.40,4.20,4.10,3.90,3.80,3.60,3.40,3.30,3.00,2.80,2.50,2.50,2.90,3.10,3.40,3.40,3.60,4.10,4.10,4.20,4.40,4.50,4.40,4.50,4.70,4.40,4.50,4.60,4.80,4.20,4.20,4.30,4.50,4.60,4.30,3.90,3.60,3.60,3.40,3.20,3.00,2.70,2.50,2.30,2.10,2.30,2.50,2.60,2.60,2.40,2.20,2.30,2.60,3.00,3.20,3.50,3.90,3.70,4.10,4.20,4.00,4.20,4.30,4.50,4.00,4.10,3.80,3.90,4.00,4.10,4.30,2.60,2.40,2.60,2.10,1.90,1.60,1.30,0.90,1.30,1.70,2.20,8.50,7.90,7.40,6.80,6.30,5.60,4.80,4.30,4.40,4.60,4.40,4.20,4.30,4.00,3.80,3.60,3.10,2.70,2.50,2.30,2.60,2.90,3.20,3.00,3.40,3.60,3.80,4.10,4.40,4.20,4.40,4.50,4.80,4.50,4.60,4.00,4.30,4.30,4.40,4.20,4.40,4.10,3.90,4.00,3.80,3.60,3.40,3.20,3,2.8,2.5,2.2,2.3,2.7,2.9,3.1,3.1,2.9,2.5,3.6,3.9,3.7,4.3,4.2,4.3,4.5,4.1,4.2,4.4,4.3,4.4,4.5,5.10,5.40,5.70,6.10,5.80,5.50,6.30,6.50,7.30,7.20,7.30,7.50,7.30,7.30,7.40,7.40,7.50,7.50,7.70,7.80
MR9,Medan Tuanku,4.70,4.80,4.60,4.40,4.30,4.10,4.00,3.80,3.60,3.50,3.20,3.00,2.70,2.90,3.30,3.50,3.70,3.80,4.00,4.50,4.30,4.50,4.80,4.90,4.70,4.80,5.00,4.60,4.80,4.90,5.10,4.40,4.50,4.60,4.70,4.80,4.50,4.20,4.00,3.90,3.70,3.60,3.40,3.10,2.90,2.70,2.50,2.70,2.70,2.50,2.40,2.20,2.00,2.10,2.40,3.40,3.60,3.80,4.10,3.90,4.20,4.30,3.90,4.00,4.20,4.30,3.80,3.90,4.00,4.10,4.20,4.30,4.50,2.80,2.70,2.20,2.50,2.30,2.00,1.70,1.30,0.90,1.40,2.00,8.70,8.10,7.60,7.00,6.50,5.80,5.10,4.10,4.40,4.90,4.80,4.60,4.70,4.40,4.20,4.00,3.50,3.10,2.90,2.70,3.00,3.10,3.40,3.40,3.80,4.00,4.20,4.50,4.80,4.60,4.80,4.90,5.00,4.90,5.00,4.40,4.10,4.40,4.20,4.00,4.20,3.90,3.70,3.80,3.60,3.40,3.20,3.00,2.8,2.6,2.3,2,2.1,2.5,2.7,2.9,2.9,3.1,2.9,4,4.2,3.9,4.4,4,4.1,4.3,3.9,4,4.2,4.3,4.4,4.5,5.50,5.80,6.10,6.50,6.10,5.80,6.60,6.80,7.60,7.60,7.70,7.90,7.70,7.70,7.80,7.80,7.80,7.90,8.00,8.20
MR10,Chow Kit,4.10,4.30,4.00,3.80,3.70,3.50,3.40,3.20,3.00,2.90,2.60,2.40,2.10,2.40,2.70,3.00,3.10,3.30,3.40,3.90,3.70,3.90,4.20,4.30,4.10,4.20,4.40,4.00,4.20,4.30,4.50,3.80,3.90,4.00,4.10,4.20,3.90,3.60,3.40,3.30,3.10,3.00,3.00,2.70,2.50,2.30,2.10,2.30,2.10,1.90,1.80,1.60,1.40,1.50,1.80,3.00,3.00,3.20,3.50,3.30,3.60,3.70,3.30,3.40,3.60,3.70,3.20,3.30,3.40,3.50,3.60,3.70,3.90,3.10,2.90,2.50,2.10,2.70,2.40,2.10,1.70,1.40,0.90,1.40,8.10,7.50,7.00,6.40,5.90,5.20,4.50,3.50,3.80,4.30,4.40,4.20,4.30,4.00,3.80,3.50,3.10,2.70,2.40,2.30,2.60,2.50,2.80,3.00,3.40,3.50,3.80,4.10,4.20,4.20,4.40,4.40,4.40,4.50,4.60,4.00,3.50,3.80,3.60,3.40,3.60,3.30,3.10,3.20,3.00,2.80,2.60,2.40,2.2,2,1.7,1.4,1.5,1.9,2.1,2.3,2.3,2.5,2.5,3.4,3.6,3.3,3.8,3.4,3.5,3.7,3.3,3.4,3.6,3.7,3.8,3.9,5.10,5.40,5.70,5.90,5.50,5.20,6.00,6.20,7.00,7.10,7.30,7.40,7.30,7.30,7.40,7.40,7.20,7.30,7.40,7.60
MR11,Titiwangsa,3.60,3.80,3.50,3.30,3.20,3.00,2.90,2.60,2.40,2.30,2.00,1.80,1.50,1.80,2.10,2.40,2.50,2.70,2.90,3.40,3.20,3.40,3.70,3.80,3.60,3.70,3.90,3.50,3.70,3.80,4.00,3.30,3.40,3.50,3.60,3.70,3.40,3.10,2.90,2.80,2.60,2.50,2.40,2.30,2.10,1.90,1.70,1.70,1.50,1.30,1.20,1.00,0.80,0.90,1.20,2.50,2.50,2.70,3.00,2.80,3.10,3.20,2.80,2.90,3.10,3.20,2.70,2.80,2.90,3.00,3.10,3.20,3.40,3.30,3.00,2.30,1.70,2.00,2.20,2.60,2.20,2.00,1.40,0.80,7.60,7.00,6.50,5.90,5.40,4.70,4.00,3.00,3.30,3.80,3.90,3.70,3.80,3.50,3.30,3.00,2.50,2.10,1.80,1.70,2.00,1.90,2.20,2.40,2.90,3.00,3.30,3.60,3.70,3.70,3.90,3.90,3.90,4.00,4.10,3.50,3.00,3.30,3.10,2.90,3.10,2.80,2.60,2.60,2.40,2.20,2.00,1.80,1.6,1.4,1.1,0.8,0.9,1.3,1.5,1.7,1.7,1.9,2.1,2.9,3.1,2.8,3.3,2.9,3,3.2,2.8,2.9,3.1,3.2,3.3,3.4,4.60,4.90,5.20,5.40,5.00,4.70,5.50,5.70,6.50,6.60,6.80,6.90,6.80,6.80,6.90,6.90,6.70,6.80,6.90,7.10
BRT1,Sunway-Setia Jaya,7.40,7.20,7.10,6.90,6.70,6.60,6.60,6.50,6.50,6.40,6.30,6.20,6.90,6.80,6.60,6.50,6.90,6.80,6.70,6.40,6.70,6.50,6.30,6.10,6.20,6.00,5.70,5.40,5.20,5.00,4.50,4.70,5.00,5.30,5.60,5.90,6.20,8.50,8.40,8.50,8.40,8.20,7.90,7.80,7.60,7.40,7.20,7.00,6.90,7.10,7.20,7.40,7.60,7.70,7.80,7.90,8.00,7.90,8.40,8.30,8.60,8.50,8.30,8.20,8.40,8.20,7.70,7.80,7.50,7.40,7.10,6.80,6.20,8.80,8.50,7.80,7.20,7.50,7.80,8.10,8.50,8.70,8.10,7.60,0.90,1.40,2.00,2.60,3.10,3.80,4.50,8.90,8.80,9.00,8.80,9.00,8.70,8.40,8.50,7.90,7.50,7.10,6.80,7.00,7.20,7.60,7.70,7.90,8.30,8.50,8.40,8.70,9.00,8.80,9.00,9.10,8.80,9.10,9.20,8.60,8.90,9.50,9.80,9.60,9.80,9.50,9.30,9.40,9.20,9.00,8.80,8.60,8.4,8.2,7.9,7.6,7.7,8.1,8.1,8,7.8,7.6,7.6,8.8,8.8,8.3,8.9,9.1,9.3,9.7,9.5,9.6,9.4,9.5,9.6,9.7,8.10,7.90,7.60,7.20,6.80,6.50,7.30,7.50,8.30,8.40,8.70,8.70,8.90,8.60,8.80,8.80,8.50,8.60,8.70,8.90
BRT2,Mentari,6.80,6.60,6.50,6.30,6.10,6.00,6.00,5.90,5.90,5.80,5.70,5.60,6.30,6.20,6.00,5.90,6.30,6.20,6.10,5.80,6.10,5.90,5.70,5.50,5.60,5.40,5.10,4.80,4.60,4.40,3.90,4.10,4.40,4.70,5.00,5.30,5.60,7.90,7.80,7.90,7.80,7.60,7.30,7.20,7.00,6.80,6.60,6.40,6.30,6.50,6.60,6.80,7.00,7.10,7.20,7.30,7.40,7.30,7.80,7.70,8.00,7.90,7.70,7.60,7.80,7.60,7.10,7.20,6.90,6.80,6.50,6.20,5.60,8.20,7.90,7.20,6.60,6.90,7.20,7.50,7.90,8.10,7.50,7.00,1.40,0.90,1.40,2.00,2.60,3.30,3.90,8.30,8.20,8.40,8.20,8.40,8.10,7.80,7.90,7.30,6.90,6.50,6.20,6.40,6.60,7.00,7.10,7.30,7.70,7.90,7.80,8.10,8.40,8.20,8.40,8.50,8.20,8.50,8.60,8.00,8.30,8.90,9.20,9.00,9.20,8.90,8.70,8.80,8.60,8.40,8.20,8.00,7.8,7.6,7.3,7,7.1,7.5,7.5,7.4,7.2,7,7,8.2,8.2,7.7,8.3,8.5,8.7,9.1,8.9,9,8.8,8.9,9,9.1,7.50,7.30,7.00,6.60,6.20,5.90,6.70,6.90,7.70,7.80,8.10,8.10,8.30,8.00,8.20,8.20,7.90,8.00,8.10,8.30
BRT3,Sunway Lagoon,6.30,6.10,6.00,5.80,5.60,5.50,5.50,5.40,5.40,5.30,5.20,5.10,5.80,5.70,5.50,5.40,5.80,5.70,5.60,5.30,5.60,5.40,5.20,5.00,5.10,4.90,4.60,4.30,4.10,3.90,3.40,3.60,3.90,4.20,4.50,4.80,5.10,7.40,7.30,7.40,7.30,7.10,6.80,6.70,6.50,6.30,6.10,5.90,5.80,6.00,6.10,6.30,6.50,6.60,6.70,6.80,6.90,6.80,7.30,7.20,7.50,7.40,7.20,7.10,7.30,7.10,6.60,6.70,6.40,6.30,6.00,5.70,5.10,7.70,7.40,6.70,6.10,6.40,6.70,7.00,7.40,7.60,7.00,6.50,2.00,1.40,0.90,1.50,2.00,2.80,3.40,7.80,7.70,7.90,7.70,7.90,7.60,7.30,7.40,6.80,6.40,6.00,5.70,5.90,6.10,6.50,6.60,6.80,7.20,7.40,7.30,7.60,7.90,7.70,7.90,8.00,7.70,8.00,8.10,7.50,7.80,8.40,8.70,8.50,8.70,8.40,8.20,8.30,8.10,7.90,7.70,7.50,7.3,7.1,6.8,6.5,6.6,7,7,6.9,6.7,6.5,6.5,7.7,7.7,7.2,7.8,8,8.2,8.6,8.4,8.5,8.3,8.4,8.5,8.6,7.00,6.80,6.50,6.10,5.70,5.40,6.20,6.40,7.20,7.30,7.60,7.60,7.80,7.50,7.70,7.70,7.40,7.50,7.60,7.80
BRT4,SunMed,5.70,5.50,5.40,5.20,5.00,4.90,4.90,4.80,4.80,4.70,4.60,4.50,5.20,5.10,4.90,4.80,5.20,5.10,5.00,4.70,5.00,4.80,4.60,4.40,4.50,4.30,4.00,3.70,3.50,3.30,2.80,3.00,3.30,3.60,3.90,4.20,4.50,6.80,6.70,6.80,6.70,6.50,6.20,6.10,5.90,5.70,5.50,5.30,5.20,5.40,5.50,5.70,5.90,6.00,6.10,6.20,6.30,6.20,6.70,6.60,6.90,6.80,6.60,6.50,6.70,6.50,6.00,6.10,5.80,5.70,5.40,5.10,4.50,7.10,6.80,6.10,5.50,5.80,6.10,6.40,6.80,7.00,6.40,5.90,2.60,2.00,1.50,0.90,1.40,2.20,2.80,7.20,7.10,7.30,7.10,7.30,7.00,6.70,6.80,6.20,5.80,5.40,5.10,5.30,5.50,5.90,6.00,6.20,6.60,6.80,6.70,7.00,7.30,7.10,7.30,7.40,7.10,7.40,7.50,6.90,7.20,7.80,8.10,7.90,8.10,7.80,7.60,7.70,7.50,7.30,7.10,6.90,6.7,6.5,6.2,5.9,6,6.4,6.4,6.3,6.1,5.9,5.9,7.1,7.1,6.6,7.2,7.4,7.6,8,7.8,7.9,7.7,7.8,7.9,8,6.40,6.20,5.90,5.50,5.10,4.80,5.60,5.80,6.60,6.70,7.00,7.00,7.20,6.90,7.10,7.10,6.80,6.90,7.00,7.20
BRT5,SunU-Monash,5.20,5.00,4.90,4.70,4.50,4.40,4.40,4.30,4.30,4.20,4.10,4.00,4.70,4.60,4.40,4.30,4.70,4.60,4.50,4.20,4.50,4.30,4.10,3.90,4.00,3.80,3.50,3.20,3.00,2.80,2.30,2.50,2.80,3.10,3.40,3.70,4.00,6.30,6.20,6.30,6.20,6.00,5.70,5.60,5.40,5.20,5.00,4.80,4.70,4.90,5.00,5.20,5.40,5.50,5.60,5.70,5.80,5.70,6.20,6.10,6.40,6.30,6.10,6.00,6.20,6.00,5.50,5.60,5.30,5.20,4.90,4.60,4.00,6.60,6.30,5.60,5.00,5.30,5.60,5.90,6.30,6.50,5.90,5.40,3.10,2.60,2.00,1.40,0.90,1.60,2.30,6.70,6.60,6.80,6.60,6.80,6.50,6.20,6.30,5.70,5.30,4.90,4.60,4.80,5.00,5.40,5.50,5.70,6.10,6.30,6.20,6.50,6.80,6.60,6.80,6.90,6.60,6.90,7.00,6.40,6.70,7.30,7.60,7.40,7.60,7.30,7.10,7.20,7.00,6.80,6.60,6.40,6.2,6,5.7,5.4,5.5,5.9,5.9,5.8,5.6,5.4,5.4,6.6,6.6,6.1,6.7,6.9,7.1,7.5,7.3,7.4,7.2,7.3,7.4,7.5,5.90,5.70,5.40,5.00,4.60,4.30,5.10,5.30,6.10,6.20,6.50,6.50,6.70,6.40,6.60,6.60,6.30,6.40,6.50,6.70
BRT6,South Quay-USJ1,4.50,4.30,4.20,4.00,3.80,3.70,3.70,3.60,3.60,3.50,3.40,3.30,4.00,3.90,3.70,3.60,4.00,3.90,3.80,3.50,3.80,3.60,3.40,3.20,3.30,3.10,2.80,2.50,2.30,2.10,1.60,1.80,2.10,2.40,2.70,3.00,3.30,5.60,5.50,5.60,5.50,5.30,5.00,4.90,4.70,4.50,4.30,4.10,4.00,4.20,4.30,4.50,4.70,4.80,4.90,5.00,5.10,5.00,5.50,5.40,5.70,5.60,5.40,5.30,5.50,5.30,4.80,4.90,4.60,4.50,4.20,3.90,3.30,5.90,5.60,4.90,4.30,4.60,4.90,5.20,5.60,5.80,5.20,4.70,3.80,3.30,2.80,2.20,1.60,0.90,1.60,6.00,5.90,6.10,5.90,6.10,5.80,5.50,5.60,5.00,4.60,4.20,3.90,4.10,4.30,4.70,4.80,5.00,5.40,5.60,5.50,5.80,6.10,5.90,6.10,6.20,5.90,6.20,6.30,5.70,6.00,6.60,6.90,6.70,6.90,6.60,6.40,6.50,6.30,6.10,5.90,5.70,5.5,5.3,5,4.7,4.8,5.2,5.2,5.1,4.9,4.7,4.7,5.9,5.9,5.4,6,6.2,6.4,6.8,6.6,6.7,6.5,6.6,6.7,6.8,5.20,5.00,4.70,4.30,3.90,3.60,4.40,4.60,5.40,5.50,5.80,5.80,6.00,5.70,5.90,5.90,5.60,5.70,5.80,6.00
BRT7,USJ7,3.80,3.60,3.50,3.30,3.10,3.00,3.00,2.90,2.90,2.80,2.70,2.60,3.30,3.20,3.00,2.90,3.30,3.20,3.10,2.80,3.10,2.90,2.70,2.50,2.50,2.30,2.00,1.70,1.50,1.30,0.80,1.00,1.30,1.60,1.90,2.20,2.50,4.90,4.80,4.90,4.80,4.60,4.30,4.20,4.00,3.80,3.60,3.40,3.30,3.50,3.60,3.80,4.00,4.10,4.20,4.30,4.40,4.30,4.80,4.70,5.00,4.90,4.70,4.60,4.80,4.60,4.10,4.20,3.90,3.80,3.50,3.20,2.50,5.10,4.80,4.10,3.60,3.80,4.10,4.40,4.80,5.10,4.50,4.00,4.50,3.90,3.40,2.80,2.30,1.60,0.80,5.30,5.20,5.40,5.20,5.40,5.10,4.80,4.90,4.30,3.90,3.50,3.20,3.40,3.60,4.00,4.10,4.30,4.70,4.90,4.80,5.10,5.40,5.20,5.40,5.50,5.20,5.50,5.60,5.00,5.30,5.90,6.20,6.00,6.20,5.90,5.70,5.80,5.60,5.40,5.20,5.00,4.8,4.6,4.3,4,4.1,4.5,4.5,4.4,4.2,4,4,5.2,5.2,4.7,5.3,5.5,5.7,6.1,5.9,6,5.8,5.9,6,6.1,4.40,4.20,3.90,3.50,3.10,2.80,3.60,3.80,4.60,4.70,5.00,5.00,5.20,4.90,5.10,5.10,4.80,4.90,5.00,5.20
KG04,Kwasa Damansara,5.10,4.90,5.00,4.90,4.80,4.60,4.50,4.30,4.10,3.90,3.80,3.60,3.30,3.00,3.40,3.60,3.90,3.90,4.10,4.60,4.70,4.70,4.90,5.00,4.90,5.00,5.20,5.20,5.00,5.10,5.30,5.00,4.70,4.80,5.00,5.10,4.80,3.80,3.70,3.60,3.40,3.20,2.80,3.00,2.80,3.00,3.20,3.10,3.30,3.50,3.40,3.20,3.00,3.10,3.40,3.20,3.60,3.80,3.80,3.50,4.00,4.20,4.50,4.60,4.80,5.00,4.70,4.90,4.90,4.90,4.50,4.60,4.80,4.70,4.40,3.70,3.20,3.40,3.70,4.00,4.30,4.10,3.50,3.00,8.90,8.30,7.80,7.20,6.70,6.00,5.30,0.80,1.10,1.60,2.00,2.40,2.40,2.70,2.90,2.90,3.30,2.90,3.00,3.10,3.00,2.60,2.70,2.80,2.90,3.00,3.10,3.20,3.40,3.50,3.60,3.60,3.80,4.00,4.10,4.20,0.80,1.40,1.70,1.90,2.20,2.60,2.50,2.80,2.90,3.10,2.80,3.00,3.1,3.2,2.8,3,3,3.2,3.1,2.6,2.7,2.6,2.8,3.2,3.3,3.5,3.6,3.7,3.8,3.9,4.3,4.4,4.4,4.5,4.6,4.7,3.20,3.50,3.80,4.20,4.60,4.80,5.20,5.30,5.40,5.30,5.40,5.60,5.40,5.40,5.50,5.50,5.60,5.60,5.80,5.90
KG05,Kwasa Sentral,5.00,4.80,4.90,4.80,4.70,4.50,4.40,4.20,4.00,3.80,3.70,3.50,3.20,2.90,3.30,3.50,3.80,3.80,4.00,4.50,4.60,4.60,4.80,4.90,4.80,4.90,5.10,5.10,4.90,5.00,5.20,4.90,4.60,4.70,4.90,5.00,4.80,3.70,3.60,3.50,3.30,3.10,2.70,3.00,3.10,3.30,3.20,3.00,3.20,3.40,3.50,3.50,3.30,3.40,3.70,3.20,3.50,3.80,4.10,3.80,4.30,4.50,4.80,4.50,4.70,4.90,4.70,4.80,4.80,4.80,4.40,4.60,4.80,4.70,4.40,3.70,3.20,3.40,3.70,4.00,4.40,4.40,3.80,3.30,8.80,8.20,7.70,7.10,6.60,5.90,5.20,1.10,0.80,1.50,1.70,2.10,2.40,2.50,2.80,2.80,3.20,3.40,2.90,3.00,3.10,3.00,2.60,2.70,2.80,2.90,3.00,3.10,3.30,3.40,3.50,3.60,3.70,3.90,4.00,4.10,1.10,1.70,2.00,2.20,2.50,3.00,2.80,3.10,3.20,3.40,3.10,3.30,3.4,3.5,3.1,3.3,3.3,3.5,3.6,2.9,3,3,3.1,3.5,3.6,3.8,3.9,4,4.1,4.2,4.6,4.7,4.8,5,5.1,5.1,3.20,3.50,3.80,4.20,4.60,4.80,5.20,5.30,5.40,5.30,5.40,5.60,5.40,5.40,5.50,5.50,5.60,5.60,5.80,5.90
KG06,Kota Damansara,5.20,5.00,5.10,5.00,4.90,4.70,4.60,4.40,4.20,4.00,3.90,3.70,3.40,3.10,3.50,3.70,4.00,4.00,4.20,4.70,4.80,4.80,5.00,5.10,5.00,5.10,5.30,5.30,5.10,5.20,5.40,5.10,4.80,4.90,5.10,5.20,5.30,4.20,4.10,4.00,3.80,3.60,3.20,3.50,3.40,3.60,3.40,3.20,3.40,3.60,3.70,3.90,3.80,3.90,4.20,3.70,4.00,4.30,4.60,4.30,4.80,5.00,5.20,5.00,5.20,5.10,5.20,5.10,5.00,5.00,4.90,5.10,5.30,4.90,4.60,3.90,3.40,3.60,3.90,4.20,4.60,4.90,4.30,3.80,9.00,8.40,7.90,7.30,6.80,6.10,5.40,1.60,1.50,0.80,1.20,1.60,1.90,2.20,2.50,2.80,2.80,3.00,3.10,3.20,2.80,3.00,3.10,3.20,2.60,2.70,2.80,2.90,3.10,3.20,3.30,3.40,3.50,3.70,3.80,3.90,1.60,2.20,2.50,2.80,3.10,3.50,3.30,3.60,3.70,3.90,3.60,3.80,3.9,4,3.6,3.8,3.8,3.8,3.5,3.4,3.2,3,3.4,4,4.1,4.3,4.4,4.5,4.6,4.7,5.1,5.2,4.8,4.9,5,5.1,2.70,3.00,3.30,3.70,4.10,4.30,4.70,4.80,4.90,4.80,4.90,5.10,4.90,4.90,5.00,5.00,5.10,5.10,5.30,5.40
KG07,Surian,5.00,4.80,4.90,4.80,4.70,4.50,4.40,4.20,4.00,3.80,3.70,3.50,3.20,2.90,3.30,3.50,3.80,3.80,4.00,4.50,4.60,4.60,4.80,4.90,4.80,4.90,5.10,5.10,4.90,5.00,5.20,4.90,4.60,4.70,4.90,5.00,5.10,4.00,3.90,3.80,3.60,3.40,3.00,3.30,3.50,3.40,3.20,3.00,3.20,3.40,3.50,3.70,3.90,3.90,4.10,3.50,3.80,4.10,4.40,4.70,4.70,4.80,5.00,4.80,5.00,4.90,5.00,4.90,4.80,4.80,4.70,4.90,5.10,4.70,4.40,3.70,3.20,3.40,3.70,4.00,4.40,4.80,4.40,3.90,8.80,8.20,7.70,7.10,6.60,5.90,5.20,2.00,1.70,1.20,0.80,1.30,1.60,1.90,2.20,2.50,2.90,2.80,2.90,3.00,3.20,3.40,2.90,3.00,3.20,3.30,2.70,2.80,3.00,3.10,3.20,3.20,3.40,3.60,3.70,3.80,2.00,2.60,3.00,3.20,3.50,3.90,3.70,4.00,4.10,4.30,4.00,4.20,4.3,4.4,4,3.9,4,4.2,3.9,3.8,3.6,3.4,3.5,4.4,4.5,4.7,4.8,4.9,5,5.1,5.5,5.6,5.2,5.3,5.4,5.5,2.40,2.70,3.00,3.40,3.80,4.00,4.40,4.50,4.60,4.50,4.60,4.80,4.60,4.60,4.70,4.70,4.80,4.80,5.00,5.10
KG08,Mutiara Damansara,5.00,5.00,4.90,4.70,4.60,4.40,4.30,4.10,3.90,3.80,3.50,3.30,3.00,3.10,3.50,3.70,4.00,4.00,4.20,4.70,4.60,4.80,5.00,5.10,5.00,5.10,5.30,4.90,5.10,5.20,5.40,4.70,4.80,4.90,5.00,5.10,4.90,3.80,3.70,3.60,3.40,3.20,2.80,3.10,3.30,3.20,3.00,2.80,3.00,3.20,3.30,3.50,3.70,3.70,3.90,3.30,3.60,3.90,4.20,4.50,4.50,4.60,4.80,4.60,4.80,4.70,4.80,4.90,4.60,4.60,4.50,4.70,4.90,4.50,4.20,3.50,3.00,3.20,3.50,3.80,4.20,4.60,4.20,3.70,9.00,8.40,7.90,7.30,6.80,6.10,5.40,2.40,2.10,1.60,1.30,0.80,1.20,1.60,1.80,2.40,2.60,2.90,3.10,2.80,2.90,3.10,3.30,2.80,3.00,3.10,3.30,2.70,2.80,2.90,3.00,3.10,3.20,3.50,3.50,3.60,2.40,3.10,3.40,3.60,3.90,4.30,4.10,4.40,4.50,4.70,4.40,4.60,4.5,4.3,4,3.7,3.8,3.9,3.6,3.5,3.3,3.1,3.3,4.4,4.7,4.5,5.1,5,5.1,5.3,5.3,5.4,4.9,5,5.1,5.2,2.00,2.30,2.60,3.00,3.40,3.60,4.00,4.10,4.20,4.10,4.20,4.40,4.20,4.20,4.30,4.30,4.40,4.40,4.60,4.70
KG09,Bandar Utama,4.90,4.70,4.80,4.70,4.60,4.40,4.30,4.10,3.90,3.70,3.60,3.40,3.10,2.80,3.20,3.40,3.70,3.70,3.90,4.40,4.50,4.50,4.70,4.80,4.70,4.80,5.00,5.00,4.80,4.90,5.10,4.80,4.50,4.60,4.80,4.90,5.00,4.20,4.10,4.00,3.80,3.60,3.20,3.50,3.30,3.30,3.10,2.90,3.10,3.30,3.40,3.60,3.80,3.80,4.00,3.70,4.00,4.30,4.40,4.60,4.90,5.00,4.90,5.00,5.20,4.80,5.10,4.80,4.70,4.70,4.80,4.90,5.00,4.60,4.30,3.60,3.10,3.30,3.60,3.90,4.30,4.70,4.30,3.80,8.70,8.10,7.60,7.00,6.50,5.80,5.10,2.40,2.40,1.90,1.60,1.20,0.80,1.20,1.60,2.10,2.40,2.60,2.80,2.90,3.10,2.90,3.00,3.20,2.80,2.90,3.10,3.30,2.70,2.80,2.90,3.00,3.10,3.30,3.40,3.50,2.40,3.00,3.30,3.50,3.80,4.20,4.00,4.30,4.40,4.60,4.30,4.50,4.6,4.4,4.1,3.8,3.8,3.7,3.4,3.3,3.1,2.9,3.3,4.3,4.6,4.6,5,4.8,4.9,5.1,5.1,5.2,4.7,4.8,4.9,5,1.60,1.90,2.20,2.60,3.00,3.20,3.60,3.70,3.80,3.70,3.80,4.00,3.80,3.80,3.90,3.90,4.00,4.00,4.20,4.30
KG10,Taman Tun Dr Ismail,4.60,4.40,4.50,4.40,4.30,4.10,4.00,3.80,3.60,3.40,3.30,3.10,2.80,2.50,2.90,3.10,3.40,3.40,3.60,4.10,4.20,4.20,4.40,4.50,4.40,4.50,4.70,4.70,4.50,4.60,4.80,4.50,4.20,4.30,4.50,4.60,4.70,3.90,3.80,3.70,3.50,3.30,2.90,3.20,3.20,3.00,2.80,2.60,2.80,3.00,3.10,3.30,3.50,3.50,3.70,3.40,3.70,4.00,4.10,4.30,4.60,4.70,4.60,4.70,4.90,4.50,4.80,4.50,4.40,4.40,4.50,4.60,4.70,4.30,4.00,3.30,2.80,3.00,3.30,3.60,4.00,4.40,4.00,3.50,8.40,7.80,7.30,6.70,6.20,5.50,4.80,2.70,2.50,2.20,1.90,1.60,1.20,0.80,1.20,1.70,2.30,2.60,2.50,2.60,2.80,3.10,2.80,2.90,3.20,3.30,2.90,3.10,3.30,2.70,2.80,2.90,3.00,3.20,3.30,3.40,2.70,3.30,3.60,3.80,4.10,4.50,4.30,4.60,4.70,4.90,4.60,4.50,4.3,4.1,3.8,3.5,3.6,3.9,3.6,3.5,3.3,3.1,3.2,4.3,4.6,4.3,4.9,5,5.1,5.2,5.2,5.4,4.9,5,5.1,5.2,2.00,2.30,2.60,3.00,3.40,3.60,4.00,4.10,4.20,4.10,4.20,4.40,4.20,4.20,4.30,4.30,4.40,4.40,4.60,4.70
KG12,Phileo Damansara,4.60,4.50,4.50,4.30,4.20,4.00,3.90,3.70,3.50,3.40,3.10,2.90,2.60,2.50,3.00,3.20,3.50,3.50,3.70,4.20,4.20,4.30,4.50,4.60,4.50,4.60,4.80,4.50,4.60,4.70,4.90,4.30,4.30,4.40,4.60,4.70,4.60,3.70,3.60,3.50,3.30,3.10,2.70,3.00,3.00,2.80,2.60,2.40,2.60,2.80,2.90,3.10,3.30,3.30,3.50,3.20,3.50,3.80,3.90,4.10,4.40,4.50,4.40,4.50,4.70,4.30,4.60,4.60,4.20,4.20,4.30,4.40,4.60,4.10,3.80,3.10,2.60,2.80,3.10,3.40,3.80,4.20,3.80,3.30,8.50,7.90,7.40,6.80,6.30,5.60,4.90,2.90,2.80,2.50,2.20,1.80,1.60,1.20,0.80,1.50,1.90,2.30,2.50,2.40,2.60,2.80,3.00,2.70,3.00,3.10,3.30,2.90,3.10,3.30,2.70,2.80,2.90,3.10,3.20,3.30,2.90,3.50,3.80,4.00,4.30,4.70,4.50,4.70,4.90,4.70,4.50,4.30,4.1,3.9,3.6,3.3,3.4,3.6,3.3,3.2,3,2.8,3,4.1,4.4,4.1,4.7,4.7,4.8,5,5,5.1,4.6,4.7,4.8,4.9,2.40,2.70,3.00,3.40,3.80,4.00,4.40,4.50,4.60,4.50,4.60,4.80,4.60,4.60,4.70,4.70,4.80,4.80,5.00,5.10
KG13,Pusat Bandar Damansara,4.10,3.90,4.00,3.90,3.80,3.60,3.50,3.30,3.10,2.90,2.80,2.50,2.20,1.90,2.30,2.50,2.90,2.90,3.10,3.60,3.70,3.70,3.90,4.00,3.90,4.00,4.20,4.30,4.00,4.10,4.30,4.10,3.70,3.80,4.00,4.10,4.20,3.70,3.60,3.50,3.30,3.10,2.70,3.00,2.70,2.50,2.30,2.10,2.20,2.40,2.50,2.70,3.00,3.10,3.20,3.10,3.40,3.70,3.70,3.90,4.30,4.20,4.20,4.30,4.50,4.10,4.40,4.00,4.00,4.00,4.10,4.20,4.20,3.90,3.60,2.90,2.30,2.60,2.90,3.20,3.60,4.00,3.50,3.00,7.90,7.30,6.80,6.20,5.70,5.00,4.30,2.90,2.80,2.80,2.50,2.40,2.10,1.70,1.50,0.80,1.40,1.70,1.90,2.10,2.30,2.60,2.50,2.70,3.00,3.10,2.90,3.10,2.90,3.00,3.20,3.30,2.70,2.90,3.00,3.10,2.90,3.50,3.80,4.00,4.30,4.70,4.50,4.60,4.70,4.50,4.30,4.10,3.9,3.7,3.4,3,3.2,3.5,3.2,3.1,2.9,2.6,2.7,3.9,4.2,3.9,4.5,4.6,4.7,4.8,4.8,5,4.5,4.6,4.7,4.8,2.90,3.20,3.50,3.90,4.30,4.50,4.90,5.00,5.10,5.00,5.10,5.30,5.10,5.10,5.20,5.20,5.30,5.30,5.50,5.60
KG14,Semantan,3.70,3.50,3.60,3.50,3.40,3.20,3.10,2.90,2.60,2.40,2.30,2.10,1.80,1.50,1.90,2.10,2.40,2.40,2.60,3.20,3.30,3.30,3.50,3.60,3.50,3.60,3.80,3.80,3.60,3.70,3.90,3.60,3.30,3.40,3.60,3.70,3.80,3.20,3.40,3.30,3.10,2.90,2.50,2.40,2.20,2.00,1.80,1.60,1.80,2.00,2.10,2.30,2.50,2.50,2.70,2.50,2.90,3.20,3.20,3.40,3.80,3.80,3.70,3.80,4.00,3.60,3.90,3.60,3.50,3.50,3.60,3.70,3.80,3.40,3.10,2.40,1.80,2.10,2.40,2.70,3.10,3.50,3.10,2.50,7.50,6.90,6.40,5.80,5.30,4.60,3.90,3.30,3.20,2.80,2.90,2.60,2.40,2.30,1.90,1.40,0.80,1.20,1.50,1.60,1.70,2.00,2.30,2.50,2.50,2.70,3.00,2.80,3.10,3.30,2.90,3.00,3.20,2.70,2.80,2.90,3.30,3.90,4.20,4.20,4.40,4.20,4.20,4.00,4.20,4.00,3.80,3.60,3.4,3.2,2.8,2.5,2.6,2.9,2.5,2.4,2.2,2,2.2,3.4,3.7,3.4,4,4,4.1,4.3,4.3,4.4,3.9,4,4.1,4.2,3.20,3.50,3.80,4.20,4.60,4.60,5.20,5.30,5.40,5.30,5.40,5.60,5.40,5.40,5.50,5.50,5.60,5.60,5.80,5.90
KG15,Muzium Negara,3.30,3.10,3.20,3.10,3.00,2.80,2.60,2.40,2.20,2.00,1.90,1.70,1.40,1.10,1.50,1.70,2.00,2.00,2.20,2.80,2.90,2.90,3.10,3.20,3.10,3.20,3.40,3.40,3.20,3.30,3.50,3.20,2.90,3.00,3.20,3.30,3.40,2.80,3.00,2.90,2.60,2.40,2.10,2.00,1.80,1.60,1.40,1.20,1.40,1.60,1.70,1.90,2.10,2.10,2.30,2.10,2.40,2.80,2.80,3.00,3.40,3.40,3.30,3.40,3.60,3.20,3.50,3.20,3.10,3.10,3.20,3.30,3.40,3.00,2.70,2.00,1.40,1.70,2.00,2.30,2.70,3.10,2.70,2.10,7.10,6.50,6.00,5.40,4.90,4.20,3.50,2.90,3.40,3.00,2.80,2.90,2.60,2.60,2.30,1.70,1.20,0.80,1.10,1.20,1.50,1.70,2.00,2.10,2.50,2.40,2.70,3.00,2.90,3.10,3.30,2.80,3.00,2.60,2.70,2.80,2.90,3.50,3.80,3.90,4.00,3.80,3.90,3.70,3.80,3.60,3.40,3.20,3,2.7,2.4,2.1,2.2,2.5,2.2,2.1,1.9,1.7,1.8,3,3.3,3,3.6,3.7,3.8,3.9,3.9,4.1,3.6,3.7,3.8,3.9,3.40,3.70,4.00,4.40,4.50,4.20,5.00,5.20,5.60,5.50,5.60,5.80,5.60,5.60,5.70,5.70,5.80,5.80,6.00,6.10
KG16,Pasar Seni,3.00,2.80,2.90,2.80,2.60,2.40,2.30,2.10,1.90,1.70,1.60,1.40,1.10,0.80,1.20,1.40,1.70,1.70,1.90,2.40,2.50,2.60,2.80,2.90,2.80,2.90,3.10,3.20,2.90,3.00,3.20,3.00,2.60,2.70,2.90,3.00,3.10,2.60,2.70,2.60,2.40,2.20,1.90,1.80,1.60,1.40,1.20,1.00,1.10,1.30,1.40,1.60,1.80,1.90,2.00,1.90,2.20,2.50,2.60,2.80,3.20,3.10,3.10,3.20,3.40,3.00,3.30,2.90,2.90,2.90,3.00,3.10,3.10,2.80,2.50,1.80,1.20,1.50,1.80,2.10,2.50,2.90,2.40,1.80,6.80,6.20,5.70,5.10,4.60,3.90,3.20,3.00,2.90,3.10,2.90,3.10,2.80,2.50,2.50,1.90,1.50,1.10,0.80,1.00,1.20,1.60,1.70,1.90,2.30,2.50,2.50,2.80,3.10,2.90,3.10,3.20,2.90,3.20,3.30,2.70,3.00,3.50,3.90,3.80,3.80,3.60,3.60,3.60,3.50,3.30,3.10,2.80,2.6,2.4,2.1,1.8,1.9,2.3,2.1,2,1.8,1.6,1.6,2.7,3.1,2.8,3.4,3.6,3.7,3.7,3.7,3.9,3.5,3.5,3.6,3.7,3.60,3.90,4.20,4.60,4.20,3.90,4.70,4.90,5.70,5.70,5.80,6.00,5.80,5.80,5.90,5.90,5.90,6.00,6.10,6.30
KG17,Merdeka,3.10,3.00,3.00,2.80,2.60,2.40,2.30,2.10,1.90,1.80,1.50,1.30,1.00,1.00,1.40,1.60,1.90,1.90,2.10,2.60,2.70,2.80,3.00,3.10,3.00,3.10,3.30,3.00,3.10,3.20,3.40,2.80,2.80,2.90,3.10,3.20,3.10,2.40,2.50,2.40,2.20,2.00,1.70,1.60,1.40,1.20,1.00,0.80,1.00,1.20,1.30,1.50,1.70,1.70,1.90,1.70,2.00,2.30,2.40,2.60,3.00,3.10,2.90,3.00,3.20,2.80,3.10,3.10,2.70,2.70,2.80,2.90,3.10,2.60,2.30,1.60,1.00,1.30,1.60,1.90,2.30,2.70,2.30,1.70,7.00,6.40,5.90,5.30,4.80,4.10,3.40,3.10,3.00,3.20,3.00,2.80,2.90,2.60,2.40,2.10,1.60,1.20,1.00,0.80,1.10,1.40,1.70,1.70,2.10,2.30,2.40,2.70,3.00,2.80,3.00,3.10,3.40,3.10,3.20,2.60,3.10,3.30,3.70,3.60,3.60,3.40,3.50,3.40,3.40,3.20,3.00,2.70,2.5,2.3,2,1.7,1.8,2.2,1.9,1.8,1.6,1.4,1.4,2.5,2.9,2.6,3.2,3.4,3.5,3.5,3.5,3.7,3.3,3.3,3.4,3.5,3.70,4.00,4.30,4.70,4.40,4.10,4.90,5.10,5.90,5.80,5.90,6.10,5.90,5.90,6.00,6.00,6.10,6.10,6.30,6.40
KG18A,Bukit Bintang,3.40,3.20,3.30,3.10,3.00,2.70,2.60,2.40,2.20,2.10,1.80,1.60,1.30,1.20,1.60,1.80,2.10,2.10,2.30,2.90,3.00,3.00,3.20,3.30,3.20,3.30,3.50,3.30,3.30,3.40,3.60,3.10,3.00,3.10,3.30,3.40,3.40,2.60,2.50,2.40,2.20,2.00,1.60,1.70,1.50,1.50,1.30,1.10,1.30,1.50,1.60,1.80,2.00,2.00,2.20,1.90,2.30,2.50,2.70,2.90,3.30,3.40,3.20,3.30,3.50,3.10,3.40,3.30,3.00,3.00,3.10,3.20,3.40,2.90,2.60,1.90,1.30,1.60,1.90,2.20,2.60,3.00,2.60,2.00,7.20,6.60,6.10,5.50,5.00,4.30,3.60,3.00,3.10,2.80,3.20,2.90,3.10,2.80,2.60,2.30,1.70,1.50,1.20,1.10,0.80,1.10,1.40,1.60,1.90,2.10,2.40,2.50,2.80,3.10,2.90,3.00,3.20,3.00,3.10,3.20,3.00,3.50,3.40,3.30,3.70,3.50,3.30,3.10,3.30,3.20,3.00,2.80,2.8,2.6,2.3,2,2,1.9,1.6,1.5,1.3,1.1,1.5,2.5,2.9,2.9,3.3,3.1,3.2,3.4,3.4,3.5,3,3.1,3.2,3.3,3.90,4.20,4.50,4.90,4.60,4.30,5.10,5.30,6.10,6.00,6.10,6.30,6.10,6.10,6.20,6.20,6.30,6.30,6.50,6.60
KG20,Tun Razak Exchange,3.70,3.60,3.60,3.40,3.30,3.10,3.00,2.70,2.50,2.40,2.10,1.90,1.60,1.60,2.00,2.20,2.50,2.50,2.70,3.30,3.30,3.40,3.60,3.70,3.60,3.70,3.90,3.60,3.70,3.80,4.00,3.40,3.40,3.50,3.70,3.70,3.30,2.30,2.20,2.10,1.90,1.70,1.30,1.40,1.20,1.40,1.60,1.40,1.60,1.80,1.90,2.10,1.90,2.00,2.30,1.60,2.00,2.20,2.60,2.60,3.00,3.10,3.40,3.20,3.30,3.40,3.20,3.40,3.30,3.30,3.00,3.10,3.30,3.20,2.90,2.20,1.60,1.90,2.20,2.50,2.90,3.10,2.50,1.90,7.60,7.00,6.50,5.90,5.40,4.70,4.00,2.60,3.00,3.00,3.40,3.10,2.90,3.10,2.80,2.60,2.00,1.70,1.60,1.40,1.10,0.80,1.10,1.30,1.70,1.80,2.10,2.50,2.60,2.80,3.10,2.80,3.00,2.90,3.00,3.10,2.60,3.20,3.10,3.00,3.40,3.20,3.00,2.80,3.00,2.90,2.70,2.50,2.6,2.4,2.1,1.9,1.7,1.6,1.3,1.2,1,0.8,1.2,2.2,2.5,2.6,3,2.8,2.9,3.1,3.1,3.2,2.7,2.8,2.9,3,3.70,4.00,4.30,4.70,5.00,4.70,5.50,5.70,5.90,5.80,5.90,6.10,5.90,5.90,6.00,6.00,6.10,6.10,6.30,6.40
KG21,Cochrane,3.90,3.70,3.80,3.70,3.60,3.40,3.30,3.10,2.90,2.70,2.40,2.20,1.90,1.70,2.10,2.30,2.60,2.70,2.90,3.40,3.50,3.50,3.70,3.80,3.70,3.80,4.00,3.90,3.80,3.90,4.10,3.70,3.50,3.60,3.80,3.60,3.20,2.00,1.90,1.80,1.60,1.40,1.00,1.30,1.50,1.70,1.90,1.70,1.90,2.10,2.20,2.40,2.20,2.30,2.60,1.50,1.80,2.10,2.40,2.80,2.80,2.90,3.20,2.90,3.10,3.30,3.10,3.20,3.40,3.40,2.80,3.00,3.20,3.50,3.20,2.50,1.90,2.20,2.50,2.80,3.20,3.40,2.80,2.20,7.70,7.10,6.60,6.00,5.50,4.80,4.10,2.70,2.60,3.10,2.90,3.30,3.00,2.80,3.00,2.50,2.30,2.00,1.70,1.70,1.40,1.10,0.80,1.00,1.40,1.70,1.90,2.20,2.40,2.60,2.90,3.00,2.90,3.30,2.80,3.00,2.70,3.30,3.40,3.30,3.70,3.50,3.30,3.10,3.30,3.20,3.00,2.80,3,2.8,2.4,2.2,2,1.9,1.6,1.5,1.3,1.1,1.5,2.5,2.9,2.8,3.3,3.1,3.2,3.4,3.4,3.5,3,3.1,3.2,3.3,3.80,4.10,4.40,4.80,5.10,4.80,5.60,5.80,6.00,5.90,6.00,6.20,6.00,6.00,6.10,6.10,6.20,6.20,6.40,6.50
KG22,Maluri,4.00,3.90,3.90,3.70,3.60,3.40,3.30,3.10,2.90,2.70,2.40,2.20,1.90,1.90,2.30,2.50,2.90,2.90,3.10,3.60,3.60,3.70,3.90,4.00,3.90,4.00,4.20,3.90,4.00,4.10,4.30,3.70,3.70,3.80,3.70,3.40,3.00,1.80,1.70,1.60,1.40,1.20,0.80,1.10,1.30,1.50,1.70,1.70,1.90,2.00,2.20,2.30,2.40,2.50,2.50,1.30,1.60,1.90,2.20,2.50,2.60,2.70,3.00,2.70,2.90,3.10,2.90,3.00,3.20,3.20,2.60,2.80,3.00,3.30,3.00,2.30,1.70,2.00,2.30,2.60,3.00,3.40,3.00,2.40,7.90,7.30,6.80,6.20,5.70,5.00,4.30,2.80,2.70,3.20,3.00,2.80,3.20,2.90,2.70,2.70,2.50,2.10,1.90,1.70,1.60,1.30,1.00,0.80,1.20,1.40,1.70,2.00,2.50,2.50,2.70,2.90,2.70,3.20,3.30,2.90,2.80,3.20,3.60,3.50,3.50,3.30,3.50,3.30,3.40,3.20,3.20,3.00,3.1,3,2.6,2.4,2.2,2.1,1.8,1.7,1.5,1.3,1.3,2.4,2.7,2.5,3.2,3.3,3.4,3.4,3.4,3.6,3.2,3.2,3.3,3.4,4.00,4.30,4.60,5.00,5.30,5.00,5.80,6.00,6.20,6.10,6.20,6.40,6.20,6.20,6.30,6.30,6.40,6.40,6.60,6.70
KG23,Taman Pertama,4.40,4.30,4.30,4.10,4.00,3.80,3.70,3.50,3.30,3.20,2.90,2.60,2.30,2.30,2.70,3.00,3.30,3.30,3.50,4.00,4.00,4.10,4.30,4.40,4.30,4.40,4.60,4.30,4.40,4.50,4.70,4.10,4.10,4.20,4.10,3.80,3.40,2.20,2.10,2.00,1.80,1.60,1.20,1.50,1.70,1.90,2.10,2.10,2.30,2.40,2.60,2.80,2.90,3.00,2.90,1.70,2.00,2.30,2.60,3.00,3.00,3.10,3.40,3.10,3.30,3.50,3.30,3.40,3.60,3.60,3.00,3.20,3.40,3.70,3.40,2.70,2.10,2.40,2.70,3.00,3.40,3.80,3.40,2.90,8.30,7.70,7.20,6.60,6.10,5.40,4.70,2.90,2.80,2.60,3.20,3.00,2.80,3.20,3.00,3.00,2.50,2.50,2.30,2.10,1.90,1.70,1.40,1.20,0.80,1.00,1.40,1.70,2.10,2.40,2.50,2.60,2.90,2.90,3.00,3.20,2.90,3.50,3.80,3.90,3.90,3.70,3.90,3.70,3.80,3.60,3.60,3.40,3.5,3.4,3.1,2.9,2.6,2.5,2.2,2.1,1.9,1.7,1.7,2.9,3.2,3,3.6,3.7,3.8,3.8,3.8,4,3.6,3.6,3.7,3.8,3.60,3.90,4.20,4.60,5.00,5.20,5.60,5.70,5.80,5.70,5.80,6.00,5.80,5.80,5.90,5.90,6.00,6.00,6.20,6.30
KG24,Taman Midah,4.60,4.50,4.50,4.30,4.20,4.00,3.90,3.70,3.50,3.40,3.10,2.90,2.50,2.50,3.00,3.20,3.50,3.50,3.70,4.20,4.20,4.30,4.50,4.60,4.50,4.60,4.80,4.50,4.60,4.70,4.90,4.30,4.30,4.40,4.30,4.00,3.60,2.40,2.30,2.20,2.00,1.80,1.40,1.70,1.90,2.10,2.30,2.30,2.50,2.60,2.90,3.00,3.00,3.10,3.10,1.90,2.20,2.50,2.90,3.20,3.20,3.30,3.60,3.30,3.50,3.70,3.50,3.60,3.80,3.80,3.20,3.40,3.60,3.90,3.60,2.90,2.30,2.60,2.90,3.20,3.60,4.00,3.50,3.00,8.50,7.90,7.40,6.80,6.30,5.60,4.90,3.00,2.90,2.70,3.30,3.10,2.90,3.30,3.10,3.10,2.70,2.40,2.50,2.30,2.10,1.80,1.70,1.40,1.00,0.80,1.20,1.60,1.90,2.20,2.50,2.40,2.70,2.80,2.90,3.10,3.00,3.60,3.90,4.00,4.10,3.90,4.00,3.80,4.00,3.80,3.70,3.50,3.7,3.5,3.2,3,2.8,2.6,2.3,2.2,2,1.8,1.9,3.1,3.4,3.2,3.8,3.8,3.9,4,4,4.2,3.7,3.8,3.9,4,3.70,4.00,4.30,4.70,5.10,5.30,5.70,5.80,5.90,5.80,5.90,6.10,5.90,5.90,6.00,6.00,6.10,6.10,6.30,6.40
KG25,Taman Mutiara,4.60,4.40,4.50,4.30,4.20,4.00,3.90,3.70,3.50,3.40,3.10,2.90,2.60,2.50,2.90,3.10,3.40,3.40,3.60,4.10,4.20,4.20,4.40,4.50,4.40,4.50,4.70,4.50,4.50,4.60,4.80,4.30,4.20,4.30,4.50,4.30,3.90,2.80,2.60,2.50,2.30,2.10,1.70,2.00,2.20,2.40,2.60,2.40,2.60,2.80,2.90,3.10,3.30,3.30,3.40,2.20,2.50,2.90,3.20,3.50,3.50,3.60,3.90,3.60,3.80,4.00,3.80,3.90,4.10,4.10,3.50,3.70,3.90,4.10,3.80,3.10,2.60,2.80,3.10,3.40,3.80,4.20,3.80,3.30,8.40,7.80,7.30,6.70,6.20,5.50,4.80,3.10,3.00,2.80,2.70,3.30,3.10,2.90,3.30,2.90,3.00,2.70,2.50,2.40,2.40,2.10,1.90,1.70,1.40,1.20,0.80,1.20,1.70,1.90,2.20,2.40,2.40,3.00,3.10,2.90,3.10,3.70,4.00,4.20,4.40,4.20,4.30,4.10,4.30,4.10,4.00,3.80,4,3.8,3.5,3.3,3.1,3,2.6,2.5,2.3,2.1,2.2,3.4,3.7,3.5,4.1,4.1,4.2,4.3,4.3,4.5,4,4.1,4.2,4.3,3.90,4.20,4.50,4.90,5.30,5.50,5.90,6.00,6.10,6.00,6.10,6.30,6.10,6.10,6.20,6.20,6.30,6.30,6.50,6.60
KG26,Taman Connaught,4.90,4.70,4.80,4.60,4.50,4.30,4.20,4.00,3.80,3.70,3.40,3.20,2.90,2.80,3.20,3.40,3.70,3.70,3.90,4.40,4.50,4.50,4.70,4.80,4.70,4.80,5.00,4.80,4.80,4.90,5.10,4.60,4.50,4.60,4.80,4.60,4.20,3.10,3.00,2.90,2.60,2.40,2.00,2.30,2.50,2.80,2.90,2.70,2.90,3.10,3.20,3.40,3.60,3.60,3.70,2.50,2.90,3.20,3.50,3.80,3.80,3.90,4.20,3.90,4.10,4.30,4.10,4.20,4.40,4.40,3.80,4.00,4.20,4.40,4.10,3.40,2.90,3.10,3.40,3.70,4.10,4.50,4.10,3.60,8.70,8.10,7.60,7.00,6.50,5.80,5.10,3.20,3.10,2.90,2.80,2.70,3.30,3.10,2.90,3.10,2.80,3.00,2.80,2.70,2.50,2.50,2.20,2.00,1.70,1.60,1.20,0.80,1.30,1.70,1.90,2.10,2.40,2.70,2.90,3.10,3.20,3.80,4.10,4.30,4.60,4.50,4.70,4.50,4.60,4.40,4.40,4.20,4.3,4.2,3.9,3.6,3.5,3.4,3.1,3,2.8,2.5,2.5,3.7,4,3.8,4.4,4.5,4.6,4.6,4.6,4.8,4.4,4.4,4.5,4.6,4.10,4.40,4.70,5.10,5.50,5.70,6.10,6.20,6.30,6.20,6.30,6.50,6.30,6.30,6.40,6.40,6.50,6.50,6.70,6.80
KG27,Taman Suntex,5.20,5.00,5.10,4.90,4.80,4.60,4.50,4.30,4.10,4.00,3.70,3.50,3.20,3.10,3.50,3.70,4.00,4.00,4.20,4.70,4.80,4.80,5.00,5.10,5.00,5.10,5.30,5.10,5.10,5.20,5.40,4.90,4.80,4.90,5.10,5.10,4.70,3.60,3.50,3.40,3.20,3.00,2.50,2.90,3.00,3.20,3.20,3.00,3.20,3.40,3.50,3.70,3.70,3.80,4.10,3.10,3.40,3.70,4.00,4.30,4.30,4.40,4.70,4.40,4.60,4.80,4.60,4.70,4.80,4.80,4.30,4.50,4.70,4.70,4.40,3.70,3.20,3.40,3.70,4.00,4.40,4.80,4.20,3.70,9.00,8.40,7.90,7.30,6.80,6.10,5.40,3.40,3.30,3.10,3.00,2.80,2.70,3.30,3.10,2.90,3.10,2.90,3.10,3.00,2.80,2.60,2.40,2.50,2.10,1.90,1.70,1.30,0.80,1.10,1.50,1.70,1.90,2.40,2.50,2.70,3.40,4.00,4.30,4.50,4.80,4.90,4.70,4.50,4.70,4.60,4.40,4.20,4.4,4.2,3.9,3.7,3.5,3.4,3.1,3,2.8,2.6,3,4,4.3,4.3,4.7,4.5,4.6,4.8,4.8,4.9,4.4,4.5,4.6,4.7,3.50,3.80,4.10,4.50,4.90,5.10,5.50,5.60,5.70,5.60,5.70,5.90,5.70,5.70,5.80,5.80,5.90,5.90,6.10,6.20
KG28,Seri Raya,5.00,4.80,4.90,4.70,4.60,4.40,4.30,4.10,3.90,3.80,3.50,3.30,3.00,2.90,3.30,3.50,3.80,3.80,4.00,4.50,4.60,4.60,4.80,4.90,4.80,4.90,5.10,4.90,4.90,5.00,5.20,4.70,4.60,4.70,4.90,5.00,4.60,3.50,3.40,3.30,3.10,2.90,2.50,2.80,3.00,3.20,3.00,2.80,3.00,3.20,3.30,3.50,3.70,3.70,3.90,3.00,3.30,3.60,3.90,4.20,4.20,4.30,4.60,4.30,4.50,4.70,4.50,4.60,4.60,4.60,4.20,4.40,4.60,4.50,4.20,3.50,3.00,3.20,3.50,3.80,4.20,4.60,4.20,3.70,8.80,8.20,7.70,7.10,6.60,5.90,5.20,3.50,3.40,3.20,3.10,2.90,2.80,2.70,3.30,3.00,3.30,3.10,2.90,2.80,3.10,2.80,2.60,2.50,2.40,2.20,1.90,1.70,1.10,0.80,1.20,1.40,1.70,2.30,2.50,2.50,3.50,4.10,4.40,4.60,4.90,4.90,4.90,4.70,4.90,4.80,4.60,4.40,4.5,4.3,4,3.7,3.7,3.6,3.3,3.2,3,2.8,3,4.1,4.4,4.2,4.8,4.7,4.8,5,5,5.1,4.6,4.7,4.8,4.9,3.60,3.90,4.20,4.60,5.00,5.20,5.60,5.70,5.80,5.70,5.80,6.00,5.80,5.80,5.90,5.90,6.00,6.00,6.20,6.30
KG29,Bandar Tun Hussein Onn,5.20,5.00,5.10,4.90,4.80,4.60,4.50,4.30,4.10,4.00,3.70,3.50,3.20,3.10,3.50,3.70,4.00,4.00,4.20,4.70,4.80,4.80,5.00,5.10,5.00,5.10,5.30,5.10,5.10,5.20,5.40,4.90,4.80,4.90,5.10,5.20,4.80,3.70,3.60,3.50,3.30,3.10,2.70,3.00,3.20,3.40,3.20,3.00,3.20,3.40,3.50,3.70,3.90,3.90,4.10,3.20,3.50,3.80,4.10,4.40,4.40,4.50,4.80,4.50,4.70,4.90,4.70,4.80,4.80,4.80,4.40,4.60,4.80,4.70,4.40,3.70,3.20,3.40,3.70,4.00,4.40,4.80,4.40,3.90,9.00,8.40,7.90,7.30,6.80,6.10,5.40,3.60,3.50,3.30,3.20,3.00,2.90,2.80,2.70,3.20,2.90,3.30,3.10,3.00,2.90,3.10,2.90,2.70,2.50,2.50,2.20,1.90,1.50,1.20,0.80,1.00,1.40,2.00,2.20,2.50,3.60,4.20,4.50,4.70,5.00,5.10,5.20,5.00,5.20,5.00,4.90,4.70,4.7,4.5,4.2,3.9,4,3.9,3.6,3.5,3.3,3.1,3.2,4.3,4.6,4.4,5,5,5.1,5.2,5.2,5.4,4.9,5,5.1,5.2,3.70,4.00,4.30,4.70,5.10,5.30,5.70,5.80,5.90,5.80,5.90,6.10,5.90,5.90,6.00,6.00,6.10,6.10,6.30,6.40
KG30,Batu Sebelas Cheras,5.30,5.10,5.20,5.00,4.90,4.70,4.60,4.40,4.20,4.10,3.80,3.60,3.30,3.20,3.60,3.80,4.10,4.10,4.30,4.80,4.90,4.90,5.10,5.20,5.10,5.20,5.40,5.20,5.20,5.30,5.50,5.00,4.90,5.00,5.20,5.30,5.00,3.90,3.80,3.70,3.50,3.30,2.90,3.20,3.20,3.40,3.30,3.10,3.30,3.50,3.60,3.80,3.90,4.00,4.20,3.40,3.70,4.00,4.30,4.50,4.60,4.70,5.00,4.70,4.90,5.00,4.90,5.00,4.90,4.90,4.60,4.80,5.00,4.80,4.50,3.80,3.30,3.50,3.80,4.10,4.50,4.90,4.40,3.90,9.10,8.50,8.00,7.40,6.90,6.20,5.50,3.60,3.60,3.40,3.20,3.10,3.00,2.90,2.80,3.30,3.00,2.80,3.20,3.10,3.00,2.80,3.00,2.90,2.60,2.40,2.40,2.10,1.70,1.40,1.00,0.80,1.20,1.80,2.00,2.30,3.60,4.20,4.50,4.70,5.00,5.10,4.90,4.70,4.90,4.80,4.60,4.40,4.6,4.4,4.1,3.9,3.7,3.6,3.3,3.2,3,2.8,3.2,4.2,4.5,4.5,4.9,4.7,4.8,5,5,5.1,4.6,4.7,4.8,4.9,3.80,4.10,4.40,4.80,5.20,5.40,5.80,5.90,6.00,5.90,6.00,6.20,6.00,6.00,6.10,6.10,6.20,6.20,6.40,6.50
KG31,Bukit Dukung,5.00,4.80,4.90,4.80,4.70,4.50,4.40,4.20,4.00,3.80,3.70,3.50,3.20,2.90,3.30,3.50,3.80,3.80,4.00,4.50,4.60,4.60,4.80,4.90,4.80,4.90,5.10,5.30,4.90,5.00,5.20,5.20,4.60,4.70,4.90,5.00,4.80,3.70,3.60,3.50,3.30,3.10,2.70,3.00,3.20,3.40,3.60,3.40,3.20,3.40,3.50,3.70,3.90,4.00,4.10,3.20,3.50,3.80,4.10,4.40,4.40,4.50,4.80,4.50,4.70,4.90,4.70,4.80,5.00,5.00,4.40,4.60,4.80,5.10,4.80,4.10,3.60,3.80,4.10,4.40,4.80,5.00,4.40,3.90,8.80,8.20,7.70,7.10,6.60,5.90,5.20,3.80,3.70,3.50,3.40,3.20,3.10,3.00,2.90,2.70,3.20,3.00,2.90,3.40,3.20,3.00,2.90,2.70,2.90,2.70,2.40,2.40,1.90,1.70,1.40,1.20,0.80,1.60,1.60,1.90,3.80,4.40,4.70,4.90,5.20,5.10,5.10,4.90,5.10,5.00,4.80,4.60,4.8,4.6,4.3,3.9,3.9,3.8,3.5,3.4,3.2,3,3.2,4.3,4.6,4.4,5,4.9,5,5.2,5.2,5.3,4.8,4.9,5,5.1,3.90,4.20,4.50,4.90,5.30,5.50,5.90,6.00,6.10,6.00,6.10,6.30,6.10,6.10,6.20,6.20,6.30,6.30,6.50,6.60
KG33,Sungai Jernih,5.30,5.10,5.20,5.00,4.90,4.70,4.60,4.40,4.20,4.10,3.80,3.60,3.30,3.20,3.60,3.80,4.10,4.10,4.30,4.80,4.90,4.90,5.10,5.20,5.10,5.20,5.40,5.20,5.20,5.30,5.50,5.00,4.90,5.00,5.20,5.30,5.30,4.20,4.10,4.00,3.80,3.60,3.20,3.50,3.30,3.50,3.30,3.10,3.30,3.50,3.60,3.80,4.00,4.00,4.20,3.70,4.00,4.30,4.60,4.60,4.90,5.00,5.10,5.00,5.20,5.00,5.20,5.20,4.90,4.90,4.90,5.10,5.30,4.80,4.50,3.80,3.30,3.50,3.80,4.10,4.50,4.90,4.50,4.00,9.10,8.50,8.00,7.40,6.90,6.20,5.50,4.00,3.90,3.70,3.60,3.50,3.30,3.20,3.10,2.90,2.70,2.60,3.20,3.10,3.00,2.90,3.30,3.20,2.90,2.80,3.00,2.70,2.40,2.30,2.00,1.80,1.60,0.80,1.00,1.30,4.00,4.60,4.90,5.00,5.40,5.20,5.00,4.80,5.00,4.90,4.70,4.50,4.7,4.5,4.2,4,3.8,3.7,3.4,3.3,3.1,2.9,3.3,4.3,4.6,4.6,5,4.8,4.9,5.1,5.1,5.2,4.7,4.8,4.9,5,4.10,4.40,4.70,5.10,5.50,5.70,6.10,6.20,6.30,6.20,6.30,6.50,6.30,6.30,6.40,6.40,6.50,6.50,6.70,6.80
KG34,Stadium Kajang,5.40,5.20,5.30,5.10,5.00,4.80,4.70,4.50,4.30,4.20,3.90,3.70,3.40,3.30,3.70,3.90,4.20,4.20,4.40,4.90,5.00,5.00,5.20,5.30,5.20,5.30,5.50,5.30,5.30,5.40,5.60,5.10,5.00,5.10,5.30,5.40,5.40,4.30,4.20,4.10,3.90,3.70,3.30,3.60,3.40,3.60,3.40,3.20,3.40,3.60,3.70,3.90,4.10,4.10,4.30,3.80,4.10,4.40,4.70,4.70,5.00,5.10,5.20,5.10,5.30,5.10,5.30,5.30,5.00,5.00,5.00,5.20,5.40,4.90,4.60,3.90,3.40,3.60,3.90,4.20,4.60,5.00,4.60,4.10,9.20,8.60,8.10,7.50,7.00,6.30,5.60,4.10,4.00,3.80,3.70,3.50,3.40,3.30,3.20,3.00,2.80,2.70,3.30,3.20,3.10,3.00,2.80,3.30,3.00,2.90,3.10,2.90,2.50,2.50,2.20,2.00,1.60,1.00,0.80,1.10,4.10,4.70,5.00,5.10,5.50,5.30,5.10,4.90,5.10,5.00,4.80,4.60,4.8,4.6,4.3,4.1,3.9,3.8,3.5,3.4,3.2,3,3.4,4.4,4.7,4.7,5.1,4.9,5,5.2,5.2,5.3,4.8,4.9,5,5.1,4.20,4.50,4.80,5.20,5.60,5.80,6.20,6.30,6.40,6.30,6.40,6.60,6.40,6.40,6.50,6.50,6.60,6.60,6.80,6.90
KG35,Kajang,4.80,4.60,4.70,4.50,4.40,4.20,4.10,3.90,3.70,3.60,3.30,3.10,2.80,2.70,3.10,3.30,3.60,3.60,3.80,4.30,4.40,4.40,4.60,4.70,4.60,4.70,4.90,4.70,4.70,4.80,5.00,4.50,4.40,4.50,4.70,4.80,4.80,3.90,3.80,3.70,3.50,3.30,2.90,3.20,3.20,3.00,2.80,2.60,2.80,3.00,3.10,3.30,3.50,3.50,3.70,3.40,3.70,4.00,4.10,4.30,4.60,4.70,4.60,4.70,4.90,4.50,4.80,4.70,4.40,4.40,4.50,4.60,4.80,4.30,4.00,3.30,2.80,3.00,3.30,3.60,4.00,4.40,4.00,3.50,8.60,8.00,7.50,6.90,6.40,5.70,5.00,4.20,4.10,3.90,3.80,3.60,3.50,3.40,3.30,3.10,2.90,2.80,2.70,2.60,3.20,3.10,3.00,2.90,3.20,3.10,2.90,3.10,2.70,2.50,2.50,2.30,1.90,1.30,1.10,0.80,4.20,4.80,5.10,5.20,5.30,5.10,5.20,5.00,5.10,4.90,4.70,4.50,4.3,4.1,3.8,3.5,3.6,3.9,3.6,3.5,3.3,3.1,3.2,4.3,4.6,4.3,4.9,5,5.1,5.2,5.2,5.4,4.9,5,5.1,5.2,4.30,4.60,4.90,5.30,5.70,5.70,6.30,6.40,6.50,6.40,6.50,6.70,6.50,6.50,6.60,6.60,6.70,6.70,6.90,7.00
PY01,Kwasa Damansara,5.10,4.90,5.00,4.90,4.80,4.60,4.50,4.30,4.10,3.90,3.80,3.60,3.30,3.00,3.40,3.60,3.90,3.90,4.10,4.60,4.70,4.70,4.90,5.00,4.90,5.00,5.20,5.20,5.00,5.10,5.30,5.00,4.70,4.80,5.00,5.10,4.80,3.80,3.70,3.60,3.40,3.20,2.80,3.00,2.80,3.00,3.20,3.10,3.30,3.50,3.40,3.20,3.00,3.10,3.40,3.20,3.60,3.80,3.80,3.50,4.00,4.20,4.50,4.60,4.80,5.00,4.70,4.90,4.90,4.90,4.50,4.60,4.80,4.70,4.40,3.70,3.20,3.40,3.70,4.00,4.30,4.10,3.50,3.00,8.90,8.30,7.80,7.20,6.70,6.00,5.30,0.80,1.10,1.60,2.00,2.40,2.40,2.70,2.90,2.90,3.30,2.90,3.00,3.10,3.00,2.60,2.70,2.80,2.90,3.00,3.10,3.20,3.40,3.50,3.60,3.60,3.80,4.00,4.10,4.20,0.80,1.40,1.70,1.90,2.20,2.60,2.50,2.80,2.90,3.10,2.80,3.00,3.1,3.2,2.8,3,3,3.2,3.1,2.6,2.7,2.6,2.8,3.2,3.3,3.5,3.6,3.7,3.8,3.9,4.3,4.4,4.4,4.5,4.6,4.7,3.20,3.50,3.80,4.20,4.60,4.80,5.20,5.30,5.40,5.30,5.40,5.60,5.40,5.40,5.50,5.50,5.60,5.60,5.80,5.90
PY03,Kampung Selamat,5.50,5.50,5.40,5.20,5.10,4.90,4.80,4.60,4.40,4.30,4.00,3.80,3.50,3.50,4.00,4.20,4.50,4.50,4.70,5.20,5.10,5.30,5.50,5.60,5.50,5.60,5.80,5.40,5.60,5.70,5.90,5.20,5.30,5.40,5.40,5.10,4.70,4.10,3.90,3.80,3.60,3.50,3.20,2.90,2.70,2.90,3.10,3.30,3.50,3.50,3.70,3.50,3.30,3.40,3.70,3.10,3.50,3.70,3.60,3.30,3.80,4.00,4.30,4.40,4.70,4.90,4.60,4.80,4.90,5.00,4.40,4.50,4.70,4.60,4.30,3.60,3.10,3.30,3.60,3.90,4.30,4.40,3.80,3.30,9.50,8.90,8.40,7.80,7.30,6.60,5.90,1.40,1.70,2.20,2.60,3.10,3.00,3.30,3.50,3.50,3.90,3.50,3.50,3.30,3.50,3.20,3.30,3.20,3.50,3.60,3.70,3.80,4.00,4.10,4.20,4.20,4.40,4.60,4.70,4.80,1.40,0.80,1.10,1.40,1.70,2.00,2.30,2.40,2.50,2.70,2.80,3.00,2.8,2.9,3.1,3.3,3.3,2.9,3,3.1,3.2,3.2,2.7,3,3.1,3.3,3.5,3.6,3.6,3.7,4.1,4.2,4.3,4.5,4.6,4.7,3.80,4.10,4.40,4.80,5.20,5.40,5.80,5.90,6.00,5.90,6.00,6.20,6.00,6.00,6.10,6.10,6.20,6.20,6.40,6.50
PY04,Sungai Buloh,5.80,5.80,5.70,5.50,5.40,5.20,5.10,4.90,4.70,4.60,4.30,4.10,3.80,3.90,4.30,4.50,4.80,4.80,5.00,5.50,5.40,5.60,5.80,5.90,5.80,5.90,6.10,5.70,5.90,6.00,6.20,5.50,5.60,5.70,5.80,5.70,5.30,4.60,4.50,4.40,4.20,4.00,3.60,3.50,3.30,3.50,3.70,3.70,3.80,3.60,3.50,3.30,3.10,3.20,3.50,3.70,4.10,4.00,3.50,3.20,3.70,3.90,4.20,4.30,4.60,4.90,4.90,5.00,5.00,5.10,5.00,5.10,5.30,5.20,4.90,4.20,3.70,3.90,4.20,4.50,4.40,4.20,3.60,3.10,9.80,9.20,8.70,8.10,7.60,6.90,6.20,1.70,2.00,2.50,3.00,3.40,3.30,3.60,3.80,3.80,4.20,3.80,3.90,3.70,3.40,3.10,3.40,3.60,3.80,3.90,4.00,4.10,4.30,4.40,4.50,4.50,4.70,4.90,5.00,5.10,1.70,1.10,0.80,1.10,1.50,1.80,2.00,2.40,2.60,2.50,2.60,2.80,3,3.1,2.9,3.1,3.2,3.3,2.9,3,3,3.1,3.3,2.9,3,3.2,3.4,3.5,3.5,3.7,4,4.1,4.2,4.4,4.5,4.6,4.10,4.40,4.70,5.10,5.50,5.70,6.10,6.20,6.30,6.20,6.30,6.50,6.30,6.30,6.40,6.40,6.50,6.50,6.70,6.80
PY05,Damansara Damai,5.60,5.70,5.50,5.30,5.20,5.00,4.90,4.70,4.50,4.40,4.10,3.90,3.60,3.80,4.20,4.40,4.60,4.70,4.90,5.40,5.20,5.40,5.70,5.80,5.60,5.70,5.90,5.50,5.70,5.80,6.00,5.30,5.40,5.50,5.60,5.50,5.10,4.50,4.30,4.20,4.00,3.90,3.50,3.30,3.10,3.30,3.50,3.60,3.60,3.40,3.30,3.10,2.90,3.00,3.30,3.50,3.90,3.90,3.40,3.10,3.60,3.80,4.10,4.20,4.50,4.80,4.70,4.80,4.90,5.00,4.80,4.90,5.10,5.00,4.70,4.00,3.50,3.70,4.00,4.30,4.20,4.00,3.40,2.90,9.60,9.00,8.50,7.90,7.40,6.70,6.00,1.90,2.20,2.80,3.20,3.60,3.50,3.80,4.00,4.00,4.20,3.90,3.80,3.60,3.30,3.00,3.30,3.50,3.90,4.00,4.20,4.30,4.50,4.60,4.70,4.70,4.90,5.00,5.10,5.20,1.90,1.40,1.10,0.80,1.20,1.60,1.70,2.10,2.30,2.40,2.40,2.60,2.8,2.9,3.1,2.9,3,3.2,3.3,3.4,2.9,3,3.1,2.8,2.9,3.1,3.3,3.4,3.4,3.6,3.9,4,4.1,4.3,4.4,4.5,4.30,4.60,4.90,5.30,5.70,5.90,6.30,6.40,6.50,6.40,6.50,6.70,6.50,6.50,6.60,6.60,6.70,6.70,6.90,7.00
PY06,Sri Damansara Barat,5.80,6.00,5.70,5.50,5.40,5.20,5.10,4.90,4.70,4.60,4.30,4.10,3.80,3.80,4.40,4.70,4.80,5.00,5.10,5.60,5.40,5.60,5.90,6.00,5.80,5.90,6.10,5.70,5.90,6.00,6.20,5.50,5.60,5.70,5.70,5.40,5.00,4.40,4.20,4.10,3.90,3.80,3.50,3.20,3.00,3.20,3.40,3.60,3.80,3.60,3.50,3.30,3.10,3.20,3.50,3.40,3.80,3.80,3.30,3.00,3.50,3.70,4.00,4.10,4.40,4.70,4.80,5.00,4.80,4.90,4.70,4.80,5.00,4.90,4.60,3.90,3.40,3.60,3.90,4.20,4.40,4.20,3.60,3.10,9.80,9.20,8.70,8.10,7.60,6.90,6.20,2.20,2.50,3.10,3.50,3.90,3.80,4.10,4.30,4.30,4.40,4.00,3.80,3.60,3.70,3.40,3.70,3.50,3.90,4.10,4.40,4.60,4.80,4.90,5.00,5.00,5.20,5.40,5.50,5.30,2.20,1.70,1.50,1.20,0.80,1.20,1.50,1.70,1.90,2.10,2.30,2.60,2.5,2.6,2.8,3.1,2.7,2.9,3.1,3.1,3.2,3.4,3,2.7,2.8,3,3.1,3.2,3.3,3.4,3.7,3.9,4,4.2,4.3,4.3,4.60,4.90,5.20,5.60,6.00,6.20,6.60,6.70,6.80,6.70,6.80,7.00,6.80,6.80,6.90,6.90,7.00,7.00,7.20,7.30
PY07,Sri Damansara Sentral,5.50,5.70,5.40,5.20,5.10,4.90,4.80,4.60,4.40,4.30,4.00,3.80,3.50,3.60,4.10,4.40,4.50,4.70,4.80,5.30,5.10,5.30,5.60,5.70,5.50,5.60,5.80,5.40,5.60,5.70,5.90,5.20,5.30,5.40,5.50,5.20,4.80,4.20,4.00,3.90,3.70,3.60,3.30,3.00,2.80,3.00,3.20,3.40,3.50,3.30,3.20,3.00,2.80,2.90,3.20,3.20,3.60,3.70,3.20,2.90,3.40,3.60,3.90,4.00,4.30,4.60,4.60,4.70,4.70,4.80,4.50,4.60,4.80,4.70,4.40,3.70,3.20,3.40,3.70,4.00,4.10,3.90,3.30,2.80,9.50,8.90,8.40,7.80,7.30,6.60,5.90,2.60,3.00,3.50,3.90,4.30,4.20,4.50,4.70,4.70,4.20,3.80,3.60,3.40,3.50,3.20,3.50,3.30,3.70,3.90,4.20,4.50,4.90,4.90,5.10,5.10,5.10,5.20,5.30,5.10,2.60,2.00,1.80,1.60,1.20,0.80,1.10,1.50,1.70,1.80,2.00,2.30,2.5,2.4,2.6,2.8,2.9,3.1,2.9,2.9,3,3.2,2.8,2.6,2.7,2.9,3,3.1,3.2,3.3,3.6,3.8,3.9,4,4.2,4.2,5.00,5.30,5.60,6.00,6.40,6.60,7.00,7.10,7.20,7.10,7.20,7.40,7.20,7.20,7.30,7.30,7.40,7.40,7.60,7.70
PY08,Sri Damansara Timur,5.30,5.50,5.20,5.00,4.90,4.70,4.60,4.40,4.20,4.10,3.80,3.60,3.30,3.60,3.90,4.20,4.30,4.50,4.60,5.10,4.90,5.10,5.40,5.50,5.30,5.40,5.60,5.20,5.40,5.50,5.70,5.00,5.10,5.20,5.30,5.30,4.90,4.50,4.40,4.30,4.10,3.90,3.50,3.40,3.20,3.40,3.50,3.50,3.30,3.10,3.00,2.80,2.60,2.70,3.00,3.60,3.80,3.60,3.10,2.80,3.30,3.50,3.80,3.90,4.20,4.50,4.40,4.50,4.60,4.70,4.80,4.90,4.90,5.00,4.70,4.00,3.50,3.70,3.90,4.30,3.90,3.70,3.10,2.60,9.30,8.70,8.20,7.60,7.10,6.40,5.70,2.50,2.80,3.30,3.70,4.10,4.00,4.30,4.50,4.50,4.20,3.90,3.60,3.50,3.30,3.00,3.30,3.50,3.90,4.00,4.30,4.70,4.70,4.90,5.20,4.90,5.10,5.00,5.10,5.20,2.50,2.30,2.00,1.70,1.50,1.10,0.80,1.20,1.40,1.60,1.70,2.00,2.2,2.4,2.4,2.6,2.7,2.9,3.1,2.8,2.9,3,3.2,3.2,2.6,2.8,2.9,3,3.1,3.2,3.5,3.7,3.8,3.9,4.1,4.1,4.80,5.10,5.40,5.80,6.20,6.40,6.80,6.90,7.00,6.90,7.00,7.20,7.00,7.00,7.10,7.10,7.20,7.20,7.40,7.50
PY09,Metro Prima,5.40,5.50,5.30,5.10,5.00,4.80,4.70,4.50,4.30,4.20,3.90,3.70,3.40,3.60,4.00,4.20,4.40,4.50,4.70,5.20,5.00,5.20,5.50,5.60,5.40,5.50,5.70,5.30,5.50,5.60,5.80,5.10,5.20,5.30,5.40,5.10,4.70,4.30,4.20,4.10,3.90,3.70,3.30,3.20,3.00,3.20,3.40,3.40,3.40,3.20,3.10,2.90,2.60,2.80,3.10,3.40,3.60,3.40,2.90,2.60,3.10,3.30,3.60,3.70,4.00,4.30,4.40,4.60,4.40,4.50,4.70,4.80,4.70,4.90,4.60,3.90,3.40,3.60,3.90,4.20,4.00,3.80,3.20,2.60,9.40,8.80,8.30,7.70,7.20,6.50,5.80,2.80,3.10,3.60,4.00,4.40,4.30,4.60,4.70,4.60,4.00,3.70,3.60,3.40,3.10,2.80,3.10,3.30,3.70,3.80,4.10,4.50,4.50,4.70,5.00,4.70,4.90,4.80,4.90,5.00,2.80,2.40,2.40,2.10,1.70,1.50,1.20,0.80,1.00,1.20,1.50,1.60,1.9,2,2.3,2.6,2.4,2.7,2.8,2.9,3,2.8,3,3,3.2,2.6,2.8,2.9,3,3.1,3.4,3.5,3.7,3.8,3.9,4,5.10,5.40,5.70,6.10,6.50,6.50,7.10,7.20,7.30,7.20,7.30,7.50,7.30,7.30,7.40,7.40,7.50,7.50,7.70,7.80
PY10,Kepong Baru,5.20,5.40,5.10,4.90,4.80,4.60,4.50,4.30,4.10,4.00,3.70,3.50,3.20,3.50,3.80,4.10,4.20,4.40,4.50,5.00,4.80,5.00,5.30,5.40,5.20,5.30,5.50,5.10,5.30,5.40,5.60,4.90,5.00,5.10,5.20,5.30,4.90,4.30,4.10,4.00,3.80,3.70,3.40,3.10,2.90,3.10,3.30,3.40,3.20,3.00,2.90,2.60,2.40,2.50,2.90,3.30,3.70,3.90,3.60,3.30,3.80,4.00,4.30,4.40,4.70,4.80,4.30,4.40,4.50,4.60,4.60,4.70,4.90,4.80,4.50,3.80,3.30,3.50,3.80,4.10,3.80,3.60,3.00,2.40,9.20,8.60,8.10,7.50,7.00,6.30,5.60,2.90,3.20,3.70,4.10,4.50,4.40,4.70,4.90,4.70,4.20,3.80,3.50,3.40,3.30,3.00,3.30,3.40,3.80,4.00,4.30,4.60,4.70,4.90,5.20,4.90,5.10,5.00,5.10,5.10,2.90,2.50,2.60,2.30,1.90,1.70,1.40,1.00,0.80,1.00,1.30,1.60,1.7,1.9,2.1,2.4,2.5,2.5,2.7,2.8,2.9,3,2.9,2.9,3.1,3.3,2.7,2.9,2.9,3,3.4,3.5,3.6,3.8,3.9,4,5.20,5.50,5.80,6.20,6.60,6.30,7.10,7.30,7.40,7.30,7.40,7.60,7.40,7.40,7.50,7.50,7.60,7.60,7.80,7.90
PY11,Jinjang,5.00,5.20,4.90,4.70,4.60,4.40,4.30,4.10,3.90,3.80,3.50,3.30,3.00,3.30,3.60,3.90,4.00,4.20,4.30,4.80,4.60,4.80,5.10,5.20,5.00,5.10,5.30,4.90,5.10,5.20,5.40,4.70,4.80,4.90,5.00,5.10,4.70,4.10,3.90,3.80,3.60,3.50,3.20,2.90,2.70,2.90,3.10,3.20,3.00,2.80,2.60,2.40,2.20,2.30,2.60,3.10,3.50,3.70,3.50,3.20,3.70,3.90,4.20,4.30,4.50,4.60,4.10,4.20,4.30,4.40,4.40,4.50,4.70,4.60,4.30,3.60,3.10,3.30,3.60,3.90,3.60,3.40,2.80,2.20,9.00,8.40,7.90,7.30,6.80,6.10,5.40,3.10,3.40,3.90,4.30,4.70,4.60,4.90,4.70,4.50,4.00,3.60,3.30,3.20,3.20,2.90,3.20,3.20,3.60,3.80,4.10,4.40,4.60,4.80,5.00,4.80,5.00,4.90,5.00,4.90,3.10,2.70,2.50,2.40,2.10,1.80,1.60,1.20,1.00,0.80,1.10,1.30,1.6,1.7,1.9,2.2,2.3,2.4,2.5,2.6,2.7,2.9,2.7,2.8,3,3.2,2.7,2.8,2.8,3,3.3,3.4,3.6,3.7,3.8,3.9,5.40,5.70,6.00,6.40,6.40,6.10,6.90,7.10,7.60,7.50,7.60,7.80,7.60,7.60,7.70,7.70,7.80,7.80,8.00,8.10
PY12,Sri Delima,4.80,5.00,4.70,4.50,4.40,4.20,4.10,3.90,3.70,3.60,3.30,3.10,2.70,3.10,3.40,3.70,3.80,4.00,4.10,4.60,4.40,4.60,4.90,5.00,4.80,4.90,5.10,4.70,4.90,5.00,5.20,4.50,4.60,4.70,4.80,4.90,4.60,4.20,4.10,4.00,3.80,3.60,3.20,3.20,3.00,3.20,3.00,3.00,2.70,2.50,2.40,2.20,2.00,2.10,2.40,3.40,3.70,3.90,3.40,3.10,3.60,3.80,4.00,4.10,4.30,4.40,3.90,4.00,4.10,4.20,4.30,4.40,4.60,4.50,4.20,3.50,3.00,3.20,3.40,3.80,3.40,3.20,2.60,2.00,8.80,8.20,7.70,7.10,6.60,5.90,5.20,2.80,3.10,3.60,4.00,4.40,4.30,4.60,4.50,4.30,3.80,3.40,3.10,3.00,3.00,2.70,3.00,3.20,3.60,3.70,4.00,4.40,4.40,4.60,4.90,4.60,4.80,4.70,4.80,4.70,2.80,2.80,2.60,2.40,2.30,2.00,1.70,1.50,1.30,1.10,0.80,1.10,1.4,1.5,1.7,2,2.1,2.4,2.4,2.4,2.6,2.7,3,3.3,2.9,3.1,2.6,2.7,2.8,2.9,3.2,3.3,3.5,3.6,3.7,3.8,5.10,5.40,5.70,6.10,6.20,5.90,6.70,6.90,7.30,7.20,7.30,7.50,7.30,7.30,7.40,7.40,7.50,7.50,7.70,7.80
PY13,Kampung Batu,4.60,4.80,4.50,4.30,4.20,4.00,3.90,3.70,3.50,3.40,3.10,2.80,2.50,2.80,3.20,3.50,3.60,3.80,3.90,4.40,4.20,4.40,4.70,4.80,4.60,4.70,4.90,4.50,4.70,4.80,5.00,4.30,4.40,4.50,4.60,4.70,4.40,4.00,3.90,3.80,3.60,3.40,3.00,3.00,2.80,3.00,2.80,2.70,2.50,2.30,2.20,2.00,1.80,1.90,2.20,3.20,3.50,3.70,3.30,3.00,3.50,3.70,3.80,3.90,4.10,4.20,3.70,3.80,3.90,4.00,4.10,4.20,4.40,4.30,4.00,3.30,2.80,3.00,3.20,3.60,3.20,3.00,2.40,1.80,8.60,8.00,7.50,6.90,6.40,5.70,5.00,3.00,3.30,3.80,4.20,4.60,4.50,4.50,4.30,4.10,3.60,3.20,2.80,2.70,2.80,2.50,2.80,3.00,3.40,3.50,3.80,4.20,4.20,4.40,4.70,4.40,4.60,4.50,4.60,4.50,3.00,3.00,2.80,2.60,2.60,2.30,2.00,1.60,1.60,1.30,1.10,0.80,1.1,1.3,1.6,1.8,1.9,2.2,2.4,2.5,2.4,2.5,2.8,3.1,3.3,3,3.2,2.6,2.7,2.8,3.1,3.2,3.4,3.5,3.6,3.7,5.30,5.60,5.90,6.30,6.00,5.70,6.50,6.70,7.50,7.40,7.50,7.70,7.50,7.50,7.60,7.60,7.70,7.70,7.90,8.00
PY14,Kentonmen,4.4,4.6,4.3,4.1,4,3.8,3.7,3.5,3.3,3.2,2.8,2.6,2.3,2.6,2.9,3.3,3.4,3.6,3.7,4.2,4,4.2,4.5,4.6,4.4,4.5,4.7,4.3,4.5,4.6,4.8,4.1,4.2,4.3,4.4,4.5,4.2,3.9,3.7,3.6,3.4,3.3,3.1,2.8,2.6,2.7,2.5,2.5,2.3,2.1,2,1.8,1.6,1.7,2,3,3.3,3.5,3.1,2.8,3.3,3.5,3.6,3.7,3.9,4,3.5,3.6,3.7,3.8,3.9,4,4.2,4.1,3.8,3.1,2.5,2.8,3,3.4,3,2.8,2.2,1.6,8.4,7.8,7.3,6.7,6.2,5.5,4.8,3.1,3.4,3.9,4.3,4.5,4.6,4.3,4.1,3.9,3.4,3,2.6,2.5,2.8,2.6,3,3.1,3.5,3.7,4,4.3,4.4,4.5,4.7,4.6,4.8,4.7,4.8,4.3,3.1,2.8,3,2.8,2.5,2.5,2.2,1.9,1.7,1.6,1.4,1.1,0.8,1,1.3,1.6,1.6,1.9,2.1,2.2,2.4,2.6,2.6,3,3.2,2.8,3.1,3.2,2.6,2.7,3,3.2,3.3,3.4,3.6,3.6,5.40,5.70,6.00,6.20,5.80,5.50,6.30,6.50,7.30,7.40,7.60,7.70,7.60,7.60,7.70,7.70,7.50,7.60,7.70,7.90
PY15,Jalan Ipoh,4.2,4.4,4.1,3.9,3.8,3.6,3.5,3.3,3.1,3,2.6,2.4,2.1,2.4,2.7,3.1,3.2,3.4,3.5,4,3.8,4,4.3,4.4,4.2,4.3,4.5,4.1,4.3,4.4,4.6,3.9,4,4.1,4.2,4.3,4,3.7,3.5,3.4,3.2,3.1,3,2.7,2.5,2.5,2.3,2.3,2.1,1.9,1.8,1.6,1.4,1.5,1.8,2.9,3.1,3.3,3.6,3.3,3.7,3.8,3.4,3.5,3.7,3.8,3.3,3.4,3.5,3.6,3.7,3.8,4,3.9,3.6,2.9,2.3,2.6,2.8,3.2,2.8,2.6,2,1.4,8.2,7.6,7.1,6.5,6,5.3,4.6,3.2,3.5,4,4.4,4.3,4.4,4.1,3.9,3.7,3.2,2.7,2.4,2.3,2.6,2.4,2.8,3,3.4,3.5,3.8,4.2,4.2,4.3,4.5,4.4,4.6,4.5,4.6,4.1,3.2,2.9,3.1,2.9,2.6,2.4,2.4,2,1.9,1.7,1.5,1.3,1,0.8,1.1,1.4,1.6,1.8,2,2.1,2.2,2.4,2.5,2.9,3.1,3.3,3,3.2,3.2,2.7,3,3.1,3.3,3.4,3.5,3.6,5.20,5.50,5.80,6.00,5.60,5.30,6.10,6.30,7.10,7.20,7.40,7.50,7.40,7.40,7.50,7.50,7.30,7.40,7.50,7.70
PY16,Sentul Barat,3.9,4.1,3.8,3.6,3.5,3.3,3.2,3,2.7,2.6,2.3,2.1,1.8,2.1,2.4,2.7,2.9,3.1,3.2,3.7,3.5,3.7,4,4.1,3.9,4,4.2,3.8,4,4.1,4.3,3.6,3.7,3.8,3.9,4,3.7,3.4,3.2,3.1,2.9,2.8,2.6,2.6,2.4,2.2,2,2,1.8,1.6,1.5,1.3,1.1,1.2,1.5,2.9,2.8,3,3.3,3.1,3.4,3.5,3.1,3.2,3.4,3.5,3,3.1,3.2,3.3,3.4,3.5,3.7,3.6,3.3,2.6,2,2.3,2.5,2.9,2.5,2.3,1.7,1.1,7.9,7.3,6.8,6.2,5.7,5,4.3,2.8,3.1,3.6,4,4,4.1,3.8,3.6,3.4,2.8,2.4,2.1,2,2.3,2.1,2.4,2.6,3.1,3.2,3.5,3.9,3.9,4,4.2,4.1,4.3,4.2,4.3,3.8,2.8,3.1,2.9,3.1,2.8,2.6,2.4,2.3,2.1,1.9,1.7,1.6,1.3,1.1,0.8,1.1,1.3,1.6,1.7,1.8,2,2.1,2.4,3.1,2.9,3.1,2.9,3,3.1,3.3,2.9,3,3.2,3.3,3.4,3.5,4.90,5.20,5.50,5.70,5.30,5.00,5.80,6.00,6.80,6.90,7.10,7.20,7.10,7.10,7.20,7.20,7.00,7.10,7.20,7.40
PY17,Titiwangsa,3.6,3.8,3.5,3.3,3.2,3,2.9,2.6,2.4,2.3,2,1.8,1.5,1.8,2.1,2.4,2.5,2.7,2.9,3.4,3.2,3.4,3.7,3.8,3.6,3.7,3.9,3.5,3.7,3.8,4,3.3,3.4,3.5,3.6,3.7,3.4,3.1,2.9,2.8,2.6,2.5,2.4,2.3,2.1,1.9,1.7,1.7,1.5,1.3,1.2,1,0.8,0.9,1.2,2.5,2.5,2.7,3,2.8,3.1,3.2,2.8,2.9,3.1,3.2,2.7,2.8,2.9,3,3.1,3.2,3.4,3.3,3,2.3,1.7,2,2.2,2.6,2.2,2,1.4,0.8,7.6,7,6.5,5.9,5.4,4.7,4,3,3.3,3.8,3.9,3.7,3.8,3.5,3.3,3,2.5,2.1,1.8,1.7,2,1.9,2.2,2.4,2.9,3,3.3,3.6,3.7,3.7,3.9,3.9,3.9,4,4.1,3.5,3,3.3,3.1,2.9,3.1,2.8,2.6,2.6,2.4,2.2,2,1.8,1.6,1.4,1.1,0.8,0.9,1.3,1.5,1.7,1.7,1.9,2.1,2.9,3.1,2.8,3.3,2.9,3,3.2,2.8,2.9,3.1,3.2,3.3,3.4,4.60,4.90,5.20,5.40,5.00,4.70,5.50,5.70,6.50,6.60,6.80,6.90,6.80,6.80,6.90,6.90,6.70,6.80,6.90,7.10
PY18,Hospital Kuala Lumpur,3.7,3.9,3.6,3.4,3.3,3.1,3,2.7,2.5,2.4,2.1,1.9,1.6,1.9,2.2,2.5,2.6,2.9,3,3.5,3.3,3.5,3.8,3.9,3.7,3.8,4,3.6,3.8,3.9,4.1,3.4,3.5,3.6,3.7,3.8,3.5,3.2,3,2.9,2.7,2.6,2.2,2.3,2.1,2,1.8,1.8,1.6,1.4,1.3,1.1,0.9,1,1.3,2.5,2.6,2.8,3.1,2.9,3.2,3.3,2.9,3,3.2,3.3,2.8,2.9,3,3.1,3.2,3.3,3.5,3.4,3.1,2.4,1.8,2.1,2.3,2.7,2.3,2.1,1.5,0.9,7.7,7.1,6.6,6,5.5,4.8,4.1,3,3.3,3.8,4,3.8,3.8,3.6,3.4,3.2,2.6,2.2,1.9,1.8,2,1.7,2,2.2,2.6,2.8,3.1,3.5,3.5,3.7,4,3.7,3.9,3.8,3.9,3.6,3,3.3,3.2,3,2.7,2.9,2.7,2.4,2.5,2.3,2.1,1.9,1.6,1.6,1.3,0.9,0.8,1.1,1.4,1.5,1.7,1.7,2.1,2.8,3,2.9,3.2,2.8,2.9,3.1,2.8,2.9,3,3.2,3.3,3.3,4.60,4.90,5.20,5.50,5.10,4.80,5.60,5.80,6.60,6.70,6.80,7.00,6.80,6.80,6.90,6.90,6.80,6.90,7.00,7.20
PY19,Raja Uda,4.1,4.3,4,3.8,3.7,3.5,3.4,3.2,3,2.8,2.5,2.3,2,2.3,2.6,2.9,3.1,3.3,3.4,3.9,3.7,3.9,4.2,4.3,4.1,4.2,4.4,4,4.2,4.3,4.5,3.8,3.9,4,4.1,4.2,3.9,3.2,3.1,2.9,2.7,2.5,2.1,2,1.8,2,2.2,2.2,2,1.8,1.7,1.5,1.3,1.4,1.7,2.2,2.6,2.9,3.3,3.1,3.6,3.7,3.3,3.4,3.6,3.7,3.2,3.3,3.4,3.5,3.6,3.7,3.9,3.8,3.5,2.8,2.2,2.5,2.7,3.1,2.7,2.5,1.9,1.3,8.1,7.5,7,6.4,5.9,5.2,4.5,3.2,3.5,3.8,4.2,3.9,3.7,3.9,3.6,3.5,2.9,2.5,2.3,2.2,1.9,1.6,1.9,2.1,2.5,2.6,3,3.4,3.4,3.6,3.9,3.6,3.8,3.7,3.8,3.9,3.2,2.9,3.3,3.2,2.9,3.1,2.9,2.7,2.5,2.4,2.4,2.2,1.9,1.8,1.6,1.3,1.1,0.8,1.1,1.2,1.4,1.6,1.8,2.6,2.8,3.1,3,3.2,3.3,3,2.7,2.8,2.9,3.1,3.2,3.3,4.50,4.80,5.10,5.50,5.50,5.20,6.00,6.20,6.70,6.60,6.70,6.90,6.70,6.70,6.80,6.80,6.90,6.90,7.10,7.20
PY20,Ampang Park,4.3,4.1,4.2,4,3.9,3.7,3.6,3.4,3.2,3.1,2.7,2.5,2.1,2.1,2.5,2.7,3.1,3.1,3.3,3.8,3.9,3.9,4.1,4.2,4.1,4.2,4.4,4.2,4.2,4.3,4.5,4,3.9,4,4.2,4.2,3.8,2.9,2.7,2.6,2.4,2.2,1.8,1.9,1.7,1.9,2.1,1.9,2.1,2,1.9,1.7,1.5,1.6,1.9,2.1,2.5,2.7,3.2,2.9,3.4,3.6,3.5,3.6,3.8,3.9,3.4,3.5,3.6,3.7,3.5,3.6,3.8,3.7,3.4,2.7,2.1,2.4,2.7,3,2.9,2.7,2.1,1.5,8.1,7.5,7,6.4,5.9,5.2,4.5,3.1,3.6,3.5,3.9,3.6,3.4,3.6,3.3,3.2,2.5,2.2,2.1,1.9,1.6,1.3,1.6,1.8,2.2,2.3,2.6,3.1,3.1,3.3,3.6,3.3,3.5,3.4,3.5,3.6,3.1,3,2.9,3.3,3.1,2.9,3.1,2.8,2.7,2.5,2.4,2.4,2.1,2,1.7,1.5,1.4,1.1,0.8,0.9,1.1,1.3,1.7,2.4,2.6,2.9,2.9,3.1,3.2,2.8,3.3,2.7,2.9,3,3.1,3.2,4.20,4.50,4.80,5.20,5.50,5.20,6.00,6.20,6.40,6.30,6.40,6.60,6.40,6.40,6.50,6.50,6.60,6.60,6.80,6.90
PY21,Persiaran KLCC,4.2,4,4.1,4,3.9,3.7,3.6,3.4,3.2,3,2.8,2.6,2,2,2.4,2.6,2.9,3,3.2,3.7,3.8,3.8,4,4.1,4,4.1,4.3,4.4,4.1,4.2,4.4,4.2,3.8,3.9,4.1,4.1,3.7,2.7,2.6,2.5,2.3,2.1,1.7,1.8,1.6,1.8,2,1.8,2,2.2,2.1,1.9,1.7,1.8,2.1,2,2.4,2.6,3.1,2.8,3.3,3.5,3.7,3.6,3.7,3.8,3.6,3.7,3.7,3.7,3.4,3.5,3.7,3.6,3.3,2.6,2,2.3,2.6,2.9,3.1,2.9,2.3,1.7,8,7.4,6.9,6.3,5.8,5.1,4.4,2.6,2.9,3.4,3.8,3.5,3.3,3.5,3.2,3.1,2.4,2.1,2,1.8,1.5,1.2,1.5,1.7,2.1,2.2,2.5,3,3,3.2,3.5,3.2,3.4,3.3,3.4,3.5,2.6,3.1,3,3.4,3.1,2.9,2.8,2.9,2.8,2.6,2.4,2.5,2.2,2.1,1.8,1.7,1.5,1.2,0.9,0.8,1,1.2,1.6,2.5,2.5,2.8,2.8,3,3.1,3.4,3.2,2.7,2.8,2.9,3.1,3.1,4.10,4.40,4.70,5.10,5.40,5.10,5.90,6.10,6.30,6.20,6.30,6.50,6.30,6.30,6.40,6.40,6.50,6.50,6.70,6.80
PY22,Conlay,4,3.8,3.9,3.8,3.7,3.5,3.4,3.2,3,2.7,2.6,2.4,1.8,1.8,2.2,2.4,2.7,2.7,3,3.5,3.6,3.6,3.8,3.9,3.8,3.9,4.1,4.2,3.9,4,4.2,4,3.6,3.7,3.9,3.9,3.5,2.5,2.4,2.3,2.1,1.9,1.5,1.6,1.4,1.6,1.8,1.6,1.8,2,2.1,1.9,1.7,1.8,2.1,1.8,2.2,2.4,2.9,2.7,3.2,3.3,3.6,3.4,3.5,3.6,3.4,3.6,3.5,3.5,3.2,3.3,3.5,3.4,3.1,2.4,1.8,2.1,2.4,2.7,3.1,2.9,2.3,1.7,7.8,7.2,6.7,6.1,5.6,4.9,4.2,2.7,3,3.2,3.6,3.3,3.1,3.3,3,2.9,2.2,1.9,1.8,1.6,1.3,1,1.3,1.5,1.9,2,2.3,2.8,2.8,3,3.3,3,3.2,3.1,3.2,3.3,2.7,3.2,3,2.9,3.2,3,2.9,3,2.9,2.7,2.6,2.4,2.4,2.2,2,1.7,1.7,1.4,1.1,1,0.8,1,1.4,2.4,2.4,2.7,3.1,2.9,3,3.3,3.2,2.6,2.8,2.9,3,3.1,3.90,4.20,4.50,4.90,5.20,4.90,5.70,5.90,6.10,6.00,6.10,6.30,6.10,6.10,6.20,6.20,6.30,6.30,6.50,6.60
PY23,Tun Razak Exchange,3.7,3.6,3.6,3.4,3.3,3.1,3,2.7,2.5,2.4,2.1,1.9,1.6,1.6,2,2.2,2.5,2.5,2.7,3.3,3.3,3.4,3.6,3.7,3.6,3.7,3.9,3.6,3.7,3.8,4,3.4,3.4,3.5,3.7,3.7,3.3,2.3,2.2,2.1,1.9,1.7,1.3,1.4,1.2,1.4,1.6,1.4,1.6,1.8,1.9,2.1,1.9,2,2.3,1.6,2,2.2,2.6,2.6,3,3.1,3.4,3.2,3.3,3.4,3.2,3.4,3.3,3.3,3,3.1,3.3,3.2,2.9,2.2,1.6,1.9,2.2,2.5,2.9,3.1,2.5,1.9,7.6,7,6.5,5.9,5.4,4.7,4,2.6,3,3,3.4,3.1,2.9,3.1,2.8,2.6,2,1.7,1.6,1.4,1.1,0.8,1.1,1.3,1.7,1.8,2.1,2.5,2.6,2.8,3.1,2.8,3,2.9,3,3.1,2.6,3.2,3.1,3,3.4,3.2,3,2.8,3,2.9,2.7,2.5,2.6,2.4,2.1,1.9,1.7,1.6,1.3,1.2,1,0.8,1.2,2.2,2.5,2.6,3,2.8,2.9,3.1,3.1,3.2,2.7,2.8,2.9,3,3.70,4.00,4.30,4.70,5.00,4.70,5.50,5.70,5.90,5.80,5.90,6.10,5.90,5.90,6.00,6.00,6.10,6.10,6.30,6.40
PY24,Chan Show Lin,3.7,3.6,3.6,3.4,3.3,3.1,3,2.7,2.5,2.4,2.1,1.9,1.6,1.6,2,2.2,2.5,2.5,2.7,3.3,3.3,3.4,3.6,3.7,3.6,3.7,3.9,3.6,3.7,3.8,4,3.4,3.4,3.5,3.6,3.3,2.9,2.2,2,1.9,1.7,1.6,1.3,1,0.8,1,1.2,1.4,1.6,1.6,1.8,1.9,2.1,2.2,2.4,1.2,1.6,1.8,2.2,2.5,2.6,2.7,3,3.1,2.9,3.1,2.8,3,3.1,3.2,2.6,2.7,2.9,2.8,2.5,1.8,1.2,1.5,1.8,2.1,2.5,2.9,2.5,2.1,7.6,7,6.5,5.9,5.4,4.7,4,2.8,3.1,3.4,3.5,3.3,3.3,3.2,3,2.7,2.2,1.8,1.6,1.4,1.5,1.2,1.5,1.3,1.7,1.9,2.2,2.5,3,3,3.2,3.2,3.2,3.3,3.4,3.2,2.8,2.7,3.3,3.1,3,2.8,3.2,3,2.9,2.7,3,2.8,2.6,2.5,2.4,2.1,2.1,1.8,1.7,1.6,1.4,1.2,0.8,1.9,2.2,2.5,2.7,3,3.1,2.9,2.9,3.1,3.3,2.7,2.8,2.9,4.10,4.40,4.70,5.10,5.00,4.70,5.50,5.70,6.30,6.20,6.30,6.50,6.30,6.30,6.40,6.40,6.50,6.50,6.70,6.80
PY27,Kuchai,4.8,5,4.7,4.5,4.4,4.2,4.1,3.9,3.7,3.6,3.3,3.1,2.7,2.7,3.4,3.7,3.8,4,4.1,4.6,4.4,4.6,4.9,5,4.8,4.9,5.1,4.7,4.9,5,5.2,4.5,4.6,4.7,4.5,4.2,3.8,3.4,3.2,3.1,2.9,2.7,2.4,2.1,1.9,2.1,2.3,2.5,2.7,2.8,3,3.1,2.9,3,3.3,2.3,2.6,2.4,1.9,1.6,2.1,2.3,2.6,2.8,3.1,3.4,3.5,3.8,3.5,3.6,3.7,3.8,3.8,3.9,3.6,2.9,2.3,2.6,2.9,3.2,3.6,4,3.4,2.9,8.8,8.2,7.7,7.1,6.6,5.9,5.2,3.2,3.5,4,4.4,4.4,4.3,4.3,4.1,3.9,3.4,3,2.7,2.5,2.5,2.2,2.5,2.4,2.9,3.1,3.4,3.7,4,4.1,4.3,4.2,4.3,4.3,4.4,4.3,3.2,3,2.9,2.8,2.7,2.6,3.2,3,2.9,2.8,3.3,3.1,3,2.9,3.1,2.9,2.8,2.6,2.4,2.5,2.4,2.2,1.9,0.8,1.2,1.6,2,2.3,2.5,2.5,2.8,3,3.3,3,3.1,3.2,5.10,5.40,5.70,6.10,6.20,5.90,6.70,6.90,7.30,7.20,7.30,7.50,7.30,7.30,7.40,7.40,7.50,7.50,7.70,7.80
PY28,Taman Naga Emas,5.1,5.3,5,4.8,4.7,4.5,4.4,4.2,4,3.9,3.6,3.4,3.1,3.1,3.7,4,4.1,4.3,4.4,4.9,4.7,4.9,5.2,5.3,5.1,5.2,5.4,5,5.2,5.2,5.2,4.8,4.7,4.5,4.2,3.9,3.5,3.6,3.4,3.3,3.2,3,2.7,2.4,2.2,2.4,2.6,2.9,3.1,3.1,3.3,3.3,3.1,3.2,3.5,2.6,2.3,2.1,1.6,1.3,1.8,2,2.3,2.4,2.7,3.1,3.2,3.5,3.2,3.3,3.5,3.8,3.5,4.2,3.9,3.2,2.6,2.9,3.2,3.5,3.9,4.2,3.6,3.1,8.8,8.2,7.7,7.1,6.6,5.9,5.2,3.3,3.6,4.1,4.5,4.7,4.6,4.6,4.4,4.2,3.7,3.3,3.1,2.9,2.9,2.5,2.9,2.7,3.2,3.4,3.7,4,4.3,4.4,4.6,4.5,4.6,4.6,4.7,4.6,3.3,3.1,3,2.9,2.8,2.7,2.6,3.2,3.1,3,2.9,3.3,3.2,3.1,2.9,3.1,3,2.8,2.6,2.5,2.4,2.5,2.2,1.2,0.8,1.3,1.7,2,2.2,2.5,3,2.8,3.1,2.8,3,3.1,5.40,5.70,6.00,6.40,6.50,6.20,7.00,7.20,7.60,7.50,7.60,7.80,7.60,7.60,7.70,7.70,7.80,7.80,8.00,8.10
PY29,Sungai Besi,4.8,4.7,4.7,4.5,4.4,4.2,4.1,3.9,3.7,3.6,3.3,3.1,2.8,2.8,3.2,3.4,3.7,3.7,3.9,4.4,4.4,4.5,4.7,4.8,4.7,4.8,4.9,4.7,4.8,4.7,4.7,4.5,4.2,4,3.7,3.4,3,3.1,2.9,2.8,2.7,2.5,2.5,2.3,2.5,2.4,2.5,2.6,2.8,2.9,3,3.1,2.8,2.9,3,2.1,1.8,1.6,1.1,0.8,1.3,1.5,1.8,1.9,2.2,2.5,2.7,3,2.7,2.8,3,3.3,3,4,3.7,3,2.5,2.7,3,3.3,3.7,3.9,3.3,2.8,8.3,7.7,7.2,6.6,6.1,5.4,4.7,3.5,3.8,4.3,4.7,4.5,4.6,4.3,4.1,3.9,3.4,3,2.8,2.6,2.9,2.6,2.8,2.5,3,3.2,3.5,3.8,4.3,4.2,4.4,4.5,4.4,4.6,4.7,4.3,3.5,3.3,3.2,3.1,3,2.9,2.8,2.6,3.3,3.2,3.1,3,2.8,3.3,3.1,2.8,2.9,3.1,2.9,2.8,2.7,2.6,2.5,1.6,1.3,0.8,1.4,1.6,1.8,2.2,2.7,3,2.9,3.1,3.3,2.9,5.40,5.70,6.00,6.40,6.00,5.70,6.50,6.70,7.50,7.50,7.60,7.80,7.60,7.60,7.70,7.70,7.70,7.80,7.90,8.10
PY31,Serdang Raya Utara,5.4,5.6,5.3,5.1,5,4.8,4.7,4.5,4.3,4.2,3.9,3.7,3.4,3.4,4,4.3,4.4,4.6,4.7,5.2,5,5.2,5.5,5.6,5.4,5.5,5.5,5.3,5.4,5.3,5.3,5.1,4.8,4.6,4.3,4,3.6,3.7,3.5,3.4,3.3,3.1,3.2,2.9,2.7,2.9,3.1,3.2,3.4,3.5,3.6,3.5,3.3,3.4,3.6,2.8,2.4,2.2,1.7,1.4,1.9,2.1,2.4,2.5,2.9,3.2,3.3,3.6,3.3,3.4,3.6,3.9,3.6,4.6,4.3,3.6,3.1,3.3,3.6,3.9,4.3,4.4,3.8,3.3,8.9,8.3,7.8,7.2,6.7,6,5.3,3.6,3.9,4.4,4.8,5.1,5,4.9,4.7,4.5,4,3.6,3.4,3.2,3.3,3,3.3,3.2,3.6,3.8,4.1,4.4,4.7,4.8,5,4.9,5,5,5.1,4.9,3.6,3.5,3.4,3.3,3.1,3,2.9,2.8,2.7,2.7,2.6,3.2,3.1,3,2.9,3.3,3.2,3,2.9,2.8,3.1,3,2.7,2,1.7,1.4,0.8,1.2,1.3,1.6,2.6,2.6,2.9,2.8,3,3.1,5.80,6.10,6.40,6.80,6.60,6.30,7.10,7.30,8.00,7.90,8.00,8.20,8.00,8.00,8.10,8.10,8.20,8.20,8.40,8.50
PY32,Serdang Raya Selatan,5.6,5.5,5.5,5.3,5.2,5,4.9,4.7,4.5,4.4,4.1,3.9,3.6,3.6,4,4.2,4.5,4.5,4.7,5.2,5.2,5.3,5.5,5.6,5.5,5.6,5.7,5.5,5.6,5.5,5.5,5.3,5,4.8,4.5,4.2,3.8,3.9,3.7,3.6,3.5,3.3,3.3,3.2,3,3.2,3.3,3.4,3.6,3.4,3.3,3.1,2.9,3,3.3,3,2.7,2.4,1.9,1.6,2.1,2.3,2.6,2.8,3.1,3.4,3.5,3.8,3.5,3.6,3.8,4.1,3.8,4.8,4.5,3.8,3.3,3.5,3.8,4.1,4.2,4,3.4,2.9,9.1,8.5,8,7.4,6.9,6.2,5.5,3.7,4,4.5,4.9,5,4.8,5,4.7,4.6,4,3.7,3.6,3.4,3.1,2.8,3.1,3.3,3.7,3.8,4.1,4.5,4.5,4.7,5,4.7,4.9,4.8,4.9,5,3.7,3.6,3.5,3.4,3.2,3.1,3,2.9,2.9,2.8,2.7,2.6,3.2,3.2,3,2.9,2.8,3.2,3.1,3,2.9,2.8,3,2.3,2,1.6,1.2,0.8,1,1.4,2.2,2.6,2.7,3,2.8,2.9,5.60,5.90,6.20,6.60,6.80,6.50,7.30,7.50,7.80,7.70,7.80,8.00,7.80,7.80,7.90,7.90,8.00,8.00,8.20,8.30
PY33,Serdang Jaya,5.7,5.6,5.6,5.4,5.3,5.1,5,4.8,4.6,4.5,4.2,4,3.7,3.7,4.1,4.3,4.6,4.6,4.8,5.3,5.3,5.4,5.6,5.7,5.6,5.7,5.9,5.6,5.7,5.7,5.7,5.4,5.2,5,4.7,4.4,4,4.1,3.9,3.8,3.7,3.5,3.4,3.3,3.1,3.3,3.5,3.5,3.7,3.5,3.4,3.2,3,3.1,3.4,3.2,2.9,2.6,2.1,1.8,2.3,2.5,2.9,3,3.3,3.6,3.7,4,3.7,3.8,4,4.3,4,5,4.7,4,3.5,3.7,4,4.3,4.3,4.1,3.5,3,9.3,8.7,8.2,7.6,7.1,6.4,5.7,3.8,4.1,4.6,5,5.1,4.9,5.1,4.8,4.7,4.1,3.8,3.7,3.5,3.2,2.9,3.2,3.4,3.8,3.9,4.2,4.6,4.6,4.8,5.1,4.8,5,4.9,5,5.1,3.8,3.6,3.5,3.4,3.3,3.2,3.1,3,2.9,2.8,2.8,2.7,2.6,3.2,3.1,3,2.9,3.3,3.2,3.1,3,2.9,3.1,2.5,2.2,1.8,1.3,1,0.8,1.2,2.1,2.4,2.6,2.9,3.1,2.8,5.70,6.00,6.30,6.70,7.00,6.70,7.50,7.70,7.90,7.80,7.90,8.10,7.90,7.90,8.00,8.00,8.10,8.10,8.30,8.40
PY34,UPM,5.7,5.8,5.6,5.4,5.3,5.1,5,4.8,4.6,4.5,4.2,4,3.7,3.7,4.3,4.5,4.7,4.8,5,5.5,5.3,5.5,5.8,5.9,5.7,5.8,6,5.6,5.8,5.9,6.1,5.4,5.5,5.4,5.1,4.8,4.4,4.3,4.1,4,3.8,3.7,3.4,3.1,2.9,3.1,3.3,3.5,3.7,3.7,3.6,3.4,3.2,3.3,3.6,3.3,3.3,3.1,2.5,2.2,2.7,3,3.3,3.4,3.7,4,4.1,4.4,4.1,4.2,4.4,4.7,4.4,4.8,4.5,3.8,3.3,3.5,3.8,4.1,4.5,4.3,3.7,3.2,9.7,9.1,8.6,8,7.5,6.8,6.1,3.9,4.2,4.7,5.1,5.3,5.1,5.2,5,4.8,4.3,3.9,3.7,3.5,3.4,3.1,3.4,3.4,3.8,4,4.3,4.6,4.8,5,5.2,5,5.2,5.1,5.2,5.2,3.9,3.7,3.7,3.6,3.4,3.3,3.2,3.1,3,3,2.9,2.8,2.7,2.7,3.3,3.2,3.1,3,2.8,3.4,3.3,3.1,2.9,2.5,2.5,2.2,1.6,1.4,1.2,0.8,1.7,2,2.5,2.6,2.8,3,5.90,6.20,6.50,6.90,7.10,6.80,7.60,7.80,8.10,8.00,8.10,8.30,8.10,8.10,8.20,8.20,8.30,8.30,8.50,8.60
PY36,Taman Equine,5.5,5.7,5.4,5.2,5.1,4.9,4.8,4.6,4.4,4.3,4,3.8,3.5,3.7,4.1,4.4,4.5,4.7,4.8,5.3,5.1,5.3,5.6,5.7,5.5,5.6,5.8,5.4,5.6,5.7,5.9,5.2,5.3,5.4,5.5,5.2,4.8,4.3,4.1,4,3.8,3.7,3.4,3.1,2.9,3.1,3.3,3.5,3.5,3.3,3.2,3,2.8,2.9,3.2,3.3,3.7,3.5,3,2.7,3.2,3.4,3.7,3.8,4.1,4.4,4.5,4.7,4.5,4.6,4.6,4.7,4.8,4.8,4.5,3.8,3.3,3.5,3.8,4.1,4.1,3.9,3.3,2.8,9.5,8.9,8.4,7.8,7.3,6.6,5.9,4.3,4.6,5.1,5.5,5.3,5.1,5.2,5,4.8,4.3,3.9,3.7,3.5,3.4,3.1,3.4,3.4,3.8,4,4.3,4.6,4.8,5,5.2,5,5.2,5.1,5.2,5.2,4.3,4.1,4,3.9,3.7,3.6,3.5,3.4,3.4,3.3,3.2,3.1,3,3,2.9,2.8,2.8,2.7,3.3,3.2,3.2,3.1,2.9,2.8,3,2.7,2.6,2.2,2.1,1.7,0.8,1.2,1.7,2,2.3,2.5,5.90,6.20,6.50,6.90,6.90,6.60,7.40,7.60,8.10,8.00,8.10,8.30,8.10,8.10,8.20,8.20,8.30,8.30,8.50,8.60
PY37,Putra Permai,5.6,5.8,5.5,5.3,5.2,5,4.9,4.7,4.5,4.4,4.1,3.9,3.6,3.9,4.2,4.5,4.6,4.8,4.9,5.4,5.2,5.4,5.7,5.8,5.6,5.7,5.9,5.5,5.7,5.8,6,5.3,5.4,5.5,5.6,5.5,5.1,4.5,4.3,4.2,4,3.9,3.6,3.3,3.1,3.3,3.5,3.7,3.6,3.4,3.3,3.1,2.9,3,3.3,3.5,3.9,3.8,3.3,3,3.5,3.7,4,4.1,4.4,4.7,4.7,4.8,4.8,4.9,4.8,4.9,5.1,5,4.7,4,3.5,3.7,4,4.3,4.2,4,3.4,2.9,9.6,9,8.5,7.9,7.4,6.7,6,4.4,4.7,5.2,5.6,5.4,5.2,5.4,5.1,5,4.4,4.1,3.9,3.7,3.5,3.2,3.5,3.6,4,4.2,4.5,4.8,4.9,5.1,5.4,5.1,5.3,5.2,5.3,5.4,4.4,4.2,4.1,4,3.9,3.8,3.7,3.5,3.5,3.4,3.3,3.2,3.2,3.1,3,2.9,2.9,2.8,2.7,2.7,2.6,3.2,3.1,3,2.8,3,2.6,2.6,2.4,2,1.2,0.8,1.3,1.6,1.9,2.2,6.00,6.30,6.60,7.00,7.00,6.70,7.50,7.70,8.20,8.10,8.20,8.40,8.20,8.20,8.30,8.30,8.40,8.40,8.60,8.70
PY38,16 Sierra,5.6,5.4,5.5,5.4,5.3,5.1,5,4.8,4.6,4.4,4.3,4.1,3.5,3.5,3.9,4.1,4.4,4.4,4.6,5.1,5.2,5.2,5.4,5.5,5.4,5.5,5.7,5.7,5.5,5.6,5.8,5.5,5.2,5.3,5.5,5.4,5,4.2,4.1,4,3.8,3.6,3.2,3.5,3.3,3.5,3.5,3.3,3.5,3.6,3.5,3.3,3.1,3.2,3.5,3.7,3.9,3.7,3.2,2.9,3.4,3.6,3.9,4,4.3,4.6,4.7,5,4.7,4.8,4.9,5.1,5,5,4.7,4,3.5,3.7,4,4.3,4.4,4.2,3.6,3.1,9.4,8.8,8.3,7.7,7.2,6.5,5.8,4.4,4.8,4.8,5.2,4.9,4.7,4.9,4.6,4.5,3.9,3.6,3.5,3.3,3,2.7,3,3.2,3.6,3.7,4,4.4,4.4,4.6,4.9,4.6,4.8,4.7,4.8,4.9,4.4,4.3,4.2,4.1,4,3.9,3.8,3.7,3.6,3.6,3.5,3.4,3.3,3.3,3.2,3.1,3,2.9,2.9,2.8,2.8,2.7,3.3,3.3,3.1,2.9,2.9,2.7,2.6,2.5,1.7,1.3,0.8,1.2,1.6,1.7,5.50,5.80,6.10,6.50,6.80,6.50,7.30,7.50,7.70,7.60,7.70,7.90,7.70,7.70,7.80,7.80,7.90,7.90,8.10,8.20
PY39,Cyberjaya Utara,5.5,5.5,5.4,5.2,5.1,4.9,4.8,4.6,4.4,4.3,4,3.8,3.5,3.5,4,4.2,4.5,4.5,4.7,5.2,5.1,5.3,5.5,5.6,5.5,5.6,5.8,5.4,5.6,5.7,5.9,5.2,5.3,5.4,5.4,5.1,4.7,4.1,3.9,3.8,3.6,3.5,3.2,2.9,2.7,2.9,3.1,3.3,3.5,3.5,3.6,3.4,3.2,3.3,3.6,3.1,3.5,3.7,3.4,3.1,3.6,3.8,4.1,4.2,4.5,4.8,4.6,4.8,4.9,5,4.4,4.5,4.7,4.6,4.3,3.6,3.1,3.3,3.6,3.9,4.3,4.3,3.7,3.2,9.5,8.9,8.4,7.8,7.3,6.6,5.9,4.5,5,4.9,5.3,5,4.8,5,4.7,4.6,4,3.7,3.5,3.3,3.1,2.8,3.1,3.2,3.6,3.8,4.1,4.4,4.5,4.7,5,4.7,4.9,4.8,4.9,5,4.5,4.5,4.4,4.3,4.2,4,3.9,3.8,3.8,3.7,3.6,3.5,3.4,3.4,3.3,3.2,3.2,3.1,3,2.9,2.9,2.8,2.7,3,2.8,3.1,2.8,3,2.9,2.6,2,1.6,1.2,0.8,1.1,1.4,5.60,5.90,6.20,6.60,6.90,6.60,7.40,7.60,7.80,7.70,7.80,8.00,7.80,7.80,7.90,7.90,8.00,8.00,8.20,8.30
PY40,Cyberjaya City Centre,5.6,5.6,5.5,5.3,5.2,5,4.9,4.7,4.5,4.4,4.1,3.9,3.6,3.6,4.1,4.3,4.6,4.6,4.8,5.3,5.2,5.4,5.6,5.7,5.6,5.7,5.9,5.5,5.7,5.8,6,5.3,5.4,5.5,5.5,5.2,4.8,4.2,4,3.9,3.7,3.6,3.3,3,2.8,3,3.2,3.4,3.6,3.6,3.7,3.5,3.3,3.4,3.7,3.2,3.6,3.8,3.6,3.3,3.8,4,4.3,4.4,4.7,5,4.7,4.9,5,5.1,4.5,4.6,4.8,4.7,4.4,3.7,3.2,3.4,3.7,4,4.4,4.4,3.8,3.3,9.6,9,8.5,7.9,7.4,6.7,6,4.6,5.1,5,5.4,5.1,4.9,5.1,4.8,4.7,4.1,3.8,3.6,3.4,3.2,2.9,3.2,3.3,3.7,3.9,4.2,4.5,4.6,4.8,5.1,4.8,5,4.9,5,5.1,4.6,4.6,4.5,4.4,4.3,4.2,4.1,3.9,3.9,3.8,3.7,3.6,3.6,3.5,3.4,3.3,3.3,3.2,3.1,3.1,3,2.9,2.8,3.1,3,3.3,3,2.8,3.1,2.8,2.3,1.9,1.6,1.1,0.8,1.1,5.70,6.00,6.30,6.70,7.00,6.70,7.50,7.70,7.90,7.80,7.90,8.10,7.90,7.90,8.00,8.00,8.10,8.10,8.30,8.40
PY41,Putrajaya Sentral,5.7,5.7,5.6,5.4,5.3,5.1,5,4.8,4.6,4.5,4.2,4,3.7,3.7,4.2,4.4,4.7,4.7,4.9,5.4,5.3,5.5,5.7,5.8,5.7,5.8,6,5.6,5.8,5.9,6.1,5.4,5.5,5.6,5.6,5.3,4.9,4.3,4.1,4,3.8,3.7,3.4,3.1,2.9,3.1,3.3,3.5,3.7,3.7,3.8,3.6,3.4,3.5,3.8,3.3,3.7,3.7,3.2,2.9,3.4,3.6,3.9,4,4.3,4.6,4.7,5,4.7,4.8,4.6,4.7,4.9,4.8,4.5,3.8,3.3,3.5,3.8,4.1,4.5,4.5,3.9,3.4,9.7,9.1,8.6,8,7.5,6.8,6.1,4.7,5.1,5.1,5.5,5.2,5,5.2,4.9,4.8,4.2,3.9,3.7,3.5,3.3,3,3.3,3.4,3.8,4,4.3,4.6,4.7,4.9,5.2,4.9,5.1,5,5.1,5.2,4.7,4.7,4.6,4.5,4.3,4.2,4.1,4,4,3.9,3.8,3.7,3.6,3.6,3.5,3.4,3.3,3.3,3.2,3.1,3.1,3,2.9,3.2,3.1,2.9,3.1,2.9,2.8,3,2.5,2.2,1.7,1.4,1.1,0.8,5.80,6.10,6.40,6.80,7.10,6.80,7.60,7.80,8.00,7.90,8.00,8.20,8.00,8.00,8.10,8.10,8.20,8.20,8.40,8.50
SA1,Bandar Utama,5.70,5.50,5.50,5.30,5.10,5.00,5.10,4.90,4.70,4.50,4.40,4.20,3.90,3.60,4.00,4.20,4.50,4.50,4.70,5.00,4.80,4.50,4.20,4.10,3.70,3.60,3.20,3.60,3.90,4.10,4.40,4.60,4.90,4.80,5.10,5.40,5.20,5.00,4.90,4.80,4.60,4.40,4.00,4.30,4.10,4.10,3.90,3.70,3.90,4.10,4.20,4.40,4.60,4.60,4.80,4.50,4.80,5.10,5.20,5.40,5.70,5.80,5.70,5.80,6.00,5.60,5.90,5.60,5.50,5.50,5.60,5.70,5.20,5.40,5.10,4.40,3.90,4.10,4.40,4.70,5.10,5.50,5.10,4.60,8.10,7.50,7.00,6.40,5.90,5.20,4.40,3.20,3.20,2.70,2.40,2.00,1.60,2.00,2.40,2.90,3.20,3.40,3.60,3.70,3.90,3.70,3.80,4.00,3.60,3.70,3.90,4.10,3.50,3.60,3.70,3.80,3.90,4.10,4.20,4.30,3.20,3.80,4.10,4.30,4.60,5.00,4.80,5.10,5.20,5.40,5.10,5.30,5.40,5.20,4.90,4.60,4.60,4.50,4.20,4.10,3.90,3.70,4.10,5.10,5.40,5.40,5.80,5.60,5.70,5.90,5.90,6.00,5.50,5.60,5.70,5.80,0.80,1.10,1.40,1.80,2.20,2.40,2.80,2.90,3.00,2.90,3.00,3.20,3.00,3.00,3.10,3.10,3.20,3.20,3.40,3.50
SA2,Kayu Ara,5.50,5.40,5.30,5.10,4.90,4.80,5.40,5.20,5.00,4.80,4.70,4.50,4.20,3.90,4.30,4.50,4.80,4.80,4.90,4.80,4.60,4.30,4.00,3.90,3.50,3.40,3.00,3.40,3.70,3.90,4.20,4.40,4.70,4.60,4.90,5.20,5.00,5.30,5.20,5.10,4.90,4.70,4.30,4.60,4.40,4.40,4.20,4.00,4.20,4.40,4.50,4.70,4.90,4.90,5.10,4.80,5.10,5.40,5.50,5.70,6.00,6.10,6.00,6.10,6.30,5.90,6.20,5.90,5.80,5.80,5.90,5.60,5.00,5.70,5.40,4.70,4.20,4.40,4.70,5.00,5.40,5.80,5.40,4.90,7.90,7.30,6.80,6.20,5.70,5.00,4.20,3.50,3.50,3.00,2.70,2.30,1.90,2.30,2.70,3.20,3.50,3.70,3.90,4.00,4.20,4.00,4.10,4.30,3.90,4.00,4.20,4.40,3.80,3.90,4.00,4.10,4.20,4.40,4.50,4.60,3.50,4.10,4.40,4.60,4.90,5.30,5.10,5.40,5.50,5.70,5.40,5.60,5.70,5.50,5.20,4.90,4.90,4.80,4.50,4.40,4.20,4.00,4.40,5.40,5.70,5.70,6.10,5.90,6.00,6.20,6.20,6.30,5.80,5.90,6.00,6.10,1.10,0.80,1.20,1.60,1.90,2.20,2.60,2.80,3.00,3.20,3.00,3.20,2.80,2.90,3.00,3.20,3.10,3.20,3.30,3.40
SA3,BU 11,5.20,5.10,5.00,4.80,4.60,4.50,5.20,5.10,5.00,4.90,4.80,4.80,4.50,4.20,4.60,4.80,4.80,4.70,4.60,4.50,4.30,4.00,3.70,3.60,3.20,3.10,2.70,3.10,3.40,3.60,3.90,4.10,4.40,4.30,4.60,4.90,4.70,5.60,5.50,5.40,5.20,5.00,4.60,4.90,4.70,4.70,4.50,4.30,4.50,4.70,4.80,5.00,5.20,5.20,5.40,5.10,5.40,5.70,5.80,6.00,6.30,6.40,6.30,6.40,6.60,6.20,6.20,6.20,6.00,5.90,5.60,5.30,4.70,6.00,5.70,5.00,4.50,4.70,5.00,5.30,5.70,6.10,5.70,5.20,7.60,7.00,6.50,5.90,5.40,4.70,3.90,3.80,3.80,3.30,3.00,2.60,2.20,2.60,3.00,3.50,3.80,4.00,4.20,4.30,4.50,4.30,4.40,4.60,4.20,4.30,4.50,4.70,4.10,4.20,4.30,4.40,4.50,4.70,4.80,4.90,3.80,4.40,4.70,4.90,5.20,5.60,5.40,5.70,5.80,6.00,5.70,5.90,6.00,5.80,5.50,5.20,5.20,5.10,4.80,4.70,4.50,4.30,4.70,5.70,6.00,6.00,6.40,6.20,6.30,6.50,6.50,6.60,6.10,6.20,6.30,6.40,1.40,1.20,0.80,1.30,1.70,1.90,2.50,2.60,2.80,3.00,3.10,3.00,3.10,2.80,3.00,3.10,3.20,3.10,3.20,3.30
SA5,Damansara Idaman,4.80,4.70,4.60,4.40,4.20,4.10,4.80,4.70,4.60,4.50,4.40,4.90,4.70,4.60,4.40,4.60,4.40,4.30,4.20,4.10,3.90,3.60,3.30,3.20,2.80,2.70,2.30,2.70,3.00,3.20,3.50,3.70,4.00,3.90,4.20,4.50,4.30,6.00,5.90,5.80,5.60,5.40,5.00,5.30,5.10,5.10,4.90,4.70,4.70,4.90,5.00,5.20,5.40,5.50,5.60,5.50,5.80,6.00,6.20,6.40,6.70,6.60,6.40,6.30,6.50,6.30,5.80,5.90,5.60,5.50,5.20,4.90,4.30,6.40,6.10,5.40,4.90,5.10,5.40,5.70,6.10,6.50,5.90,5.40,7.20,6.60,6.10,5.50,5.00,4.30,3.50,4.20,4.20,3.70,3.40,3.00,2.60,3.00,3.40,3.90,4.20,4.40,4.60,4.70,4.90,4.70,4.80,5.00,4.60,4.70,4.90,5.10,4.50,4.60,4.70,4.80,4.90,5.10,5.20,5.30,4.20,4.80,5.10,5.30,5.60,6.00,5.80,6.10,6.20,6.40,6.10,6.30,6.20,6.00,5.70,5.40,5.50,5.50,5.20,5.10,4.90,4.70,5.10,6.10,6.40,6.40,6.80,6.60,6.70,6.90,6.90,7.00,6.50,6.60,6.70,6.80,1.80,1.60,1.30,0.80,1.30,1.50,2.20,2.40,2.80,2.80,3.00,2.90,3.10,3.20,2.80,3.00,3.00,3.10,3.20,3.20
SA6,Subang,4.40,4.30,4.20,4.00,3.80,3.70,4.40,4.30,4.20,4.10,4.00,4.50,4.30,4.20,4.00,4.20,4.00,3.90,3.80,3.70,3.50,3.20,2.90,2.80,2.40,2.30,1.90,2.30,2.60,2.80,3.10,3.30,3.60,3.50,3.80,4.10,3.90,5.90,5.80,6.00,5.80,5.60,5.30,5.20,5.00,4.80,4.60,4.40,4.30,4.50,4.60,4.80,5.00,5.10,5.20,5.30,5.60,5.60,5.90,6.00,6.30,6.20,6.00,5.90,6.10,5.90,5.40,5.50,5.20,5.10,4.80,4.50,3.90,6.10,5.80,5.10,4.60,4.80,5.10,5.40,5.80,6.10,5.50,5.00,6.80,6.20,5.70,5.10,4.60,3.90,3.10,4.60,4.60,4.10,3.80,3.40,3.00,3.40,3.80,4.30,4.60,4.50,4.20,4.40,4.60,5.00,5.10,5.30,5.00,5.10,5.30,5.50,4.90,5.00,5.10,5.20,5.30,5.50,5.60,5.70,4.60,5.20,5.50,5.70,6.00,6.40,6.20,6.50,6.60,6.40,6.20,6.00,5.80,5.60,5.30,5.00,5.10,5.50,5.50,5.40,5.20,5.00,5.00,6.20,6.50,6.00,6.60,6.80,7.00,7.10,6.90,7.00,6.80,6.90,7.00,7.10,2.20,1.90,1.70,1.30,0.80,1.10,1.80,2.10,2.50,2.90,2.80,3.10,2.90,3.00,3.20,2.80,2.90,3.00,3.10,3.10
SA7,Glenmarie 2,4.10,4.00,3.90,3.70,3.50,3.40,4.10,4.00,3.90,3.80,3.70,4.20,4.00,3.90,3.70,3.90,3.70,3.60,3.50,3.40,3.20,2.90,2.60,2.50,2.10,2.00,1.60,2.00,2.30,2.50,2.80,3.00,3.30,3.20,3.50,3.80,3.60,5.60,5.50,5.70,5.50,5.30,5.00,4.90,4.70,4.50,4.30,4.10,4.00,4.20,4.30,4.50,4.70,4.80,4.90,5.00,5.30,5.30,5.60,5.70,6.00,5.90,5.70,5.60,5.80,5.60,5.10,5.20,4.90,4.80,4.50,4.20,3.60,5.80,5.50,4.80,4.30,4.50,4.80,5.10,5.50,5.80,5.20,4.70,6.50,5.90,5.40,4.80,4.30,3.60,2.80,4.80,4.80,4.30,4.00,3.60,3.20,3.60,4.00,4.50,4.60,4.20,3.90,4.10,4.30,4.70,4.80,5.00,5.20,5.30,5.50,5.70,5.10,5.20,5.30,5.40,5.50,5.70,5.80,5.70,4.80,5.40,5.70,5.90,6.20,6.60,6.40,6.50,6.30,6.10,5.90,5.70,5.50,5.30,5.00,4.70,4.80,5.20,5.20,5.10,4.90,4.70,4.70,5.90,6.20,5.70,6.30,6.50,6.70,6.80,6.60,6.70,6.50,6.60,6.70,6.80,2.40,2.20,1.90,1.50,1.10,0.80,1.60,1.80,2.60,2.70,3.00,3.00,3.20,2.90,3.10,3.10,2.80,2.90,3.00,3.20
SA9,Kerjaya,4.90,4.80,4.70,4.50,4.30,4.20,4.90,4.80,4.70,4.60,4.50,5.00,4.80,4.70,4.50,4.70,4.50,4.40,4.30,4.20,4.00,3.70,3.40,3.30,2.90,2.80,2.40,2.80,3.10,3.30,3.60,3.80,4.10,4.00,4.30,4.60,4.40,6.40,6.30,6.50,6.30,6.10,5.80,5.70,5.50,5.30,5.10,4.90,4.80,5.00,5.10,5.30,5.50,5.60,5.70,5.80,6.10,6.10,6.40,6.50,6.80,6.70,6.50,6.40,6.60,6.40,5.90,6.00,5.70,5.60,5.30,5.00,4.40,6.60,6.30,5.60,5.10,5.30,5.60,5.90,6.30,6.60,6.00,5.50,7.30,6.70,6.20,5.60,5.10,4.40,3.60,5.20,5.20,4.70,4.40,4.00,3.60,4.00,4.40,4.90,5.20,5.00,4.70,4.90,5.10,5.50,5.60,5.80,5.60,5.70,5.90,6.10,5.50,5.60,5.70,5.80,5.90,6.10,6.20,6.30,5.20,5.80,6.10,6.30,6.60,7.00,6.80,7.10,7.10,6.90,6.70,6.50,6.30,6.10,5.80,5.50,5.60,6.00,6.00,5.90,5.70,5.50,5.50,6.70,7.00,6.50,7.10,7.30,7.50,7.60,7.40,7.50,7.30,7.40,7.50,7.60,2.80,2.60,2.50,2.20,1.80,1.60,0.80,1.20,1.90,2.40,2.40,2.80,2.80,2.90,3.20,3.00,3.00,3.20,3.10,2.90
SA10,Stadium Shah Alam,5.10,5.00,4.90,4.70,4.50,4.40,5.10,5.00,4.90,4.80,4.70,5.20,5.00,4.90,4.70,4.90,4.70,4.60,4.50,4.40,4.20,3.90,3.60,3.50,3.10,3.00,2.60,3.00,3.30,3.50,3.80,4.00,4.30,4.20,4.50,4.80,4.60,6.60,6.50,6.70,6.50,6.30,6.00,5.90,5.70,5.50,5.30,5.10,5.00,5.20,5.30,5.50,5.70,5.80,5.90,6.00,6.30,6.30,6.60,6.70,7.00,6.90,6.70,6.60,6.80,6.60,6.10,6.20,5.90,5.80,5.50,5.20,4.60,6.80,6.50,5.80,5.30,5.50,5.80,6.10,6.50,6.80,6.20,5.70,7.50,6.90,6.40,5.80,5.30,4.60,3.80,5.30,5.30,4.80,4.50,4.10,3.70,4.10,4.50,5.00,5.30,5.20,4.90,5.10,5.30,5.70,5.80,6.00,5.70,5.80,6.00,6.20,5.60,5.70,5.80,5.90,6.00,6.20,6.30,6.40,5.30,5.90,6.20,6.40,6.70,7.10,6.90,7.20,7.30,7.10,6.90,6.70,6.50,6.30,6.00,5.70,5.80,6.20,6.20,6.10,5.90,5.70,5.70,6.90,7.20,6.70,7.30,7.50,7.70,7.80,7.60,7.70,7.50,7.60,7.70,7.80,2.90,2.80,2.60,2.40,2.10,1.80,1.20,0.80,1.70,2.10,2.40,2.70,3.00,2.80,3.00,3.20,2.90,3.00,3.10,2.80
SA12,Dato Menteri,5.90,5.80,5.70,5.50,5.30,5.20,5.90,5.80,5.70,5.60,5.50,6.00,5.80,5.70,5.50,5.70,5.50,5.40,5.30,5.20,5.00,4.70,4.40,4.30,3.90,3.80,3.40,3.80,4.10,4.30,4.60,4.80,5.10,5.00,5.30,5.60,5.40,7.20,7.10,7.00,6.80,6.60,6.20,6.50,6.30,6.30,6.10,5.90,5.80,6.00,6.10,6.30,6.50,6.60,6.70,6.70,7.00,7.10,7.40,7.50,7.80,7.70,7.50,7.40,7.60,7.40,6.90,7.00,6.70,6.60,6.30,6.00,5.40,7.60,7.30,6.60,6.10,6.30,6.60,6.90,7.30,7.60,7.00,6.50,8.30,7.70,7.20,6.60,6.10,5.40,4.60,5.40,5.40,4.90,4.60,4.20,3.80,4.20,4.60,5.10,5.40,5.60,5.70,5.90,6.10,5.90,6.00,6.20,5.80,5.90,6.10,6.30,5.70,5.80,5.90,6.00,6.10,6.30,6.40,6.50,5.40,6.00,6.30,6.50,6.80,7.20,7.00,7.30,7.40,7.60,7.30,7.50,7.30,7.10,6.80,6.50,6.60,6.70,6.40,6.30,6.10,5.90,6.30,7.30,7.60,7.50,8.00,7.80,7.90,8.10,8.10,8.20,7.70,7.80,7.90,8.00,3.00,3.00,2.80,2.80,2.50,2.60,1.90,1.70,0.80,1.40,1.70,2.20,2.40,2.60,2.80,2.80,2.90,3.00,3.20,3.00
SA14,UiTM Shah Alam,6.00,5.90,5.80,5.60,5.40,5.30,6.00,5.90,5.80,5.70,5.60,6.10,5.90,5.70,5.60,5.80,5.60,5.50,5.40,5.30,5.10,4.80,4.50,4.40,4.00,3.90,3.50,3.90,4.20,4.40,4.70,4.90,5.20,5.10,5.40,5.70,5.50,7.10,7.00,6.90,6.70,6.50,6.10,6.40,6.20,6.20,6.00,5.80,5.90,6.10,6.20,6.40,6.60,6.70,6.80,6.60,6.90,7.20,7.30,7.50,7.80,7.80,7.60,7.50,7.70,7.50,7.00,7.10,6.80,6.70,6.40,6.10,5.50,7.50,7.20,6.50,6.00,6.20,6.50,6.80,7.20,7.60,7.10,6.60,8.40,7.80,7.30,6.70,6.20,5.50,4.70,5.30,5.30,4.80,4.50,4.10,3.70,4.10,4.50,5.00,5.30,5.50,5.70,5.80,6.00,5.80,5.90,6.10,5.70,5.80,6.00,6.20,5.60,5.70,5.80,5.90,6.00,6.20,6.30,6.40,5.30,5.90,6.20,6.40,6.70,7.10,6.90,7.20,7.30,7.50,7.20,7.40,7.40,7.20,6.90,6.60,6.70,6.60,6.30,6.20,6.00,5.80,6.20,7.20,7.50,7.50,7.90,7.70,7.80,8.00,8.00,8.10,7.60,7.70,7.80,7.90,2.90,3.20,3.00,2.80,2.90,2.70,2.40,2.10,1.40,0.80,1.30,1.70,2.20,2.40,2.50,2.80,2.90,2.80,3.00,3.20
SA15,Seksyen 7 Shah Alam,6.30,6.20,6.10,5.90,5.70,5.60,6.30,6.20,6.10,6.00,5.90,6.40,6.10,5.80,5.90,6.10,5.90,5.80,5.70,5.60,5.40,5.10,4.80,4.70,4.30,4.20,3.80,4.20,4.50,4.70,5.00,5.20,5.50,5.40,5.70,6.00,5.80,7.20,7.10,7.00,6.80,6.60,6.20,6.50,6.30,6.30,6.10,5.90,6.10,6.30,6.40,6.60,6.80,6.80,7.00,6.70,7.00,7.30,7.40,7.60,7.90,8.00,7.90,7.80,8.00,7.80,7.30,7.40,7.10,7.00,6.70,6.40,5.80,7.60,7.30,6.60,6.10,6.30,6.60,6.90,7.30,7.70,7.30,6.80,8.70,8.10,7.60,7.00,6.50,5.80,5.00,5.40,5.40,4.90,4.60,4.20,3.80,4.20,4.60,5.10,5.40,5.60,5.80,5.90,6.10,5.90,6.00,6.20,5.80,5.90,6.10,6.30,5.70,5.80,5.90,6.00,6.10,6.30,6.40,6.50,5.40,6.00,6.30,6.50,6.80,7.20,7.00,7.30,7.40,7.60,7.30,7.50,7.60,7.40,7.10,6.80,6.80,6.70,6.40,6.30,6.10,5.90,6.30,7.30,7.60,7.60,8.00,7.80,7.90,8.10,8.10,8.20,7.70,7.80,7.90,8.00,3.00,3.00,3.10,3.00,2.80,3.00,2.40,2.40,1.70,1.30,0.80,1.40,1.80,2.00,2.40,2.50,2.70,2.80,3.00,3.00
SA17,Bandar Baru Klang,6.30,6.20,6.10,5.90,5.70,5.60,6.30,6.20,6.10,6.00,5.90,6.40,6.20,6.00,5.90,6.10,5.90,5.80,5.70,5.60,5.40,5.10,4.80,4.70,4.30,4.20,3.80,4.20,4.50,4.70,5.00,5.20,5.50,5.40,5.70,6.00,5.80,7.40,7.30,7.20,7.00,6.80,6.40,6.70,6.50,6.50,6.30,6.10,6.20,6.40,6.50,6.70,6.90,7.00,7.10,6.90,7.20,7.50,7.60,7.80,8.10,8.10,7.90,7.80,8.00,7.80,7.30,7.40,7.10,7.00,6.70,6.40,5.80,7.80,7.50,6.80,6.30,6.50,6.80,7.10,7.50,7.90,7.40,6.90,8.70,8.10,7.60,7.00,6.50,5.80,5.00,5.60,5.60,5.10,4.80,4.40,4.00,4.40,4.80,5.30,5.60,5.80,6.00,6.10,6.30,6.10,6.20,6.40,6.00,6.10,6.30,6.50,5.90,6.00,6.10,6.20,6.30,6.50,6.60,6.70,5.60,6.20,6.50,6.70,7.00,7.40,7.20,7.50,7.60,7.80,7.50,7.70,7.70,7.50,7.20,6.90,7.00,6.90,6.60,6.50,6.30,6.10,6.50,7.50,7.80,7.80,8.20,8.00,8.10,8.30,8.30,8.40,7.90,8.00,8.10,8.20,3.20,3.20,3.00,2.90,3.10,3.00,2.80,2.70,2.20,1.70,1.40,0.80,1.40,1.50,1.90,2.30,2.50,2.50,2.70,3.00
SA18,Pasar Klang,6.50,6.40,6.30,6.10,5.90,5.80,6.50,6.40,6.30,6.20,6.10,6.40,6.10,5.80,6.10,6.30,6.10,6.00,5.90,5.80,5.60,5.30,5.00,4.90,4.50,4.40,4.00,4.40,4.70,4.90,5.20,5.40,5.70,5.60,5.90,6.20,6.00,7.20,7.10,7.00,6.80,6.60,6.20,6.50,6.30,6.30,6.10,5.90,6.10,6.30,6.40,6.60,6.80,6.80,7.00,6.70,7.00,7.30,7.40,7.60,7.90,8.00,7.90,8.00,8.20,7.80,7.50,7.60,7.30,7.20,6.90,6.60,6.00,7.60,7.30,6.60,6.10,6.30,6.60,6.90,7.30,7.70,7.30,6.80,8.90,8.30,7.80,7.20,6.70,6.00,5.20,5.40,5.40,4.90,4.60,4.20,3.80,4.20,4.60,5.10,5.40,5.60,5.80,5.90,6.10,5.90,6.00,6.20,5.80,5.90,6.10,6.30,5.70,5.80,5.90,6.00,6.10,6.30,6.40,6.50,5.40,6.00,6.30,6.50,6.80,7.20,7.00,7.30,7.40,7.60,7.30,7.50,7.60,7.40,7.10,6.80,6.80,6.70,6.40,6.30,6.10,5.90,6.30,7.30,7.60,7.60,8.00,7.80,7.90,8.10,8.10,8.20,7.70,7.80,7.90,8.00,3.00,2.80,3.10,3.10,2.90,3.20,2.80,3.00,2.40,2.20,1.80,1.40,0.80,1.10,1.50,1.80,2.10,2.40,2.60,2.70
SA19,Jalan Meru,6.20,6.10,6.00,5.80,5.60,5.50,6.20,6.10,6.00,5.90,5.80,6.30,6.10,5.80,5.80,6.00,5.80,5.70,5.60,5.50,5.30,5.00,4.70,4.60,4.20,4.10,3.70,4.10,4.40,4.60,4.90,5.10,5.40,5.30,5.60,5.90,5.70,7.20,7.10,7.00,6.80,6.60,6.20,6.50,6.30,6.30,6.10,5.90,6.10,6.30,6.40,6.60,6.80,6.80,7.00,6.70,7.00,7.30,7.40,7.60,7.90,8.00,7.80,7.70,7.90,7.70,7.20,7.30,7.00,6.90,6.60,6.30,5.70,7.60,7.30,6.60,6.10,6.30,6.60,6.90,7.30,7.70,7.30,6.80,8.60,8.00,7.50,6.90,6.40,5.70,4.90,5.40,5.40,4.90,4.60,4.20,3.80,4.20,4.60,5.10,5.40,5.60,5.80,5.90,6.10,5.90,6.00,6.20,5.80,5.90,6.10,6.30,5.70,5.80,5.90,6.00,6.10,6.30,6.40,6.50,5.40,6.00,6.30,6.50,6.80,7.20,7.00,7.30,7.40,7.60,7.30,7.50,7.60,7.40,7.10,6.80,6.80,6.70,6.40,6.30,6.10,5.90,6.30,7.30,7.60,7.60,8.00,7.80,7.90,8.10,8.10,8.20,7.70,7.80,7.90,8.00,3.00,2.90,2.80,3.20,3.00,2.90,2.90,2.80,2.60,2.40,2.00,1.50,1.10,0.80,1.30,1.70,1.90,2.10,2.40,2.60
SA20,Jambatan Kota,6.40,6.30,6.20,6.00,5.80,5.70,6.40,6.30,6.20,6.10,6.00,6.50,6.20,5.90,6.00,6.20,6.00,5.90,5.80,5.70,5.50,5.20,4.90,4.80,4.40,4.30,3.90,4.30,4.60,4.80,5.10,5.30,5.60,5.50,5.80,6.10,5.90,7.30,7.20,7.10,6.90,6.70,6.30,6.60,6.40,6.40,6.20,6.00,6.20,6.40,6.50,6.70,6.90,6.90,7.10,6.80,7.10,7.40,7.50,7.70,8.00,8.10,8.00,7.90,8.10,7.90,7.40,7.50,7.20,7.10,6.80,6.50,5.90,7.70,7.40,6.70,6.20,6.40,6.70,7.00,7.40,7.80,7.40,6.90,8.80,8.20,7.70,7.10,6.60,5.90,5.10,5.50,5.50,5.00,4.70,4.30,3.90,4.30,4.70,5.20,5.50,5.70,5.90,6.00,6.20,6.00,6.10,6.30,5.90,6.00,6.20,6.40,5.80,5.90,6.00,6.10,6.20,6.40,6.50,6.60,5.50,6.10,6.40,6.60,6.90,7.30,7.10,7.40,7.50,7.70,7.40,7.60,7.70,7.50,7.20,6.90,6.90,6.80,6.50,6.40,6.20,6.00,6.40,7.40,7.70,7.70,8.10,7.90,8.00,8.20,8.20,8.30,7.80,7.90,8.00,8.10,3.10,3.00,3.00,2.80,3.20,3.10,3.20,3.00,2.80,2.50,2.40,1.90,1.50,1.30,0.80,1.30,1.50,1.70,2.00,2.40
SA21,Taman Selatan,6.40,6.30,6.20,6.00,5.80,5.70,6.40,6.30,6.20,6.10,6.00,6.50,6.20,5.90,6.00,6.20,6.00,5.90,5.80,5.70,5.50,5.20,4.90,4.80,4.40,4.30,3.90,4.30,4.60,4.80,5.10,5.30,5.60,5.50,5.80,6.10,5.90,7.30,7.20,7.10,6.90,6.70,6.30,6.60,6.40,6.40,6.20,6.00,6.20,6.40,6.50,6.70,6.90,6.90,7.10,6.80,7.10,7.40,7.50,7.70,8.00,8.10,8.00,7.90,8.10,7.90,7.40,7.50,7.20,7.10,6.80,6.50,5.90,7.70,7.40,6.70,6.20,6.40,6.70,7.00,7.40,7.80,7.40,6.90,8.80,8.20,7.70,7.10,6.60,5.90,5.10,5.50,5.50,5.00,4.70,4.30,3.90,4.30,4.70,5.20,5.50,5.70,5.90,6.00,6.20,6.00,6.10,6.30,5.90,6.00,6.20,6.40,5.80,5.90,6.00,6.10,6.20,6.40,6.50,6.60,5.50,6.10,6.40,6.60,6.90,7.30,7.10,7.40,7.50,7.70,7.40,7.60,7.70,7.50,7.20,6.90,6.90,6.80,6.50,6.40,6.20,6.00,6.40,7.40,7.70,7.70,8.10,7.90,8.00,8.20,8.20,8.30,7.80,7.90,8.00,8.10,3.10,3.20,3.10,3.00,2.80,3.10,3.00,3.20,2.80,2.80,2.50,2.30,1.80,1.70,1.30,0.80,1.10,1.40,1.70,2.10
SA22,Seri Andalas,6.10,6.00,5.90,5.70,5.50,5.40,6.10,6.00,5.90,5.80,5.70,6.20,6.00,5.90,5.70,5.90,5.70,5.60,5.50,5.40,5.20,4.90,4.60,4.50,4.10,4.00,3.60,4.00,4.30,4.50,4.80,5.00,5.30,5.20,5.50,5.80,5.60,7.40,7.30,7.20,7.00,6.80,6.40,6.70,6.50,6.50,6.30,6.10,6.00,6.20,6.30,6.50,6.70,6.80,6.90,6.90,7.20,7.30,7.60,7.70,8.00,7.90,7.70,7.60,7.80,7.60,7.10,7.20,6.90,6.80,6.50,6.20,5.60,7.80,7.50,6.80,6.30,6.50,6.80,7.10,7.50,7.80,7.20,6.70,8.50,7.90,7.40,6.80,6.30,5.60,4.80,5.60,5.60,5.10,4.80,4.40,4.00,4.40,4.80,5.30,5.60,5.80,5.90,6.10,6.30,6.10,6.20,6.40,6.00,6.10,6.30,6.50,5.90,6.00,6.10,6.20,6.30,6.50,6.60,6.70,5.60,6.20,6.50,6.70,7.00,7.40,7.20,7.50,7.60,7.80,7.50,7.70,7.50,7.30,7.00,6.70,6.80,6.90,6.60,6.50,6.30,6.10,6.50,7.50,7.80,7.70,8.20,8.00,8.10,8.30,8.30,8.40,7.90,8.00,8.10,8.20,3.20,3.10,3.20,3.00,2.90,2.80,3.00,2.90,2.90,2.90,2.70,2.50,2.10,1.90,1.50,1.10,0.80,1.10,1.40,1.80
SA23,Klang Jaya,6.20,6.10,6.00,5.80,5.60,5.50,6.20,6.10,6.00,5.90,5.80,6.30,6.10,6.00,5.80,6.00,5.80,5.70,5.60,5.50,5.30,5.00,4.70,4.60,4.20,4.10,3.70,4.10,4.40,4.60,4.90,5.10,5.40,5.30,5.60,5.90,5.70,7.40,7.30,7.20,7.00,6.80,6.40,6.70,6.50,6.50,6.30,6.10,6.10,6.30,6.40,6.60,6.80,6.90,7.00,6.90,7.20,7.40,7.60,7.80,8.10,8.00,7.80,7.70,7.90,7.70,7.20,7.30,7.00,6.90,6.60,6.30,5.70,7.80,7.50,6.80,6.30,6.50,6.80,7.10,7.50,7.90,7.30,6.80,8.60,8.00,7.50,6.90,6.40,5.70,4.90,5.60,5.60,5.10,4.80,4.40,4.00,4.40,4.80,5.30,5.60,5.80,6.00,6.10,6.30,6.10,6.20,6.40,6.00,6.10,6.30,6.50,5.90,6.00,6.10,6.20,6.30,6.50,6.60,6.70,5.60,6.20,6.50,6.70,7.00,7.40,7.20,7.50,7.60,7.80,7.50,7.70,7.60,7.40,7.10,6.80,6.90,6.90,6.60,6.50,6.30,6.10,6.50,7.50,7.80,7.80,8.20,8.00,8.10,8.30,8.30,8.40,7.90,8.00,8.10,8.20,3.20,3.20,3.10,3.10,3.00,2.90,3.20,3.00,3.00,2.80,2.80,2.50,2.40,2.10,1.70,1.40,1.10,0.80,1.20,1.70
SA24,Bandar Bukit Tinggi,6.30,6.20,6.10,5.90,5.70,5.60,6.30,6.20,6.10,6.00,5.90,6.40,6.20,6.10,5.90,6.10,5.90,5.80,5.70,5.60,5.40,5.10,4.80,4.70,4.30,4.20,3.80,4.20,4.50,4.70,5.00,5.20,5.50,5.40,5.70,6.00,5.80,7.60,7.50,7.40,7.20,7.00,6.60,6.90,6.70,6.70,6.50,6.30,6.20,6.40,6.50,6.70,6.90,7.00,7.10,7.10,7.40,7.50,7.80,7.90,8.20,8.10,7.90,7.80,8.00,7.80,7.30,7.40,7.10,7.00,6.70,6.40,5.80,8.00,7.70,7.00,6.50,6.70,7.00,7.30,7.70,8.00,7.40,6.90,8.70,8.10,7.60,7.00,6.50,5.80,5.00,5.80,5.80,5.30,5.00,4.60,4.20,4.60,5.00,5.50,5.80,6.00,6.10,6.30,6.50,6.30,6.40,6.60,6.20,6.30,6.50,6.70,6.10,6.20,6.30,6.40,6.50,6.70,6.80,6.90,5.80,6.40,6.70,6.90,7.20,7.60,7.40,7.70,7.80,8.00,7.70,7.90,7.70,7.50,7.20,6.90,7.00,7.10,6.80,6.70,6.50,6.30,6.70,7.70,8.00,7.90,8.40,8.20,8.30,8.50,8.50,8.60,8.10,8.20,8.30,8.40,3.40,3.30,3.20,3.20,3.10,3.00,3.10,3.10,3.20,3.00,3.00,2.70,2.60,2.40,2.00,1.70,1.40,1.20,0.80,1.40
SA26,Johan Setia,6.50,6.40,6.30,6.10,5.90,5.80,6.50,6.40,6.30,6.20,6.10,6.60,6.40,6.30,6.10,6.30,6.10,6.00,5.90,5.80,5.60,5.30,5.00,4.90,4.50,4.40,4.00,4.40,4.70,4.90,5.20,5.40,5.70,5.60,5.90,6.20,6.00,7.70,7.60,7.50,7.30,7.10,6.70,7.00,6.80,6.80,6.60,6.40,6.40,6.60,6.70,6.90,7.10,7.20,7.30,7.20,7.50,7.70,7.90,8.10,8.40,8.30,8.10,8.00,8.20,8.00,7.50,7.60,7.30,7.20,6.90,6.60,6.00,8.10,7.80,7.10,6.60,6.80,7.10,7.40,7.80,8.20,7.60,7.10,8.90,8.30,7.80,7.20,6.70,6.00,5.20,5.90,5.90,5.40,5.10,4.70,4.30,4.70,5.10,5.60,5.90,6.10,6.30,6.40,6.60,6.40,6.50,6.70,6.30,6.40,6.60,6.80,6.20,6.30,6.40,6.50,6.60,6.80,6.90,7.00,5.90,6.50,6.80,7.00,7.30,7.70,7.50,7.80,7.90,8.10,7.80,8.00,7.90,7.70,7.40,7.10,7.20,7.20,6.90,6.80,6.60,6.40,6.80,7.80,8.10,8.10,8.50,8.30,8.40,8.60,8.60,8.70,8.20,8.30,8.40,8.50,3.50,3.40,3.30,3.20,3.10,3.20,2.90,2.80,3.00,3.20,3.00,3.00,2.70,2.60,2.40,2.10,1.80,1.70,1.40,0.80
