Code,OriginStation,KJ1,KJ2,KJ3,KJ4,KJ5,KJ6,KJ7,KJ8,KJ9,KJ10,KJ11,KJ12,KJ13,KJ14,KJ15,KJ16,KJ17,KJ18,KJ19,KJ20,KJ21,KJ22,KJ23,KJ24,KJ25,KJ26,KJ27,KJ28,KJ29,KJ30,KJ31,KJ32,KJ33,KJ34,KJ35,KJ36,KJ37,AG18,AG17,AG16,AG15,AG14,AG13,AG12,AG11,AG10,AG9,AG8,AG7,AG6,AG5,AG4,AG3,AG2,AG1,SP11,SP10,SP9,SP8,SP7,SP6,SP5,SP4,SP3,SP2,SP1,SP12,SP13,SP14,SP15,SP16,SP17,SP18,SP19,SP20,SP21,SP22,SP24,SP25,SP26,SP27,SP28,SP29,SP31,MR1,MR2,MR3,MR4,MR5,MR6,MR7,MR8,MR9,MR10,MR11,BRT1,BRT2,BRT3,BRT4,BRT5,BRT6,BRT7,KG04,KG05,KG06,KG07,KG08,KG09,KG10,KG12,KG13,KG14,KG15,KG16,KG17,KG18A,KG20,KG21,KG22,KG23,KG24,KG25,KG26,KG27,KG28,KG29,KG30,KG31,KG33,KG34,KG35,PY01,PY03,PY04,PY05,PY06,PY07,PY08,PY09,PY10,PY11,PY12,PY13,PY14,PY15,PY16,PY17,PY18,PY19,PY20,PY21,PY22,PY23,PY24,PY27,PY28,PY29,PY31,PY32,PY33,PY34,PY36,PY37,PY38,PY39,PY40,PY41,SA1,SA2,SA3,SA5,SA6,SA7,SA9,SA10,SA12,SA14,SA15,SA17,SA18,SA19,SA20,SA21,SA22,SA23,SA24,SA26
KJ1,Gombak,0.4,0.6,1,1,1.4,1.5,1.4,1.5,1.6,1.7,1.8,1.7,1.8,1.9,2,2.1,2.1,1.9,2,1.7,1.8,1.8,1.9,2,2.1,2.2,2.3,2.4,2.4,2.5,2.6,2.6,2.7,2.8,2.9,3,3.1,2.9,2.8,3,2.9,2.7,2.5,2.4,2.3,2.2,2,1.9,1.8,1.9,2,2.1,2.2,2.3,2.4,2.3,2.2,2,1.9,1.8,1.9,2,2.1,2.2,2.3,2.4,2.5,2.7,2.9,2.9,3.1,3.3,3.1,3.3,3.4,3.5,3.3,3.5,3.1,3.2,3.2,3.3,3.4,3.1,3,2.8,2.3,2,2.1,2.3,2.5,2.8,2.9,2.5,2.2,4.8,4.5,4.2,3.8,3.5,3,2.6,3.4,3.4,3.5,3.3,3.2,3.2,3,2.9,2.6,2.3,2.1,1.9,1.9,2.1,2.3,2.5,2.5,2.8,2.9,2.9,3.1,3.3,3.2,3.4,3.4,3.3,3.5,3.6,3.2,3.4,3.7,3.7,3.6,3.7,3.5,3.4,3.4,3.3,3.1,3,2.8,2.7,2.6,2.4,2.2,2.3,2.5,2.7,2.6,2.5,2.3,2.3,3,3.2,3.1,3.5,3.6,3.7,3.7,3.7,3.8,3.8,3.7,3.8,3.8,3.60,3.60,3.40,3.20,2.90,2.70,3.20,3.30,3.80,4.00,4.20,4.20,4.40,4.10,4.30,4.40,4.00,4.10,4.20,4.30
KJ2,Taman Melati,0.6,0.4,0.7,0.9,1.2,1.3,1.4,1.5,1.4,1.5,1.6,1.7,1.9,1.7,1.9,2,2,1.8,1.9,2,2.1,1.8,1.8,1.9,2.1,2.1,2.2,2.3,2.3,2.4,2.5,2.6,2.6,2.7,2.8,2.9,3,2.8,2.9,2.8,2.7,2.6,2.4,2.3,2.2,2,1.9,1.8,1.9,2,2.1,2.2,2.3,2.4,2.5,2.2,2,1.9,1.8,1.9,2,2.1,2.2,2.3,2.4,2.5,2.4,2.6,2.8,2.8,3,3.2,3.2,3.2,3.3,3.4,3.2,3.4,3.2,3.2,3.2,3.3,3.4,3,2.9,2.7,2.2,1.9,2,2.2,2.4,2.7,2.9,2.6,2.3,4.7,4.4,4.1,3.7,3.4,2.9,2.5,3.2,3.2,3.3,3.1,3.2,3,2.8,2.8,2.4,2.1,1.9,1.7,1.8,2,2.2,2.3,2.4,2.7,2.8,2.8,3,3.2,3.1,3.2,3.3,3.1,3.4,3.4,3.1,3.2,3.6,3.8,3.7,3.8,3.6,3.5,3.5,3.4,3.2,3.1,2.9,2.8,2.7,2.5,2.3,2.4,2.6,2.5,2.4,2.3,2.2,2.2,3.1,3.3,3,3.6,3.5,3.6,3.8,3.8,3.9,3.6,3.7,3.8,3.8,3.40,3.50,3.30,3.10,2.80,2.60,3.10,3.20,3.70,3.90,4.10,4.10,4.30,4.00,4.20,4.30,3.90,4.00,4.10,4.20
KJ3,Wangsa Maju,1,0.7,0.4,0.8,1,1,1.1,1.2,1.4,1.5,1.4,1.5,1.7,1.8,1.7,1.8,1.8,2,2,1.9,1.9,2.1,1.7,1.8,2,2,2.1,2.2,2.2,2.3,2.4,2.4,2.5,2.6,2.7,2.8,2.9,2.8,2.7,2.9,2.8,2.6,2.4,2.3,2.2,2.1,1.9,1.8,1.7,1.8,1.9,2,2.1,2.2,2.3,2.2,2.1,1.9,1.8,1.7,1.8,1.9,2,2.1,2.2,2.3,2.4,2.6,2.8,2.8,3,3.2,3,3.2,3.3,3.4,3.2,3.4,3,3.1,3.1,3.2,3.3,2.9,2.9,2.7,2.2,1.9,2,2.2,2.4,2.7,2.8,2.4,2.1,4.6,4.3,4,3.6,3.3,2.8,2.4,3.3,3.3,3.4,3.2,3.1,3.1,2.9,2.8,2.5,2.2,2,1.8,1.8,2,2.2,2.4,2.4,2.7,2.8,2.8,3,3.2,3.1,3.3,3.3,3.2,3.4,3.5,3.1,3.3,3.6,3.6,3.5,3.6,3.4,3.3,3.3,3.2,3,2.9,2.7,2.6,2.5,2.3,2.1,2.2,2.4,2.6,2.5,2.4,2.2,2.2,2.9,3.1,3,3.4,3.5,3.6,3.6,3.6,3.7,3.7,3.6,3.7,3.7,3.50,3.40,3.20,3.00,2.70,2.50,3.00,3.10,3.60,3.80,4.00,4.00,4.20,3.90,4.10,4.20,3.80,3.90,4.00,4.10
KJ4,Sri Rampai,1,0.9,0.8,0.4,0.8,1,1,1.1,1.2,1.3,1.5,1.4,1.5,1.7,1.8,1.7,1.8,1.9,1.9,1.8,1.9,2,2.1,1.7,1.8,1.8,1.9,2,2.1,2.1,2.2,2.3,2.4,2.4,2.5,2.6,2.7,2.6,2.5,2.7,2.6,2.4,2.2,2.1,2,1.9,1.7,1.6,1.5,1.6,1.7,1.8,1.9,2,2.1,2,1.9,1.7,1.6,1.5,1.6,1.7,1.8,1.9,2,2.1,2.2,2.4,2.6,2.6,2.8,3,2.8,3,3.1,3.2,3,3.2,2.8,2.9,2.9,3,3.1,2.7,2.7,2.5,2,1.7,1.8,2,2.2,2.5,2.6,2.2,1.9,4.4,4.1,3.8,3.4,3.1,2.6,2.2,3.2,3.1,3.2,3.1,2.9,3,2.8,2.6,2.4,2.1,1.9,1.7,1.6,1.8,2,2.2,2.2,2.5,2.6,2.6,2.8,3,2.9,3.1,3.1,3.1,3.2,3.3,2.9,3.2,3.4,3.4,3.3,3.4,3.2,3.1,3.1,3,2.8,2.7,2.5,2.4,2.3,2.1,1.9,2,2.2,2.4,2.4,2.3,2,2,2.7,2.9,2.8,3.2,3.3,3.4,3.4,3.4,3.5,3.6,3.4,3.5,3.5,3.30,3.20,3.00,2.80,2.50,2.30,2.80,2.90,3.40,3.60,3.80,3.80,4.00,3.70,3.90,4.00,3.60,3.70,3.80,3.90
KJ5,Setiawangsa,1.4,1.2,1,0.8,0.4,0.5,0.6,0.8,0.9,1,1.1,1.3,1.4,1.6,1.5,1.6,1.8,1.9,1.7,1.9,2,1.8,1.9,2,2.1,2.1,1.8,1.9,1.9,2,2.1,2.1,2.2,2.3,2.4,2.5,2.6,2.5,2.4,2.6,2.5,2.3,2.1,2,1.9,1.8,1.6,1.5,1.4,1.5,1.6,1.7,1.8,1.9,2,1.9,1.8,1.6,1.5,1.4,1.5,1.6,1.7,1.8,1.9,2,2.1,2.3,2.5,2.5,2.7,2.9,2.7,2.9,3,3.1,2.9,3.1,2.7,2.8,2.8,2.9,3,2.6,2.6,2.4,1.9,1.6,1.7,1.9,2.1,2.4,2.5,2.1,1.8,4.3,4,3.7,3.3,3,2.5,2.1,3.1,3,3.1,3,2.8,2.9,2.7,2.5,2.3,2,1.8,1.6,1.5,1.7,1.9,2.1,2.1,2.4,2.5,2.5,2.7,2.9,2.8,3,3,3,3.1,3.2,2.8,3.1,3.3,3.3,3.2,3.3,3.1,3,3,2.9,2.7,2.6,2.4,2.3,2.2,2,1.8,1.9,2.1,2.3,2.3,2.2,1.9,1.9,2.6,2.8,2.7,3.1,3.2,3.3,3.3,3.3,3.4,3.5,3.3,3.4,3.4,3.20,3.10,2.90,2.70,2.40,2.20,2.70,2.80,3.30,3.50,3.70,3.70,3.90,3.60,3.80,3.90,3.50,3.60,3.70,3.80
KJ6,Jelatek,1.5,1.3,1,1,0.5,0.4,0.5,0.6,0.8,0.9,1,1.1,1.3,1.5,1.4,1.5,1.7,1.8,1.8,1.8,1.9,2,1.8,1.9,2,2.1,1.7,1.8,1.9,1.9,2.1,2.1,2.2,2.2,2.3,2.4,2.5,2.4,2.3,2.5,2.4,2.2,2,1.9,1.8,1.7,1.5,1.4,1.3,1.4,1.5,1.6,1.7,1.8,1.9,1.8,1.7,1.5,1.4,1.3,1.4,1.5,1.6,1.7,1.8,1.9,2,2.2,2.4,2.4,2.6,2.8,2.6,2.8,2.9,3,2.8,3,2.6,2.7,2.7,2.8,2.9,2.5,2.5,2.3,1.8,1.5,1.6,1.8,2,2.3,2.4,2,1.7,4.3,4,3.7,3.3,3,2.5,2.1,3,2.9,3,2.9,2.7,2.8,2.6,2.4,2.2,1.9,1.7,1.5,1.4,1.6,1.8,2,2,2.3,2.4,2.4,2.6,2.8,2.7,2.9,2.9,2.9,3,3.1,2.7,3,3.2,3.2,3.1,3.2,3,2.9,2.9,2.8,2.6,2.5,2.3,2.2,2.1,1.9,1.7,1.8,2,2.2,2.2,2.1,1.8,1.8,2.5,2.7,2.6,3,3.1,3.2,3.2,3.2,3.3,3.4,3.2,3.3,3.3,3.10,3.00,2.80,2.60,2.30,2.10,2.60,2.70,3.20,3.40,3.60,3.60,3.80,3.50,3.70,3.80,3.40,3.50,3.60,3.70
KJ7,Dato Keramat,1.4,1.4,1.1,1,0.6,0.5,0.4,0.5,0.7,0.8,1,1.1,1.2,1.4,1.6,1.5,1.6,1.7,1.8,1.8,1.8,2,1.8,1.8,2,2,2.1,1.8,1.9,1.9,2,2.1,2.1,2.2,2.3,2.4,2.5,2.3,2.2,2.4,2.3,2.1,1.9,1.8,1.7,1.6,1.4,1.3,1.2,1.3,1.4,1.5,1.6,1.7,1.8,1.7,1.6,1.4,1.3,1.2,1.3,1.4,1.5,1.6,1.7,1.8,1.9,2.1,2.3,2.3,2.5,2.7,2.5,2.7,2.8,2.9,2.7,2.9,2.5,2.6,2.6,2.7,2.8,2.5,2.4,2.2,1.7,1.4,1.5,1.7,1.9,2.2,2.3,1.9,1.6,4.2,3.9,3.6,3.2,2.9,2.4,2,2.9,2.8,2.9,2.8,2.6,2.7,2.5,2.3,2.1,1.8,1.6,1.4,1.3,1.5,1.7,1.9,1.9,2.2,2.3,2.3,2.5,2.7,2.6,2.8,2.8,2.8,2.9,3,2.6,2.9,3.1,3.1,3,3.1,2.9,2.8,2.8,2.7,2.5,2.4,2.2,2.1,2,1.8,1.6,1.7,1.9,2.1,2.1,2,1.7,1.7,2.4,2.6,2.5,2.9,3,3.1,3.1,3.1,3.2,3.3,3.1,3.2,3.2,3.10,3.30,3.20,3.00,2.70,2.50,3.00,3.10,3.60,3.80,4.00,4.00,4.20,3.90,4.10,4.20,3.80,3.90,4.00,4.10
KJ8,Damai,1.5,1.5,1.2,1.1,0.8,0.6,0.5,0.4,0.6,0.7,0.9,1,1.1,1.3,1.5,1.4,1.5,1.6,1.7,1.7,1.8,1.9,2,1.8,1.9,2,2.1,1.7,1.8,1.9,2,2,2.1,2.2,2.3,2.3,2.4,2.2,2.1,2.3,2.2,2,1.8,1.7,1.6,1.5,1.3,1.2,1.1,1.2,1.3,1.4,1.5,1.6,1.7,1.6,1.5,1.3,1.2,1.1,1.2,1.3,1.4,1.5,1.6,1.7,1.8,2,2.2,2.2,2.4,2.6,2.4,2.6,2.7,2.8,2.6,2.8,2.4,2.5,2.5,2.6,2.7,2.4,2.3,2.1,1.6,1.3,1.4,1.6,1.8,2.1,2.2,1.8,1.5,4.2,3.9,3.6,3.2,2.9,2.4,2,2.8,2.7,2.8,2.7,2.5,2.6,2.4,2.2,2,1.7,1.5,1.3,1.2,1.4,1.6,1.8,1.8,2.1,2.2,2.2,2.4,2.6,2.5,2.7,2.7,2.7,2.8,2.9,2.5,2.8,3,3,2.9,3,2.8,2.7,2.7,2.6,2.4,2.3,2.1,2,1.9,1.7,1.5,1.6,1.8,2,2,1.9,1.6,1.6,2.3,2.5,2.4,2.8,2.9,3,3,3,3.1,3.2,3,3.1,3.1,3.00,3.20,3.20,3.00,2.70,2.50,3.00,3.10,3.60,3.80,4.00,4.00,4.20,3.90,4.10,4.20,3.80,3.90,4.00,4.10
KJ9,Ampang Park,1.6,1.4,1.4,1.2,0.9,0.8,0.7,0.6,0.4,0.5,0.7,0.9,1,1.1,1.3,1.5,1.4,1.5,1.6,1.8,1.7,1.8,1.9,2,1.8,1.9,2,2.1,1.8,1.8,1.9,2,2,2.1,2.2,2.3,2.4,2.1,2,2.2,2.1,1.9,1.7,1.6,1.5,1.4,1.2,1.1,1,1.1,1.2,1.3,1.4,1.5,1.6,1.5,1.4,1.2,1.1,1,1.1,1.2,1.3,1.4,1.5,1.6,1.7,1.9,2.1,2.1,2.3,2.5,2.3,2.5,2.6,2.7,2.5,2.7,2.3,2.4,2.4,2.5,2.6,2.4,2.2,2,1.5,1.2,1.3,1.5,1.7,2,2.1,1.7,1.4,4.1,3.8,3.5,3.1,2.8,2.3,1.9,2.6,2.6,2.7,2.5,2.4,2.4,2.2,2.1,1.8,1.5,1.3,1.1,1.1,1.3,1.5,1.7,1.7,2,2.1,2.1,2.3,2.5,2.4,2.6,2.6,2.5,2.7,2.8,2.4,2.6,2.9,2.9,2.8,2.9,2.7,2.6,2.6,2.5,2.3,2.2,2,1.9,1.8,1.6,1.4,1.5,1.7,1.9,1.8,1.7,1.5,1.5,2.2,2.4,2.3,2.7,2.8,2.9,2.9,2.9,3,3,2.9,3,3,2.80,3.00,3.10,2.90,2.60,2.40,2.90,3.00,3.50,3.70,3.90,3.90,4.10,3.80,4.00,4.10,3.70,3.80,3.90,4.00
KJ10,KLCC,1.7,1.5,1.5,1.3,1,0.9,0.8,0.7,0.5,0.4,0.6,0.7,0.9,1,1.2,1.3,1.5,1.4,1.5,1.7,1.8,1.7,1.9,2,2.1,1.8,1.9,2,1.7,1.8,1.9,1.9,2,2.1,2.2,2.2,2.3,2,1.9,2.1,2,1.8,1.6,1.5,1.4,1.3,1.1,1,0.9,1,1.1,1.2,1.3,1.4,1.5,1.4,1.3,1.1,1,0.9,1,1.1,1.2,1.3,1.4,1.5,1.6,1.8,2,2,2.2,2.4,2.2,2.4,2.5,2.6,2.4,2.6,2.2,2.3,2.3,2.4,2.5,2.3,2.1,1.9,1.4,1.1,1.2,1.4,1.6,1.9,2,1.6,1.3,4.1,3.8,3.5,3.1,2.8,2.3,1.9,2.5,2.5,2.6,2.4,2.3,2.3,2.1,2,1.7,1.4,1.2,1,1,1.2,1.4,1.6,1.6,1.9,2,2,2.2,2.4,2.3,2.5,2.5,2.4,2.6,2.7,2.3,2.5,2.8,2.8,2.7,2.8,2.6,2.5,2.5,2.4,2.2,2.1,1.9,1.8,1.7,1.5,1.3,1.4,1.6,1.8,1.7,1.6,1.4,1.4,2.1,2.3,2.2,2.6,2.7,2.8,2.8,2.8,2.9,2.9,2.8,2.9,2.9,2.70,2.90,3.00,2.80,2.50,2.30,2.80,2.90,3.40,3.60,3.80,3.80,4.00,3.70,3.90,4.00,3.60,3.70,3.80,3.90
KJ11,Kampung Baru,1.8,1.6,1.4,1.5,1.1,1,1,0.9,0.7,0.6,0.4,0.6,0.7,0.9,1,1.2,1.4,1.5,1.6,1.6,1.7,1.9,1.8,1.9,2,2.1,1.8,2,2.1,2.1,1.8,1.9,1.9,2,2.1,2.2,2.3,1.8,1.7,1.9,1.8,1.6,1.4,1.3,1.2,1.1,0.9,0.8,0.7,0.8,0.9,1,1.1,1.2,1.3,1.2,1.1,0.9,0.8,0.7,0.8,0.9,1,1.1,1.2,1.3,1.4,1.6,1.8,1.8,2,2.2,2,2.2,2.3,2.4,2.2,2.4,2,2.1,2.1,2.2,2.3,2.3,1.9,1.7,1.2,0.9,1,1.2,1.4,1.7,1.8,1.4,1.1,4,3.7,3.4,3,2.7,2.2,1.8,2.4,2.3,2.4,2.3,2.1,2.2,2,1.8,1.6,1.3,1.1,0.9,0.8,1,1.2,1.4,1.4,1.7,1.8,1.8,2,2.2,2.1,2.3,2.3,2.3,2.4,2.5,2.1,2.4,2.6,2.6,2.5,2.6,2.4,2.3,2.3,2.2,2,1.9,1.7,1.6,1.5,1.3,1.1,1.2,1.4,1.6,1.6,1.5,1.2,1.2,1.9,2.1,2,2.4,2.5,2.6,2.6,2.6,2.7,2.8,2.6,2.7,2.7,2.60,2.80,2.90,2.70,2.40,2.20,2.70,2.80,3.30,3.50,3.70,3.70,3.90,3.60,3.80,3.90,3.50,3.60,3.70,3.80
KJ12,Dang Wangi,1.7,1.7,1.5,1.4,1.3,1.1,1.1,1,0.9,0.7,0.6,0.4,0.6,0.8,1,1.1,1.2,1.3,1.4,1.5,1.6,1.8,1.7,1.8,1.9,2,2.1,1.9,2,2.1,1.8,1.8,1.9,1.9,2,2.1,2.2,1.7,1.6,1.8,1.7,1.5,1.3,1.2,1.1,1,0.8,0.7,0.6,0.7,0.8,0.9,1,1.1,1.2,1.1,1,0.8,0.7,0.6,0.7,0.8,0.9,1,1.1,1.2,1.3,1.5,1.7,1.7,1.9,2.1,1.9,2.1,2.2,2.3,2.1,2.3,1.9,2,2,2.1,2.2,2.2,1.8,1.6,1.1,0.8,0.9,1.1,1.3,1.6,1.7,1.3,1,4,3.7,3.4,3,2.7,2.2,1.8,2.3,2.2,2.3,2.2,2,2.1,1.9,1.7,1.5,1.2,1,0.8,0.7,0.9,1.1,1.3,1.3,1.6,1.7,1.7,1.9,2.1,2,2.2,2.2,2.2,2.3,2.4,2,2.3,2.5,2.5,2.4,2.5,2.3,2.2,2.2,2.1,1.9,1.8,1.6,1.5,1.4,1.2,1,1.1,1.3,1.5,1.5,1.4,1.1,1.1,1.8,2,1.9,2.3,2.4,2.5,2.5,2.5,2.6,2.7,2.5,2.6,2.6,2.50,2.70,2.90,3.00,2.70,2.50,3.00,3.10,3.60,3.80,4.00,4.00,3.90,3.90,4.10,4.20,3.80,3.90,4.00,4.10
KJ13,Masjid Jamek,1.8,1.9,1.7,1.5,1.4,1.3,1.2,1.1,1,0.9,0.7,0.6,0.4,0.6,0.8,1,1.1,1.2,1.3,1.6,1.5,1.6,1.8,1.9,1.8,1.9,2,1.8,1.9,2,2.1,1.7,1.8,1.9,2,2,2.1,1.5,1.4,1.6,1.5,1.3,1.1,1,0.9,0.8,0.6,0.5,0.4,0.5,0.6,0.7,0.8,0.9,1,0.9,0.8,0.6,0.5,0.4,0.5,0.6,0.7,0.8,0.9,1,1.1,1.3,1.5,1.5,1.7,1.9,1.7,1.9,2,2.1,1.9,2.1,1.7,1.8,1.8,1.9,2,2.1,1.6,1.4,0.9,0.6,0.7,0.9,1.1,1.4,1.5,1.1,0.8,4.3,4,3.7,3.3,3,2.5,2.1,2.1,2,2.1,2,1.8,1.9,1.7,1.5,1.3,1,0.8,0.6,0.5,0.7,0.9,1.1,1.1,1.4,1.5,1.5,1.7,1.9,1.8,2,2,2,2.1,2.2,1.8,2.1,2.3,2.3,2.2,2.3,2.1,2,2,1.9,1.7,1.6,1.4,1.3,1.2,1,0.8,0.9,1.1,1.2,1.1,1,0.9,0.9,1.6,1.8,1.7,2.1,2.2,2.3,2.3,2.3,2.4,2.3,2.3,2.4,2.4,2.30,2.50,2.70,2.90,2.60,2.40,2.90,3.00,3.50,3.70,3.90,3.90,3.70,3.80,3.90,4.00,3.70,3.80,3.90,4.00
KJ14,Pasar Seni,1.9,1.7,1.8,1.7,1.6,1.5,1.4,1.3,1.1,1,0.9,0.8,0.6,0.4,0.6,0.8,1,1,1.1,1.4,1.6,1.5,1.7,1.8,1.7,1.8,1.9,2,1.8,1.9,2,1.9,1.7,1.8,1.9,2,2.1,1.5,1.6,1.5,1.4,1.3,1.1,1,0.9,0.7,0.6,0.5,0.6,0.7,0.8,0.9,1,1.1,1.2,0.9,0.7,0.6,0.5,0.6,0.7,0.8,0.9,1,1.1,1.2,1.1,1.3,1.5,1.5,1.7,1.9,1.9,1.9,2,2.1,1.9,2.1,1.9,1.9,1.9,2,2.1,2.1,1.6,1.4,0.9,0.6,0.7,0.9,1.1,1.4,1.6,1.3,1,4.2,3.9,3.6,3.2,2.9,2.4,2,1.9,1.9,2,1.8,1.9,1.7,1.5,1.5,1.1,0.8,0.6,0.4,0.5,0.7,0.9,1,1.1,1.4,1.5,1.5,1.7,1.9,1.8,1.9,2,1.8,2.1,2.1,1.8,1.9,2.3,2.5,2.4,2.4,2.3,2.2,2.2,2.1,1.9,1.8,1.6,1.5,1.4,1.2,1,1.1,1.3,1.2,1.1,1,0.9,0.9,1.6,1.8,1.7,2.1,2.2,2.3,2.3,2.3,2.5,2.3,2.3,2.4,2.4,2.10,2.30,2.50,2.70,2.50,2.30,2.80,2.90,3.40,3.50,3.70,3.80,3.50,3.60,3.70,3.80,3.60,3.70,3.80,3.90
KJ15,KL Sentral,2,1.9,1.7,1.8,1.5,1.4,1.6,1.5,1.3,1.2,1,1,0.8,0.6,0.4,0.6,0.8,0.9,1,1.2,1.4,1.6,1.5,1.6,1.8,1.9,1.8,1.9,2,2.1,1.9,2,2.1,1.7,1.8,1.9,2,1.7,1.8,1.7,1.6,1.5,1.3,1.2,1.1,0.9,0.8,0.7,0.8,0.9,1,1.1,1.2,1.3,1.4,1.1,0.9,0.8,0.7,0.8,0.9,1,1.1,1.2,1.3,1.4,1.3,1.5,1.7,1.7,1.9,2.1,2.1,2.1,2.2,2.3,2.1,2.3,2.1,2.1,2.1,2.2,2.3,2,1.8,1.6,1.1,0.8,0.9,1.1,1.3,1.6,1.8,1.5,1.2,4.1,3.8,3.5,3.1,2.8,2.3,1.9,2.1,2.1,2.2,2,2.1,1.9,1.7,1.7,1.3,1,0.8,0.6,0.7,0.9,1.1,1.2,1.3,1.6,1.7,1.7,1.9,2.1,2,2.1,2.2,2,2.3,2.3,2,2.1,2.5,2.7,2.6,2.7,2.5,2.4,2.4,2.3,2.1,2,1.8,1.7,1.6,1.4,1.2,1.3,1.5,1.4,1.3,1.2,1.1,1.1,2,2.2,1.9,2.5,2.4,2.5,2.7,2.7,2.8,2.5,2.6,2.7,2.7,2.30,2.50,2.70,2.70,2.40,2.20,2.70,2.80,3.30,3.50,3.70,3.70,3.70,3.60,3.80,3.90,3.50,3.60,3.70,3.80
KJ16,Bank Rakyat - Bangsar,2.1,2,1.8,1.7,1.6,1.5,1.5,1.4,1.5,1.3,1.2,1.1,1,0.8,0.6,0.4,0.6,0.7,0.8,1.1,1.2,1.4,1.6,1.5,1.7,1.7,1.9,1.8,1.9,2,1.8,1.9,2,2.1,1.8,1.8,1.9,1.9,2,1.9,1.8,1.7,1.5,1.4,1.3,1.1,1,0.9,1,1.1,1.2,1.3,1.4,1.5,1.6,1.3,1.1,1,0.9,1,1.1,1.2,1.3,1.4,1.5,1.6,1.5,1.7,1.9,1.9,2.1,2.3,2.3,2.3,2.4,2.5,2.3,2.5,2.3,2.3,2.3,2.4,2.3,1.9,2,1.8,1.3,1,1.1,1.3,1.5,1.8,2,1.7,1.4,4,3.7,3.4,3,2.7,2.2,1.8,2.3,2.3,2.4,2.2,2.3,2.1,1.9,1.9,1.5,1.2,1,0.8,0.9,1.1,1.3,1.4,1.5,1.8,1.9,1.9,2.1,2.3,2.2,2.3,2.4,2.2,2.5,2.5,2.2,2.3,2.7,2.9,2.8,2.9,2.7,2.6,2.6,2.5,2.3,2.2,2,1.9,1.8,1.6,1.4,1.5,1.7,1.6,1.5,1.4,1.3,1.3,2.2,2.4,2.1,2.7,2.6,2.7,2.9,2.9,3,2.7,2.8,2.9,2.9,2.50,2.70,2.90,2.80,2.50,2.30,2.80,2.90,3.40,3.60,3.80,3.80,3.90,3.70,3.90,4.00,3.60,3.70,3.80,3.90
KJ17,Abdullah Hukum,2.1,2,1.8,1.8,1.8,1.7,1.6,1.5,1.4,1.5,1.4,1.2,1.1,1,0.8,0.6,0.4,0.5,0.6,1,1,1.3,1.4,1.6,1.5,1.6,1.8,1.7,1.8,1.9,2.1,1.8,1.9,2,2.1,1.8,1.9,2.1,2.1,2.1,2,1.9,1.7,1.6,1.5,1.3,1.2,1.1,1.1,1.2,1.3,1.4,1.5,1.6,1.7,1.5,1.3,1.2,1.1,1.1,1.2,1.3,1.4,1.5,1.6,1.7,1.7,1.9,2.1,2.1,2.3,2.5,2.4,2.5,2.6,2.7,2.5,2.7,2.4,2.5,2.5,2.5,2.3,1.9,2.2,2,1.5,1.2,1.3,1.5,1.7,2,2.2,1.8,1.5,4.3,4,3.7,3.3,3,2.5,2.1,2.5,2.5,2.6,2.4,2.5,2.3,2.1,2.1,1.7,1.4,1.2,1,1.1,1.3,1.5,1.6,1.7,2,2.1,2.1,2.3,2.5,2.4,2.5,2.6,2.4,2.7,2.7,2.4,2.5,2.9,3,2.9,3,2.8,2.7,2.7,2.6,2.4,2.3,2.1,2,1.9,1.7,1.5,1.6,1.8,1.8,1.7,1.6,1.5,1.5,2.3,2.5,2.3,2.8,2.8,2.9,3,3,3.1,2.9,3,3.1,3.1,2.70,2.90,2.90,2.70,2.40,2.20,2.70,2.80,3.30,3.50,3.70,3.70,3.90,3.60,3.80,3.90,3.50,3.60,3.70,3.80
KJ18,Kerinchi,1.9,1.8,2,1.9,1.9,1.8,1.7,1.6,1.5,1.4,1.5,1.3,1.2,1,0.9,0.7,0.5,0.4,0.5,0.9,0.9,1.2,1.3,1.5,1.4,1.5,1.7,1.9,1.8,1.8,2,2.1,1.9,1.9,2.1,1.7,1.8,2.1,2.2,2.1,2,1.9,1.7,1.6,1.5,1.3,1.2,1.1,1.2,1.3,1.4,1.5,1.6,1.7,1.8,1.5,1.3,1.2,1.1,1.2,1.3,1.4,1.5,1.6,1.7,1.8,1.7,1.9,2.1,2.1,2.3,2.5,2.5,2.5,2.6,2.7,2.5,2.7,2.5,2.5,2.5,2.4,2.2,1.8,2.2,2,1.5,1.2,1.3,1.5,1.7,2,2.2,1.9,1.6,4.2,3.9,3.6,3.2,2.9,2.4,2,2.5,2.5,2.6,2.4,2.5,2.3,2.1,2.1,1.7,1.4,1.2,1,1.1,1.3,1.5,1.6,1.7,2,2.1,2.1,2.3,2.5,2.4,2.5,2.6,2.4,2.7,2.7,2.4,2.5,2.9,3.1,3,3.1,2.9,2.8,2.8,2.7,2.5,2.4,2.2,2.1,2,1.8,1.6,1.7,1.9,1.8,1.7,1.6,1.5,1.5,2.4,2.6,2.3,2.9,2.8,2.9,3.1,3.1,3.2,2.9,3,3.1,3.1,2.70,2.90,2.80,2.60,2.30,2.10,2.60,2.70,3.20,3.40,3.60,3.60,3.80,3.50,3.70,3.80,3.40,3.50,3.60,3.70
KJ19,KL Gateway - Universiti,2,1.9,2,1.9,1.7,1.8,1.8,1.7,1.6,1.5,1.6,1.4,1.3,1.1,1,0.8,0.6,0.5,0.4,0.8,0.9,1.1,1.2,1.4,1.6,1.4,1.6,1.8,1.7,1.8,2,2,1.8,1.9,2,2.1,1.8,2.2,2.3,2.2,2.1,2,1.8,1.7,1.6,1.4,1.3,1.2,1.3,1.4,1.5,1.6,1.7,1.8,1.9,1.6,1.4,1.3,1.2,1.3,1.4,1.5,1.6,1.7,1.8,1.9,1.8,2,2.2,2.2,2.4,2.6,2.6,2.6,2.7,2.8,2.6,2.8,2.6,2.6,2.6,2.4,2.2,1.8,2.3,2.1,1.6,1.3,1.4,1.6,1.8,2.1,2.3,2,1.7,4.2,3.9,3.6,3.2,2.9,2.4,2,2.6,2.6,2.7,2.5,2.6,2.4,2.2,2.2,1.8,1.5,1.3,1.1,1.2,1.4,1.6,1.7,1.8,2.1,2.2,2.2,2.4,2.6,2.5,2.6,2.7,2.5,2.8,2.8,2.5,2.6,3,3.2,3.1,3.2,3,2.9,2.9,2.8,2.6,2.5,2.3,2.2,2.1,1.9,1.7,1.8,2,1.9,1.8,1.7,1.6,1.6,2.5,2.7,2.4,3,2.9,3,3.2,3.2,3.3,3,3.1,3.2,3.2,2.80,2.90,2.70,2.50,2.20,2.00,2.50,2.60,3.10,3.30,3.50,3.50,3.70,3.40,3.60,3.70,3.30,3.40,3.50,3.60
KJ20,Taman Jaya,1.7,2,1.9,1.8,1.9,1.8,1.8,1.7,1.8,1.7,1.6,1.5,1.6,1.4,1.2,1.1,1,0.9,0.8,0.4,0.5,0.8,1,1,1.3,1.4,1.6,1.5,1.7,1.8,1.7,1.8,1.9,2,1.8,2,2.1,2.5,2.6,2.5,2.4,2.3,2.1,2,1.9,1.7,1.6,1.5,1.6,1.7,1.8,1.9,2,2.1,2.2,1.9,1.7,1.6,1.5,1.6,1.7,1.8,1.9,2,2.1,2.2,2.1,2.3,2.5,2.5,2.7,2.9,2.9,2.9,3,3.1,2.9,3.1,2.9,2.9,2.9,2.7,2.5,2.1,2.6,2.4,1.9,1.6,1.7,1.9,2.1,2.4,2.6,2.3,2,3.9,3.6,3.3,2.9,2.6,2.1,1.7,2.9,2.9,3,2.8,2.9,2.7,2.5,2.5,2.1,1.8,1.6,1.4,1.5,1.7,1.9,2,2.1,2.4,2.5,2.5,2.7,2.9,2.8,2.9,3,2.8,3.1,3.1,2.8,2.9,3.3,3.5,3.4,3.5,3.3,3.2,3.2,3.1,2.9,2.8,2.6,2.5,2.4,2.2,2,2.1,2.3,2.2,2.1,2,1.9,1.9,2.8,3,2.7,3.3,3.2,3.3,3.5,3.5,3.6,3.3,3.4,3.5,3.5,3.00,2.90,2.70,2.50,2.20,2.00,2.50,2.60,3.10,3.30,3.50,3.50,3.70,3.40,3.60,3.70,3.30,3.40,3.50,3.60
KJ21,Asia Jaya,1.8,2.1,1.9,1.9,2,1.9,1.8,1.8,1.7,1.8,1.7,1.6,1.5,1.6,1.4,1.2,1,0.9,0.9,0.5,0.4,0.7,0.9,0.9,1.1,1.3,1.5,1.4,1.6,1.7,1.9,1.7,1.9,2,1.8,1.9,2,2.6,2.5,2.7,2.6,2.4,2.2,2.1,2,1.9,1.7,1.6,1.5,1.6,1.7,1.8,1.9,2,2.1,2,1.9,1.7,1.6,1.5,1.6,1.7,1.8,1.9,2,2.1,2.2,2.4,2.6,2.6,2.8,3,2.8,3,3.1,3.2,3,3,2.8,2.9,2.8,2.6,2.4,2,2.7,2.5,2,1.7,1.8,2,2.2,2.5,2.6,2.2,1.9,4.1,3.8,3.5,3.1,2.8,2.3,1.9,3.1,3.1,3.2,3,2.9,2.9,2.7,2.6,2.3,2,1.8,1.6,1.6,1.8,2,2.2,2.2,2.5,2.6,2.6,2.8,3,2.9,3.1,3.1,3,3.2,3.3,2.9,3.1,3.4,3.4,3.3,3.4,3.2,3.1,3.1,3,2.8,2.7,2.5,2.4,2.3,2.1,1.9,2,2.2,2.4,2.3,2.2,2,2,2.7,2.9,2.8,3.2,3.3,3.4,3.4,3.4,3.5,3.5,3.4,3.5,3.5,2.90,2.80,2.60,2.40,2.10,1.90,2.40,2.50,3.00,3.20,3.40,3.40,3.60,3.30,3.50,3.60,3.20,3.30,3.40,3.50
KJ22,Taman Paramount,1.8,1.8,2.1,2,1.8,2,2,1.9,1.8,1.7,1.9,1.8,1.6,1.5,1.6,1.4,1.3,1.2,1.1,0.8,0.7,0.4,0.6,0.8,1,1,1.2,1.4,1.4,1.5,1.7,1.8,1.7,1.8,2,1.8,1.9,2.6,2.6,2.6,2.5,2.4,2.2,2.1,2,1.8,1.7,1.6,1.6,1.7,1.8,1.9,2,2.1,2.2,2,1.8,1.7,1.6,1.6,1.7,1.8,1.9,2,2.1,2.2,2.2,2.4,2.6,2.6,2.8,3,2.9,3,3.1,3.2,3,2.9,2.9,2.8,2.7,2.5,2.3,1.9,2.7,2.5,2,1.7,1.8,2,2.2,2.5,2.7,2.3,2,3.9,3.6,3.3,2.9,2.6,2.1,1.7,3,3,3.1,2.9,3,2.8,2.6,2.6,2.2,1.9,1.7,1.5,1.6,1.8,2,2.1,2.2,2.5,2.6,2.6,2.8,3,2.9,3,3.1,2.9,3.2,3.2,2.9,3,3.4,3.5,3.4,3.5,3.3,3.2,3.2,3.1,2.9,2.8,2.6,2.5,2.4,2.2,2,2.1,2.3,2.3,2.2,2.1,2,2,2.8,3,2.8,3.3,3.3,3.4,3.5,3.5,3.6,3.4,3.5,3.6,3.6,2.60,2.50,2.30,2.10,1.80,1.60,2.10,2.20,2.70,2.90,3.10,3.10,3.30,3.00,3.20,3.30,2.90,3.00,3.10,3.20
KJ23,Taman Bahagia,1.9,1.8,1.7,2.1,1.9,1.8,1.8,2,1.9,1.9,1.8,1.7,1.8,1.7,1.5,1.6,1.4,1.3,1.2,1,0.9,0.6,0.4,0.6,0.8,0.9,1.1,1.3,1.5,1.6,1.6,1.7,1.8,1.7,1.9,2,1.8,2.8,2.8,2.8,2.7,2.6,2.4,2.3,2.2,2,1.9,1.8,1.8,1.9,2,2.1,2.2,2.3,2.4,2.2,2,1.9,1.8,1.8,1.9,2,2.1,2.2,2.3,2.4,2.4,2.6,2.8,2.8,3,3.2,3.1,3.2,3.2,3.3,3.1,2.8,2.8,2.7,2.6,2.4,2.2,1.8,2.9,2.7,2.2,1.9,2,2.2,2.4,2.7,2.9,2.5,2.2,3.8,3.5,3.2,2.8,2.5,2,1.6,3.2,3.2,3.3,3.1,3.2,3,2.8,2.8,2.4,2.1,1.9,1.7,1.8,2,2.2,2.3,2.4,2.7,2.8,2.8,3,3.2,3.1,3.2,3.3,3.1,3.4,3.4,3.1,3.2,3.6,3.7,3.6,3.7,3.5,3.4,3.4,3.3,3.1,3,2.8,2.7,2.6,2.4,2.2,2.3,2.5,2.5,2.4,2.3,2.2,2.2,3,3.2,3,3.5,3.5,3.6,3.7,3.7,3.8,3.6,3.7,3.8,3.8,2.50,2.40,2.20,2.00,1.70,1.50,2.00,2.10,2.60,2.80,3.00,3.00,3.20,2.90,3.10,3.20,2.80,2.90,3.00,3.10
KJ24,Kelana Jaya,2,1.9,1.8,1.7,2,1.9,1.8,1.8,2,2,1.9,1.8,1.9,1.8,1.6,1.5,1.6,1.5,1.4,1,0.9,0.8,0.6,0.4,0.6,0.8,1,1.1,1.3,1.4,1.5,1.6,1.7,1.8,1.8,1.9,2.1,2.9,2.9,2.9,2.8,2.7,2.5,2.4,2.3,2.1,2,1.9,1.9,2,2.1,2.2,2.3,2.4,2.5,2.3,2.1,2,1.9,1.9,2,2.1,2.2,2.3,2.4,2.5,2.5,2.7,2.9,2.9,3.1,3.3,3.2,3.3,3.4,3.5,3.3,3.1,3.1,3,2.9,2.7,2.5,2.1,3,2.8,2.3,2,2.1,2.3,2.5,2.8,3,2.6,2.3,3.7,3.4,3.1,2.7,2.4,1.9,1.5,3.3,3.3,3.4,3.2,3.3,3.1,2.9,2.9,2.5,2.2,2,1.8,1.9,2.1,2.3,2.4,2.5,2.8,2.9,2.9,3.1,3.3,3.2,3.3,3.4,3.2,3.5,3.5,3.2,3.3,3.7,3.8,3.7,3.8,3.6,3.5,3.5,3.4,3.2,3.1,2.9,2.8,2.7,2.5,2.3,2.4,2.6,2.6,2.5,2.4,2.3,2.3,3.1,3.3,3.1,3.6,3.6,3.7,3.8,3.8,3.9,3.7,3.8,3.9,3.9,2.40,2.30,2.10,1.90,1.60,1.40,1.90,2.00,2.50,2.70,2.90,2.90,3.10,2.80,3.00,3.10,2.70,2.80,2.90,3.00
KJ25,Lembah Subang,2.1,2.1,2,1.8,2.1,2,2,1.9,1.8,2.1,2,1.9,1.8,1.7,1.8,1.7,1.5,1.4,1.6,1.3,1.1,1,0.8,0.6,0.4,0.5,0.8,1,1.1,1.2,1.5,1.4,1.6,1.7,1.9,1.8,1.9,2.8,2.8,2.8,2.7,2.6,2.4,2.3,2.2,2,1.9,1.8,1.8,1.9,2,2.1,2.2,2.3,2.4,2.2,2,1.9,1.8,1.8,1.9,2,2.1,2.2,2.3,2.4,2.4,2.6,2.8,2.8,3,3.2,3.1,3.2,3.3,3.4,3.2,2.9,2.9,2.8,2.7,2.5,2.3,1.9,2.9,2.7,2.2,1.9,2,2.2,2.4,2.7,2.9,2.5,2.2,3.7,3.4,3.1,2.7,2.4,1.9,1.5,3.2,3.2,3.3,3.1,3.2,3,2.8,2.8,2.4,2.1,1.9,1.7,1.8,2,2.2,2.3,2.4,2.7,2.8,2.8,3,3.2,3.1,3.2,3.3,3.1,3.4,3.4,3.1,3.2,3.6,3.7,3.6,3.7,3.5,3.4,3.4,3.3,3.1,3,2.8,2.7,2.6,2.4,2.2,2.3,2.5,2.5,2.4,2.3,2.2,2.2,3,3.2,3,3.5,3.5,3.6,3.7,3.7,3.8,3.6,3.7,3.8,3.8,2.20,2.10,1.90,1.70,1.40,1.20,1.70,1.80,2.30,2.50,2.70,2.70,2.90,2.60,2.80,2.90,2.50,2.60,2.70,2.80
KJ26,Ara Damansara,2.2,2.1,2,1.8,2.1,2.1,2,2,1.9,1.8,2.1,2,1.9,1.8,1.9,1.7,1.6,1.5,1.4,1.4,1.3,1,0.9,0.8,0.5,0.4,0.6,0.9,1,1.1,1.4,1.5,1.5,1.6,1.8,1.7,1.8,2.9,2.9,2.9,2.8,2.7,2.5,2.4,2.3,2.1,2,1.9,1.9,2,2.1,2.2,2.3,2.4,2.5,2.3,2.1,2,1.9,1.9,2,2.1,2.2,2.3,2.4,2.5,2.5,2.7,2.9,2.9,3.1,3.3,3.2,3.2,3.2,3.3,3.1,2.8,2.8,2.7,2.6,2.4,2.2,1.8,3,2.8,2.3,2,2.1,2.3,2.5,2.8,3,2.6,2.3,3.6,3.3,3,2.6,2.3,1.8,1.4,3.3,3.3,3.4,3.2,3.3,3.1,2.9,2.9,2.5,2.2,2,1.8,1.9,2.1,2.3,2.4,2.5,2.8,2.9,2.9,3.1,3.3,3.2,3.3,3.4,3.2,3.5,3.5,3.2,3.3,3.7,3.8,3.7,3.8,3.6,3.5,3.5,3.4,3.2,3.1,2.9,2.8,2.7,2.5,2.3,2.4,2.6,2.6,2.5,2.4,2.3,2.3,3.1,3.3,3.1,3.6,3.6,3.7,3.8,3.8,3.9,3.7,3.8,3.9,3.9,2.00,1.90,1.70,1.50,1.20,1.00,1.50,1.60,2.10,2.30,2.50,2.50,2.70,2.40,2.60,2.70,2.30,2.40,2.50,2.60
KJ27,CGC - Glenmarie,2.3,2.2,2.1,1.9,1.8,1.7,2.1,2.1,2,1.9,1.8,2.1,2,1.9,1.8,1.9,1.8,1.7,1.6,1.6,1.5,1.2,1.1,1,0.8,0.6,0.4,0.6,0.9,1,1.2,1.3,1.5,1.4,1.6,1.8,1.7,3,3,3,2.9,2.8,2.6,2.5,2.4,2.2,2.1,2,2,2.1,2.2,2.3,2.4,2.5,2.6,2.4,2.2,2.1,2,2,2.1,2.2,2.3,2.4,2.5,2.6,2.6,2.8,3,3,3.2,3.4,3.3,3.1,3.1,3.2,3,2.7,2.7,2.6,2.5,2.3,2.1,1.7,3.1,2.9,2.4,2.1,2.2,2.4,2.6,2.9,3.1,2.7,2.4,3.4,3.1,2.8,2.4,2.1,1.6,1.2,3.4,3.4,3.5,3.3,3.4,3.2,3,3,2.6,2.3,2.1,1.9,2,2.2,2.4,2.5,2.6,2.9,3,3,3.2,3.4,3.3,3.4,3.5,3.3,3.6,3.6,3.3,3.4,3.8,3.9,3.8,3.9,3.7,3.6,3.6,3.5,3.3,3.2,3,2.9,2.8,2.6,2.4,2.5,2.7,2.7,2.6,2.5,2.4,2.4,3.2,3.4,3.2,3.6,3.7,3.8,3.9,3.9,4,3.8,3.9,4,4,1.80,1.70,1.50,1.30,1.00,0.80,1.30,1.40,1.90,2.10,2.30,2.30,2.50,2.20,2.40,2.50,2.10,2.20,2.30,2.40
KJ28,Subang Jaya,2.4,2.3,2.2,2,1.9,1.8,1.8,1.7,2.1,2,2,1.9,1.8,2,1.9,1.8,1.7,1.9,1.8,1.5,1.4,1.4,1.3,1.1,1,0.9,0.6,0.4,0.6,0.8,1,1.1,1.3,1.4,1.4,1.6,1.8,2.9,2.8,3,2.9,2.7,2.5,2.4,2.3,2.2,2,1.9,1.8,1.9,2,2.1,2.2,2.3,2.4,2.3,2.2,2,1.9,1.8,1.9,2,2.1,2.2,2.3,2.4,2.5,2.7,2.9,2.9,3.1,3.3,3.1,3.2,3.2,3.3,3.1,2.8,2.8,2.7,2.6,2.4,2.2,1.8,3,2.8,2.3,2,2.1,2.3,2.5,2.8,2.9,2.5,2.2,3.2,2.9,2.6,2.2,1.9,1.4,1,3.5,3.4,3.5,3.4,3.2,3.3,3.1,2.9,2.7,2.4,2.2,2,1.9,2.1,2.3,2.5,2.5,2.8,2.9,2.9,3.1,3.3,3.2,3.4,3.4,3.4,3.5,3.6,3.2,3.5,3.7,3.7,3.6,3.7,3.5,3.4,3.4,3.3,3.1,3,2.8,2.7,2.6,2.4,2.2,2.3,2.5,2.7,2.7,2.6,2.3,2.3,3,3.2,3.1,3.5,3.6,3.7,3.7,3.7,3.8,3.9,3.7,3.8,3.8,2.00,1.90,1.70,1.50,1.20,1.00,1.50,1.60,2.10,2.30,2.50,2.50,2.70,2.40,2.60,2.70,2.30,2.40,2.50,2.60
KJ29,SS15,2.4,2.3,2.2,2.1,1.9,1.9,1.9,1.8,1.8,1.7,2.1,2,1.9,1.8,2,1.9,1.8,1.8,1.7,1.7,1.6,1.4,1.5,1.3,1.1,1,0.9,0.6,0.4,0.5,0.9,1,1.1,1.2,1.5,1.5,1.6,2.9,2.9,2.9,2.8,2.7,2.5,2.4,2.3,2.1,2,1.9,1.9,2,2.1,2.2,2.3,2.4,2.5,2.3,2.1,2,1.9,1.9,2,2.1,2.2,2.3,2.4,2.5,2.5,2.7,2.9,2.9,3.1,3.3,3.2,3,3,3.1,2.9,2.6,2.6,2.5,2.4,2.2,2,1.6,3,2.8,2.3,2,2.1,2.3,2.5,2.8,3,2.6,2.3,3.1,2.8,2.5,2.1,1.8,1.3,0.9,3.3,3.3,3.4,3.2,3.3,3.1,2.9,2.9,2.5,2.2,2,1.8,1.9,2.1,2.3,2.4,2.5,2.8,2.9,2.9,3.1,3.3,3.2,3.3,3.4,3.2,3.5,3.5,3.2,3.3,3.7,3.8,3.7,3.8,3.6,3.5,3.5,3.4,3.2,3.1,2.9,2.8,2.7,2.5,2.3,2.4,2.6,2.6,2.5,2.4,2.3,2.3,3.1,3.3,3.1,3.5,3.6,3.7,3.8,3.8,3.9,3.7,3.8,3.9,3.9,2.30,2.20,2.00,1.80,1.50,1.30,1.80,1.90,2.40,2.60,2.80,2.80,3.00,2.70,2.90,3.00,2.60,2.70,2.80,2.90
KJ30,SS18,2.5,2.4,2.3,2.1,2,1.9,1.9,1.9,1.8,1.8,2.1,2.1,2,1.9,2.1,2,1.9,1.8,1.8,1.8,1.7,1.5,1.6,1.4,1.2,1.1,1,0.8,0.5,0.4,0.7,0.8,1,1.1,1.4,1.6,1.5,3,3,3,2.9,2.8,2.6,2.5,2.4,2.2,2.1,2,2,2.1,2.2,2.3,2.4,2.5,2.6,2.4,2.2,2.1,2,2,2.1,2.2,2.3,2.4,2.5,2.6,2.6,2.8,2.8,3,3,3.2,3.1,2.9,2.9,3,2.8,2.5,2.5,2.4,2.3,2.1,1.9,1.5,3.1,2.9,2.4,2.1,2.2,2.4,2.6,2.9,3.1,2.7,2.4,2.9,2.6,2.3,1.9,1.6,1.1,0.7,3.4,3.4,3.5,3.3,3.4,3.2,3,3,2.6,2.3,2.1,1.9,2,2.2,2.4,2.5,2.6,2.9,3,3,3.2,3.4,3.3,3.4,3.5,3.3,3.6,3.6,3.3,3.4,3.8,3.9,3.8,3.9,3.7,3.6,3.6,3.5,3.3,3.2,3,2.9,2.8,2.6,2.4,2.5,2.7,2.7,2.6,2.5,2.4,2.4,3.2,3.3,3,3.4,3.5,3.6,3.9,3.9,4,3.8,3.9,4,4,2.40,2.30,2.10,1.90,1.60,1.40,1.90,2.00,2.50,2.70,2.90,2.90,3.10,2.80,3.00,3.10,2.70,2.80,2.90,3.00
KJ31,USJ7,2.6,2.5,2.4,2.2,2.1,2.1,2,2,1.9,1.9,1.8,1.8,2.1,2,1.9,1.8,2.1,2,2,1.7,1.9,1.7,1.6,1.5,1.5,1.4,1.2,1,0.9,0.7,0.4,0.5,0.8,0.9,1.1,1.3,1.5,3.1,3.1,3.1,3,2.9,2.7,2.6,2.5,2.3,2.2,2.1,2.1,2.2,2.3,2.4,2.5,2.6,2.7,2.5,2.3,2.2,2.1,2.1,2.2,2.3,2.4,2.5,2.6,2.7,2.7,2.9,2.8,3.1,3,3.2,3.1,2.9,2.9,3,2.8,2.5,2.5,2.4,2.3,2.1,1.9,1.5,3.2,3,2.5,2.2,2.3,2.5,2.7,3,3.2,2.8,2.5,2.6,2.3,2,1.6,1.3,0.8,0.4,3.5,3.5,3.6,3.4,3.5,3.3,3.1,3.1,2.7,2.4,2.2,2,2.1,2.3,2.5,2.6,2.7,3,3.1,3.1,3.3,3.5,3.4,3.5,3.6,3.4,3.7,3.7,3.4,3.5,3.9,4,3.9,4,3.8,3.7,3.7,3.6,3.4,3.3,3.1,3,2.9,2.7,2.5,2.6,2.8,2.8,2.7,2.6,2.5,2.5,3.3,3.3,3,3.4,3.5,3.6,3.9,4,4.1,3.9,4,4.1,4.1,2.60,2.50,2.30,2.10,1.80,1.60,2.10,2.20,2.70,2.90,3.10,3.10,3.30,3.00,3.20,3.30,2.90,3.00,3.10,3.20
KJ32,Taipan,2.6,2.6,2.4,2.3,2.1,2.1,2.1,2,2,1.9,1.9,1.8,1.7,1.9,2,1.9,1.8,2.1,2,1.8,1.7,1.8,1.7,1.6,1.4,1.5,1.3,1.1,1,0.8,0.5,0.4,0.6,0.8,1,1.2,1.4,2.8,2.7,2.9,2.8,2.6,2.4,2.3,2.2,2.1,1.9,1.8,1.7,1.8,1.9,2,2.1,2.2,2.3,2.2,2.1,1.9,1.8,1.7,1.8,1.9,2,2.1,2.2,2.3,2.4,2.6,2.7,2.8,2.9,3.1,3,2.8,2.8,2.9,2.7,2.4,2.4,2.3,2.2,2,1.8,1.4,2.9,2.7,2.2,1.9,2,2.2,2.4,2.7,2.8,2.4,2.1,2.7,2.4,2.1,1.7,1.4,0.9,0.5,3.4,3.3,3.4,3.3,3.1,3.2,3,2.8,2.6,2.3,2.1,1.9,1.8,2,2.2,2.4,2.4,2.7,2.8,2.8,3,3.2,3.1,3.3,3.3,3.5,3.4,3.5,3.1,3.4,3.6,3.6,3.5,3.6,3.4,3.3,3.3,3.2,3,2.9,2.7,2.6,2.5,2.3,2.1,2.2,2.4,2.6,2.7,2.6,2.2,2.2,2.9,3.1,2.9,3.3,3.4,3.5,3.6,3.6,3.7,3.8,3.6,3.7,3.7,2.70,2.60,2.40,2.20,1.90,1.70,2.20,2.30,2.80,3.00,3.20,3.20,3.40,3.10,3.30,3.40,3.00,3.10,3.20,3.30
KJ33,Wawasan,2.7,2.6,2.5,2.4,2.2,2.2,2.1,2.1,2,2,1.9,1.9,1.8,1.7,2.1,2,1.9,1.9,1.8,1.9,1.9,1.7,1.8,1.7,1.6,1.5,1.5,1.3,1.1,1,0.8,0.6,0.4,0.6,0.8,1,1.2,2.8,2.8,2.8,2.7,2.6,2.4,2.3,2.2,2,1.9,1.8,1.8,1.9,2,2.1,2.2,2.3,2.4,2.2,2,1.9,1.8,1.8,1.9,2,2.1,2.2,2.3,2.4,2.4,2.6,2.5,2.8,2.7,2.9,2.8,2.6,2.6,2.7,2.5,2.2,2.2,2.1,2,1.8,1.6,1.2,2.9,2.7,2.2,1.9,2,2.2,2.4,2.7,2.9,2.5,2.2,3,2.7,2.4,2,1.7,1.2,0.8,3.2,3.2,3.3,3.1,3.2,3,2.8,2.8,2.4,2.1,1.9,1.7,1.8,2,2.2,2.3,2.4,2.7,2.8,2.8,3,3.2,3.1,3.2,3.3,3.1,3.4,3.4,3.1,3.2,3.6,3.7,3.6,3.7,3.5,3.4,3.4,3.3,3.1,3,2.8,2.7,2.6,2.4,2.2,2.3,2.5,2.5,2.4,2.3,2.2,2.2,3,3,2.7,3.1,3.2,3.3,3.6,3.7,3.8,3.6,3.7,3.8,3.8,2.90,2.80,2.60,2.40,2.10,1.90,2.40,2.50,3.00,3.20,3.40,3.40,3.60,3.30,3.50,3.60,3.20,3.30,3.40,3.50
KJ34,USJ21,2.8,2.7,2.6,2.4,2.3,2.2,2.2,2.2,2.1,2.1,2,1.9,1.9,1.8,1.7,2.1,2,1.9,1.9,2,2,1.8,1.7,1.8,1.7,1.6,1.4,1.4,1.2,1.1,0.9,0.8,0.6,0.4,0.7,0.9,1.1,2.9,2.9,2.9,2.8,2.7,2.5,2.4,2.3,2.1,2,1.9,1.9,2,2.1,2.2,2.3,2.4,2.5,2.3,2.1,2,1.9,1.9,2,2.1,2.2,2.3,2.4,2.5,2.5,2.5,2.4,2.7,2.6,2.8,2.7,2.5,2.5,2.6,2.4,2.1,2.1,2,1.9,1.7,1.5,1.1,3,2.8,2.3,2,2.1,2.3,2.5,2.8,3,2.6,2.3,3.1,2.8,2.5,2.1,1.8,1.3,0.9,3.3,3.3,3.4,3.2,3.3,3.1,2.9,2.9,2.5,2.2,2,1.8,1.9,2.1,2.3,2.4,2.5,2.8,2.9,2.9,3.1,3.3,3.2,3.3,3.4,3.2,3.5,3.5,3.2,3.3,3.7,3.8,3.7,3.8,3.6,3.5,3.5,3.4,3.2,3.1,2.9,2.8,2.7,2.5,2.3,2.4,2.6,2.6,2.5,2.4,2.3,2.3,3.1,2.9,2.6,3,3.1,3.2,3.5,3.8,3.9,3.7,3.8,3.9,3.9,2.80,2.70,2.50,2.30,2.00,1.80,2.30,2.40,2.90,3.10,3.30,3.30,3.50,3.20,3.40,3.50,3.10,3.20,3.30,3.40
KJ35,Alam Megah,2.9,2.8,2.7,2.5,2.4,2.3,2.3,2.3,2.2,2.2,2.1,2,2,1.9,1.8,1.8,2.1,2.1,2,1.8,1.8,2,1.9,1.8,1.9,1.8,1.6,1.4,1.5,1.4,1.1,1,0.8,0.7,0.4,0.6,0.9,2.8,2.7,2.7,2.6,2.6,2.5,2.4,2.4,2.2,2.1,2,2,2.1,2.2,2.3,2.4,2.5,2.6,2.4,2.2,2.1,2,2,2.1,2.2,2.3,2.4,2.5,2.6,2.4,2.3,2.2,2.5,2.4,2.6,2.5,2.3,2.3,2.4,2.2,1.9,1.9,1.8,1.7,1.5,1.3,0.9,3.1,2.9,2.4,2.1,2.2,2.4,2.6,2.9,3.1,2.7,2.4,3.3,3,2.7,2.3,2,1.5,1.1,3.4,3.4,3.5,3.3,3.4,3.2,3,3,2.6,2.3,2.1,1.9,2,2.2,2.4,2.5,2.5,2.8,2.9,3,3.2,3.4,3.3,3.4,3.5,3.3,3.6,3.6,3.3,3.4,3.8,3.9,3.8,3.9,3.7,3.6,3.6,3.5,3.3,3.2,3,2.9,2.8,2.6,2.4,2.5,2.7,2.7,2.6,2.5,2.4,2.4,2.9,2.7,2.4,2.8,2.9,3,3.3,3.6,3.8,3.8,3.9,4,3.8,3.00,2.90,2.70,2.50,2.20,2.00,2.50,2.60,3.10,3.30,3.50,3.50,3.70,3.40,3.60,3.70,3.30,3.40,3.50,3.60
KJ36,Subang Alam,3,2.9,2.8,2.6,2.5,2.4,2.4,2.3,2.3,2.2,2.2,2.1,2,2,1.9,1.8,1.8,1.7,2.1,2,1.9,1.8,2,1.9,1.8,1.7,1.8,1.6,1.5,1.6,1.3,1.2,1,0.9,0.6,0.4,0.7,2.6,2.5,2.5,2.4,2.4,2.3,2.2,2.3,2.3,2.2,2.1,2,2.1,2.2,2.3,2.4,2.5,2.6,2.3,2.3,2.2,2.1,2,2.1,2.2,2.3,2.4,2.5,2.6,2.2,2.1,2,2.3,2.2,2.4,2.3,2.1,2.1,2.2,2,1.7,1.7,1.6,1.5,1.3,1.1,0.7,3.2,3,2.5,2.2,2.3,2.5,2.7,3,3.1,2.7,2.4,3.5,3.2,2.9,2.5,2.2,1.7,1.3,3.5,3.5,3.6,3.4,3.4,3.3,3.1,3.1,2.7,2.4,2.2,2,2.1,2.3,2.5,2.5,2.3,2.6,2.7,2.9,3.1,3.4,3.4,3.5,3.6,3.4,3.7,3.7,3.4,3.5,3.7,3.9,3.8,3.8,3.7,3.6,3.5,3.5,3.3,3.2,3,2.9,2.8,2.6,2.4,2.5,2.7,2.8,2.7,2.6,2.5,2.3,2.7,2.5,2.2,2.6,2.7,2.8,3.1,3.4,3.6,3.6,3.7,3.8,3.6,3.20,3.10,2.90,2.70,2.40,2.20,2.70,2.80,3.30,3.50,3.70,3.70,3.90,3.60,3.80,3.90,3.50,3.60,3.70,3.80
KJ37,Putra Heights,3.1,3,2.9,2.7,2.6,2.5,2.5,2.4,2.4,2.3,2.3,2.2,2.1,2.1,2,1.9,1.9,1.8,1.8,2.1,2,1.9,1.8,2.1,1.9,1.8,1.7,1.8,1.6,1.5,1.5,1.4,1.2,1.1,0.9,0.7,0.4,2.3,2.2,2.2,2.1,2.1,2,1.9,2,2,2.1,2.1,2.1,2.2,2.2,2.3,2.3,2.4,2.4,2,2,2.1,2.1,2.1,2.2,2.2,2.3,2.3,2.4,2.4,1.9,1.8,1.7,2,1.9,2.1,2,1.8,1.8,1.9,1.7,1.4,1.4,1.3,1.2,1,0.8,0.4,3.1,2.9,2.4,2.1,2.2,2.4,2.6,2.9,3,2.6,2.3,3.7,3.4,3.1,2.7,2.4,1.9,1.5,3.5,3.4,3.6,3.5,3.4,3.4,3.2,3.1,2.8,2.5,2.3,2.1,2.1,2.3,2.3,2.2,2,2.3,2.4,2.6,2.8,3.1,3.1,3.2,3.3,3.3,3.6,3.7,3.4,3.5,3.4,3.7,3.6,3.5,3.4,3.3,3.2,3.4,3.2,3.1,2.9,2.8,2.7,2.5,2.3,2.4,2.6,2.6,2.5,2.4,2.3,2,2.4,2.2,1.9,2.3,2.4,2.5,2.8,3.1,3.3,3.3,3.4,3.5,3.3,3.10,3.00,2.80,2.60,2.30,2.10,2.60,2.70,3.20,3.40,3.60,3.60,3.80,3.50,3.70,3.80,3.40,3.50,3.60,3.70
AG18,Ampang,2.9,2.8,2.8,2.6,2.5,2.4,2.3,2.2,2.1,2,1.8,1.7,1.5,1.5,1.7,1.9,2.1,2.1,2.2,2.5,2.6,2.6,2.8,2.9,2.8,2.9,3,2.9,2.9,3,3.1,2.8,2.8,2.9,2.8,2.6,2.3,0.4,0.6,0.7,0.8,0.9,1.1,1.2,1.3,1.5,1.6,1.4,1.5,1.6,1.7,1.8,1.9,1.7,1.7,1.3,1.5,1.6,1.4,1.5,1.6,1.7,1.8,1.9,1.7,1.7,1.3,1.5,1.5,1.7,1.9,1.8,1.9,2,1.8,1.9,2,1.7,1.8,1.9,1.9,2,2.1,2.3,2.6,2.4,1.9,1.6,1.7,1.9,2.1,2.4,2.6,2.2,1.9,5.3,5,4.7,4.3,4,3.5,3.1,2.6,2.5,2.7,2.6,2.5,2.7,2.5,2.4,2.2,1.9,1.7,1.5,1.4,1.6,1.4,1.3,1.1,1.4,1.5,1.7,1.9,2.2,2.2,2.3,2.4,2.4,2.7,2.8,2.5,2.6,2.7,3,2.9,2.8,2.7,2.8,2.7,2.7,2.6,2.6,2.5,2.4,2.3,2.1,1.9,2,1.9,1.7,1.6,1.5,1.4,1.3,2,2.2,1.9,2.3,2.4,2.5,2.7,2.7,2.9,2.8,2.7,2.8,2.8,3.10,3.30,3.50,3.70,3.60,3.40,3.90,4.00,4.50,4.50,4.70,4.80,4.50,4.60,4.70,4.80,4.70,4.80,4.90,5.00
AG17,Cahaya,2.8,2.9,2.7,2.5,2.4,2.3,2.2,2.1,2,1.9,1.7,1.6,1.4,1.6,1.8,2,2.1,2.2,2.3,2.6,2.5,2.6,2.8,2.9,2.8,2.9,3,2.8,2.9,3,3.1,2.7,2.8,2.9,2.7,2.5,2.2,0.6,0.4,0.5,0.6,0.7,1,1.1,1.2,1.3,1.4,1.5,1.4,1.5,1.6,1.6,1.7,1.8,1.9,1.2,1.3,1.4,1.5,1.4,1.5,1.6,1.6,1.7,1.8,1.9,1.2,1.4,1.4,1.6,1.7,1.7,1.8,1.9,2,1.8,1.9,2.1,1.8,1.8,1.9,2,2,2.2,2.4,2.2,1.7,1.4,1.5,1.7,1.9,2.2,2.4,2,1.7,5.3,5,4.7,4.3,4,3.5,3.1,2.5,2.4,2.6,2.5,2.4,2.6,2.4,2.3,2.2,2,1.8,1.6,1.5,1.6,1.3,1.2,1,1.3,1.4,1.6,1.8,2.1,2.1,2.2,2.3,2.3,2.6,2.7,2.4,2.5,2.6,2.9,2.8,2.7,2.6,2.7,2.6,2.6,2.5,2.5,2.3,2.2,2.1,1.9,1.7,1.8,1.8,1.6,1.5,1.4,1.3,1.2,1.9,2,1.7,2.1,2.2,2.3,2.6,2.6,2.8,2.7,2.6,2.7,2.7,3.00,3.20,3.40,3.60,3.60,3.40,3.90,4.00,4.50,4.40,4.60,4.70,4.40,4.50,4.60,4.70,4.70,4.80,4.90,5.00
AG16,Cempaka,3,2.8,2.9,2.7,2.6,2.5,2.4,2.3,2.2,2.1,1.9,1.8,1.6,1.5,1.7,1.9,2.1,2.1,2.2,2.5,2.7,2.6,2.8,2.9,2.8,2.9,3,3,2.9,3,3.1,2.9,2.8,2.9,2.7,2.5,2.2,0.7,0.5,0.4,0.5,0.7,0.9,1,1.1,1.2,1.4,1.4,1.6,1.4,1.5,1.6,1.7,1.7,1.8,1.1,1.2,1.4,1.4,1.6,1.4,1.5,1.6,1.7,1.7,1.8,1.1,1.3,1.5,1.5,1.7,1.9,1.7,1.9,2,2.1,1.9,2.1,1.7,1.8,1.8,1.9,2,2.2,2.4,2.2,1.7,1.4,1.5,1.7,1.9,2.2,2.4,2,1.7,5.3,5,4.7,4.3,4,3.5,3.1,2.4,2.3,2.5,2.4,2.3,2.5,2.3,2.2,2.1,1.9,1.7,1.5,1.4,1.5,1.2,1.1,0.9,1.2,1.3,1.5,1.7,2,2,2.1,2.2,2.2,2.5,2.6,2.3,2.4,2.5,2.8,2.7,2.6,2.5,2.6,2.5,2.5,2.4,2.4,2.3,2.2,2.1,1.9,1.7,1.8,1.7,1.5,1.4,1.3,1.2,1.1,1.8,2,1.7,2.1,2.2,2.3,2.5,2.5,2.7,2.6,2.5,2.6,2.6,2.90,3.10,3.30,3.50,3.60,3.40,3.90,4.00,4.40,4.30,4.50,4.60,4.30,4.40,4.50,4.60,4.70,4.70,4.80,4.90
AG15,Pandan Indah,2.9,2.7,2.8,2.6,2.5,2.4,2.3,2.2,2.1,2,1.8,1.7,1.5,1.4,1.6,1.8,2,2,2.1,2.4,2.6,2.5,2.7,2.8,2.7,2.8,2.9,2.9,2.8,2.9,3,2.8,2.7,2.8,2.6,2.4,2.1,0.8,0.6,0.5,0.4,0.6,0.8,0.9,1,1.1,1.3,1.3,1.5,1.5,1.4,1.5,1.6,1.6,1.7,1,1.1,1.3,1.3,1.5,1.5,1.4,1.5,1.6,1.6,1.7,1,1.2,1.4,1.4,1.6,1.8,1.9,1.8,1.9,2,1.8,2,2.1,1.8,1.8,1.9,2,2.1,2.3,2.1,1.6,1.3,1.4,1.6,1.8,2.1,2.3,1.9,1.6,5.2,4.9,4.6,4.2,3.9,3.4,3,2.3,2.2,2.4,2.3,2.2,2.4,2.2,2.1,2,1.8,1.6,1.4,1.3,1.4,1.1,1,0.8,1.1,1.2,1.4,1.6,1.9,1.9,2,2.1,2.1,2.4,2.5,2.2,2.3,2.4,2.7,2.6,2.5,2.4,2.5,2.4,2.4,2.3,2.3,2.2,2.1,2,1.8,1.6,1.7,1.6,1.4,1.3,1.2,1.1,1,1.7,1.9,1.6,2,2.1,2.2,2.4,2.4,2.6,2.5,2.4,2.5,2.5,2.80,3.00,3.20,3.40,3.50,3.30,3.80,3.90,4.30,4.20,4.40,4.50,4.20,4.30,4.40,4.50,4.60,4.60,4.70,4.80
AG14,Pandan Jaya,2.7,2.6,2.6,2.4,2.3,2.2,2.1,2,1.9,1.8,1.6,1.5,1.3,1.3,1.5,1.7,1.9,1.9,2,2.3,2.4,2.4,2.6,2.7,2.6,2.7,2.8,2.7,2.7,2.8,2.9,2.6,2.6,2.7,2.6,2.4,2.1,0.9,0.7,0.7,0.6,0.4,0.6,0.8,0.9,1,1.1,1.2,1.3,1.4,1.5,1.6,1.5,1.5,1.6,0.9,1,1.1,1.2,1.3,1.4,1.5,1.6,1.5,1.5,1.6,1,1.1,1.3,1.5,1.5,1.7,1.8,1.7,1.8,1.9,2.1,1.9,2.1,1.7,1.7,1.8,1.9,2.1,2.1,1.9,1.4,1.1,1.2,1.4,1.6,1.9,2.1,1.8,1.5,5.1,4.8,4.5,4.1,3.8,3.3,2.9,2.1,2,2.2,2.1,2,2.2,2,1.9,1.8,1.7,1.5,1.3,1.2,1.2,0.9,0.8,0.6,0.9,1,1.2,1.4,1.7,1.7,1.8,1.9,1.9,2.2,2.3,2,2.1,2.3,2.5,2.4,2.4,2.3,2.3,2.2,2.3,2.2,2.1,2,2,1.9,1.7,1.5,1.5,1.4,1.2,1.1,1,0.9,0.9,1.6,1.8,1.5,1.9,2,2.1,2.3,2.3,2.5,2.3,2.3,2.4,2.4,2.60,2.80,3.00,3.20,3.40,3.20,3.70,3.80,4.10,4.00,4.20,4.30,4.00,4.10,4.20,4.30,4.40,4.40,4.50,4.60
AG13,Maluri,2.5,2.4,2.4,2.2,2.1,2,1.9,1.8,1.7,1.6,1.4,1.3,1.1,1.1,1.3,1.5,1.7,1.7,1.8,2.1,2.2,2.2,2.4,2.5,2.4,2.5,2.6,2.5,2.5,2.6,2.7,2.4,2.4,2.5,2.5,2.3,2,1.1,1,0.9,0.8,0.6,0.4,0.6,0.7,0.8,1,1,1.1,1.2,1.3,1.4,1.4,1.5,1.5,0.7,0.8,1,1,1.1,1.2,1.3,1.4,1.4,1.5,1.5,0.7,0.9,1.1,1.3,1.5,1.5,1.6,1.8,1.7,1.8,1.9,1.8,1.9,2,2.1,1.7,1.8,2,2,1.8,1.3,1,1.1,1.3,1.5,1.8,2,1.7,1.4,4.9,4.6,4.3,3.9,3.6,3.1,2.7,1.9,1.8,2,1.9,1.8,2,1.8,1.7,1.6,1.5,1.3,1.1,1,1,0.7,0.6,0.4,0.7,0.8,1,1.2,1.5,1.5,1.6,1.7,1.7,2,2.1,1.8,1.9,2.1,2.3,2.2,2.2,2.1,2.1,2,2.1,2,1.9,1.8,1.8,1.8,1.6,1.4,1.3,1.2,1,0.9,0.8,0.7,0.7,1.4,1.6,1.5,1.9,2,2.1,2.1,2.1,2.3,2.1,2.1,2.2,2.2,2.40,2.60,2.80,3.00,3.20,3.00,3.50,3.60,3.90,3.80,4.00,4.10,3.80,3.90,4.00,4.10,4.20,4.20,4.30,4.40
AG12,Miharja,2.4,2.3,2.3,2.1,2,1.9,1.8,1.7,1.6,1.5,1.3,1.2,1,1,1.2,1.4,1.6,1.6,1.7,2,2.1,2.1,2.3,2.4,2.3,2.4,2.5,2.4,2.4,2.5,2.6,2.3,2.3,2.4,2.4,2.2,1.9,1.2,1.1,1,0.9,0.8,0.6,0.4,0.5,0.7,0.8,0.9,1,1.1,1.2,1.2,1.4,1.4,1.6,0.5,0.7,0.8,0.9,1,1.1,1.2,1.2,1.4,1.4,1.6,0.6,0.8,1,1.2,1.4,1.4,1.5,1.7,1.8,1.7,1.8,2.1,1.9,2,2,2.1,1.8,1.9,1.8,1.6,1.1,0.8,0.9,1.1,1.3,1.6,1.8,1.6,1.4,4.8,4.5,4.2,3.8,3.5,3,2.6,2,2,2.2,2.1,2,2.2,2,1.9,1.7,1.4,1.2,1,0.9,1,0.8,0.8,0.6,0.9,1,1.2,1.4,1.7,1.7,1.8,1.9,1.9,2.2,2.3,2,2,1.9,2.2,2.1,2,1.9,2.1,1.9,1.9,1.8,1.9,1.8,1.6,1.6,1.6,1.4,1.3,1.2,1.1,1,0.9,0.8,0.5,1.2,1.4,1.4,1.7,1.9,2,1.9,1.9,2.1,2.2,1.9,2,2,2.60,2.80,3.00,3.20,3.10,2.90,3.40,3.50,4.00,4.00,4.20,4.30,4.00,4.10,4.20,4.30,4.20,4.30,4.40,4.50
AG11,Chan Sow Lin,2.3,2.2,2.2,2,1.9,1.8,1.7,1.6,1.5,1.4,1.2,1.1,0.9,0.9,1.1,1.3,1.5,1.5,1.6,1.9,2,2,2.2,2.3,2.2,2.3,2.4,2.3,2.3,2.4,2.5,2.2,2.2,2.3,2.4,2.3,2,1.3,1.2,1.1,1,0.9,0.7,0.5,0.4,0.6,0.7,0.8,0.9,1,1,1.1,1.2,1.3,1.4,0.4,0.6,0.7,0.8,0.9,1,1,1.1,1.2,1.3,1.4,0.7,0.9,1.1,1.3,1.5,1.5,1.6,1.8,1.9,1.8,1.9,1.8,1.9,2,2.1,1.7,1.8,2,1.7,1.5,1,0.7,0.8,1,1.2,1.5,1.7,1.5,1.2,4.7,4.4,4.1,3.7,3.4,2.9,2.5,1.9,2.1,2.2,2.2,2.1,2.1,2,1.8,1.6,1.3,1.1,0.9,0.8,0.9,0.7,0.9,0.7,1,1.1,1.3,1.5,1.8,1.8,1.9,2,2,2.1,2.2,2.1,1.9,1.8,2.1,2,1.9,1.8,2,1.8,1.8,1.7,1.8,1.7,1.5,1.5,1.4,1.2,1.2,1.1,1,0.9,0.8,0.7,0.4,1.1,1.3,1.5,1.6,1.8,1.9,1.8,1.8,2,2.1,1.8,1.9,1.9,2.50,2.70,2.90,3.10,3.00,2.80,3.30,3.40,3.90,3.90,4.10,4.20,3.90,4.00,4.10,4.20,4.10,4.20,4.30,4.40
AG10,Pudu,2.2,2,2.1,1.9,1.8,1.7,1.6,1.5,1.4,1.3,1.1,1,0.8,0.7,0.9,1.1,1.3,1.3,1.4,1.7,1.9,1.8,2,2.1,2,2.1,2.2,2.2,2.1,2.2,2.3,2.1,2,2.1,2.2,2.3,2,1.5,1.3,1.2,1.1,1,0.8,0.7,0.6,0.4,0.5,0.6,0.8,0.9,1,1,1.1,1.2,1.3,0.6,0.4,0.5,0.6,0.8,0.9,1,1,1.1,1.2,1.3,0.8,1,1.2,1.4,1.4,1.6,1.7,1.9,1.7,1.9,2,1.9,2,2.1,1.7,1.8,1.9,2,1.5,1.3,0.8,0.5,0.6,0.8,1,1.3,1.5,1.3,1.1,4.5,4.2,3.9,3.5,3.2,2.7,2.3,2.1,2.1,2.2,2.1,1.9,2,1.8,1.6,1.4,1.1,0.9,0.7,0.6,0.8,0.9,1,0.8,1.1,1.2,1.4,1.6,1.9,1.9,2,2.1,2.1,2.2,2.3,1.9,2.1,2,2.3,2.2,2.1,2,2.2,2,2,1.9,1.9,1.7,1.6,1.5,1.3,1.1,1.2,1.3,1.2,1.1,1,0.9,0.6,1.3,1.5,1.4,1.8,1.9,2,2,2,2.2,2.3,2,2.1,2.1,2.40,2.60,2.80,3.00,2.80,2.60,3.10,3.20,3.70,3.80,4.00,4.10,3.80,3.90,4.00,4.10,3.90,4.00,4.10,4.20
AG9,Hang Tuah,2,1.9,1.9,1.7,1.6,1.5,1.4,1.3,1.2,1.1,0.9,0.8,0.6,0.6,0.8,1,1.2,1.2,1.3,1.6,1.7,1.7,1.9,2,1.9,2,2.1,2,2,2.1,2.2,1.9,1.9,2,2.1,2.2,2.1,1.6,1.4,1.4,1.3,1.1,1,0.8,0.7,0.5,0.4,0.5,0.6,0.7,0.8,0.9,1,1.1,1.2,0.7,0.5,0.4,0.5,0.6,0.7,0.8,0.9,1,1.1,1.2,1,1.1,1.3,1.6,1.5,1.7,1.8,1.7,1.8,1.9,2.1,1.9,2.1,1.7,1.8,1.8,1.9,2.1,1.4,1.2,0.7,0.4,0.5,0.7,0.9,1.2,1.4,1.2,1,4.4,4.1,3.8,3.4,3.1,2.6,2.2,2.1,2,2.1,2,1.8,1.9,1.7,1.5,1.3,1,0.8,0.6,0.5,0.7,0.9,1.1,1,1.3,1.4,1.5,1.7,1.9,1.8,2,2,2.2,2.1,2.2,1.8,2.1,2.1,2.4,2.3,2.2,2.1,2.2,2.1,2.1,1.9,1.8,1.6,1.5,1.4,1.2,1,1.1,1.3,1.2,1.1,1,0.9,0.7,1.4,1.6,1.5,1.9,2,2.1,2.1,2.1,2.3,2.3,2.1,2.2,2.2,2.30,2.50,2.70,2.90,2.70,2.50,3.00,3.10,3.60,3.70,3.90,4.00,3.70,3.80,3.90,4.00,3.80,3.90,4.00,4.10
AG8,Plaza Rakyat,1.9,1.8,1.8,1.6,1.5,1.4,1.3,1.2,1.1,1,0.8,0.7,0.5,0.5,0.7,0.9,1.1,1.1,1.2,1.5,1.6,1.6,1.8,1.9,1.8,1.9,2,1.9,1.9,2,2.1,1.8,1.8,1.9,2,2.1,2.1,1.4,1.5,1.4,1.3,1.2,1,0.9,0.8,0.6,0.5,0.4,0.5,0.6,0.7,0.8,1,1,1.1,0.8,0.6,0.5,0.4,0.5,0.6,0.7,0.8,1,1,1.1,1,1.2,1.4,1.4,1.6,1.8,1.9,1.8,1.9,2,1.8,2,2,1.8,1.8,1.9,2,2.1,1.5,1.3,0.8,0.5,0.6,0.8,1,1.3,1.5,1.3,1,4.3,4,3.7,3.3,3,2.5,2.1,2,1.9,2,1.9,1.7,1.8,1.6,1.4,1.2,0.9,0.7,0.5,0.4,0.6,0.8,1,1,1.3,1.4,1.4,1.6,1.8,1.7,1.9,1.9,2.1,2,2.1,1.7,2,2.2,2.4,2.3,2.3,2.2,2.2,2.1,2.1,1.9,1.8,1.6,1.5,1.4,1.2,1,1.1,1.3,1.1,1,0.9,0.8,0.8,1.5,1.7,1.6,2,2.1,2.2,2.2,2.2,2.4,2.2,2.2,2.3,2.3,2.20,2.40,2.60,2.80,2.60,2.40,2.90,3.00,3.50,3.60,3.80,3.90,3.60,3.70,3.80,3.90,3.70,3.80,3.90,4.00
AG7,Masjid Jamek,1.8,1.9,1.7,1.5,1.4,1.3,1.2,1.1,1,0.9,0.7,0.6,0.4,0.6,0.8,1,1.1,1.2,1.3,1.6,1.5,1.6,1.8,1.9,1.8,1.9,2,1.8,1.9,2,2.1,1.7,1.8,1.9,2,2,2.1,1.5,1.4,1.6,1.5,1.3,1.1,1,0.9,0.8,0.6,0.5,0.4,0.5,0.6,0.7,0.8,0.9,1,0.9,0.8,0.6,0.5,0.4,0.5,0.6,0.7,0.8,0.9,1,1.1,1.3,1.5,1.5,1.7,1.9,1.7,1.9,2,2.1,1.9,2.1,1.7,1.8,1.8,1.9,2,2.1,1.6,1.4,0.9,0.6,0.7,0.9,1.1,1.4,1.5,1.1,0.8,4.3,4,3.7,3.3,3,2.5,2.1,2.1,2,2.1,2,1.8,1.9,1.7,1.5,1.3,1,0.8,0.6,0.5,0.7,0.9,1.1,1.1,1.4,1.5,1.5,1.7,1.9,1.8,2,2,2,2.1,2.2,1.8,2.1,2.3,2.3,2.2,2.3,2.1,2,2,1.9,1.7,1.6,1.4,1.3,1.2,1,0.8,0.9,1.1,1.2,1.1,1,0.9,0.9,1.6,1.8,1.7,2.1,2.2,2.3,2.3,2.3,2.4,2.3,2.3,2.4,2.4,2.30,2.50,2.70,2.90,2.60,2.40,2.90,3.00,3.50,3.70,3.90,3.90,3.70,3.80,3.90,4.00,3.70,3.80,3.90,4.00
AG6,Bandaraya,1.9,2,1.8,1.6,1.5,1.4,1.3,1.2,1.1,1,0.8,0.7,0.5,0.7,0.9,1.1,1.2,1.3,1.4,1.7,1.6,1.7,1.9,2,1.9,2,2.1,1.9,2,2.1,2.2,1.8,1.9,2,2.1,2.1,2.2,1.6,1.5,1.4,1.5,1.4,1.2,1.1,1,0.9,0.7,0.6,0.5,0.4,0.5,0.6,0.7,0.8,1,1,0.9,0.7,0.6,0.5,0.4,0.5,0.6,0.7,0.8,1,1.2,1.4,1.4,1.6,1.7,1.7,1.8,1.9,2,1.8,1.9,2.1,1.8,1.8,1.9,2,2,2.2,1.7,1.5,1,0.7,0.8,1,1.2,1.5,1.4,1,0.7,4.4,4.1,3.8,3.4,3.1,2.6,2.2,2.2,2.1,2.2,2.1,1.9,2,1.8,1.6,1.4,1.1,0.9,0.7,0.6,0.8,1,1.2,1.2,1.5,1.6,1.6,1.8,2,1.9,2.1,2.1,2.1,2.2,2.3,1.9,2.2,2.3,2.2,2.1,2.2,2,1.9,1.9,1.8,1.6,1.5,1.3,1.2,1.1,0.9,0.7,0.8,1,1.2,1.2,1.1,1,1,1.7,1.9,1.7,2.1,2.1,2.2,2.3,2.2,2.3,2.4,2.4,2.5,2.5,2.40,2.60,2.80,3.00,2.70,2.50,3.00,3.10,3.60,3.80,4.00,4.00,3.80,3.90,4.00,4.10,3.80,3.90,4.00,4.10
AG5,Sultan Ismail,2,2.1,1.9,1.7,1.6,1.5,1.4,1.3,1.2,1.1,0.9,0.8,0.6,0.8,1,1.2,1.3,1.4,1.5,1.8,1.7,1.8,2,2.1,2,2.1,2.2,2,2.1,2.2,2.3,1.9,2,2.1,2.2,2.2,2.2,1.7,1.6,1.5,1.4,1.5,1.3,1.2,1,1,0.8,0.7,0.6,0.5,0.4,0.5,0.6,0.7,0.9,1,1,0.8,0.7,0.6,0.5,0.4,0.5,0.6,0.7,0.9,1.3,1.5,1.5,1.7,1.8,1.8,1.8,2,2.1,1.8,1.9,1.7,1.8,1.9,1.9,2,2.1,2.2,1.8,1.6,1.1,0.8,0.9,1.1,1.3,1.4,1.3,0.9,0.6,4.5,4.2,3.9,3.5,3.2,2.7,2.3,2.1,2.2,2.3,2.2,2,2.1,1.9,1.7,1.5,1.2,1,0.8,0.7,0.9,1.1,1.3,1.3,1.6,1.7,1.7,1.9,2.1,2,2.2,2.2,2.2,2.3,2.4,2,2.1,2.2,2.1,2,2.1,1.9,1.8,1.8,1.7,1.5,1.4,1.2,1.1,1,0.8,0.6,0.7,0.9,1.1,1.2,1.2,1.1,1,1.7,1.9,1.8,2.2,2,2.1,2.2,2.1,2.2,2.3,2.4,2.5,2.5,2.50,2.70,2.90,3.10,2.80,2.60,3.10,3.20,3.70,3.90,4.10,4.10,3.90,4.00,4.10,4.20,3.90,4.00,4.10,4.20
AG4,PWTC,2.1,2.2,2,1.8,1.7,1.6,1.5,1.4,1.3,1.2,1,0.9,0.7,0.9,1.1,1.3,1.4,1.5,1.6,1.9,1.8,1.9,2.1,2.2,2.1,2.2,2.3,2.1,2.2,2.3,2.4,2,2.1,2.2,2.3,2.3,2.3,1.8,1.6,1.6,1.5,1.6,1.4,1.2,1.1,1,0.9,0.8,0.7,0.6,0.5,0.4,0.5,0.6,0.8,1.1,1,0.9,0.8,0.7,0.6,0.5,0.4,0.5,0.6,0.8,1.4,1.6,1.5,1.7,1.9,1.8,1.9,2.1,1.8,1.9,2,1.8,1.8,1.9,1.9,2,2.1,2.3,1.9,1.7,1.2,0.9,1,1.2,1.4,1.3,1.2,0.8,0.5,4.6,4.3,4,3.6,3.3,2.8,2.4,2,2.2,2.4,2.3,2.1,2.2,2,1.8,1.6,1.3,1.1,0.9,0.8,1,1.2,1.4,1.4,1.7,1.8,1.8,2,2.2,2.1,2.3,2.3,2.3,2.4,2.5,2.1,2,2.1,2,1.9,2,1.8,1.7,1.7,1.6,1.4,1.3,1.1,1,0.9,0.7,0.5,0.6,0.8,1,1.1,1.1,1.2,1.1,1.8,2,1.9,2.2,1.9,2,2.1,2,2.1,2.2,2.3,2.4,2.4,2.60,2.80,3.00,3.20,2.90,2.70,3.20,3.30,3.80,4.00,4.20,4.20,4.00,4.10,4.20,4.30,4.00,4.10,4.20,4.30
AG3,Titiwangsa,2.2,2.3,2.1,1.9,1.8,1.7,1.6,1.5,1.4,1.3,1.1,1,0.8,1,1.2,1.4,1.5,1.6,1.7,2,1.9,2,2.2,2.3,2.2,2.3,2.4,2.2,2.3,2.4,2.5,2.1,2.2,2.3,2.4,2.4,2.3,1.9,1.7,1.7,1.6,1.5,1.4,1.4,1.2,1.1,1,1,0.8,0.7,0.6,0.5,0.4,0.5,0.6,1.2,1.1,1,1,0.8,0.7,0.6,0.5,0.4,0.5,0.6,1.5,1.5,1.6,1.8,1.7,1.9,2,1.8,1.9,2,2.1,1.8,1.9,2,2,2.1,2.2,2.3,2,1.8,1.3,1,1.1,1.2,1.5,1.2,1.1,0.7,0.4,4.7,4.4,4.1,3.7,3.4,2.9,2.5,1.9,2.1,2.4,2.4,2.3,2.3,2.1,2,1.7,1.4,1.2,1,1,1.2,1.1,1.3,1.4,1.7,1.8,2,2.2,2.2,2.3,2.5,2.4,2.4,2.5,2.6,2.3,1.9,2,1.9,1.8,1.9,1.7,1.6,1.6,1.5,1.3,1.2,1,0.9,0.8,0.6,0.4,0.5,0.7,0.9,1,1,1.1,1.2,1.7,1.9,1.7,2.1,1.8,1.9,2,1.9,2,2.1,2.2,2.3,2.3,2.70,2.90,3.10,3.30,3.00,2.80,3.30,3.40,3.90,4.10,4.30,4.30,4.10,4.20,4.30,4.40,4.10,4.20,4.30,4.40
AG2,Sentul,2.3,2.4,2.2,2,1.9,1.8,1.7,1.6,1.5,1.4,1.2,1.1,0.9,1.1,1.3,1.5,1.6,1.7,1.8,2.1,2,2.1,2.3,2.4,2.3,2.4,2.5,2.3,2.4,2.5,2.6,2.2,2.3,2.4,2.5,2.5,2.4,1.7,1.8,1.7,1.6,1.5,1.5,1.4,1.3,1.2,1.1,1,0.9,0.8,0.7,0.6,0.5,0.4,0.5,1.3,1.2,1.1,1,0.9,0.8,0.7,0.6,0.5,0.4,0.5,1.6,1.5,1.7,1.9,1.8,2,2,1.8,1.9,2,2.1,1.8,1.9,2,2,2.1,2.2,2.4,2.1,1.9,1.4,1.1,1.2,1.3,1.6,1.3,1.2,0.8,0.5,4.8,4.5,4.2,3.8,3.5,3,2.6,2,2.2,2.5,2.5,2.3,2.4,2.2,2,1.8,1.5,1.3,1.1,1,1.2,1.2,1.4,1.5,1.8,1.9,2,2.2,2.3,2.3,2.5,2.5,2.5,2.6,2.7,2.3,2,2.1,2,1.9,2,1.8,1.7,1.7,1.6,1.4,1.3,1.1,1,0.9,0.7,0.5,0.6,0.8,1,1.1,1.1,1.2,1.3,1.8,2,1.8,2.2,1.9,2,2.1,2,2.1,2.2,2.3,2.4,2.4,2.80,3.00,3.20,3.40,3.10,2.90,3.40,3.50,4.00,4.20,4.40,4.40,4.20,4.30,4.40,4.50,4.20,4.30,4.40,4.50
AG1,Sentul Timur,2.4,2.5,2.3,2.1,2,1.9,1.8,1.7,1.6,1.5,1.3,1.2,1,1.2,1.4,1.6,1.7,1.8,1.9,2.2,2.1,2.2,2.4,2.5,2.4,2.5,2.6,2.4,2.5,2.6,2.7,2.3,2.4,2.5,2.6,2.6,2.4,1.7,1.9,1.8,1.7,1.6,1.5,1.6,1.4,1.3,1.2,1.1,1,1,0.9,0.8,0.6,0.5,0.4,1.4,1.3,1.2,1.1,1,1,0.9,0.8,0.6,0.5,0.4,1.5,1.6,1.8,1.7,1.9,2,1.8,1.9,2,2.1,1.7,1.9,2,2,2.1,2.2,2.3,2.4,2.2,2,1.5,1.2,1.3,1.4,1.7,1.4,1.3,0.9,0.6,4.9,4.6,4.3,3.9,3.6,3.1,2.7,2.1,2.3,2.6,2.6,2.4,2.5,2.3,2.1,1.9,1.6,1.4,1.2,1.1,1.3,1.3,1.5,1.5,1.8,1.9,2.1,2.3,2.4,2.4,2.6,2.6,2.6,2.7,2.8,2.4,2.1,2.2,2.1,2,2.1,1.9,1.8,1.8,1.7,1.5,1.4,1.2,1.1,1,0.8,0.6,0.7,0.9,1.1,1.2,1.2,1.3,1.4,1.9,2.1,1.9,2.3,2,2.1,2.2,2.1,2.2,2.3,2.4,2.5,2.5,2.90,3.10,3.30,3.50,3.20,3.00,3.50,3.60,4.10,4.30,4.50,4.50,4.30,4.40,4.50,4.60,4.30,4.40,4.50,4.60
SP11,Chan Sow Lin,2.3,2.2,2.2,2,1.9,1.8,1.7,1.6,1.5,1.4,1.2,1.1,0.9,0.9,1.1,1.3,1.5,1.5,1.6,1.9,2,2,2.2,2.3,2.2,2.3,2.4,2.3,2.3,2.4,2.5,2.2,2.2,2.3,2.4,2.3,2,1.3,1.2,1.1,1,0.9,0.7,0.5,0.4,0.6,0.7,0.8,0.9,1,1,1.1,1.2,1.3,1.4,0.4,0.6,0.7,0.8,0.9,1,1,1.1,1.2,1.3,1.4,0.7,0.9,1.1,1.3,1.5,1.5,1.6,1.8,1.9,1.8,1.9,1.8,1.9,2,2.1,1.7,1.8,2,1.7,1.5,1,0.7,0.8,1,1.2,1.5,1.7,1.5,1.2,4.7,4.4,4.1,3.7,3.4,2.9,2.5,1.9,2.1,2.2,2.2,2.1,2.1,2,1.8,1.6,1.3,1.1,0.9,0.8,0.9,0.7,0.9,0.7,1,1.1,1.3,1.5,1.8,1.8,1.9,2,2,2.1,2.2,2.1,1.9,1.8,2.1,2,1.9,1.8,2,1.8,1.8,1.7,1.8,1.7,1.5,1.5,1.4,1.2,1.2,1.1,1,0.9,0.8,0.7,0.4,1.1,1.3,1.5,1.6,1.8,1.9,1.8,1.8,2,2.1,1.8,1.9,1.9,2.50,2.70,2.90,3.10,3.00,2.80,3.30,3.40,3.90,3.90,4.10,4.20,3.90,4.00,4.10,4.20,4.10,4.20,4.30,4.40
SP10,Pudu,2.2,2,2.1,1.9,1.8,1.7,1.6,1.5,1.4,1.3,1.1,1,0.8,0.7,0.9,1.1,1.3,1.3,1.4,1.7,1.9,1.8,2,2.1,2,2.1,2.2,2.2,2.1,2.2,2.3,2.1,2,2.1,2.2,2.3,2,1.5,1.3,1.2,1.1,1,0.8,0.7,0.6,0.4,0.5,0.6,0.8,0.9,1,1,1.1,1.2,1.3,0.6,0.4,0.5,0.6,0.8,0.9,1,1,1.1,1.2,1.3,0.8,1,1.2,1.4,1.4,1.6,1.7,1.9,1.7,1.9,2,1.9,2,2.1,1.7,1.8,1.9,2,1.5,1.3,0.8,0.5,0.6,0.8,1,1.3,1.5,1.3,1.1,4.5,4.2,3.9,3.5,3.2,2.7,2.3,2.1,2.1,2.2,2.1,1.9,2,1.8,1.6,1.4,1.1,0.9,0.7,0.6,0.8,0.9,1,0.8,1.1,1.2,1.4,1.6,1.9,1.9,2,2.1,2.1,2.2,2.3,1.9,2.1,2,2.3,2.2,2.1,2,2.2,2,2,1.9,1.9,1.7,1.6,1.5,1.3,1.1,1.2,1.3,1.2,1.1,1,0.9,0.6,1.3,1.5,1.4,1.8,1.9,2,2,2,2.2,2.3,2,2.1,2.1,2.40,2.60,2.80,3.00,2.80,2.60,3.10,3.20,3.70,3.80,4.00,4.10,3.80,3.90,4.00,4.10,3.90,4.00,4.10,4.20
SP9,Hang Tuah,2,1.9,1.9,1.7,1.6,1.5,1.4,1.3,1.2,1.1,0.9,0.8,0.6,0.6,0.8,1,1.2,1.2,1.3,1.6,1.7,1.7,1.9,2,1.9,2,2.1,2,2,2.1,2.2,1.9,1.9,2,2.1,2.2,2.1,1.6,1.4,1.4,1.3,1.1,1,0.8,0.7,0.5,0.4,0.5,0.6,0.7,0.8,0.9,1,1.1,1.2,0.7,0.5,0.4,0.5,0.6,0.7,0.8,0.9,1,1.1,1.2,1,1.1,1.3,1.6,1.5,1.7,1.8,1.7,1.8,1.9,2.1,1.9,2.1,1.7,1.8,1.8,1.9,2.1,1.4,1.2,0.7,0.4,0.5,0.7,0.9,1.2,1.4,1.2,1,4.4,4.1,3.8,3.4,3.1,2.6,2.2,2.1,2,2.1,2,1.8,1.9,1.7,1.5,1.3,1,0.8,0.6,0.5,0.7,0.9,1.1,1,1.3,1.4,1.5,1.7,1.9,1.8,2,2,2.2,2.1,2.2,1.8,2.1,2.1,2.4,2.3,2.2,2.1,2.2,2.1,2.1,1.9,1.8,1.6,1.5,1.4,1.2,1,1.1,1.3,1.2,1.1,1,0.9,0.7,1.4,1.6,1.5,1.9,2,2.1,2.1,2.1,2.3,2.3,2.1,2.2,2.2,2.30,2.50,2.70,2.90,2.70,2.50,3.00,3.10,3.60,3.70,3.90,4.00,3.70,3.80,3.90,4.00,3.80,3.90,4.00,4.10
SP8,Plaza Rakyat,1.9,1.8,1.8,1.6,1.5,1.4,1.3,1.2,1.1,1,0.8,0.7,0.5,0.5,0.7,0.9,1.1,1.1,1.2,1.5,1.6,1.6,1.8,1.9,1.8,1.9,2,1.9,1.9,2,2.1,1.8,1.8,1.9,2,2.1,2.1,1.4,1.5,1.4,1.3,1.2,1,0.9,0.8,0.6,0.5,0.4,0.5,0.6,0.7,0.8,1,1,1.1,0.8,0.6,0.5,0.4,0.5,0.6,0.7,0.8,1,1,1.1,1,1.2,1.4,1.4,1.6,1.8,1.9,1.8,1.9,2,1.8,2,2,1.8,1.8,1.9,2,2.1,1.5,1.3,0.8,0.5,0.6,0.8,1,1.3,1.5,1.3,1,4.3,4,3.7,3.3,3,2.5,2.1,2,1.9,2,1.9,1.7,1.8,1.6,1.4,1.2,0.9,0.7,0.5,0.4,0.6,0.8,1,1,1.3,1.4,1.4,1.6,1.8,1.7,1.9,1.9,2.1,2,2.1,1.7,2,2.2,2.4,2.3,2.3,2.2,2.2,2.1,2.1,1.9,1.8,1.6,1.5,1.4,1.2,1,1.1,1.3,1.1,1,0.9,0.8,0.8,1.5,1.7,1.6,2,2.1,2.2,2.2,2.2,2.4,2.2,2.2,2.3,2.3,2.20,2.40,2.60,2.80,2.60,2.40,2.90,3.00,3.50,3.60,3.80,3.90,3.60,3.70,3.80,3.90,3.70,3.80,3.90,4.00
SP7,Masjid Jamek,1.8,1.9,1.7,1.5,1.4,1.3,1.2,1.1,1,0.9,0.7,0.6,0.4,0.6,0.8,1,1.1,1.2,1.3,1.6,1.5,1.6,1.8,1.9,1.8,1.9,2,1.8,1.9,2,2.1,1.7,1.8,1.9,2,2,2.1,1.5,1.4,1.6,1.5,1.3,1.1,1,0.9,0.8,0.6,0.5,0.4,0.5,0.6,0.7,0.8,0.9,1,0.9,0.8,0.6,0.5,0.4,0.5,0.6,0.7,0.8,0.9,1,1.1,1.3,1.5,1.5,1.7,1.9,1.7,1.9,2,2.1,1.9,2.1,1.7,1.8,1.8,1.9,2,2.1,1.6,1.4,0.9,0.6,0.7,0.9,1.1,1.4,1.5,1.1,0.8,4.3,4,3.7,3.3,3,2.5,2.1,2.1,2,2.1,2,1.8,1.9,1.7,1.5,1.3,1,0.8,0.6,0.5,0.7,0.9,1.1,1.1,1.4,1.5,1.5,1.7,1.9,1.8,2,2,2,2.1,2.2,1.8,2.1,2.3,2.3,2.2,2.3,2.1,2,2,1.9,1.7,1.6,1.4,1.3,1.2,1,0.8,0.9,1.1,1.2,1.1,1,0.9,0.9,1.6,1.8,1.7,2.1,2.2,2.3,2.3,2.3,2.4,2.3,2.3,2.4,2.4,2.30,2.50,2.70,2.90,2.60,2.40,2.90,3.00,3.50,3.70,3.90,3.90,3.70,3.80,3.90,4.00,3.70,3.80,3.90,4.00
SP6,Bandaraya,1.9,2,1.8,1.6,1.5,1.4,1.3,1.2,1.1,1,0.8,0.7,0.5,0.7,0.9,1.1,1.2,1.3,1.4,1.7,1.6,1.7,1.9,2,1.9,2,2.1,1.9,2,2.1,2.2,1.8,1.9,2,2.1,2.1,2.2,1.6,1.5,1.4,1.5,1.4,1.2,1.1,1,0.9,0.7,0.6,0.5,0.4,0.5,0.6,0.7,0.8,1,1,0.9,0.7,0.6,0.5,0.4,0.5,0.6,0.7,0.8,1,1.2,1.4,1.4,1.6,1.7,1.7,1.8,1.9,2,1.8,1.9,2.1,1.8,1.8,1.9,2,2,2.2,1.7,1.5,1,0.7,0.8,1,1.2,1.5,1.4,1,0.7,4.4,4.1,3.8,3.4,3.1,2.6,2.2,2.2,2.1,2.2,2.1,1.9,2,1.8,1.6,1.4,1.1,0.9,0.7,0.6,0.8,1,1.2,1.2,1.5,1.6,1.6,1.8,2,1.9,2.1,2.1,2.1,2.2,2.3,1.9,2.2,2.3,2.2,2.1,2.2,2,1.9,1.9,1.8,1.6,1.5,1.3,1.2,1.1,0.9,0.7,0.8,1,1.2,1.2,1.1,1,1,1.7,1.9,1.7,2.1,2.1,2.2,2.3,2.2,2.3,2.4,2.4,2.5,2.5,2.40,2.60,2.80,3.00,2.70,2.50,3.00,3.10,3.60,3.80,4.00,4.00,3.80,3.90,4.00,4.10,3.80,3.90,4.00,4.10
SP5,Sultan Ismail,2,2.1,1.9,1.7,1.6,1.5,1.4,1.3,1.2,1.1,0.9,0.8,0.6,0.8,1,1.2,1.3,1.4,1.5,1.8,1.7,1.8,2,2.1,2,2.1,2.2,2,2.1,2.2,2.3,1.9,2,2.1,2.2,2.2,2.2,1.7,1.6,1.5,1.4,1.5,1.3,1.2,1,1,0.8,0.7,0.6,0.5,0.4,0.5,0.6,0.7,0.9,1,1,0.8,0.7,0.6,0.5,0.4,0.5,0.6,0.7,0.9,1.3,1.5,1.5,1.7,1.8,1.8,1.8,2,2.1,1.8,1.9,1.7,1.8,1.9,1.9,2,2.1,2.2,1.8,1.6,1.1,0.8,0.9,1.1,1.3,1.4,1.3,0.9,0.6,4.5,4.2,3.9,3.5,3.2,2.7,2.3,2.1,2.2,2.3,2.2,2,2.1,1.9,1.7,1.5,1.2,1,0.8,0.7,0.9,1.1,1.3,1.3,1.6,1.7,1.7,1.9,2.1,2,2.2,2.2,2.2,2.3,2.4,2,2.1,2.2,2.1,2,2.1,1.9,1.8,1.8,1.7,1.5,1.4,1.2,1.1,1,0.8,0.6,0.7,0.9,1.1,1.2,1.2,1.1,1,1.7,1.9,1.8,2.2,2,2.1,2.2,2.1,2.2,2.3,2.4,2.5,2.5,2.50,2.70,2.90,3.10,2.80,2.60,3.10,3.20,3.70,3.90,4.10,4.10,3.90,4.00,4.10,4.20,3.90,4.00,4.10,4.20
SP4,PWTC,2.1,2.2,2,1.8,1.7,1.6,1.5,1.4,1.3,1.2,1,0.9,0.7,0.9,1.1,1.3,1.4,1.5,1.6,1.9,1.8,1.9,2.1,2.2,2.1,2.2,2.3,2.1,2.2,2.3,2.4,2,2.1,2.2,2.3,2.3,2.3,1.8,1.6,1.6,1.5,1.6,1.4,1.2,1.1,1,0.9,0.8,0.7,0.6,0.5,0.4,0.5,0.6,0.8,1.1,1,0.9,0.8,0.7,0.6,0.5,0.4,0.5,0.6,0.8,1.4,1.6,1.5,1.7,1.9,1.8,1.9,2.1,1.8,1.9,2,1.8,1.8,1.9,1.9,2,2.1,2.3,1.9,1.7,1.2,0.9,1,1.2,1.4,1.3,1.2,0.8,0.5,4.6,4.3,4,3.6,3.3,2.8,2.4,2,2.2,2.4,2.3,2.1,2.2,2,1.8,1.6,1.3,1.1,0.9,0.8,1,1.2,1.4,1.4,1.7,1.8,1.8,2,2.2,2.1,2.3,2.3,2.3,2.4,2.5,2.1,2,2.1,2,1.9,2,1.8,1.7,1.7,1.6,1.4,1.3,1.1,1,0.9,0.7,0.5,0.6,0.8,1,1.1,1.1,1.2,1.1,1.8,2,1.9,2.2,1.9,2,2.1,2,2.1,2.2,2.3,2.4,2.4,2.60,2.80,3.00,3.20,2.90,2.70,3.20,3.30,3.80,4.00,4.20,4.20,4.00,4.10,4.20,4.30,4.00,4.10,4.20,4.30
SP3,Titiwangsa,2.2,2.3,2.1,1.9,1.8,1.7,1.6,1.5,1.4,1.3,1.1,1,0.8,1,1.2,1.4,1.5,1.6,1.7,2,1.9,2,2.2,2.3,2.2,2.3,2.4,2.2,2.3,2.4,2.5,2.1,2.2,2.3,2.4,2.4,2.3,1.9,1.7,1.7,1.6,1.5,1.4,1.4,1.2,1.1,1,1,0.8,0.7,0.6,0.5,0.4,0.5,0.6,1.2,1.1,1,1,0.8,0.7,0.6,0.5,0.4,0.5,0.6,1.5,1.5,1.6,1.8,1.7,1.9,2,1.8,1.9,2,2.1,1.8,1.9,2,2,2.1,2.2,2.3,2,1.8,1.3,1,1.1,1.2,1.5,1.2,1.1,0.7,0.4,4.7,4.4,4.1,3.7,3.4,2.9,2.5,1.9,2.1,2.4,2.4,2.3,2.3,2.1,2,1.7,1.4,1.2,1,1,1.2,1.1,1.3,1.4,1.7,1.8,2,2.2,2.2,2.3,2.5,2.4,2.4,2.5,2.6,2.3,1.9,2,1.9,1.8,1.9,1.7,1.6,1.6,1.5,1.3,1.2,1,0.9,0.8,0.6,0.4,0.5,0.7,0.9,1,1,1.1,1.2,1.7,1.9,1.7,2.1,1.8,1.9,2,1.9,2,2.1,2.2,2.3,2.3,2.70,2.90,3.10,3.30,3.00,2.80,3.30,3.40,3.90,4.10,4.30,4.30,4.10,4.20,4.30,4.40,4.10,4.20,4.30,4.40
SP2,Sentul,2.3,2.4,2.2,2,1.9,1.8,1.7,1.6,1.5,1.4,1.2,1.1,0.9,1.1,1.3,1.5,1.6,1.7,1.8,2.1,2,2.1,2.3,2.4,2.3,2.4,2.5,2.3,2.4,2.5,2.6,2.2,2.3,2.4,2.5,2.5,2.4,1.7,1.8,1.7,1.6,1.5,1.5,1.4,1.3,1.2,1.1,1,0.9,0.8,0.7,0.6,0.5,0.4,0.5,1.3,1.2,1.1,1,0.9,0.8,0.7,0.6,0.5,0.4,0.5,1.6,1.5,1.7,1.9,1.8,2,2,1.8,1.9,2,2.1,1.8,1.9,2,2,2.1,2.2,2.4,2.1,1.9,1.4,1.1,1.2,1.3,1.6,1.3,1.2,0.8,0.5,4.8,4.5,4.2,3.8,3.5,3,2.6,2,2.2,2.5,2.5,2.3,2.4,2.2,2,1.8,1.5,1.3,1.1,1,1.2,1.2,1.4,1.5,1.8,1.9,2,2.2,2.3,2.3,2.5,2.5,2.5,2.6,2.7,2.3,2,2.1,2,1.9,2,1.8,1.7,1.7,1.6,1.4,1.3,1.1,1,0.9,0.7,0.5,0.6,0.8,1,1.1,1.1,1.2,1.3,1.8,2,1.8,2.2,1.9,2,2.1,2,2.1,2.2,2.3,2.4,2.4,2.80,3.00,3.20,3.40,3.10,2.90,3.40,3.50,4.00,4.20,4.40,4.40,4.20,4.30,4.40,4.50,4.20,4.30,4.40,4.50
SP1,Sentul Timur,2.4,2.5,2.3,2.1,2,1.9,1.8,1.7,1.6,1.5,1.3,1.2,1,1.2,1.4,1.6,1.7,1.8,1.9,2.2,2.1,2.2,2.4,2.5,2.4,2.5,2.6,2.4,2.5,2.6,2.7,2.3,2.4,2.5,2.6,2.6,2.4,1.7,1.9,1.8,1.7,1.6,1.5,1.6,1.4,1.3,1.2,1.1,1,1,0.9,0.8,0.6,0.5,0.4,1.4,1.3,1.2,1.1,1,1,0.9,0.8,0.6,0.5,0.4,1.5,1.6,1.8,1.7,1.9,2,1.8,1.9,2,2.1,1.7,1.9,2,2,2.1,2.2,2.3,2.4,2.2,2,1.5,1.2,1.3,1.4,1.7,1.4,1.3,0.9,0.6,4.9,4.6,4.3,3.9,3.6,3.1,2.7,2.1,2.3,2.6,2.6,2.4,2.5,2.3,2.1,1.9,1.6,1.4,1.2,1.1,1.3,1.3,1.5,1.5,1.8,1.9,2.1,2.3,2.4,2.4,2.6,2.6,2.6,2.7,2.8,2.4,2.1,2.2,2.1,2,2.1,1.9,1.8,1.8,1.7,1.5,1.4,1.2,1.1,1,0.8,0.6,0.7,0.9,1.1,1.2,1.2,1.3,1.4,1.9,2.1,1.9,2.3,2,2.1,2.2,2.1,2.2,2.3,2.4,2.5,2.5,2.90,3.10,3.30,3.50,3.20,3.00,3.50,3.60,4.10,4.30,4.50,4.50,4.30,4.40,4.50,4.60,4.30,4.40,4.50,4.60
SP12,Cheras,2.5,2.4,2.4,2.2,2.1,2,1.9,1.8,1.7,1.6,1.4,1.3,1.1,1.1,1.3,1.5,1.7,1.7,1.8,2.1,2.2,2.2,2.4,2.5,2.4,2.5,2.6,2.5,2.5,2.6,2.7,2.4,2.4,2.5,2.4,2.2,1.9,1.3,1.2,1.1,1,1,0.7,0.6,0.7,0.8,1,1,1.1,1.2,1.3,1.4,1.5,1.6,1.5,0.7,0.8,1,1,1.1,1.2,1.3,1.4,1.5,1.6,1.5,0.4,0.6,0.9,1.1,1.3,1.5,1.4,1.6,1.7,1.9,1.7,2,1.8,1.9,1.9,2.1,1.7,1.9,2,1.8,1.3,1,1.1,1.3,1.5,1.8,2,1.8,1.5,4.9,4.6,4.3,3.9,3.6,3.1,2.7,2.2,2.1,2.3,2.2,2.1,2.3,2.1,2,1.8,1.5,1.3,1.1,1,1.2,1,0.9,0.7,1,1.1,1.3,1.5,1.8,1.8,1.9,2,2,2.3,2.4,2.1,2.2,2.1,2.4,2.3,2.2,2.1,2.3,2.1,2.1,2,2.1,2,1.8,1.8,1.7,1.5,1.5,1.4,1.3,1.2,1.1,1,0.7,1.4,1.6,1.3,1.7,1.8,1.9,2.1,2.1,2.3,2.4,2.1,2.2,2.2,2.70,2.90,3.10,3.30,3.20,3.00,3.50,3.60,4.10,4.10,4.30,4.40,4.10,4.20,4.30,4.40,4.30,4.40,4.50,4.60
SP13,Salak Selatan,2.7,2.6,2.6,2.4,2.3,2.2,2.1,2,1.9,1.8,1.6,1.5,1.3,1.3,1.5,1.7,1.9,1.9,2,2.3,2.4,2.4,2.6,2.7,2.6,2.7,2.8,2.7,2.7,2.8,2.9,2.6,2.6,2.5,2.3,2.1,1.8,1.5,1.4,1.3,1.2,1.1,0.9,0.8,0.9,1,1.1,1.2,1.3,1.4,1.5,1.6,1.5,1.5,1.6,0.9,1,1.1,1.2,1.3,1.4,1.5,1.6,1.5,1.5,1.6,0.6,0.4,0.7,0.9,1.1,1.3,1.4,1.5,1.6,1.7,1.8,1.9,2,1.8,1.8,1.9,2.1,1.8,2.1,1.9,1.4,1.1,1.2,1.4,1.6,1.9,2.1,1.8,1.5,5.1,4.8,4.5,4.1,3.8,3.3,2.9,2.4,2.3,2.5,2.4,2.3,2.5,2.3,2.2,2,1.7,1.5,1.3,1.2,1.4,1.2,1.1,0.9,1.2,1.3,1.5,1.7,2,2,2.1,2.2,2.2,2.5,2.6,2.3,2.4,2.3,2.6,2.5,2.4,2.3,2.5,2.3,2.3,2.2,2.3,2.1,2,1.9,1.7,1.5,1.6,1.6,1.5,1.4,1.3,1.2,0.9,1.6,1.4,1.1,1.5,1.6,1.7,2,2.3,2.5,2.5,2.3,2.4,2.4,2.90,3.10,3.30,3.50,3.40,3.20,3.70,3.80,4.30,4.30,4.50,4.60,4.30,4.40,4.50,4.60,4.50,4.60,4.70,4.80
SP14,Bandar Tun Razak,2.9,2.8,2.8,2.6,2.5,2.4,2.3,2.2,2.1,2,1.8,1.7,1.5,1.5,1.7,1.9,2.1,2.1,2.2,2.5,2.6,2.6,2.8,2.9,2.8,2.9,3,2.9,2.9,2.8,2.8,2.7,2.5,2.4,2.2,2,1.7,1.5,1.4,1.5,1.4,1.3,1.1,1,1.1,1.2,1.3,1.4,1.5,1.4,1.5,1.5,1.6,1.7,1.8,1.1,1.2,1.3,1.4,1.5,1.4,1.5,1.5,1.6,1.7,1.8,0.9,0.7,0.4,0.7,0.9,1.1,1.2,1.5,1.6,1.5,1.7,1.7,1.9,2,2,1.8,1.9,1.7,2.3,2.1,1.6,1.3,1.4,1.6,1.8,2.1,2.3,1.9,1.6,5,4.7,4.4,4,3.7,3.2,2.8,2.6,2.5,2.7,2.6,2.5,2.7,2.5,2.4,2.2,1.9,1.7,1.5,1.4,1.6,1.4,1.3,1.1,1.4,1.5,1.7,1.9,2.2,2.2,2.3,2.4,2.4,2.7,2.8,2.5,2.6,2.5,2.7,2.6,2.5,2.4,2.3,2.2,2.5,2.4,2.4,2.2,2.1,2,1.8,1.6,1.7,1.8,1.7,1.6,1.5,1.4,1.1,1.4,1.2,0.9,1.3,1.4,1.5,1.8,2.1,2.3,2.3,2.4,2.6,2.3,3.10,3.30,3.50,3.70,3.60,3.40,3.90,4.00,4.50,4.50,4.70,4.80,4.50,4.60,4.70,4.80,4.70,4.80,4.90,5.00
SP15,Bandar Tasik Selatan,2.9,2.8,2.8,2.6,2.5,2.4,2.3,2.2,2.1,2,1.8,1.7,1.5,1.5,1.7,1.9,2.1,2.1,2.2,2.5,2.6,2.6,2.8,2.9,2.8,2.9,3,2.9,2.9,3,3.1,2.8,2.8,2.7,2.5,2.3,2,1.7,1.6,1.5,1.4,1.5,1.3,1.2,1.3,1.4,1.6,1.4,1.5,1.6,1.7,1.7,1.8,1.9,1.7,1.3,1.4,1.6,1.4,1.5,1.6,1.7,1.7,1.8,1.9,1.7,1.1,0.9,0.7,0.4,0.6,0.9,1,1.2,1.3,1.5,1.5,1.8,1.7,1.8,1.9,2,1.8,2,2.6,2.4,1.9,1.6,1.7,1.9,2.1,2.4,2.5,2.1,1.8,5.3,5,4.7,4.3,4,3.5,3.1,2.6,2.7,2.9,2.8,2.7,2.8,2.6,2.4,2.2,1.9,1.7,1.5,1.4,1.6,1.6,1.5,1.3,1.6,1.7,1.9,2.1,2.4,2.4,2.5,2.6,2.6,2.9,3,2.7,2.6,2.4,2.4,2.3,2.2,2.1,2,1.9,2.3,2.3,2.2,2.1,2,2.2,2,1.8,1.9,2,1.9,1.8,1.7,1.6,1.3,1.1,0.9,0.6,1,1.1,1.2,1.5,1.8,2,2,2.1,2.3,2,3.20,3.40,3.60,3.80,3.60,3.40,3.90,4.00,4.50,4.60,4.80,4.90,4.60,4.70,4.80,4.90,4.70,4.80,4.90,5.00
SP16,Sungai Besi,3.1,3,3,2.8,2.7,2.6,2.5,2.4,2.3,2.2,2,1.9,1.7,1.7,1.9,2.1,2.3,2.3,2.4,2.7,2.8,2.8,3,3.1,3,3.1,3.2,3.1,3.1,3,3,2.9,2.7,2.6,2.4,2.2,1.9,1.9,1.7,1.7,1.6,1.5,1.5,1.4,1.5,1.4,1.5,1.6,1.7,1.7,1.8,1.9,1.7,1.8,1.9,1.5,1.4,1.5,1.6,1.7,1.7,1.8,1.9,1.7,1.8,1.9,1.3,1.1,0.9,0.6,0.4,0.7,0.8,1,1.2,1.3,1.5,1.6,1.8,1.7,1.7,1.9,2,1.9,2.5,2.3,1.8,1.5,1.6,1.8,2,2.3,2.4,2,1.7,5.2,4.9,4.6,4.2,3.9,3.4,3,2.4,2.6,2.9,3,2.9,2.9,2.8,2.6,2.4,2.1,1.9,1.7,1.6,1.7,1.5,1.7,1.5,1.8,1.9,2.1,2.3,2.6,2.6,2.7,2.8,2.8,2.9,3,2.9,2.4,2.2,2.2,2.1,2,1.9,1.8,1.7,2.1,2.1,2,1.9,1.8,2.1,1.9,1.7,1.8,1.9,1.8,1.7,1.6,1.5,1.5,0.9,0.7,0.4,0.8,0.9,1,1.3,1.6,1.8,1.8,1.9,2.1,1.8,3.30,3.50,3.70,3.90,3.80,3.60,4.10,4.20,4.70,4.70,4.90,5.00,4.70,4.80,4.90,5.00,4.90,5.00,5.10,5.20
SP17,Bukit Jalil,3.3,3.2,3.2,3,2.9,2.8,2.7,2.6,2.5,2.4,2.2,2.1,1.9,1.9,2.1,2.3,2.5,2.5,2.6,2.9,3,3,3.2,3.3,3.2,3.3,3.4,3.3,3.3,3.2,3.2,3.1,2.9,2.8,2.6,2.4,2.1,1.8,1.7,1.9,1.8,1.7,1.5,1.4,1.5,1.6,1.7,1.8,1.9,1.7,1.8,1.8,1.9,2,2,1.5,1.6,1.7,1.8,1.9,1.7,1.8,1.8,1.9,2,2,1.5,1.3,1.1,0.9,0.7,0.4,0.5,0.8,0.9,1,1.2,1.4,1.6,1.7,1.8,1.7,1.8,2.1,2.7,2.5,2,1.7,1.8,2,2.2,2.5,2.6,2.2,1.9,5.4,5.1,4.8,4.4,4.1,3.6,3.2,2.7,2.9,3.1,3,2.9,3.1,2.9,2.8,2.6,2.3,2.1,1.9,1.8,2,1.8,1.7,1.5,1.8,1.9,2.1,2.3,2.6,2.6,2.7,2.8,2.8,3.1,3.2,2.9,2.7,2.5,2.5,2.4,2.3,2.2,2.1,2,2.4,2.4,2.3,2.2,2.1,2.3,2.1,1.9,2,2.2,2.1,2,1.9,1.8,1.5,1.2,1,0.7,1.1,1.2,1.3,1.6,1.9,2.1,2.1,2.2,2.4,2.1,3.50,3.70,3.90,4.10,4.00,3.80,4.30,4.40,4.90,4.90,5.10,5.20,4.90,5.00,5.10,5.20,5.10,5.20,5.30,5.40
SP18,Sri Petaling,3.1,3.2,3,2.8,2.7,2.6,2.5,2.4,2.3,2.2,2,1.9,1.7,1.9,2.1,2.3,2.4,2.5,2.6,2.9,2.8,2.9,3.1,3.2,3.1,3.2,3.3,3.1,3.2,3.1,3.1,3,2.8,2.7,2.5,2.3,2,1.9,1.8,1.7,1.9,1.8,1.6,1.5,1.6,1.7,1.8,1.9,1.7,1.8,1.8,1.9,2,2,1.8,1.6,1.7,1.8,1.9,1.7,1.8,1.8,1.9,2,2,1.8,1.4,1.4,1.2,1,0.8,0.5,0.4,0.7,0.8,1,1.1,1.5,1.5,1.6,1.7,1.9,1.8,2,2.8,2.6,2.1,1.8,1.9,2.1,2.3,2.6,2.7,2.3,2,5.3,5,4.7,4.3,4,3.5,3.1,2.8,3,3.2,3.1,3,3.2,3,2.9,2.6,2.3,2.1,1.9,1.9,2.1,1.9,1.8,1.6,1.9,2,2.2,2.4,2.7,2.7,2.8,2.9,2.9,3.2,3.3,3,2.8,2.6,2.6,2.5,2.4,2.3,2.2,2.1,2.5,2.5,2.4,2.3,2.2,2.4,2.2,2,2.1,2.3,2.2,2.1,2,1.9,1.6,1.3,1.1,0.8,1.2,1.3,1.4,1.7,2,2.2,2.2,2.3,2.5,2.2,3.60,3.80,4.00,4.20,3.90,3.70,4.20,4.30,4.80,5.00,5.20,5.20,5.00,5.10,5.20,5.30,5.00,5.10,5.20,5.30
SP19,Awan Besar,3.3,3.2,3.2,3,2.9,2.8,2.7,2.6,2.5,2.4,2.2,2.1,1.9,1.9,2.1,2.3,2.5,2.5,2.6,2.9,3,3,3.2,3.3,3.2,3.2,3.1,3.2,3,2.9,2.9,2.8,2.6,2.5,2.3,2.1,1.8,2,1.9,1.9,1.8,1.7,1.8,1.7,1.8,1.9,1.7,1.8,1.9,1.9,2,2.1,1.8,1.8,1.9,1.8,1.9,1.7,1.8,1.9,1.9,2,2.1,1.8,1.8,1.9,1.6,1.5,1.5,1.2,1,0.8,0.7,0.4,0.5,0.7,0.9,1.3,1.5,1.4,1.5,1.7,1.8,1.8,2.7,2.5,2,1.7,1.8,2,2.2,2.5,2.5,2.1,1.8,5.1,4.8,4.5,4.1,3.8,3.3,2.9,3,3.2,3.4,3.3,3.1,3.2,3,2.8,2.6,2.3,2.1,1.9,1.8,2,2.1,2,1.8,2.1,2.2,2.4,2.6,2.9,2.9,3,3.1,3.1,3.4,3.5,3.1,3,2.8,2.8,2.7,2.6,2.5,2.4,2.3,2.7,2.7,2.6,2.4,2.3,2.2,2,1.8,1.9,2.1,2.3,2.3,2.2,2.1,1.8,1.5,1.3,1,1.4,1.5,1.6,1.9,2.2,2.4,2.4,2.5,2.7,2.4,3.60,3.80,4.00,4.00,3.70,3.50,4.00,4.10,4.60,4.80,5.00,5.00,5.00,4.90,5.10,5.20,4.80,4.90,5.00,5.10
SP20,Muhibbah,3.4,3.3,3.3,3.1,3,2.9,2.8,2.7,2.6,2.5,2.3,2.2,2,2,2.2,2.4,2.6,2.6,2.7,3,3.1,3.1,3.2,3.4,3.3,3.2,3.1,3.2,3,2.9,2.9,2.8,2.6,2.5,2.3,2.1,1.8,1.8,2,2,1.9,1.8,1.7,1.8,1.9,1.7,1.8,1.9,2,2,2.1,1.8,1.9,1.9,2,1.9,1.7,1.8,1.9,2,2,2.1,1.8,1.9,1.9,2,1.7,1.6,1.6,1.3,1.2,0.9,0.8,0.5,0.4,0.6,0.8,1.1,1.4,1.5,1.4,1.6,1.7,1.8,2.8,2.6,2.1,1.8,1.9,2.1,2.3,2.6,2.6,2.2,1.9,5.1,4.8,4.5,4.1,3.8,3.3,2.9,3.2,3.1,3.3,3.2,3.1,3.3,3.1,2.9,2.7,2.4,2.2,2,1.9,2.1,2,1.9,1.7,2,2.1,2.3,2.5,2.8,2.8,2.9,3,3,3.3,3.4,3.1,3.2,3,3,2.9,2.8,2.7,2.6,2.5,2.9,2.8,2.7,2.5,2.4,2.3,2.1,1.9,2,2.2,2.3,2.2,2.1,2,1.9,1.7,1.5,1.2,1.6,1.7,1.8,2.1,2.4,2.6,2.6,2.7,2.9,2.6,3.70,3.90,4.10,4.00,3.70,3.50,4.00,4.10,4.60,4.80,5.00,5.00,5.10,4.90,5.10,5.20,4.80,4.90,5.00,5.10
SP21,Alam Sutera,3.5,3.4,3.4,3.2,3.1,3,2.9,2.8,2.7,2.6,2.4,2.3,2.1,2.1,2.3,2.5,2.7,2.7,2.8,3.1,3.2,3.2,3.3,3.5,3.4,3.3,3.2,3.3,3.1,3,3,2.9,2.7,2.6,2.4,2.2,1.9,1.9,1.8,2.1,2,1.9,1.8,1.7,1.8,1.9,1.9,2,2.1,1.8,1.8,1.9,2,2,2.1,1.8,1.9,1.9,2,2.1,1.8,1.8,1.9,2,2,2.1,1.9,1.7,1.5,1.5,1.3,1,1,0.7,0.6,0.4,0.6,1,1.2,1.4,1.4,1.4,1.6,1.9,2.9,2.7,2.2,1.9,2,2.2,2.4,2.7,2.7,2.3,2,5.2,4.9,4.6,4.2,3.9,3.4,3,3.3,3.2,3.4,3.3,3.2,3.4,3.2,3,2.8,2.5,2.3,2.1,2,2.2,2.1,2,1.8,2.1,2.2,2.4,2.6,2.9,2.9,3,3.1,3.1,3.4,3.5,3.2,3.3,3.1,3.1,3,2.9,2.8,2.7,2.6,3,2.9,2.8,2.6,2.5,2.4,2.2,2,2.1,2.3,2.4,2.3,2.2,2.1,1.8,1.8,1.6,1.3,1.7,1.8,1.9,2.2,2.5,2.7,2.7,2.8,3,2.7,3.80,4.00,4.20,4.10,3.80,3.60,4.10,4.20,4.70,4.90,5.10,5.10,5.20,5.00,5.20,5.30,4.90,5.00,5.10,5.20
SP22,Kinrara BK5,3.3,3.2,3.2,3,2.9,2.8,2.7,2.6,2.5,2.4,2.2,2.1,1.9,1.9,2.1,2.3,2.5,2.5,2.6,2.9,3,3,3.1,3.3,3.2,3.1,3,3.1,2.9,2.8,2.8,2.7,2.5,2.4,2.2,2,1.7,2,1.9,1.9,1.8,2.1,1.9,1.8,1.9,2,2.1,1.8,1.9,1.9,1.9,2,2.1,2.1,1.7,1.9,2,2.1,1.8,1.9,1.9,1.9,2,2.1,2.1,1.7,1.7,1.8,1.7,1.5,1.5,1.2,1.1,0.9,0.8,0.6,0.4,0.8,1,1.2,1.3,1.5,1.5,1.7,3.1,2.9,2.4,2.1,2.2,2.4,2.6,2.9,2.8,2.4,2.1,5,4.7,4.4,4,3.7,3.2,2.8,3.4,3.3,3.4,3.3,3.1,3.2,3,2.8,2.6,2.3,2.1,1.9,1.8,2,2.2,2.1,1.9,2.2,2.3,2.5,2.7,3,3,3.1,3.2,3.2,3.4,3.5,3.1,3.4,3.3,3.3,3.2,3.1,3,2.9,2.8,3.2,3,2.9,2.7,2.6,2.5,2.3,2.1,2.2,2.4,2.5,2.4,2.3,2.2,1.9,2,1.8,1.5,1.9,2,2.1,2.4,2.7,2.9,2.9,3,3.2,2.9,3.60,3.80,4.00,3.90,3.60,3.40,3.90,4.00,4.50,4.70,4.90,4.90,5.00,4.80,5.00,5.10,4.70,4.80,4.90,5.00
SP24,IOI Puchong,3.5,3.4,3.4,3.2,3.1,3,2.9,2.8,2.7,2.6,2.4,2.3,2.1,2.1,2.3,2.5,2.7,2.7,2.8,3.1,3,2.9,2.8,3.1,2.9,2.8,2.7,2.8,2.6,2.5,2.5,2.4,2.2,2.1,1.9,1.7,1.4,1.7,2.1,2.1,2,1.9,1.8,2.1,1.8,1.9,1.9,2,2.1,2.1,1.7,1.8,1.8,1.8,1.9,1.8,1.9,1.9,2,2.1,2.1,1.7,1.8,1.8,1.8,1.9,2,1.9,1.7,1.8,1.6,1.4,1.5,1.3,1.1,1,0.8,0.4,0.7,0.8,0.9,1.1,1.3,1.4,2.9,2.7,2.2,1.9,2,2.2,2.4,2.6,2.5,2.1,1.8,4.7,4.4,4.1,3.7,3.4,2.9,2.5,3.3,3.2,3.4,3.3,3.2,3.4,3.2,3,2.8,2.5,2.3,2.1,2,2.2,2.1,2,1.8,2.1,2.2,2.4,2.6,2.9,2.9,3,3.1,3.1,3.4,3.5,3.2,3.3,3.2,3.3,3.2,3.2,3.1,3,2.9,2.9,2.7,2.6,2.4,2.3,2.2,2,1.8,1.9,2.1,2.3,2.3,2.2,2.1,1.8,2.1,1.9,1.6,2,2.1,2.2,2.5,2.8,3,3,3.1,3.3,3,3.80,4.00,3.80,3.60,3.30,3.10,3.60,3.70,4.20,4.40,4.60,4.60,4.80,4.50,4.70,4.80,4.40,4.50,4.60,4.70
SP25,Pusat Bandar Puchong,3.1,3.2,3,2.8,2.7,2.6,2.5,2.4,2.3,2.2,2,1.9,1.7,1.9,2.1,2.3,2.4,2.5,2.6,2.9,2.8,2.9,2.8,3.1,2.9,2.8,2.7,2.8,2.6,2.5,2.5,2.4,2.2,2.1,1.9,1.7,1.4,1.8,1.8,1.7,2.1,2.1,1.9,1.9,1.9,2,2.1,2,1.7,1.8,1.8,1.8,1.9,1.9,2,1.9,2,2.1,2,1.7,1.8,1.8,1.8,1.9,1.9,2,1.8,2,1.9,1.7,1.8,1.6,1.5,1.5,1.4,1.2,1,0.7,0.4,0.6,0.7,0.9,1.1,1.4,3.1,2.9,2.4,2.1,2.2,2.4,2.6,2.7,2.6,2.2,1.9,4.7,4.4,4.1,3.7,3.4,2.9,2.5,3.4,3.3,3.5,3.3,3.3,3.2,3,3,2.6,2.3,2.1,1.9,2,2.2,2.2,2.1,1.9,2.2,2.3,2.5,2.7,3,3,3.1,3.2,3.2,3.5,3.6,3.3,3.4,3.3,3.4,3.3,3.4,3.2,3.1,3.1,3,2.8,2.7,2.5,2.4,2.3,2.1,1.9,2,2.2,2.4,2.4,2.3,2.2,1.9,2.3,2.1,1.8,2.2,2.3,2.4,2.7,3,3.2,3.2,3.3,3.4,3.2,3.60,3.80,3.80,3.60,3.30,3.10,3.60,3.70,4.20,4.40,4.60,4.60,4.80,4.50,4.70,4.80,4.40,4.50,4.60,4.70
SP26,Taman Perindustrian Puchong,3.2,3.2,3.1,2.9,2.8,2.7,2.6,2.5,2.4,2.3,2.1,2,1.8,1.9,2.1,2.3,2.5,2.5,2.6,2.9,2.9,2.8,2.7,3,2.8,2.7,2.6,2.7,2.5,2.4,2.4,2.3,2.1,2,1.8,1.6,1.3,1.9,1.8,1.8,1.8,1.7,2,2,2,2.1,1.7,1.8,1.8,1.8,1.9,1.9,2,2,2,2,2.1,1.7,1.8,1.8,1.8,1.9,1.9,2,2,2,1.9,1.8,2,1.8,1.7,1.7,1.6,1.4,1.5,1.4,1.2,0.8,0.6,0.4,0.5,0.7,1,1.3,2.7,2.5,2,1.7,1.8,2,2.2,2.5,2.7,2.3,2,4.6,4.3,4,3.6,3.3,2.8,2.4,3.4,3.3,3.4,3.3,3.1,3.2,3,2.8,2.6,2.3,2.1,1.9,1.8,2,2.2,2.2,2,2.3,2.4,2.6,2.8,3.1,3.1,3.2,3.3,3.3,3.4,3.5,3.1,3.4,3.4,3.5,3.4,3.3,3.2,3.1,3,3.1,2.9,2.8,2.6,2.5,2.4,2.2,2,2.1,2.3,2.5,2.4,2.3,2.2,2,2.2,2,1.7,2.1,2.2,2.3,2.6,2.9,3.1,3.1,3.2,3.4,3.1,3.60,3.80,3.70,3.50,3.20,3.00,3.50,3.60,4.10,4.30,4.50,4.50,4.70,4.40,4.60,4.70,4.30,4.40,4.50,4.60
SP27,Bandar Puteri,3.2,3.2,3.1,2.9,2.8,2.7,2.6,2.5,2.4,2.3,2.1,2,1.8,1.9,2.1,2.3,2.5,2.5,2.6,2.9,2.8,2.7,2.6,2.9,2.7,2.6,2.5,2.6,2.4,2.3,2.3,2.2,2,1.9,1.7,1.5,1.2,1.9,1.9,1.8,1.8,1.7,2.1,2,2.1,1.7,1.8,1.8,1.8,1.9,1.9,1.9,2,2,2.1,2.1,1.7,1.8,1.8,1.8,1.9,1.9,1.9,2,2,2.1,1.9,1.8,2,1.9,1.7,1.8,1.7,1.5,1.4,1.4,1.3,0.9,0.7,0.5,0.4,0.6,0.9,1.2,2.8,2.6,2.1,1.8,1.9,2.1,2.3,2.6,2.7,2.3,2,4.5,4.2,3.9,3.5,3.2,2.7,2.3,3.4,3.3,3.4,3.3,3.1,3.2,3,2.8,2.6,2.3,2.1,1.9,1.8,2,2.2,2.3,2.1,2.4,2.5,2.7,2.9,3.2,3.1,3.3,3.3,3.4,3.4,3.5,3.1,3.4,3.5,3.5,3.4,3.3,3.2,3.1,3,3.1,2.9,2.8,2.6,2.5,2.4,2.2,2,2.1,2.3,2.5,2.4,2.3,2.2,2.1,2.2,2,1.7,2.1,2.2,2.3,2.6,2.9,3.1,3.1,3.2,3.4,3.1,3.60,3.80,3.60,3.40,3.10,2.90,3.40,3.50,4.00,4.20,4.40,4.40,4.60,4.30,4.50,4.60,4.20,4.30,4.40,4.50
SP28,Puchong Perdana,3.3,3.3,3.2,3,2.9,2.8,2.7,2.6,2.5,2.4,2.2,2.1,1.9,2,2.2,2.4,2.5,2.4,2.4,2.7,2.6,2.5,2.4,2.7,2.5,2.4,2.3,2.4,2.2,2.1,2.1,2,1.8,1.7,1.5,1.3,1,2,2,1.9,1.9,1.8,1.7,2.1,1.7,1.8,1.8,1.9,1.9,2,2,2,2.1,2.1,2.2,1.7,1.8,1.8,1.9,1.9,2,2,2,2.1,2.1,2.2,2.1,1.9,1.8,2,1.9,1.7,1.9,1.7,1.6,1.4,1.5,1.1,0.9,0.7,0.6,0.4,0.7,1,2.8,2.6,2.1,1.8,1.9,2.1,2.3,2.6,2.8,2.4,2.1,4.3,4,3.7,3.3,3,2.5,2.1,3.2,3.1,3.3,3.2,3.1,3.3,3.1,2.9,2.7,2.4,2.2,2,1.9,2.1,2,1.9,1.7,2,2.1,2.3,2.5,2.8,2.8,2.9,3,3,3.3,3.4,3.1,3.2,3.1,3.4,3.3,3.2,3.1,3.3,3.1,3.1,3,2.9,2.7,2.6,2.5,2.3,2.1,2.2,2.4,2.3,2.2,2.1,2,1.7,2.4,2.2,1.9,2.3,2.4,2.5,2.8,3.1,3.3,3.3,3.1,3.2,3.2,3.70,3.60,3.40,3.20,2.90,2.70,3.20,3.30,3.80,4.00,4.20,4.20,4.40,4.10,4.30,4.40,4.00,4.10,4.20,4.30
SP29,Puchong Prima,3.4,3.4,3.3,3.1,3,2.9,2.8,2.7,2.6,2.5,2.3,2.2,2,2.1,2.3,2.3,2.3,2.2,2.2,2.5,2.4,2.3,2.2,2.5,2.3,2.2,2.1,2.2,2,1.9,1.9,1.8,1.6,1.5,1.3,1.1,0.8,2.1,2,2,2,1.9,1.8,1.8,1.8,1.9,1.9,2,2,2,2.1,2.1,2.2,2.2,2.3,1.8,1.9,1.9,2,2,2,2.1,2.1,2.2,2.2,2.3,1.7,2.1,1.9,1.8,2,1.8,1.8,1.8,1.7,1.6,1.5,1.3,1.1,1,0.9,0.7,0.4,0.8,2.9,2.7,2.2,1.9,2,2.2,2.4,2.7,2.9,2.5,2.2,4.1,3.8,3.5,3.1,2.8,2.3,1.9,3.3,3.2,3.4,3.3,3.2,3.4,3.2,3,2.8,2.5,2.3,2.1,2,2.2,2.1,2,1.8,2.1,2.2,2.4,2.6,2.9,2.9,3,3.1,3.1,3.4,3.5,3.2,3.3,3.2,3.5,3.4,3.3,3.2,3.4,3.2,3.2,3.1,3,2.8,2.7,2.6,2.4,2.2,2.3,2.5,2.4,2.3,2.2,2.1,1.8,2.5,2.3,2,2.4,2.5,2.6,2.9,3.2,3.4,3.4,3.2,3.3,3.3,3.50,3.40,3.20,3.00,2.70,2.50,3.00,3.10,3.60,3.80,4.00,4.00,4.20,3.90,4.10,4.20,3.80,3.90,4.00,4.10
SP31,Putra Heights,3.1,3,2.9,2.7,2.6,2.5,2.5,2.4,2.4,2.3,2.3,2.2,2.1,2.1,2,1.9,1.9,1.8,1.8,2.1,2,1.9,1.8,2.1,1.9,1.8,1.7,1.8,1.6,1.5,1.5,1.4,1.2,1.1,0.9,0.7,0.4,2.3,2.2,2.2,2.1,2.1,2,1.9,2,2,2.1,2.1,2.1,2.2,2.2,2.3,2.3,2.4,2.4,2,2,2.1,2.1,2.1,2.2,2.2,2.3,2.3,2.4,2.4,1.9,1.8,1.7,2,1.9,2.1,2,1.8,1.8,1.9,1.7,1.4,1.4,1.3,1.2,1,0.8,0.4,3.1,2.9,2.4,2.1,2.2,2.4,2.6,2.9,3,2.6,2.3,3.7,3.4,3.1,2.7,2.4,1.9,1.5,3.5,3.4,3.6,3.5,3.4,3.4,3.2,3.1,2.8,2.5,2.3,2.1,2.1,2.3,2.3,2.2,2,2.3,2.4,2.6,2.8,3.1,3.1,3.2,3.3,3.3,3.6,3.7,3.4,3.5,3.4,3.7,3.6,3.5,3.4,3.3,3.2,3.4,3.2,3.1,2.9,2.8,2.7,2.5,2.3,2.4,2.6,2.6,2.5,2.4,2.3,2,2.4,2.2,1.9,2.3,2.4,2.5,2.8,3.1,3.3,3.3,3.4,3.5,3.3,3.10,3.00,2.80,2.60,2.30,2.10,2.60,2.70,3.20,3.40,3.60,3.60,3.80,3.50,3.70,3.80,3.40,3.50,3.60,3.70
MR1,KL Sentral (MRL),3,2.9,2.9,2.7,2.6,2.5,2.4,2.3,2.2,2.1,1.9,1.8,1.6,1.6,1.8,2,2.2,2.2,2.3,2.6,2.7,2.7,2.9,3,2.9,3,3.1,3,3,3.1,3.2,2.9,2.9,3,3.1,3.2,3.1,2.6,2.4,2.4,2.3,2.1,2,1.8,1.7,1.5,1.4,1.5,1.6,1.7,1.8,1.9,2,2.1,2.2,1.7,1.5,1.4,1.5,1.6,1.7,1.8,1.9,2,2.1,2.2,2,2.1,2.3,2.6,2.5,2.7,2.8,2.7,2.8,2.9,3.1,2.9,3.1,2.7,2.8,2.8,2.9,3.1,0.4,0.6,1,1.4,1.5,1.2,1.3,1.5,1.6,1.8,2,5.5,5.2,4.9,4.5,4.2,3.7,3.2,3.1,3,3.1,3,2.8,2.9,2.7,2.5,2.3,2,1.8,1.6,1.5,1.7,1.9,2.1,2,2.3,2.4,2.5,2.7,2.9,2.8,3,3,3.2,3.1,3.2,2.8,3.1,3.1,3.4,3.3,3.2,3.1,3.2,3.1,3.1,2.9,2.8,2.6,2.5,2.4,2.2,2,2.1,2.3,2.2,2.1,2,1.9,1.7,2.4,2.6,2.5,2.9,3,3.1,3.1,3.1,3.3,3.3,3.1,3.2,3.2,3.30,3.50,3.70,3.90,3.70,3.50,4.00,4.10,4.60,4.70,4.90,5.00,4.70,4.80,4.90,5.00,4.80,4.90,5.00,5.10
MR2,Tun Sambanthan,2.8,2.7,2.7,2.5,2.4,2.3,2.2,2.1,2,1.9,1.7,1.6,1.4,1.4,1.6,1.8,2,2,2.1,2.4,2.5,2.5,2.7,2.8,2.7,2.8,2.9,2.8,2.8,2.9,3,2.7,2.7,2.8,2.9,3,2.9,2.4,2.2,2.2,2.1,1.9,1.8,1.6,1.5,1.3,1.2,1.3,1.4,1.5,1.6,1.7,1.8,1.9,2,1.5,1.3,1.2,1.3,1.4,1.5,1.6,1.7,1.8,1.9,2,1.8,1.9,2.1,2.4,2.3,2.5,2.6,2.5,2.6,2.7,2.9,2.7,2.9,2.5,2.6,2.6,2.7,2.9,0.6,0.4,0.9,1.2,1.3,1.5,1.2,1.4,1.5,1.7,1.8,5.3,5,4.7,4.3,4,3.5,3,2.9,2.8,2.9,2.8,2.6,2.7,2.5,2.3,2.1,1.8,1.6,1.4,1.3,1.5,1.7,1.9,1.8,2.1,2.2,2.3,2.5,2.7,2.6,2.8,2.8,3,2.9,3,2.6,2.9,2.9,3.2,3.1,3,2.9,3,2.9,2.9,2.7,2.6,2.4,2.3,2.2,2,1.8,1.9,2.1,2,1.9,1.8,1.7,1.5,2.2,2.4,2.3,2.7,2.8,2.9,2.9,2.9,3.1,3.1,2.9,3,3,3.10,3.30,3.50,3.70,3.50,3.30,3.80,3.90,4.40,4.50,4.70,4.80,4.50,4.60,4.70,4.80,4.60,4.70,4.80,4.90
MR3,Maharajalela,2.3,2.2,2.2,2,1.9,1.8,1.7,1.6,1.5,1.4,1.2,1.1,0.9,0.9,1.1,1.3,1.5,1.5,1.6,1.9,2,2,2.2,2.3,2.2,2.3,2.4,2.3,2.3,2.4,2.5,2.2,2.2,2.3,2.4,2.5,2.4,1.9,1.7,1.7,1.6,1.4,1.3,1.1,1,0.8,0.7,0.8,0.9,1,1.1,1.2,1.3,1.4,1.5,1,0.8,0.7,0.8,0.9,1,1.1,1.2,1.3,1.4,1.5,1.3,1.4,1.6,1.9,1.8,2,2.1,2,2.1,2.2,2.4,2.2,2.4,2,2.1,2.1,2.2,2.4,1,0.9,0.4,0.7,0.9,1,1.2,1.5,1.2,1.4,1.3,4.8,4.5,4.2,3.8,3.5,3,2.5,2.4,2.3,2.4,2.3,2.1,2.2,2,1.8,1.6,1.3,1.1,0.9,0.8,1,1.2,1.4,1.3,1.6,1.7,1.8,2,2.2,2.1,2.3,2.3,2.5,2.4,2.5,2.1,2.4,2.4,2.7,2.6,2.5,2.4,2.5,2.4,2.4,2.2,2.1,1.9,1.8,1.7,1.5,1.3,1.4,1.6,1.5,1.4,1.3,1.2,1,1.7,1.9,1.8,2.2,2.3,2.4,2.4,2.4,2.6,2.6,2.4,2.5,2.5,2.60,2.80,3.00,3.20,3.00,2.80,3.30,3.40,3.90,4.00,4.20,4.30,4.00,4.10,4.20,4.30,4.10,4.20,4.30,4.40
MR4,Hang Tuah,2,1.9,1.9,1.7,1.6,1.5,1.4,1.3,1.2,1.1,0.9,0.8,0.6,0.6,0.8,1,1.2,1.2,1.3,1.6,1.7,1.7,1.9,2,1.9,2,2.1,2,2,2.1,2.2,1.9,1.9,2,2.1,2.2,2.1,1.6,1.4,1.4,1.3,1.1,1,0.8,0.7,0.5,0.4,0.5,0.6,0.7,0.8,0.9,1,1.1,1.2,0.7,0.5,0.4,0.5,0.6,0.7,0.8,0.9,1,1.1,1.2,1,1.1,1.3,1.6,1.5,1.7,1.8,1.7,1.8,1.9,2.1,1.9,2.1,1.7,1.8,1.8,1.9,2.1,1.4,1.2,0.7,0.4,0.5,0.7,0.9,1.2,1.4,1.2,1,4.4,4.1,3.8,3.4,3.1,2.6,2.2,2.1,2,2.1,2,1.8,1.9,1.7,1.5,1.3,1,0.8,0.6,0.5,0.7,0.9,1.1,1,1.3,1.4,1.5,1.7,1.9,1.8,2,2,2.2,2.1,2.2,1.8,2.1,2.1,2.4,2.3,2.2,2.1,2.2,2.1,2.1,1.9,1.8,1.6,1.5,1.4,1.2,1,1.1,1.3,1.2,1.1,1,0.9,0.7,1.4,1.6,1.5,1.9,2,2.1,2.1,2.1,2.3,2.3,2.1,2.2,2.2,2.30,2.50,2.70,2.90,2.70,2.50,3.00,3.10,3.60,3.70,3.90,4.00,3.70,3.80,3.90,4.00,3.80,3.90,4.00,4.10
MR5,Imbi,2.1,2,2,1.8,1.7,1.6,1.5,1.4,1.3,1.2,1,0.9,0.7,0.7,0.9,1.1,1.3,1.3,1.4,1.7,1.8,1.8,2,2.1,2,2.1,2.2,2.1,2.1,2.2,2.3,2,2,2.1,2.2,2.3,2.2,1.7,1.5,1.5,1.4,1.2,1.1,0.9,0.8,0.6,0.5,0.6,0.7,0.8,0.9,1,1.1,1.2,1.3,0.8,0.6,0.5,0.6,0.7,0.8,0.9,1,1.1,1.2,1.3,1.1,1.2,1.4,1.7,1.6,1.8,1.9,1.8,1.9,2,2.2,2,2.2,1.8,1.9,1.9,2,2.2,1.5,1.3,0.9,0.5,0.4,0.6,0.8,1,1.3,1.5,1.1,4.6,4.3,4,3.6,3.3,2.8,2.3,2.2,2.1,2.2,2.1,1.9,2,1.8,1.6,1.4,1.1,0.9,0.7,0.6,0.8,1,1.2,1.1,1.4,1.5,1.6,1.8,2,1.9,2.1,2.1,2.3,2.2,2.3,1.9,2.2,2.2,2.5,2.4,2.3,2.2,2.3,2.2,2.2,2,1.9,1.7,1.6,1.5,1.3,1.1,1.2,1.4,1.3,1.2,1.1,1,0.8,1.5,1.7,1.6,2,2.1,2.2,2.2,2.2,2.4,2.4,2.2,2.3,2.3,2.40,2.60,2.80,3.00,2.80,2.60,3.10,3.20,3.70,3.80,4.00,4.10,3.80,3.90,4.00,4.10,3.90,4.00,4.10,4.20
MR6,Air Asia - Bukit Bintang,2.3,2.2,2.2,2,1.9,1.8,1.7,1.6,1.5,1.4,1.2,1.1,0.9,0.9,1.1,1.3,1.5,1.5,1.6,1.9,2,2,2.2,2.3,2.2,2.3,2.4,2.3,2.3,2.4,2.5,2.2,2.2,2.3,2.4,2.5,2.4,1.9,1.7,1.7,1.6,1.4,1.3,1.1,1,0.8,0.7,0.8,0.9,1,1.1,1.2,1.2,1.3,1.4,1,0.8,0.7,0.8,0.9,1,1.1,1.2,1.2,1.3,1.4,1.3,1.4,1.6,1.9,1.8,2,2.1,2,2.1,2.2,2.4,2.2,2.4,2,2.1,2.1,2.2,2.4,1.2,1.5,1,0.7,0.6,0.4,0.6,0.8,1.1,1.3,1.2,4.8,4.5,4.2,3.8,3.5,3,2.5,2.4,2.3,2.4,2.3,2.1,2.2,2,1.8,1.6,1.3,1.1,0.9,0.8,1,1.2,1.4,1.3,1.6,1.7,1.8,2,2.2,2.1,2.3,2.3,2.5,2.4,2.5,2.1,2.4,2.4,2.7,2.6,2.5,2.4,2.4,2.4,2.3,2.1,2,1.8,1.7,1.6,1.4,1.2,1.3,1.5,1.5,1.4,1.3,1.2,1,1.7,1.9,1.8,2.2,2.3,2.4,2.4,2.4,2.6,2.6,2.4,2.5,2.5,2.60,2.80,3.00,3.20,3.00,2.80,3.30,3.40,3.90,4.00,4.20,4.30,4.00,4.10,4.20,4.30,4.10,4.20,4.30,4.40
MR7,Raja Chulan,2.5,2.4,2.4,2.2,2.1,2,1.9,1.8,1.7,1.6,1.4,1.3,1.1,1.1,1.3,1.5,1.7,1.7,1.8,2.1,2.2,2.2,2.4,2.5,2.4,2.5,2.6,2.5,2.5,2.6,2.7,2.4,2.4,2.5,2.6,2.7,2.6,2.1,1.9,1.9,1.8,1.6,1.5,1.3,1.2,1,0.9,1,1.1,1.2,1.3,1.4,1.5,1.6,1.7,1.2,1,0.9,1,1.1,1.2,1.3,1.4,1.5,1.6,1.7,1.5,1.6,1.8,2.1,2,2.2,2.3,2.2,2.3,2.4,2.6,2.4,2.6,2.2,2.3,2.3,2.4,2.6,1.3,1.2,1.2,0.9,0.8,0.6,0.4,0.7,0.9,1.2,1.5,5,4.7,4.4,4,3.7,3.2,2.7,2.6,2.5,2.6,2.5,2.3,2.4,2.2,2,1.8,1.5,1.3,1.1,1,1.2,1.4,1.6,1.5,1.8,1.9,2,2.2,2.4,2.3,2.5,2.5,2.7,2.6,2.7,2.3,2.6,2.6,2.9,2.8,2.7,2.6,2.7,2.6,2.6,2.4,2.3,2.1,2,1.9,1.7,1.5,1.6,1.8,1.7,1.6,1.5,1.4,1.2,1.9,2.1,2,2.4,2.5,2.6,2.6,2.6,2.8,2.8,2.6,2.7,2.7,2.80,3.00,3.20,3.40,3.20,3.00,3.50,3.60,4.10,4.20,4.40,4.50,4.20,4.30,4.40,4.50,4.30,4.40,4.50,4.60
MR8,Bukit Nanas,2.8,2.7,2.7,2.5,2.4,2.3,2.2,2.1,2,1.9,1.7,1.6,1.4,1.4,1.6,1.8,2,2,2.1,2.4,2.5,2.5,2.7,2.8,2.7,2.8,2.9,2.8,2.8,2.9,3,2.7,2.7,2.8,2.9,3,2.9,2.4,2.2,2.2,2.1,1.9,1.8,1.6,1.5,1.3,1.2,1.3,1.4,1.5,1.4,1.3,1.2,1.3,1.4,1.5,1.3,1.2,1.3,1.4,1.5,1.4,1.3,1.2,1.3,1.4,1.8,1.9,2.1,2.4,2.3,2.5,2.6,2.5,2.6,2.7,2.9,2.6,2.7,2.5,2.6,2.6,2.7,2.9,1.5,1.4,1.5,1.2,1,0.8,0.7,0.4,0.6,0.9,1.2,5.3,5,4.7,4.3,4,3.5,3,2.7,2.8,2.9,2.8,2.6,2.7,2.5,2.3,2.1,1.8,1.6,1.4,1.3,1.5,1.7,1.9,1.8,2.1,2.2,2.3,2.5,2.7,2.6,2.8,2.8,3,2.9,3,2.6,2.7,2.8,2.7,2.6,2.7,2.5,2.4,2.4,2.3,2.1,2,1.8,1.7,1.6,1.4,1.2,1.3,1.5,1.7,1.8,1.8,1.7,1.5,2.2,2.4,2.3,2.7,2.6,2.7,2.8,2.7,2.8,2.9,2.9,3,3,3.10,3.30,3.50,3.70,3.50,3.30,3.80,3.90,4.40,4.50,4.70,4.80,4.50,4.60,4.70,4.80,4.60,4.70,4.80,4.90
MR9,Medan Tuanku,2.9,2.9,2.8,2.6,2.5,2.4,2.3,2.2,2.1,2,1.8,1.7,1.5,1.6,1.8,2,2.2,2.2,2.3,2.6,2.6,2.7,2.9,3,2.9,3,3.1,2.9,3,3.1,3.2,2.8,2.9,3,3.1,3.1,3,2.6,2.4,2.4,2.3,2.1,2,1.8,1.7,1.5,1.4,1.5,1.5,1.4,1.3,1.2,1.1,1.2,1.3,1.7,1.5,1.4,1.5,1.5,1.4,1.3,1.2,1.1,1.2,1.3,2,2.1,2.3,2.5,2.4,2.6,2.7,2.5,2.6,2.7,2.8,2.5,2.6,2.7,2.7,2.8,2.9,3,1.6,1.5,1.2,1.4,1.3,1.1,0.9,0.6,0.4,0.7,1.1,5.4,5.1,4.8,4.4,4.1,3.6,3.2,2.6,2.8,3.1,3,2.8,2.9,2.7,2.5,2.3,2,1.8,1.6,1.5,1.7,1.8,2,2,2.3,2.4,2.5,2.7,2.9,2.8,3,3,3.1,3.1,3.2,2.8,2.6,2.7,2.6,2.5,2.6,2.4,2.3,2.3,2.2,2,1.9,1.7,1.6,1.5,1.3,1.1,1.2,1.4,1.6,1.7,1.7,1.8,1.7,2.4,2.6,2.4,2.8,2.5,2.6,2.7,2.6,2.7,2.8,2.9,3,3,3.30,3.50,3.70,3.90,3.70,3.50,4.00,4.10,4.60,4.70,4.90,5.00,4.70,4.80,4.90,5.00,4.80,4.90,5.00,5.10
MR10,Chow Kit,2.5,2.6,2.4,2.2,2.1,2,1.9,1.8,1.7,1.6,1.4,1.3,1.1,1.3,1.5,1.7,1.8,1.9,2,2.3,2.2,2.3,2.5,2.6,2.5,2.6,2.7,2.5,2.6,2.7,2.8,2.4,2.5,2.6,2.7,2.7,2.6,2.2,2,2,1.9,1.8,1.7,1.6,1.5,1.3,1.2,1.3,1.1,1,0.9,0.8,0.7,0.8,0.9,1.5,1.3,1.2,1.3,1.1,1,0.9,0.8,0.7,0.8,0.9,1.8,1.8,1.9,2.1,2,2.2,2.3,2.1,2.2,2.3,2.4,2.1,2.2,2.3,2.3,2.4,2.5,2.6,1.8,1.7,1.4,1.2,1.5,1.3,1.2,0.9,0.7,0.4,0.7,5,4.7,4.4,4,3.7,3.2,2.8,2.2,2.4,2.7,2.7,2.6,2.6,2.4,2.3,2,1.7,1.5,1.3,1.3,1.5,1.4,1.6,1.7,2,2.1,2.3,2.5,2.5,2.6,2.8,2.7,2.7,2.8,2.9,2.6,2.2,2.3,2.2,2.1,2.2,2,1.9,1.9,1.8,1.6,1.5,1.3,1.2,1.1,0.9,0.7,0.8,1,1.2,1.3,1.3,1.4,1.5,2,2.2,2,2.4,2.1,2.2,2.3,2.2,2.3,2.4,2.5,2.6,2.6,3.00,3.20,3.40,3.60,3.30,3.10,3.60,3.70,4.20,4.40,4.60,4.60,4.40,4.50,4.60,4.70,4.40,4.50,4.60,4.70
MR11,Titiwangsa,2.2,2.3,2.1,1.9,1.8,1.7,1.6,1.5,1.4,1.3,1.1,1,0.8,1,1.2,1.4,1.5,1.6,1.7,2,1.9,2,2.2,2.3,2.2,2.3,2.4,2.2,2.3,2.4,2.5,2.1,2.2,2.3,2.4,2.4,2.3,1.9,1.7,1.7,1.6,1.5,1.4,1.4,1.2,1.1,1,1,0.8,0.7,0.6,0.5,0.4,0.5,0.6,1.2,1.1,1,1,0.8,0.7,0.6,0.5,0.4,0.5,0.6,1.5,1.5,1.6,1.8,1.7,1.9,2,1.8,1.9,2,2.1,1.8,1.9,2,2,2.1,2.2,2.3,2,1.8,1.3,1,1.1,1.2,1.5,1.2,1.1,0.7,0.4,4.7,4.4,4.1,3.7,3.4,2.9,2.5,1.9,2.1,2.4,2.4,2.3,2.3,2.1,2,1.7,1.4,1.2,1,1,1.2,1.1,1.3,1.4,1.7,1.8,2,2.2,2.2,2.3,2.5,2.4,2.4,2.5,2.6,2.3,1.9,2,1.9,1.8,1.9,1.7,1.6,1.6,1.5,1.3,1.2,1,0.9,0.8,0.6,0.4,0.5,0.7,0.9,1,1,1.1,1.2,1.7,1.9,1.7,2.1,1.8,1.9,2,1.9,2,2.1,2.2,2.3,2.3,2.70,2.90,3.10,3.30,3.00,2.80,3.30,3.40,3.90,4.10,4.30,4.30,4.10,4.20,4.30,4.40,4.10,4.20,4.30,4.40
BRT1,Sunway-Setia Jaya,4.8,4.7,4.6,4.4,4.3,4.3,4.2,4.2,4.1,4.1,4,4,4.3,4.2,4.1,4,4.3,4.2,4.2,3.9,4.1,3.9,3.8,3.7,3.7,3.6,3.4,3.2,3.1,2.9,2.6,2.7,3,3.1,3.3,3.5,3.7,5.3,5.3,5.3,5.2,5.1,4.9,4.8,4.7,4.5,4.4,4.3,4.3,4.4,4.5,4.6,4.7,4.8,4.9,4.7,4.5,4.4,4.3,4.3,4.4,4.5,4.6,4.7,4.8,4.9,4.9,5.1,5,5.3,5.2,5.4,5.3,5.1,5.1,5.2,5,4.7,4.7,4.6,4.5,4.3,4.1,3.7,5.5,5.3,4.8,4.4,4.6,4.8,5,5.3,5.4,5,4.7,0.4,0.7,1.1,1.4,1.7,2.2,2.6,5.7,5.7,5.8,5.6,5.7,5.5,5.3,5.3,4.9,4.6,4.4,4.2,4.3,4.5,4.7,4.8,4.9,5.2,5.3,5.3,5.5,5.7,5.6,5.7,5.8,5.6,5.9,5.9,5.6,5.7,6.1,6.2,6.1,6.2,6,5.9,5.9,5.8,5.6,5.5,5.3,5.2,5.1,4.9,4.7,4.8,5,5,4.9,4.8,4.7,4.7,5.5,5.5,5.2,5.6,5.7,5.8,6.1,6.2,6.3,6.1,6.2,6.3,6.3,4.80,4.70,4.50,4.30,4.00,3.80,4.30,4.40,4.90,5.10,5.30,5.30,5.50,5.20,5.40,5.50,5.10,5.20,5.30,5.40
BRT2,Mentari,4.5,4.4,4.3,4.1,4,4,3.9,3.9,3.8,3.8,3.7,3.7,4,3.9,3.8,3.7,4,3.9,3.9,3.6,3.8,3.6,3.5,3.4,3.4,3.3,3.1,2.9,2.8,2.6,2.3,2.4,2.7,2.8,3,3.2,3.4,5,5,5,4.9,4.8,4.6,4.5,4.4,4.2,4.1,4,4,4.1,4.2,4.3,4.4,4.5,4.6,4.4,4.2,4.1,4,4,4.1,4.2,4.3,4.4,4.5,4.6,4.6,4.8,4.7,5,4.9,5.1,5,4.8,4.8,4.9,4.7,4.4,4.4,4.3,4.2,4,3.8,3.4,5.2,5,4.5,4.1,4.3,4.5,4.7,5,5.1,4.7,4.4,0.7,0.4,0.7,1.1,1.4,1.9,2.3,5.4,5.4,5.5,5.3,5.4,5.2,5,5,4.6,4.3,4.1,3.9,4,4.2,4.4,4.5,4.6,4.9,5,5,5.2,5.4,5.3,5.4,5.5,5.3,5.6,5.6,5.3,5.4,5.8,5.9,5.8,5.9,5.7,5.6,5.6,5.5,5.3,5.2,5,4.9,4.8,4.6,4.4,4.5,4.7,4.7,4.6,4.5,4.4,4.4,5.2,5.2,4.9,5.3,5.4,5.5,5.8,5.9,6,5.8,5.9,6,6,4.50,4.40,4.20,4.00,3.70,3.50,4.00,4.10,4.60,4.80,5.00,5.00,5.20,4.90,5.10,5.20,4.80,4.90,5.00,5.10
BRT3,Sunway Lagoon,4.2,4.1,4,3.8,3.7,3.7,3.6,3.6,3.5,3.5,3.4,3.4,3.7,3.6,3.5,3.4,3.7,3.6,3.6,3.3,3.5,3.3,3.2,3.1,3.1,3,2.8,2.6,2.5,2.3,2,2.1,2.4,2.5,2.7,2.9,3.1,4.7,4.7,4.7,4.6,4.5,4.3,4.2,4.1,3.9,3.8,3.7,3.7,3.8,3.9,4,4.1,4.2,4.3,4.1,3.9,3.8,3.7,3.7,3.8,3.9,4,4.1,4.2,4.3,4.3,4.5,4.4,4.7,4.6,4.8,4.7,4.5,4.5,4.6,4.4,4.1,4.1,4,3.9,3.7,3.5,3.1,4.9,4.7,4.2,3.8,4,4.2,4.4,4.7,4.8,4.4,4.1,1.1,0.7,0.4,0.8,1.1,1.5,2,5.1,5.1,5.2,5,5.1,4.9,4.7,4.7,4.3,4,3.8,3.6,3.7,3.9,4.1,4.2,4.3,4.6,4.7,4.7,4.9,5.1,5,5.1,5.2,5,5.3,5.3,5,5.1,5.5,5.6,5.5,5.6,5.4,5.3,5.3,5.2,5,4.9,4.7,4.6,4.5,4.3,4.1,4.2,4.4,4.4,4.3,4.2,4.1,4.1,4.9,4.9,4.6,5,5.1,5.2,5.5,5.6,5.7,5.5,5.6,5.7,5.7,4.20,4.10,3.90,3.70,3.40,3.20,3.70,3.80,4.30,4.50,4.70,4.70,4.90,4.60,4.80,4.90,4.50,4.60,4.70,4.80
BRT4,SunMed,3.8,3.7,3.6,3.4,3.3,3.3,3.2,3.2,3.1,3.1,3,3,3.3,3.2,3.1,3,3.3,3.2,3.2,2.9,3.1,2.9,2.8,2.7,2.7,2.6,2.4,2.2,2.1,1.9,1.6,1.7,2,2.1,2.3,2.5,2.7,4.3,4.3,4.3,4.2,4.1,3.9,3.8,3.7,3.5,3.4,3.3,3.3,3.4,3.5,3.6,3.7,3.8,3.9,3.7,3.5,3.4,3.3,3.3,3.4,3.5,3.6,3.7,3.8,3.9,3.9,4.1,4,4.3,4.2,4.4,4.3,4.1,4.1,4.2,4,3.7,3.7,3.6,3.5,3.3,3.1,2.7,4.5,4.3,3.8,3.4,3.6,3.8,4,4.3,4.4,4,3.7,1.4,1.1,0.8,0.4,0.7,1.2,1.6,4.7,4.7,4.8,4.6,4.7,4.5,4.3,4.3,3.9,3.6,3.4,3.2,3.3,3.5,3.7,3.8,3.9,4.2,4.3,4.3,4.5,4.7,4.6,4.7,4.8,4.6,4.9,4.9,4.6,4.7,5.1,5.2,5.1,5.2,5,4.9,4.9,4.8,4.6,4.5,4.3,4.2,4.1,3.9,3.7,3.8,4,4,3.9,3.8,3.7,3.7,4.5,4.5,4.2,4.6,4.7,4.8,5.1,5.2,5.3,5.1,5.2,5.3,5.3,3.80,3.70,3.50,3.30,3.00,2.80,3.30,3.40,3.90,4.10,4.30,4.30,4.50,4.20,4.40,4.50,4.10,4.20,4.30,4.40
BRT5,SunU-Monash,3.5,3.4,3.3,3.1,3,3,2.9,2.9,2.8,2.8,2.7,2.7,3,2.9,2.8,2.7,3,2.9,2.9,2.6,2.8,2.6,2.5,2.4,2.4,2.3,2.1,1.9,1.8,1.6,1.3,1.4,1.7,1.8,2,2.2,2.4,4,4,4,3.9,3.8,3.6,3.5,3.4,3.2,3.1,3,3,3.1,3.2,3.3,3.4,3.5,3.6,3.4,3.2,3.1,3,3,3.1,3.2,3.3,3.4,3.5,3.6,3.6,3.8,3.7,4,3.9,4.1,4,3.8,3.8,3.9,3.7,3.4,3.4,3.3,3.2,3,2.8,2.4,4.2,4,3.5,3.1,3.3,3.5,3.7,4,4.1,3.7,3.4,1.7,1.4,1.1,0.7,0.4,0.9,1.3,4.4,4.4,4.5,4.3,4.4,4.2,4,4,3.6,3.3,3.1,2.9,3,3.2,3.4,3.5,3.6,3.9,4,4,4.2,4.4,4.3,4.4,4.5,4.3,4.6,4.6,4.3,4.4,4.8,4.9,4.8,4.9,4.7,4.6,4.6,4.5,4.3,4.2,4,3.9,3.8,3.6,3.4,3.5,3.7,3.7,3.6,3.5,3.4,3.4,4.2,4.2,3.9,4.3,4.4,4.5,4.8,4.9,5,4.8,4.9,5,5,3.50,3.40,3.20,3.00,2.70,2.50,3.00,3.10,3.60,3.80,4.00,4.00,4.20,3.90,4.10,4.20,3.80,3.90,4.00,4.10
BRT6,South Quay-USJ1,3,2.9,2.8,2.6,2.5,2.5,2.4,2.4,2.3,2.3,2.2,2.2,2.5,2.4,2.3,2.2,2.5,2.4,2.4,2.1,2.3,2.1,2,1.9,1.9,1.8,1.6,1.4,1.3,1.1,0.8,0.9,1.2,1.3,1.5,1.7,1.9,3.5,3.5,3.5,3.4,3.3,3.1,3,2.9,2.7,2.6,2.5,2.5,2.6,2.7,2.8,2.9,3,3.1,2.9,2.7,2.6,2.5,2.5,2.6,2.7,2.8,2.9,3,3.1,3.1,3.3,3.2,3.5,3.4,3.6,3.5,3.3,3.3,3.4,3.2,2.9,2.9,2.8,2.7,2.5,2.3,1.9,3.7,3.5,3,2.6,2.8,3,3.2,3.5,3.6,3.2,2.9,2.2,1.9,1.5,1.2,0.9,0.4,0.8,3.9,3.9,4,3.8,3.9,3.7,3.5,3.5,3.1,2.8,2.6,2.4,2.5,2.7,2.9,3,3.1,3.4,3.5,3.5,3.7,3.9,3.8,3.9,4,3.8,4.1,4.1,3.8,3.9,4.3,4.4,4.3,4.4,4.2,4.1,4.1,4,3.8,3.7,3.5,3.4,3.3,3.1,2.9,3,3.2,3.2,3.1,3,2.9,2.9,3.7,3.7,3.4,3.8,3.9,4,4.3,4.4,4.5,4.3,4.4,4.5,4.5,3.00,2.90,2.70,2.50,2.20,2.00,2.50,2.60,3.10,3.30,3.50,3.50,3.70,3.40,3.60,3.70,3.30,3.40,3.50,3.60
BRT7,USJ7,2.6,2.5,2.4,2.2,2.1,2.1,2,2,1.9,1.9,1.8,1.8,2.1,2,1.9,1.8,2.1,2,2,1.7,1.9,1.7,1.6,1.5,1.5,1.4,1.2,1,0.9,0.7,0.4,0.5,0.8,0.9,1.1,1.3,1.5,3.1,3.1,3.1,3,2.9,2.7,2.6,2.5,2.3,2.2,2.1,2.1,2.2,2.3,2.4,2.5,2.6,2.7,2.5,2.3,2.2,2.1,2.1,2.2,2.3,2.4,2.5,2.6,2.7,2.7,2.9,2.8,3.1,3,3.2,3.1,2.9,2.9,3,2.8,2.5,2.5,2.4,2.3,2.1,1.9,1.5,3.2,3,2.5,2.2,2.3,2.5,2.7,3,3.2,2.8,2.5,2.6,2.3,2,1.6,1.3,0.8,0.4,3.5,3.5,3.6,3.4,3.5,3.3,3.1,3.1,2.7,2.4,2.2,2,2.1,2.3,2.5,2.6,2.7,3,3.1,3.1,3.3,3.5,3.4,3.5,3.6,3.4,3.7,3.7,3.4,3.5,3.9,4,3.9,4,3.8,3.7,3.7,3.6,3.4,3.3,3.1,3,2.9,2.7,2.5,2.6,2.8,2.8,2.7,2.6,2.5,2.5,3.3,3.3,3,3.4,3.5,3.6,3.9,4,4.1,3.9,4,4.1,4.1,2.60,2.50,2.30,2.10,1.80,1.60,2.10,2.20,2.70,2.90,3.10,3.10,3.30,3.00,3.20,3.30,2.90,3.00,3.10,3.20
KG04,Kwasa Damansara,3.4,3.2,3.3,3.2,3.1,3,2.9,2.8,2.6,2.5,2.4,2.3,2.1,1.9,2.1,2.3,2.5,2.5,2.6,2.9,3.1,3,3.2,3.3,3.2,3.3,3.4,3.5,3.3,3.4,3.5,3.4,3.2,3.3,3.4,3.5,3.5,2.6,2.5,2.4,2.3,2.1,1.9,2,1.9,2.1,2.1,2,2.1,2.2,2.1,2,1.9,2,2.1,1.9,2.1,2.1,2,2.1,2.2,2.1,2,1.9,2,2.1,2.2,2.4,2.6,2.6,2.4,2.7,2.8,3,3.2,3.3,3.4,3.3,3.4,3.4,3.4,3.2,3.3,3.5,3.1,2.9,2.4,2.1,2.2,2.4,2.6,2.7,2.6,2.2,1.9,5.7,5.4,5.1,4.7,4.4,3.9,3.5,0.4,0.6,0.9,1.2,1.4,1.4,1.6,1.8,1.8,2.1,1.8,1.9,2,2,1.7,1.8,1.9,2,2,2.1,2.2,2.3,2.4,2.5,2.5,2.6,2.8,2.8,2.9,0.4,0.8,1,1.1,1.4,1.6,1.5,1.7,1.8,1.9,1.7,1.8,2,2,1.8,1.9,1.9,2,2,1.7,1.8,1.7,1.9,2.2,2.3,2.4,2.5,2.6,2.6,2.7,3,3.1,3.1,3.2,3.3,3.3,1.80,2.00,2.20,2.40,2.70,2.80,3.10,3.20,3.30,3.20,3.40,3.50,3.20,3.30,3.40,3.50,3.60,3.60,3.70,3.80
KG05,Kwasa Sentral,3.4,3.2,3.3,3.1,3,2.9,2.8,2.7,2.6,2.5,2.3,2.2,2,1.9,2.1,2.3,2.5,2.5,2.6,2.9,3.1,3,3.2,3.3,3.2,3.3,3.4,3.4,3.3,3.4,3.5,3.3,3.2,3.3,3.4,3.5,3.4,2.5,2.4,2.3,2.2,2,1.8,2,2.1,2.1,2,1.9,2,2.1,2.2,2.2,2.1,2.2,2.3,2.1,2.1,2,1.9,2,2.1,2.2,2.2,2.1,2.2,2.3,2.1,2.3,2.5,2.7,2.6,2.9,3,3.2,3.1,3.2,3.3,3.2,3.3,3.3,3.3,3.1,3.2,3.4,3,2.8,2.3,2,2.1,2.3,2.5,2.8,2.8,2.4,2.1,5.7,5.4,5.1,4.7,4.4,3.9,3.5,0.6,0.4,0.8,1,1.3,1.5,1.5,1.7,1.7,2,2.1,1.9,1.9,2,2,1.7,1.8,1.9,1.9,2,2.1,2.2,2.3,2.4,2.5,2.6,2.7,2.8,2.9,0.6,1,1.2,1.3,1.6,1.8,1.7,1.9,2,2.1,1.9,2,2.2,2.2,2,2.1,2.1,2.2,2.3,1.9,2,2,2.1,2.4,2.5,2.6,2.7,2.8,2.8,2.9,3.2,3.3,3.4,3.5,3.6,3.6,1.90,2.10,2.30,2.50,2.80,2.90,3.20,3.30,3.40,3.30,3.50,3.60,3.30,3.40,3.50,3.60,3.70,3.70,3.80,3.90
KG06,Kota Damansara,3.5,3.3,3.4,3.2,3.1,3,2.9,2.8,2.7,2.6,2.4,2.3,2.1,2,2.2,2.4,2.6,2.6,2.7,3,3.2,3.1,3.3,3.4,3.3,3.4,3.5,3.5,3.4,3.5,3.6,3.4,3.3,3.4,3.5,3.6,3.6,2.7,2.6,2.5,2.4,2.2,2,2.2,2.2,2.2,2.1,2,2.1,2.2,2.3,2.4,2.4,2.5,2.6,2.2,2.2,2.1,2,2.1,2.2,2.3,2.4,2.4,2.5,2.6,2.3,2.5,2.7,2.9,2.9,3.1,3.2,3.4,3.3,3.4,3.4,3.4,3.5,3.4,3.4,3.3,3.4,3.6,3.1,2.9,2.4,2.1,2.2,2.4,2.6,2.9,3.1,2.7,2.4,5.8,5.5,5.2,4.8,4.5,4,3.6,0.9,0.8,0.4,0.7,0.9,1.1,1.3,1.5,1.7,1.7,1.8,2,2,1.8,1.9,2,2,1.7,1.8,1.9,2,2.1,2.2,2.3,2.3,2.4,2.6,2.6,2.7,0.9,1.3,1.5,1.6,1.9,2.1,2,2.2,2.3,2.4,2.2,2.3,2.5,2.5,2.3,2.4,2.4,2.4,2.2,2.1,2,1.9,2.2,2.7,2.8,2.9,3,3.1,3.1,3.2,3.5,3.6,3.3,3.4,3.5,3.5,1.50,1.70,1.90,2.10,2.40,2.50,2.80,2.90,3.00,2.90,3.10,3.20,2.90,3.00,3.10,3.20,3.30,3.30,3.40,3.50
KG07,Surian,3.3,3.1,3.2,3.1,3,2.9,2.8,2.7,2.5,2.4,2.3,2.2,2,1.8,2,2.2,2.4,2.4,2.5,2.8,3,2.9,3.1,3.2,3.1,3.2,3.3,3.4,3.2,3.3,3.4,3.3,3.1,3.2,3.3,3.4,3.5,2.6,2.5,2.4,2.3,2.1,1.9,2.1,2.2,2.1,2,1.9,2,2.1,2.2,2.3,2.4,2.5,2.6,2.2,2.1,2,1.9,2,2.1,2.2,2.3,2.4,2.5,2.6,2.2,2.4,2.6,2.8,3,3,3.1,3.3,3.2,3.3,3.3,3.3,3.3,3.3,3.3,3.2,3.3,3.5,3,2.8,2.3,2,2.1,2.3,2.5,2.8,3,2.7,2.4,5.6,5.3,5,4.6,4.3,3.8,3.4,1.2,1,0.7,0.4,0.7,0.9,1.1,1.3,1.5,1.8,1.7,1.8,1.9,2,2.1,1.8,1.9,2.1,2.1,1.8,1.9,2,2.1,2.2,2.2,2.3,2.5,2.5,2.6,1.2,1.6,1.8,1.9,2.2,2.4,2.3,2.5,2.6,2.7,2.5,2.6,2.8,2.8,2.6,2.4,2.6,2.6,2.4,2.3,2.2,2.1,2.2,2.9,3.1,3,3.3,3.4,3.4,3.5,3.6,3.8,3.5,3.6,3.7,3.7,1.30,1.50,1.70,1.90,2.20,2.30,2.60,2.70,2.80,2.70,2.90,3.00,2.70,2.80,2.90,3.00,3.10,3.10,3.20,3.30
KG08,Mutiara Damansara,3.2,3.2,3.1,2.9,2.8,2.7,2.6,2.5,2.4,2.3,2.1,2,1.8,1.9,2.1,2.3,2.5,2.5,2.6,2.9,2.9,3,3.2,3.3,3.2,3.3,3.4,3.2,3.3,3.4,3.5,3.1,3.2,3.3,3.4,3.4,3.4,2.5,2.4,2.3,2.2,2,1.8,2,2.1,1.9,1.8,1.7,1.8,1.9,2,2.1,2.3,2.3,2.4,2.1,1.9,1.8,1.7,1.8,1.9,2,2.1,2.3,2.3,2.4,2.1,2.3,2.5,2.7,2.9,2.9,3,3.1,3.1,3.2,3.1,3.2,3.3,3.1,3.1,3.1,3.2,3.4,2.8,2.6,2.1,1.8,1.9,2.1,2.3,2.6,2.8,2.6,2.3,5.7,5.4,5.1,4.7,4.4,3.9,3.5,1.4,1.3,0.9,0.7,0.4,0.6,0.9,1.1,1.5,1.6,1.7,1.9,1.7,1.8,1.9,2,1.8,1.9,2,2.1,1.8,1.9,2,2.1,2.1,2.2,2.4,2.4,2.5,1.4,1.8,2,2.1,2.4,2.6,2.5,2.7,2.8,2.9,2.7,2.8,2.8,2.7,2.5,2.3,2.4,2.4,2.2,2.1,2,1.9,2.1,2.8,3,2.9,3.3,3.2,3.3,3.5,3.5,3.6,3.3,3.4,3.5,3.5,1.00,1.20,1.40,1.60,1.90,2.00,2.30,2.40,2.50,2.40,2.60,2.70,2.40,2.50,2.60,2.70,2.80,2.80,2.90,3.00
KG09,Bandar Utama,3.2,3,3.1,3,2.9,2.8,2.7,2.6,2.4,2.3,2.2,2.1,1.9,1.7,1.9,2.1,2.3,2.3,2.4,2.7,2.9,2.8,3,3.1,3,3.1,3.2,3.3,3.1,3.2,3.3,3.2,3,3.1,3.2,3.3,3.4,2.7,2.6,2.5,2.4,2.2,2,2.2,2.1,2,1.9,1.8,1.9,2,2.1,2.2,2.3,2.4,2.5,2.1,2,1.9,1.8,1.9,2,2.1,2.2,2.3,2.4,2.5,2.3,2.5,2.7,2.8,2.9,3.1,3.2,3.2,3.3,3.4,3.2,3.4,3.2,3.2,3.2,3.3,3.4,3.4,2.9,2.7,2.2,1.9,2,2.2,2.4,2.7,2.9,2.6,2.3,5.5,5.2,4.9,4.5,4.2,3.7,3.3,1.4,1.5,1.1,0.9,0.6,0.4,0.7,0.9,1.2,1.4,1.6,1.7,1.8,1.9,1.8,1.9,2,1.8,1.9,2,2.1,1.8,1.9,2,2,2.1,2.3,2.3,2.4,1.4,1.8,2,2.1,2.4,2.6,2.5,2.7,2.8,2.9,2.7,2.8,2.9,2.8,2.6,2.3,2.4,2.3,2.1,2,1.9,1.8,2.1,2.7,2.9,2.9,3.2,3.1,3.2,3.4,3.4,3.5,3.2,3.3,3.4,3.4,0.80,1.00,1.20,1.40,1.70,1.80,2.10,2.20,2.30,2.20,2.40,2.50,2.20,2.30,2.40,2.50,2.60,2.60,2.70,2.80
KG10,Taman Tun Dr Ismail,3,2.8,2.9,2.8,2.7,2.6,2.5,2.4,2.2,2.1,2,1.9,1.7,1.5,1.7,1.9,2.1,2.1,2.2,2.5,2.7,2.6,2.8,2.9,2.8,2.9,3,3.1,2.9,3,3.1,3,2.8,2.9,3,3.1,3.2,2.5,2.4,2.3,2.2,2,1.8,2,2,1.8,1.7,1.6,1.7,1.8,1.9,2,2.1,2.2,2.3,2,1.8,1.7,1.6,1.7,1.8,1.9,2,2.1,2.2,2.3,2.1,2.3,2.5,2.6,2.8,2.9,3,3,3.1,3.2,3,3.2,3,3,3,3.1,3.2,3.2,2.7,2.5,2,1.7,1.8,2,2.2,2.5,2.7,2.4,2.1,5.3,5,4.7,4.3,4,3.5,3.1,1.6,1.5,1.3,1.1,0.9,0.7,0.4,0.6,1,1.4,1.6,1.5,1.6,1.7,1.9,1.7,1.8,2,2.1,1.9,2,2.1,1.8,1.9,1.9,2,2.2,2.2,2.3,1.6,2,2.2,2.3,2.6,2.8,2.7,2.9,3,3.1,2.9,2.8,2.7,2.6,2.4,2.1,2.3,2.4,2.2,2.1,2,1.9,2,2.7,2.9,2.8,3.2,3.2,3.3,3.4,3.4,3.6,3.3,3.4,3.5,3.5,1.10,1.30,1.50,1.70,2.00,2.10,2.40,2.50,2.60,2.50,2.70,2.80,2.50,2.60,2.70,2.80,2.90,2.90,3.00,3.10
KG12,Phileo Damansara,2.9,2.8,2.8,2.6,2.5,2.4,2.3,2.2,2.1,2,1.8,1.7,1.5,1.5,1.7,1.9,2.1,2.1,2.2,2.5,2.6,2.6,2.8,2.9,2.8,2.9,3,2.9,2.9,3,3.1,2.8,2.8,2.9,3,3.1,3.1,2.4,2.3,2.2,2.1,1.9,1.7,1.9,1.8,1.6,1.5,1.4,1.5,1.6,1.7,1.8,2,2,2.1,1.8,1.6,1.5,1.4,1.5,1.6,1.7,1.8,2,2,2.1,2,2.2,2.4,2.4,2.6,2.8,2.9,2.8,2.9,3,2.8,3,3,2.8,2.8,2.9,3,3.1,2.5,2.3,1.8,1.5,1.6,1.8,2,2.3,2.5,2.3,2,5.3,5,4.7,4.3,4,3.5,3.1,1.8,1.7,1.5,1.3,1.1,0.9,0.6,0.4,0.8,1.2,1.4,1.5,1.4,1.5,1.7,1.8,1.7,1.8,1.9,2.1,1.9,2,2.1,1.8,1.8,1.9,2.1,2.2,2.2,1.8,2.2,2.4,2.5,2.8,3,2.9,3,3.1,2.9,2.8,2.6,2.5,2.4,2.2,2,2.1,2.2,2,1.9,1.8,1.7,1.8,2.5,2.7,2.6,3,3,3.1,3.2,3.2,3.4,3.1,3.2,3.3,3.3,1.30,1.50,1.70,1.90,2.20,2.30,2.60,2.70,2.80,2.70,2.90,3.00,2.70,2.80,2.90,3.00,3.10,3.10,3.20,3.30
KG13,Pusat Bandar Damansara,2.6,2.4,2.5,2.4,2.3,2.2,2.1,2,1.8,1.7,1.6,1.5,1.3,1.1,1.3,1.5,1.7,1.7,1.8,2.1,2.3,2.2,2.4,2.5,2.4,2.5,2.6,2.7,2.5,2.6,2.7,2.6,2.4,2.5,2.6,2.7,2.8,2.2,2.2,2.1,2,1.8,1.6,1.7,1.6,1.4,1.3,1.2,1.3,1.4,1.5,1.6,1.7,1.8,1.9,1.6,1.4,1.3,1.2,1.3,1.4,1.5,1.6,1.7,1.8,1.9,1.8,2,2.2,2.2,2.4,2.6,2.6,2.6,2.7,2.8,2.6,2.8,2.6,2.6,2.6,2.7,2.8,2.8,2.3,2.1,1.6,1.3,1.4,1.6,1.8,2.1,2.3,2,1.7,4.9,4.6,4.3,3.9,3.6,3.1,2.7,1.8,1.7,1.7,1.5,1.5,1.2,1,0.8,0.4,0.8,1,1.1,1.2,1.4,1.6,1.5,1.6,1.8,1.9,1.8,2,1.8,1.9,2,2.1,1.8,1.9,2,2.1,1.8,2.2,2.4,2.5,2.8,3,2.9,2.9,2.9,2.7,2.6,2.4,2.3,2.2,2,1.7,1.9,2.1,1.9,1.8,1.7,1.6,1.6,2.3,2.5,2.4,2.8,2.9,3,3,3,3.2,3,3,3.1,3.1,1.60,1.80,2.00,2.20,2.50,2.60,2.90,3.00,3.10,3.00,3.20,3.30,3.00,3.10,3.20,3.30,3.40,3.40,3.50,3.60
KG14,Semantan,2.3,2.1,2.2,2.1,2,1.9,1.8,1.7,1.5,1.4,1.3,1.2,1,0.8,1,1.2,1.4,1.4,1.5,1.8,2,1.9,2.1,2.2,2.1,2.2,2.3,2.4,2.2,2.3,2.4,2.3,2.1,2.2,2.3,2.4,2.5,1.9,2,1.9,1.8,1.7,1.5,1.4,1.3,1.1,1,0.9,1,1.1,1.2,1.3,1.4,1.5,1.6,1.3,1.1,1,0.9,1,1.1,1.2,1.3,1.4,1.5,1.6,1.5,1.7,1.9,1.9,2.1,2.3,2.3,2.3,2.4,2.5,2.3,2.5,2.3,2.3,2.3,2.4,2.5,2.5,2,1.8,1.3,1,1.1,1.3,1.5,1.8,2,1.7,1.4,4.6,4.3,4,3.6,3.3,2.8,2.4,2.1,2,1.7,1.8,1.6,1.4,1.4,1.2,0.8,0.4,0.6,0.8,0.9,1,1.2,1.4,1.5,1.5,1.6,1.8,1.7,1.9,2,1.8,1.9,2,1.8,1.8,1.9,2.1,2.5,2.7,2.7,2.8,2.7,2.6,2.5,2.6,2.4,2.3,2.1,2,1.9,1.7,1.4,1.6,1.7,1.5,1.4,1.3,1.2,1.3,2,2.2,2.1,2.5,2.5,2.6,2.7,2.7,2.9,2.6,2.7,2.8,2.8,1.80,2.00,2.20,2.40,2.70,2.70,3.10,3.20,3.30,3.20,3.40,3.50,3.20,3.30,3.40,3.50,3.60,3.60,3.70,3.80
KG15,Muzium Negara,2.1,1.9,2,1.9,1.8,1.7,1.6,1.5,1.3,1.2,1.1,1,0.8,0.6,0.8,1,1.2,1.2,1.3,1.6,1.8,1.7,1.9,2,1.9,2,2.1,2.2,2,2.1,2.2,2.1,1.9,2,2.1,2.2,2.3,1.7,1.8,1.7,1.6,1.5,1.3,1.2,1.1,0.9,0.8,0.7,0.8,0.9,1,1.1,1.2,1.3,1.4,1.1,0.9,0.8,0.7,0.8,0.9,1,1.1,1.2,1.3,1.4,1.3,1.5,1.7,1.7,1.9,2.1,2.1,2.1,2.2,2.3,2.1,2.3,2.1,2.1,2.1,2.2,2.3,2.3,1.8,1.6,1.1,0.8,0.9,1.1,1.3,1.6,1.8,1.5,1.2,4.4,4.1,3.8,3.4,3.1,2.6,2.2,1.8,2.1,1.8,1.7,1.7,1.6,1.6,1.4,1,0.6,0.4,0.6,0.7,0.9,1,1.2,1.3,1.5,1.4,1.6,1.8,1.8,1.9,2,1.8,1.9,1.7,1.8,1.8,1.8,2.2,2.4,2.5,2.6,2.5,2.4,2.3,2.4,2.2,2.1,1.9,1.8,1.7,1.5,1.2,1.4,1.5,1.3,1.2,1.1,1,1.1,1.8,2,1.9,2.3,2.3,2.4,2.5,2.5,2.7,2.4,2.5,2.6,2.6,2.00,2.20,2.40,2.60,2.70,2.50,3.00,3.10,3.50,3.40,3.60,3.70,3.40,3.50,3.60,3.70,3.80,3.80,3.90,4.00
KG16,Pasar Seni,1.9,1.7,1.8,1.7,1.6,1.5,1.4,1.3,1.1,1,0.9,0.8,0.6,0.4,0.6,0.8,1,1,1.1,1.4,1.6,1.5,1.7,1.8,1.7,1.8,1.9,2,1.8,1.9,2,1.9,1.7,1.8,1.9,2,2.1,1.5,1.6,1.5,1.4,1.3,1.1,1,0.9,0.7,0.6,0.5,0.6,0.7,0.8,0.9,1,1.1,1.2,0.9,0.7,0.6,0.5,0.6,0.7,0.8,0.9,1,1.1,1.2,1.1,1.3,1.5,1.5,1.7,1.9,1.9,1.9,2,2.1,1.9,2.1,1.9,1.9,1.9,2,2.1,2.1,1.6,1.4,0.9,0.6,0.7,0.9,1.1,1.4,1.6,1.3,1,4.2,3.9,3.6,3.2,2.9,2.4,2,1.9,1.9,2,1.8,1.9,1.7,1.5,1.5,1.1,0.8,0.6,0.4,0.5,0.7,0.9,1,1.1,1.4,1.5,1.5,1.7,1.9,1.8,1.9,2,1.8,2.1,2.1,1.8,1.9,2.3,2.5,2.4,2.4,2.3,2.2,2.2,2.1,1.9,1.8,1.6,1.5,1.4,1.2,1,1.1,1.3,1.2,1.1,1,0.9,0.9,1.6,1.8,1.7,2.1,2.2,2.3,2.3,2.3,2.5,2.3,2.3,2.4,2.4,2.10,2.30,2.50,2.70,2.50,2.30,2.80,2.90,3.40,3.50,3.70,3.80,3.50,3.60,3.70,3.80,3.60,3.70,3.80,3.90
KG17,Merdeka,1.9,1.8,1.8,1.6,1.5,1.4,1.3,1.2,1.1,1,0.8,0.7,0.5,0.5,0.7,0.9,1.1,1.1,1.2,1.5,1.6,1.6,1.8,1.9,1.8,1.9,2,1.9,1.9,2,2.1,1.8,1.8,1.9,2,2.1,2.1,1.4,1.5,1.4,1.3,1.2,1,0.9,0.8,0.6,0.5,0.4,0.5,0.6,0.7,0.8,1,1,1.1,0.8,0.6,0.5,0.4,0.5,0.6,0.7,0.8,1,1,1.1,1,1.2,1.4,1.4,1.6,1.8,1.9,1.8,1.9,2,1.8,2,2,1.8,1.8,1.9,2,2.1,1.5,1.3,0.8,0.5,0.6,0.8,1,1.3,1.5,1.3,1,4.3,4,3.7,3.3,3,2.5,2.1,2,1.9,2,1.9,1.7,1.8,1.6,1.4,1.2,0.9,0.7,0.5,0.4,0.6,0.8,1,1,1.3,1.4,1.4,1.6,1.8,1.7,1.9,1.9,2.1,2,2.1,1.7,2,2.2,2.4,2.3,2.3,2.2,2.2,2.1,2.1,1.9,1.8,1.6,1.5,1.4,1.2,1,1.1,1.3,1.1,1,0.9,0.8,0.8,1.5,1.7,1.6,2,2.1,2.2,2.2,2.2,2.4,2.2,2.2,2.3,2.3,2.20,2.40,2.60,2.80,2.60,2.40,2.90,3.00,3.50,3.60,3.80,3.90,3.60,3.70,3.80,3.90,3.70,3.80,3.90,4.00
KG18A,Bukit Bintang,2.1,2,2,1.8,1.7,1.6,1.5,1.4,1.3,1.2,1,0.9,0.7,0.7,0.9,1.1,1.3,1.3,1.4,1.7,1.8,1.8,2,2.1,2,2.1,2.2,2.1,2.1,2.2,2.3,2,2,2.1,2.2,2.3,2.3,1.6,1.6,1.5,1.4,1.2,1,1,0.9,0.8,0.7,0.6,0.7,0.8,0.9,1,1.2,1.2,1.3,0.9,0.8,0.7,0.6,0.7,0.8,0.9,1,1.2,1.2,1.3,1.2,1.4,1.6,1.6,1.7,2,2.1,2,2.1,2.2,2,2.2,2.2,2,2,2.1,2.2,2.3,1.7,1.5,1,0.7,0.8,1,1.2,1.5,1.7,1.5,1.2,4.5,4.2,3.9,3.5,3.2,2.7,2.3,2,2,1.8,2,1.8,1.9,1.7,1.5,1.4,1,0.9,0.7,0.6,0.4,0.6,0.8,1,1.1,1.3,1.5,1.5,1.7,1.9,1.8,1.8,2,1.9,2,2.1,2,2.3,2.2,2.1,2.3,2.2,2,1.9,2,1.9,1.8,1.7,1.7,1.6,1.4,1.2,1.2,1.1,0.9,0.8,0.7,0.6,0.9,1.5,1.7,1.7,2,1.9,2,2.2,2.2,2.3,2,2.1,2.2,2.2,2.30,2.50,2.70,2.90,2.80,2.60,3.10,3.20,3.70,3.70,3.90,4.00,3.70,3.80,3.90,4.00,3.90,4.00,4.10,4.20
KG20,Tun Razak Exchange,2.3,2.2,2.2,2,1.9,1.8,1.7,1.6,1.5,1.4,1.2,1.1,0.9,0.9,1.1,1.3,1.5,1.5,1.6,1.9,2,2,2.2,2.3,2.2,2.3,2.4,2.3,2.3,2.4,2.5,2.2,2.2,2.3,2.4,2.5,2.3,1.4,1.3,1.2,1.1,0.9,0.7,0.8,0.7,0.9,0.9,0.8,0.9,1,1.1,1.2,1.1,1.2,1.3,0.7,0.9,0.9,0.8,0.9,1,1.1,1.2,1.1,1.2,1.3,1,1.2,1.4,1.6,1.5,1.8,1.9,2.1,2,2.1,2.2,2.1,2.2,2.2,2.2,2,2.1,2.3,1.9,1.7,1.2,0.9,1,1.2,1.4,1.7,1.8,1.4,1.1,4.7,4.4,4.1,3.7,3.4,2.9,2.5,1.7,2,1.9,2.1,1.9,1.8,1.9,1.7,1.6,1.2,1,0.9,0.8,0.6,0.4,0.6,0.7,1,1.1,1.3,1.5,1.5,1.7,1.9,1.7,1.9,1.8,1.9,2,1.7,2.1,2,1.9,2.1,2,1.8,1.7,1.8,1.7,1.6,1.5,1.6,1.5,1.3,1.1,1,0.9,0.7,0.6,0.5,0.4,0.7,1.3,1.5,1.5,1.8,1.7,1.8,2,2,2.1,1.8,1.9,2,2,2.20,2.40,2.60,2.80,3.00,2.80,3.30,3.40,3.70,3.60,3.80,3.90,3.60,3.70,3.80,3.90,4.00,4.00,4.10,4.20
KG21,Cochrane,2.5,2.3,2.4,2.2,2.1,2,1.9,1.8,1.7,1.6,1.4,1.3,1.1,1,1.2,1.4,1.6,1.6,1.7,2,2.2,2.1,2.3,2.4,2.3,2.4,2.5,2.5,2.4,2.5,2.6,2.4,2.3,2.4,2.5,2.5,2.2,1.3,1.2,1.1,1,0.8,0.6,0.8,0.9,1,1.1,1,1.1,1.2,1.3,1.4,1.3,1.4,1.5,0.9,1,1.1,1,1.1,1.2,1.3,1.4,1.3,1.4,1.5,0.9,1.1,1.3,1.5,1.7,1.7,1.8,2,1.9,2,2.1,2,2.1,2.2,2.3,1.9,2,2.2,2.1,1.9,1.4,1.1,1.2,1.4,1.6,1.9,2,1.6,1.3,4.8,4.5,4.2,3.8,3.5,3,2.6,1.8,1.7,2,1.8,2,1.9,1.7,1.8,1.5,1.4,1.2,1,1,0.8,0.6,0.4,0.6,0.8,1,1.1,1.3,1.4,1.6,1.8,1.8,1.8,2.1,1.8,1.9,1.8,2.2,2.2,2.1,2.3,2.2,2,1.9,2,1.9,1.8,1.7,1.8,1.7,1.5,1.3,1.2,1.1,0.9,0.8,0.7,0.6,0.9,1.5,1.7,1.7,2,1.9,2,2.2,2.2,2.3,2,2.1,2.2,2.2,2.30,2.50,2.70,2.90,3.10,2.90,3.40,3.50,3.80,3.70,3.90,4.00,3.70,3.80,3.90,4.00,4.10,4.10,4.20,4.30
KG22,Maluri,2.5,2.4,2.4,2.2,2.1,2,1.9,1.8,1.7,1.6,1.4,1.3,1.1,1.1,1.3,1.5,1.7,1.7,1.8,2.1,2.2,2.2,2.4,2.5,2.4,2.5,2.6,2.5,2.5,2.6,2.7,2.4,2.4,2.5,2.5,2.3,2,1.1,1,0.9,0.8,0.6,0.4,0.6,0.7,0.8,1,1,1.1,1.2,1.3,1.4,1.4,1.5,1.5,0.7,0.8,1,1,1.1,1.2,1.3,1.4,1.4,1.5,1.5,0.7,0.9,1.1,1.3,1.5,1.5,1.6,1.8,1.7,1.8,1.9,1.8,1.9,2,2.1,1.7,1.8,2,2,1.8,1.3,1,1.1,1.3,1.5,1.8,2,1.7,1.4,4.9,4.6,4.3,3.9,3.6,3.1,2.7,1.9,1.8,2,1.9,1.8,2,1.8,1.7,1.6,1.5,1.3,1.1,1,1,0.7,0.6,0.4,0.7,0.8,1,1.2,1.5,1.5,1.6,1.7,1.7,2,2.1,1.8,1.9,2.1,2.3,2.2,2.2,2.1,2.1,2,2.1,2,1.9,1.8,1.8,1.8,1.6,1.4,1.3,1.2,1,0.9,0.8,0.7,0.7,1.4,1.6,1.5,1.9,2,2.1,2.1,2.1,2.3,2.1,2.1,2.2,2.2,2.40,2.60,2.80,3.00,3.20,3.00,3.50,3.60,3.90,3.80,4.00,4.10,3.80,3.90,4.00,4.10,4.20,4.20,4.30,4.40
KG23,Taman Pertama,2.8,2.7,2.7,2.5,2.4,2.3,2.2,2.1,2,1.9,1.7,1.6,1.4,1.4,1.6,1.8,2,2,2.1,2.4,2.5,2.5,2.7,2.8,2.7,2.8,2.9,2.8,2.8,2.9,3,2.7,2.7,2.8,2.8,2.6,2.3,1.4,1.3,1.2,1.1,0.9,0.7,0.9,1,1.1,1.3,1.3,1.4,1.5,1.6,1.7,1.7,1.8,1.8,1,1.1,1.3,1.3,1.4,1.5,1.6,1.7,1.7,1.8,1.8,1,1.2,1.4,1.6,1.8,1.8,1.9,2.1,2,2.1,2.2,2.1,2.2,2.3,2.4,2,2.1,2.3,2.3,2.1,1.6,1.3,1.4,1.6,1.8,2.1,2.3,2,1.7,5.2,4.9,4.6,4.2,3.9,3.4,3,2,1.9,1.7,2.1,1.9,1.8,2,1.8,1.8,1.5,1.5,1.4,1.3,1.1,1,0.8,0.7,0.4,0.6,0.8,1,1.3,1.5,1.5,1.5,1.7,1.8,1.9,2,2,2.4,2.6,2.5,2.5,2.4,2.4,2.3,2.4,2.3,2.2,2.1,2.1,2.1,1.9,1.7,1.6,1.5,1.3,1.2,1.1,1,1,1.7,1.9,1.8,2.2,2.3,2.4,2.4,2.4,2.6,2.4,2.4,2.5,2.5,2.20,2.40,2.60,2.80,3.10,3.20,3.50,3.60,3.70,3.60,3.80,3.90,3.60,3.70,3.80,3.90,4.00,4.00,4.10,4.20
KG24,Taman Midah,2.9,2.8,2.8,2.6,2.5,2.4,2.3,2.2,2.1,2,1.8,1.7,1.5,1.5,1.7,1.9,2.1,2.1,2.2,2.5,2.6,2.6,2.8,2.9,2.8,2.9,3,2.9,2.9,3,3.1,2.8,2.8,2.9,2.9,2.7,2.4,1.5,1.4,1.3,1.2,1,0.8,1,1.1,1.2,1.4,1.4,1.5,1.6,1.7,1.8,1.8,1.9,1.9,1.1,1.2,1.4,1.4,1.5,1.6,1.7,1.8,1.8,1.9,1.9,1.1,1.3,1.5,1.7,1.9,1.9,2,2.2,2.1,2.2,2.3,2.2,2.3,2.4,2.5,2.1,2.2,2.4,2.4,2.2,1.7,1.4,1.5,1.7,1.9,2.2,2.4,2.1,1.8,5.3,5,4.7,4.3,4,3.5,3.1,2,1.9,1.8,2.1,2,1.9,2.1,1.9,1.9,1.6,1.4,1.5,1.4,1.3,1.1,1,0.8,0.6,0.4,0.7,0.9,1.1,1.3,1.6,1.4,1.6,1.7,1.8,1.9,2,2.4,2.6,2.6,2.6,2.5,2.5,2.4,2.5,2.4,2.3,2.2,2.2,2.2,2,1.8,1.7,1.6,1.4,1.3,1.2,1.1,1.1,1.8,2,1.9,2.3,2.4,2.5,2.5,2.5,2.7,2.5,2.5,2.6,2.6,2.30,2.50,2.70,2.90,3.20,3.30,3.60,3.70,3.80,3.70,3.90,4.00,3.70,3.80,3.90,4.00,4.10,4.10,4.20,4.30
KG25,Taman Mutiara,2.9,2.8,2.8,2.6,2.5,2.4,2.3,2.2,2.1,2,1.8,1.7,1.5,1.5,1.7,1.9,2.1,2.1,2.2,2.5,2.6,2.6,2.8,2.9,2.8,2.9,3,2.9,2.9,3,3.1,2.8,2.8,2.9,3,2.9,2.6,1.7,1.6,1.5,1.4,1.2,1,1.2,1.3,1.4,1.5,1.4,1.5,1.6,1.7,1.8,2,2,2.1,1.3,1.4,1.5,1.4,1.5,1.6,1.7,1.8,2,2,2.1,1.3,1.5,1.7,1.9,2.1,2.1,2.2,2.4,2.3,2.4,2.5,2.4,2.5,2.6,2.7,2.3,2.4,2.6,2.5,2.3,1.8,1.5,1.6,1.8,2,2.3,2.5,2.3,2,5.3,5,4.7,4.3,4,3.5,3.1,2.1,2,1.9,1.8,2.1,2,1.9,2.1,1.8,1.8,1.6,1.5,1.4,1.5,1.3,1.1,1,0.8,0.7,0.4,0.6,1,1.1,1.3,1.4,1.4,1.8,1.9,1.8,2.1,2.5,2.7,2.8,2.8,2.7,2.7,2.6,2.7,2.6,2.5,2.4,2.4,2.4,2.2,2,1.9,1.8,1.6,1.5,1.4,1.3,1.3,2,2.2,2.1,2.5,2.6,2.7,2.7,2.7,2.9,2.7,2.7,2.8,2.8,2.40,2.60,2.80,3.00,3.30,3.40,3.70,3.80,3.90,3.80,4.00,4.10,3.80,3.90,4.00,4.10,4.20,4.20,4.30,4.40
KG26,Taman Connaught,3.1,3,3,2.8,2.7,2.6,2.5,2.4,2.3,2.2,2,1.9,1.7,1.7,1.9,2.1,2.3,2.3,2.4,2.7,2.8,2.8,3,3.1,3,3.1,3.2,3.1,3.1,3.2,3.3,3,3,3.1,3.2,3.1,2.8,1.9,1.8,1.7,1.6,1.4,1.2,1.4,1.5,1.6,1.7,1.6,1.7,1.8,1.9,2,2.2,2.2,2.3,1.5,1.6,1.7,1.6,1.7,1.8,1.9,2,2.2,2.2,2.3,1.5,1.7,1.9,2.1,2.3,2.3,2.4,2.6,2.5,2.6,2.7,2.6,2.7,2.8,2.9,2.5,2.6,2.8,2.7,2.5,2,1.7,1.8,2,2.2,2.5,2.7,2.5,2.2,5.5,5.2,4.9,4.5,4.2,3.7,3.3,2.2,2.1,2,1.9,1.8,2.1,2,1.9,2,1.7,1.8,1.7,1.6,1.5,1.5,1.3,1.2,1,0.9,0.6,0.4,0.8,1,1.1,1.2,1.5,1.6,1.7,1.9,2.2,2.6,2.8,2.9,3,2.9,2.9,2.8,2.9,2.8,2.7,2.6,2.6,2.6,2.4,2.2,2.1,2,1.8,1.7,1.6,1.5,1.5,2.2,2.4,2.3,2.7,2.8,2.9,2.9,2.9,3.1,2.9,2.9,3,3,2.50,2.70,2.90,3.10,3.40,3.50,3.80,3.90,4.00,3.90,4.10,4.20,3.90,4.00,4.10,4.20,4.30,4.30,4.40,4.50
KG27,Taman Suntex,3.3,3.2,3.2,3,2.9,2.8,2.7,2.6,2.5,2.4,2.2,2.1,1.9,1.9,2.1,2.3,2.5,2.5,2.6,2.9,3,3,3.2,3.3,3.2,3.3,3.4,3.3,3.3,3.4,3.5,3.2,3.2,3.3,3.4,3.4,3.1,2.2,2.1,2,1.9,1.7,1.5,1.7,1.8,1.9,1.9,1.8,1.9,2,2.1,2.2,2.2,2.3,2.4,1.8,1.9,1.9,1.8,1.9,2,2.1,2.2,2.2,2.3,2.4,1.8,2,2.2,2.4,2.6,2.6,2.7,2.9,2.8,2.9,3,2.9,3,3.1,3.2,2.8,2.9,3.1,2.9,2.7,2.2,1.9,2,2.2,2.4,2.7,2.9,2.5,2.2,5.7,5.4,5.1,4.7,4.4,3.9,3.5,2.3,2.2,2.1,2,1.9,1.8,2.1,2,1.8,1.9,1.8,1.9,1.8,1.7,1.5,1.4,1.5,1.3,1.1,1,0.8,0.4,0.6,0.9,1,1.2,1.4,1.5,1.6,2.3,2.7,2.9,3,3.2,3.1,2.9,2.8,2.9,2.8,2.7,2.6,2.7,2.6,2.4,2.2,2.1,2,1.8,1.7,1.6,1.5,1.8,2.4,2.6,2.6,2.9,2.8,2.9,3.1,3.1,3.2,2.9,3,3.1,3.1,2.20,2.40,2.60,2.80,3.10,3.20,3.50,3.60,3.70,3.60,3.80,3.90,3.60,3.70,3.80,3.90,4.00,4.00,4.10,4.20
KG28,Seri Raya,3.2,3.1,3.1,2.9,2.8,2.7,2.6,2.5,2.4,2.3,2.1,2,1.8,1.8,2,2.2,2.4,2.4,2.5,2.8,2.9,2.9,3.1,3.2,3.1,3.2,3.3,3.2,3.2,3.3,3.4,3.1,3.1,3.2,3.3,3.4,3.1,2.2,2.1,2,1.9,1.7,1.5,1.7,1.8,1.9,1.8,1.7,1.8,1.9,2,2.1,2.3,2.3,2.4,1.8,1.9,1.8,1.7,1.8,1.9,2,2.1,2.3,2.3,2.4,1.8,2,2.2,2.4,2.6,2.6,2.7,2.9,2.8,2.9,3,2.9,3,3.1,3.1,2.8,2.9,3.1,2.8,2.6,2.1,1.8,1.9,2.1,2.3,2.6,2.8,2.6,2.3,5.6,5.3,5,4.6,4.3,3.8,3.4,2.4,2.3,2.2,2.1,2,1.9,1.8,2.1,1.9,2,1.9,1.8,1.7,1.9,1.7,1.6,1.5,1.5,1.3,1.1,1,0.6,0.4,0.6,0.8,1,1.4,1.5,1.5,2.4,2.8,3,3.1,3.3,3.2,3.1,3,3.1,3,2.9,2.8,2.8,2.7,2.5,2.3,2.3,2.2,2,1.9,1.8,1.7,1.8,2.5,2.7,2.6,3,3,3.1,3.2,3.2,3.4,3.1,3.2,3.3,3.3,2.30,2.50,2.70,2.90,3.20,3.30,3.60,3.70,3.80,3.70,3.90,4.00,3.70,3.80,3.90,4.00,4.10,4.10,4.20,4.30
KG29,Bandar Tun Hussein Onn,3.4,3.2,3.3,3.1,3,2.9,2.8,2.7,2.6,2.5,2.3,2.2,2,1.9,2.1,2.3,2.5,2.5,2.6,2.9,3.1,3,3.2,3.3,3.2,3.3,3.4,3.4,3.3,3.4,3.5,3.3,3.2,3.3,3.4,3.5,3.2,2.3,2.2,2.1,2,1.8,1.6,1.8,1.9,2,2,1.9,2,2.1,2.2,2.3,2.5,2.5,2.6,1.9,2,2,1.9,2,2.1,2.2,2.3,2.5,2.5,2.6,1.9,2.1,2.3,2.5,2.7,2.7,2.8,3,2.9,3,3.1,3,3.1,3.2,3.3,2.9,3,3.2,3,2.8,2.3,2,2.1,2.3,2.5,2.8,3,2.8,2.5,5.7,5.4,5.1,4.7,4.4,3.9,3.5,2.5,2.4,2.3,2.2,2.1,2,1.9,1.8,2,1.8,2,1.9,1.9,1.8,1.9,1.8,1.6,1.5,1.6,1.3,1.1,0.9,0.6,0.4,0.5,0.8,1.2,1.3,1.5,2.5,2.9,3.1,3.2,3.4,3.3,3.3,3.2,3.3,3.2,3.1,3,3,2.9,2.7,2.5,2.5,2.4,2.2,2.1,2,1.9,1.9,2.6,2.8,2.7,3.1,3.2,3.3,3.3,3.3,3.5,3.3,3.3,3.4,3.4,2.40,2.60,2.80,3.00,3.30,3.40,3.70,3.80,3.90,3.80,4.00,4.10,3.80,3.90,4.00,4.10,4.20,4.20,4.30,4.40
KG30,Batu Sebelas Cheras,3.4,3.3,3.3,3.1,3,2.9,2.8,2.7,2.6,2.5,2.3,2.2,2,2,2.2,2.4,2.6,2.6,2.7,3,3.1,3.1,3.3,3.4,3.3,3.4,3.5,3.4,3.4,3.5,3.6,3.3,3.3,3.4,3.5,3.6,3.3,2.4,2.3,2.2,2.1,1.9,1.7,1.9,2,2.1,2,1.9,2,2.1,2.2,2.3,2.4,2.5,2.6,2,2.1,2,1.9,2,2.1,2.2,2.3,2.4,2.5,2.6,2,2.2,2.4,2.6,2.8,2.8,2.9,3.1,3,3.1,3.2,3.1,3.2,3.3,3.3,3,3.1,3.3,3,2.8,2.3,2,2.1,2.3,2.5,2.8,3,2.7,2.4,5.8,5.5,5.2,4.8,4.5,4,3.6,2.5,2.5,2.3,2.2,2.1,2,1.9,1.8,2.1,1.9,1.8,2,1.9,1.8,1.7,1.8,1.7,1.5,1.4,1.4,1.2,1,0.8,0.5,0.4,0.7,1.1,1.2,1.4,2.5,2.9,3.1,3.2,3.4,3.3,3.1,3,3.1,3,2.9,2.8,2.9,2.8,2.6,2.4,2.3,2.2,2,1.9,1.8,1.7,2,2.6,2.8,2.8,3.1,3,3.1,3.3,3.3,3.4,3.1,3.2,3.3,3.3,2.40,2.60,2.80,3.00,3.30,3.40,3.70,3.80,3.90,3.80,4.00,4.10,3.80,3.90,4.00,4.10,4.20,4.20,4.30,4.40
KG31,Bukit Dukung,3.3,3.1,3.2,3.1,3,2.9,2.8,2.7,2.5,2.4,2.3,2.2,2,1.8,2,2.2,2.4,2.4,2.5,2.8,3,2.9,3.1,3.2,3.1,3.2,3.3,3.4,3.2,3.3,3.4,3.5,3.1,3.2,3.3,3.4,3.3,2.4,2.3,2.2,2.1,1.9,1.7,1.9,2,2.1,2.2,2.1,2,2.1,2.2,2.3,2.4,2.5,2.6,2,2.1,2.2,2.1,2,2.1,2.2,2.3,2.4,2.5,2.6,2,2.2,2.4,2.6,2.8,2.8,2.9,3.1,3,3.1,3.2,3.1,3.2,3.3,3.4,3,3.1,3.3,3.2,3,2.5,2.2,2.3,2.5,2.7,3,3.1,2.7,2.4,5.6,5.3,5,4.6,4.3,3.8,3.4,2.6,2.6,2.4,2.3,2.2,2.1,2,1.9,1.8,2,1.9,1.8,2.1,2,1.9,1.8,1.7,1.7,1.6,1.4,1.5,1.2,1,0.8,0.7,0.4,0.9,1,1.1,2.6,3,3.2,3.3,3.5,3.4,3.3,3.2,3.3,3.2,3.1,3,3.1,3,2.8,2.4,2.5,2.4,2.2,2.1,2,1.9,2,2.7,2.9,2.8,3.2,3.2,3.3,3.4,3.4,3.6,3.3,3.4,3.5,3.5,2.50,2.70,2.90,3.10,3.40,3.50,3.80,3.90,4.00,3.90,4.10,4.20,3.90,4.00,4.10,4.20,4.30,4.30,4.40,4.50
KG33,Sungai Jernih,3.5,3.4,3.4,3.2,3.1,3,2.9,2.8,2.7,2.6,2.4,2.3,2.1,2.1,2.3,2.5,2.7,2.7,2.8,3.1,3.2,3.2,3.4,3.5,3.4,3.5,3.6,3.5,3.5,3.6,3.7,3.4,3.4,3.5,3.6,3.7,3.6,2.7,2.6,2.5,2.4,2.2,2,2.2,2.1,2.2,2.1,2,2.1,2.2,2.3,2.4,2.5,2.6,2.7,2.1,2.2,2.1,2,2.1,2.2,2.3,2.4,2.5,2.6,2.7,2.3,2.5,2.7,2.9,2.9,3.1,3.2,3.4,3.3,3.4,3.4,3.4,3.5,3.4,3.4,3.3,3.4,3.6,3.1,2.9,2.4,2.1,2.2,2.4,2.6,2.9,3.1,2.8,2.5,5.9,5.6,5.3,4.9,4.6,4.1,3.7,2.8,2.7,2.6,2.5,2.4,2.3,2.2,2.1,1.9,1.8,1.7,2.1,2,1.9,1.8,2.1,2,1.8,1.7,1.8,1.6,1.4,1.4,1.2,1.1,0.9,0.4,0.5,0.7,2.8,3.2,3.4,3.3,3.5,3.4,3.2,3.1,3.2,3.1,3,2.9,3,2.9,2.7,2.5,2.4,2.3,2.1,2,1.9,1.8,2.1,2.7,2.9,2.9,3.2,3.1,3.2,3.4,3.4,3.5,3.2,3.3,3.4,3.4,2.70,2.90,3.10,3.30,3.60,3.70,4.00,4.10,4.20,4.10,4.30,4.40,4.10,4.20,4.30,4.40,4.50,4.50,4.60,4.70
KG34,Stadium Kajang,3.6,3.4,3.5,3.3,3.2,3.1,3,2.9,2.8,2.7,2.5,2.4,2.2,2.1,2.3,2.5,2.7,2.7,2.8,3.1,3.3,3.2,3.4,3.5,3.4,3.5,3.6,3.6,3.5,3.6,3.7,3.5,3.4,3.5,3.6,3.7,3.7,2.8,2.7,2.6,2.5,2.3,2.1,2.3,2.2,2.3,2.2,2.1,2.2,2.3,2.4,2.5,2.6,2.7,2.8,2.2,2.3,2.2,2.1,2.2,2.3,2.4,2.5,2.6,2.7,2.8,2.4,2.6,2.8,3,3,3.2,3.3,3.5,3.4,3.5,3.5,3.5,3.6,3.5,3.5,3.4,3.5,3.7,3.2,3,2.5,2.2,2.3,2.5,2.7,3,3.2,2.9,2.6,5.9,5.6,5.3,4.9,4.6,4.1,3.7,2.8,2.8,2.6,2.5,2.4,2.3,2.2,2.2,2,1.8,1.8,2.1,2.1,2,1.9,1.8,2.1,1.9,1.8,1.9,1.7,1.5,1.5,1.3,1.2,1,0.5,0.4,0.6,2.8,3.2,3.4,3.4,3.6,3.5,3.3,3.2,3.3,3.2,3.1,3,3.1,3,2.8,2.6,2.5,2.4,2.2,2.1,2,1.9,2.2,2.8,3,3,3.3,3.2,3.3,3.5,3.5,3.6,3.3,3.4,3.5,3.5,2.70,2.90,3.10,3.30,3.60,3.70,4.00,4.10,4.20,4.10,4.30,4.40,4.10,4.20,4.30,4.40,4.50,4.50,4.60,4.70
KG35,Kajang,3.2,3.1,3.1,2.9,2.8,2.7,2.6,2.5,2.4,2.3,2.1,2,1.8,1.8,2,2.2,2.4,2.4,2.5,2.8,2.9,2.9,3.1,3.2,3.1,3.2,3.3,3.2,3.2,3.3,3.4,3.1,3.1,3.2,3.3,3.4,3.4,2.5,2.4,2.3,2.2,2,1.8,2,2.1,1.9,1.8,1.7,1.8,1.9,2,2.1,2.3,2.3,2.4,2.1,1.9,1.8,1.7,1.8,1.9,2,2.1,2.3,2.3,2.4,2.1,2.3,2.5,2.7,2.9,2.9,3,3.1,3.1,3.2,3.1,3.2,3.3,3.1,3.1,3.1,3.2,3.4,2.8,2.6,2.1,1.8,1.9,2.1,2.3,2.6,2.8,2.6,2.3,5.6,5.3,5,4.6,4.3,3.8,3.4,2.9,2.9,2.7,2.6,2.5,2.4,2.3,2.2,2.1,1.9,1.8,1.8,1.7,2.1,2,1.9,1.8,2,1.9,1.8,1.9,1.6,1.5,1.5,1.4,1.1,0.7,0.6,0.4,2.9,3.3,3.5,3.5,3.6,3.5,3.4,3.3,3.4,3.2,3.1,2.9,2.8,2.7,2.5,2.3,2.4,2.5,2.3,2.2,2.1,2,2.1,2.8,3,2.9,3.3,3.3,3.4,3.5,3.5,3.7,3.4,3.5,3.6,3.6,2.80,3.00,3.20,3.40,3.70,3.70,4.10,4.20,4.30,4.20,4.40,4.50,4.20,4.30,4.40,4.50,4.60,4.60,4.70,4.80
PY01,Kwasa Damansara,3.4,3.2,3.3,3.2,3.1,3,2.9,2.8,2.6,2.5,2.4,2.3,2.1,1.9,2.1,2.3,2.5,2.5,2.6,2.9,3.1,3,3.2,3.3,3.2,3.3,3.4,3.5,3.3,3.4,3.5,3.4,3.2,3.3,3.4,3.5,3.5,2.6,2.5,2.4,2.3,2.1,1.9,2,1.9,2.1,2.1,2,2.1,2.2,2.1,2,1.9,2,2.1,1.9,2.1,2.1,2,2.1,2.2,2.1,2,1.9,2,2.1,2.2,2.4,2.6,2.6,2.4,2.7,2.8,3,3.2,3.3,3.4,3.3,3.4,3.4,3.4,3.2,3.3,3.5,3.1,2.9,2.4,2.1,2.2,2.4,2.6,2.7,2.6,2.2,1.9,5.7,5.4,5.1,4.7,4.4,3.9,3.5,0.4,0.6,0.9,1.2,1.4,1.4,1.6,1.8,1.8,2.1,1.8,1.9,2,2,1.7,1.8,1.9,2,2,2.1,2.2,2.3,2.4,2.5,2.5,2.6,2.8,2.8,2.9,0.4,0.8,1,1.1,1.4,1.6,1.5,1.7,1.8,1.9,1.7,1.8,2,2,1.8,1.9,1.9,2,2,1.7,1.8,1.7,1.9,2.2,2.3,2.4,2.5,2.6,2.6,2.7,3,3.1,3.1,3.2,3.3,3.3,1.80,2.00,2.20,2.40,2.70,2.80,3.10,3.20,3.30,3.20,3.40,3.50,3.20,3.30,3.40,3.50,3.60,3.60,3.70,3.80
PY03,Kampung Selamat,3.7,3.6,3.6,3.4,3.3,3.2,3.1,3,2.9,2.8,2.6,2.5,2.3,2.3,2.5,2.7,2.9,2.9,3,3.3,3.4,3.4,3.6,3.7,3.6,3.7,3.8,3.7,3.7,3.8,3.9,3.6,3.6,3.7,3.8,3.7,3.4,2.7,2.6,2.5,2.4,2.3,2.1,1.9,1.8,2,2.1,2.2,2.3,2.3,2.2,2.1,2,2.1,2.2,1.8,2,2.1,2.2,2.3,2.3,2.2,2.1,2,2.1,2.2,2.1,2.3,2.5,2.4,2.2,2.5,2.6,2.8,3,3.1,3.3,3.2,3.3,3.4,3.5,3.1,3.2,3.4,3.1,2.9,2.4,2.1,2.2,2.4,2.6,2.8,2.7,2.3,2,6.1,5.8,5.5,5.1,4.8,4.3,3.9,0.8,1,1.3,1.6,1.8,1.8,2,2.2,2.2,2.5,2.2,2.3,2.2,2.3,2.1,2.2,2.1,2.4,2.4,2.5,2.6,2.7,2.8,2.9,2.9,3,3.2,3.2,3.3,0.8,0.4,0.6,0.8,1,1.2,1.4,1.4,1.5,1.6,1.7,1.8,1.7,1.8,1.9,2,2.1,1.8,1.9,2,2,2.1,1.8,2,2.1,2.2,2.4,2.5,2.5,2.6,2.8,2.9,3.1,3.2,3.2,3.3,2.20,2.40,2.60,2.80,3.10,3.20,3.50,3.60,3.70,3.60,3.80,3.90,3.60,3.70,3.80,3.90,4.00,4.00,4.10,4.20
PY04,Sungai Buloh,3.7,3.8,3.6,3.4,3.3,3.2,3.1,3,2.9,2.8,2.6,2.5,2.3,2.5,2.7,2.9,3,3.1,3.2,3.5,3.4,3.5,3.7,3.8,3.7,3.8,3.9,3.7,3.8,3.9,4,3.6,3.7,3.8,3.9,3.9,3.7,3,2.9,2.8,2.7,2.5,2.3,2.2,2.1,2.3,2.4,2.4,2.3,2.2,2.1,2,1.9,2,2.1,2.1,2.3,2.4,2.4,2.3,2.2,2.1,2,1.9,2,2.1,2.4,2.6,2.7,2.4,2.2,2.5,2.6,2.8,3,3.1,3.3,3.3,3.4,3.5,3.5,3.4,3.5,3.7,3.4,3.2,2.7,2.4,2.5,2.7,2.9,2.7,2.6,2.2,1.9,6.2,5.9,5.6,5.2,4.9,4.4,4,1,1.2,1.5,1.8,2,2,2.2,2.4,2.4,2.7,2.4,2.5,2.4,2.2,2,2.2,2.3,2.6,2.6,2.7,2.8,2.9,3,3.1,3.1,3.2,3.4,3.4,3.5,1,0.6,0.4,0.6,0.9,1,1.2,1.4,1.6,1.5,1.6,1.7,1.8,1.9,1.8,1.9,2,2.1,1.8,1.9,1.9,2,2.1,2,2.1,2.2,2.3,2.4,2.4,2.5,2.8,2.9,3,3.1,3.2,3.2,2.40,2.60,2.80,3.00,3.30,3.40,3.70,3.80,3.90,3.80,4.00,4.10,3.80,3.90,4.00,4.10,4.20,4.20,4.30,4.40
PY05,Damansara Damai,3.6,3.7,3.5,3.3,3.2,3.1,3,2.9,2.8,2.7,2.5,2.4,2.2,2.4,2.6,2.8,2.9,3,3.1,3.4,3.3,3.4,3.6,3.7,3.6,3.7,3.8,3.6,3.7,3.8,3.9,3.5,3.6,3.7,3.8,3.8,3.6,2.9,2.8,2.7,2.6,2.4,2.2,2.1,2,2.2,2.3,2.3,2.2,2.1,2,1.9,1.8,1.9,2,2,2.2,2.3,2.3,2.2,2.1,2,1.9,1.8,1.9,2,2.3,2.5,2.6,2.3,2.1,2.4,2.5,2.7,2.9,3,3.2,3.2,3.3,3.4,3.4,3.3,3.4,3.6,3.3,3.1,2.6,2.3,2.4,2.6,2.8,2.6,2.5,2.1,1.8,6.1,5.8,5.5,5.1,4.8,4.3,3.9,1.1,1.3,1.6,1.9,2.1,2.1,2.3,2.5,2.5,2.7,2.5,2.4,2.3,2.1,1.9,2.1,2.2,2.5,2.6,2.8,2.9,3,3.1,3.2,3.2,3.3,3.3,3.4,3.5,1.1,0.8,0.6,0.4,0.7,0.9,1,1.2,1.4,1.5,1.4,1.5,1.7,1.8,1.9,1.8,1.8,2,2.1,2.1,1.8,1.9,2,1.9,2,2.1,2.2,2.3,2.3,2.4,2.7,2.8,2.9,3,3.1,3.1,2.50,2.70,2.90,3.10,3.40,3.50,3.80,3.90,4.00,3.90,4.10,4.20,3.90,4.00,4.10,4.20,4.30,4.30,4.40,4.50
PY06,Sri Damansara Barat,3.7,3.8,3.6,3.4,3.3,3.2,3.1,3,2.9,2.8,2.6,2.5,2.3,2.4,2.7,2.9,3,3.1,3.2,3.5,3.4,3.5,3.7,3.8,3.7,3.8,3.9,3.7,3.8,3.9,4,3.6,3.7,3.8,3.9,3.8,3.5,2.8,2.7,2.6,2.5,2.4,2.2,2,1.9,2.1,2.2,2.3,2.3,2.2,2.1,2,1.9,2,2.1,1.9,2.1,2.2,2.3,2.3,2.2,2.1,2,1.9,2,2.1,2.2,2.4,2.5,2.2,2,2.3,2.4,2.6,2.8,2.9,3.1,3.2,3.4,3.3,3.3,3.2,3.3,3.5,3.2,3,2.5,2.2,2.3,2.5,2.7,2.7,2.6,2.2,1.9,6.2,5.9,5.6,5.2,4.9,4.4,4,1.4,1.6,1.9,2.2,2.4,2.4,2.6,2.8,2.8,2.8,2.6,2.4,2.3,2.3,2.1,2.3,2.2,2.5,2.6,2.8,3,3.2,3.3,3.4,3.4,3.5,3.5,3.6,3.6,1.4,1,0.9,0.7,0.4,0.6,0.8,1,1.1,1.3,1.4,1.6,1.5,1.6,1.7,1.9,1.7,1.8,1.9,2,2,2.1,1.9,1.8,1.9,2,2.1,2.2,2.3,2.4,2.6,2.7,2.8,2.9,3,3.1,2.80,3.00,3.20,3.40,3.70,3.80,4.10,4.20,4.30,4.20,4.40,4.50,4.20,4.30,4.40,4.50,4.60,4.60,4.70,4.80
PY07,Sri Damansara Sentral,3.5,3.6,3.4,3.2,3.1,3,2.9,2.8,2.7,2.6,2.4,2.3,2.1,2.3,2.5,2.7,2.8,2.9,3,3.3,3.2,3.3,3.5,3.6,3.5,3.6,3.7,3.5,3.6,3.7,3.8,3.4,3.5,3.6,3.7,3.7,3.4,2.7,2.6,2.5,2.4,2.3,2.1,1.9,1.8,2,2.1,2.2,2.1,2,1.9,1.8,1.7,1.8,1.9,1.8,2,2.1,2.2,2.1,2,1.9,1.8,1.7,1.8,1.9,2.1,2.3,2.4,2.1,1.9,2.2,2.3,2.5,2.7,2.8,3,3.1,3.2,3.2,3.2,3.1,3.2,3.4,3.1,2.9,2.4,2.1,2.2,2.4,2.6,2.5,2.4,2,1.7,6,5.7,5.4,5,4.7,4.2,3.8,1.6,1.8,2.1,2.4,2.6,2.6,2.8,3,3,2.7,2.5,2.3,2.2,2.2,2,2.2,2.1,2.4,2.5,2.7,2.9,3.1,3.2,3.3,3.3,3.4,3.4,3.5,3.5,1.6,1.2,1,0.9,0.6,0.4,0.6,0.9,1,1.1,1.2,1.4,1.5,1.4,1.5,1.7,1.8,1.9,1.8,1.8,1.9,2,1.8,1.7,1.8,1.9,2,2.1,2.2,2.3,2.5,2.6,2.7,2.8,2.9,3,3.00,3.20,3.40,3.60,3.90,4.00,4.30,4.40,4.50,4.40,4.60,4.70,4.40,4.50,4.60,4.70,4.80,4.80,4.90,5.00
PY08,Sri Damansara Timur,3.4,3.5,3.3,3.1,3,2.9,2.8,2.7,2.6,2.5,2.3,2.2,2,2.2,2.4,2.6,2.7,2.8,2.9,3.2,3.1,3.2,3.4,3.5,3.4,3.5,3.6,3.4,3.5,3.6,3.7,3.3,3.4,3.5,3.6,3.6,3.3,2.8,2.7,2.6,2.5,2.3,2.1,2.1,2,2.2,2.2,2.2,2,1.9,1.8,1.7,1.6,1.7,1.8,2,2.2,2.2,2.2,2,1.9,1.8,1.7,1.6,1.7,1.8,2.3,2.5,2.3,2,1.8,2.1,2.2,2.4,2.6,2.7,2.9,3,3.1,3.1,3.1,3.3,3.4,3.3,3.2,3,2.5,2.2,2.3,2.4,2.7,2.4,2.3,1.9,1.6,5.9,5.6,5.3,4.9,4.6,4.1,3.7,1.5,1.7,2,2.3,2.5,2.5,2.7,2.9,2.9,2.6,2.4,2.2,2.2,2,1.8,2,2.1,2.4,2.5,2.7,2.9,2.9,3.1,3.3,3.1,3.3,3.2,3.3,3.4,1.5,1.4,1.2,1,0.8,0.6,0.4,0.7,0.8,0.9,1,1.2,1.3,1.4,1.4,1.6,1.6,1.8,1.9,1.7,1.8,1.8,2,2.1,1.7,1.8,2,2.1,2.1,2.2,2.4,2.5,2.7,2.8,2.8,2.9,2.90,3.10,3.30,3.50,3.80,3.90,4.20,4.30,4.40,4.30,4.50,4.60,4.30,4.40,4.50,4.60,4.70,4.70,4.80,4.90
PY09,Metro Prima,3.4,3.5,3.3,3.1,3,2.9,2.8,2.7,2.6,2.5,2.3,2.2,2,2.2,2.4,2.6,2.7,2.8,2.9,3.2,3.1,3.2,3.4,3.5,3.4,3.5,3.6,3.4,3.5,3.6,3.7,3.3,3.4,3.5,3.6,3.5,3.2,2.7,2.6,2.5,2.4,2.2,2,1.9,1.8,2,2.1,2.1,2,1.9,1.8,1.7,1.6,1.7,1.8,1.8,2,2.1,2.1,2,1.9,1.8,1.7,1.6,1.7,1.8,2.1,2.3,2.2,1.9,1.7,2,2.1,2.3,2.5,2.6,2.8,2.9,3.1,3,3,3.1,3.2,3.2,3.1,2.9,2.4,2.1,2.2,2.4,2.6,2.4,2.3,1.9,1.6,5.9,5.6,5.3,4.9,4.6,4.1,3.7,1.7,1.9,2.2,2.5,2.7,2.7,2.9,3,2.9,2.5,2.3,2.2,2.1,1.9,1.7,1.9,2,2.3,2.4,2.6,2.8,2.8,3,3.2,3,3.2,3.1,3.2,3.3,1.7,1.4,1.4,1.2,1,0.9,0.7,0.4,0.5,0.7,0.9,1,1.1,1.2,1.4,1.6,1.4,1.6,1.7,1.8,1.8,1.7,1.8,1.9,2,1.7,1.9,2,2,2.1,2.3,2.4,2.6,2.7,2.7,2.8,3.10,3.30,3.50,3.70,4.00,4.00,4.40,4.50,4.60,4.50,4.70,4.80,4.50,4.60,4.70,4.80,4.90,4.90,5.00,5.10
PY10,Kepong Baru,3.3,3.4,3.2,3,2.9,2.8,2.7,2.6,2.5,2.4,2.2,2.1,1.9,2.1,2.3,2.5,2.6,2.7,2.8,3.1,3,3.1,3.3,3.4,3.3,3.4,3.5,3.3,3.4,3.5,3.6,3.2,3.3,3.4,3.5,3.5,3.4,2.7,2.6,2.5,2.4,2.3,2.1,1.9,1.8,2,2.1,2.1,1.9,1.8,1.7,1.6,1.5,1.6,1.7,1.8,2,2.1,2.1,1.9,1.8,1.7,1.6,1.5,1.6,1.7,2.1,2.3,2.5,2.3,2.1,2.4,2.5,2.7,2.9,3,3.2,2.9,3,3.1,3.1,3.1,3.2,3.4,3.1,2.9,2.4,2.1,2.2,2.3,2.6,2.3,2.2,1.8,1.5,5.8,5.5,5.2,4.8,4.5,4,3.6,1.8,2,2.3,2.6,2.8,2.8,3,3.1,2.9,2.6,2.4,2.1,2.1,2,1.8,2,2.1,2.4,2.5,2.7,2.9,2.9,3.1,3.3,3.1,3.3,3.2,3.3,3.4,1.8,1.5,1.6,1.4,1.1,1,0.8,0.5,0.4,0.5,0.7,0.9,1,1.1,1.3,1.5,1.5,1.5,1.6,1.7,1.7,1.8,1.8,1.9,2,2.1,1.8,1.9,2,2.1,2.3,2.4,2.5,2.6,2.7,2.8,3.20,3.40,3.60,3.80,4.10,3.90,4.40,4.50,4.70,4.60,4.80,4.90,4.60,4.70,4.80,4.90,5.00,5.00,5.10,5.20
PY11,Jinjang,3.1,3.2,3,2.8,2.7,2.6,2.5,2.4,2.3,2.2,2,1.9,1.7,1.9,2.1,2.3,2.4,2.5,2.6,2.9,2.8,2.9,3.1,3.2,3.1,3.2,3.3,3.1,3.2,3.3,3.4,3,3.1,3.2,3.3,3.3,3.2,2.6,2.5,2.4,2.3,2.2,2,1.8,1.7,1.9,1.9,1.9,1.7,1.6,1.5,1.4,1.3,1.4,1.5,1.7,1.9,1.9,1.9,1.7,1.6,1.5,1.4,1.3,1.4,1.5,2,2.2,2.4,2.3,2.1,2.4,2.5,2.7,2.8,2.9,3,2.7,2.8,2.9,2.9,3,3.1,3.2,2.9,2.7,2.2,1.9,2,2.1,2.4,2.1,2,1.6,1.3,5.6,5.3,5,4.6,4.3,3.8,3.4,1.9,2.1,2.4,2.7,2.9,2.9,3.1,2.9,2.7,2.4,2.2,1.9,1.9,1.9,1.7,1.9,2,2.3,2.4,2.6,2.8,2.8,3,3.2,3,3.2,3.1,3.2,3.2,1.9,1.6,1.5,1.5,1.3,1.1,0.9,0.7,0.5,0.4,0.6,0.8,0.9,1,1.2,1.3,1.4,1.4,1.5,1.6,1.6,1.7,1.7,1.8,1.9,2.1,1.8,1.9,1.9,2,2.2,2.3,2.5,2.6,2.6,2.7,3.30,3.50,3.70,3.90,3.90,3.70,4.20,4.30,4.80,4.70,4.90,5.00,4.70,4.80,4.90,5.00,5.00,5.10,5.20,5.30
PY12,Sri Delima,3,3.1,2.9,2.7,2.6,2.5,2.4,2.3,2.2,2.1,1.9,1.8,1.6,1.8,2,2.2,2.3,2.4,2.5,2.8,2.7,2.8,3,3.1,3,3.1,3.2,3,3.1,3.2,3.3,2.9,3,3.1,3.2,3.2,3.1,2.6,2.5,2.4,2.3,2.1,1.9,1.9,1.8,1.9,1.8,1.8,1.6,1.5,1.4,1.3,1.2,1.3,1.4,1.8,1.9,1.8,1.8,1.6,1.5,1.4,1.3,1.2,1.3,1.4,2.1,2.3,2.4,2.2,2,2.3,2.4,2.6,2.7,2.8,2.9,2.6,2.7,2.8,2.8,2.9,3,3.1,2.8,2.6,2.1,1.8,1.9,2,2.3,2,1.9,1.5,1.2,5.5,5.2,4.9,4.5,4.2,3.7,3.3,1.7,1.9,2.2,2.5,2.7,2.7,2.9,2.8,2.6,2.3,2.1,1.8,1.8,1.8,1.6,1.8,1.9,2.2,2.3,2.5,2.7,2.7,2.9,3.1,2.9,3.1,3,3.1,3.1,1.7,1.7,1.6,1.4,1.4,1.2,1,0.9,0.7,0.6,0.4,0.6,0.8,0.9,1,1.2,1.3,1.5,1.4,1.4,1.5,1.6,1.8,2.1,1.8,2,1.7,1.8,1.8,1.9,2.2,2.3,2.4,2.5,2.6,2.6,3.10,3.30,3.50,3.70,3.80,3.60,4.10,4.20,4.60,4.50,4.70,4.80,4.50,4.60,4.70,4.80,4.90,4.90,5.00,5.10
PY13,Kampung Batu,2.8,2.9,2.7,2.5,2.4,2.3,2.2,2.1,2,1.9,1.7,1.6,1.4,1.6,1.8,2,2.1,2.2,2.3,2.6,2.5,2.6,2.8,2.9,2.8,2.9,3,2.8,2.9,3,3.1,2.7,2.8,2.9,3,3,2.9,2.5,2.3,2.3,2.2,2,1.8,1.8,1.7,1.7,1.6,1.6,1.4,1.3,1.2,1.1,1,1.1,1.2,1.7,1.7,1.6,1.6,1.4,1.3,1.2,1.1,1,1.1,1.2,2,2.1,2.2,2.1,1.9,2.2,2.3,2.4,2.5,2.6,2.7,2.4,2.5,2.6,2.6,2.7,2.8,2.9,2.6,2.4,1.9,1.6,1.7,1.8,2.1,1.8,1.7,1.3,1,5.3,5,4.7,4.3,4,3.5,3.1,1.8,2,2.3,2.6,2.8,2.8,2.8,2.6,2.4,2.1,1.9,1.6,1.6,1.7,1.5,1.7,1.8,2.1,2.2,2.4,2.6,2.6,2.8,3,2.8,3,2.9,3,2.9,1.8,1.8,1.7,1.5,1.6,1.4,1.2,1,0.9,0.8,0.6,0.4,0.6,0.7,0.9,1,1.1,1.3,1.5,1.5,1.4,1.5,1.7,1.9,2.1,1.9,2.1,1.7,1.8,1.9,2.1,2.2,2.3,2.4,2.5,2.6,3.20,3.40,3.60,3.80,3.60,3.40,3.90,4.00,4.50,4.60,4.80,4.90,4.60,4.70,4.80,4.90,4.70,4.80,4.90,5.00
PY14,Kentonmen,2.7,2.8,2.6,2.4,2.3,2.2,2.1,2,1.9,1.8,1.6,1.5,1.3,1.5,1.7,1.9,2,2.1,2.2,2.5,2.4,2.5,2.7,2.8,2.7,2.8,2.9,2.7,2.8,2.9,3,2.6,2.7,2.8,2.9,2.9,2.8,2.4,2.2,2.2,2.1,2,1.8,1.6,1.5,1.6,1.5,1.5,1.3,1.2,1.1,1,0.9,1,1.1,1.5,1.6,1.5,1.5,1.3,1.2,1.1,1,0.9,1,1.1,1.8,2,2.1,2,1.8,2.1,2.2,2.3,2.4,2.5,2.6,2.3,2.4,2.5,2.5,2.6,2.7,2.8,2.5,2.3,1.8,1.5,1.6,1.7,2,1.7,1.6,1.2,0.9,5.2,4.9,4.6,4.2,3.9,3.4,3,2,2.2,2.5,2.8,2.8,2.9,2.7,2.5,2.3,2,1.8,1.5,1.5,1.7,1.6,1.8,1.8,2.1,2.2,2.4,2.6,2.7,2.8,3,2.9,3.1,3,3.1,2.8,2,1.7,1.8,1.7,1.5,1.5,1.3,1.1,1,0.9,0.8,0.6,0.4,0.5,0.7,0.9,0.9,1.1,1.3,1.4,1.4,1.6,1.5,1.8,2,1.8,2,2.1,1.7,1.8,2.1,2.1,2.3,2.4,2.4,2.5,3.30,3.50,3.70,3.80,3.50,3.30,3.80,3.90,4.40,4.60,4.80,4.80,4.70,4.70,4.90,5.00,4.60,4.70,4.80,4.90
PY15,Jalan Ipoh,2.6,2.7,2.5,2.3,2.2,2.1,2,1.9,1.8,1.7,1.5,1.4,1.2,1.4,1.6,1.8,1.9,2,2.1,2.4,2.3,2.4,2.6,2.7,2.6,2.7,2.8,2.6,2.7,2.8,2.9,2.5,2.6,2.7,2.8,2.8,2.7,2.3,2.1,2.1,2,1.9,1.8,1.6,1.5,1.5,1.4,1.4,1.2,1.1,1,0.9,0.8,0.9,1,1.5,1.5,1.4,1.4,1.2,1.1,1,0.9,0.8,0.9,1,1.8,1.9,2,2.2,2.1,2.3,2.4,2.2,2.3,2.4,2.5,2.2,2.3,2.4,2.4,2.5,2.6,2.7,2.4,2.2,1.7,1.4,1.5,1.6,1.9,1.6,1.5,1.1,0.8,5.1,4.8,4.5,4.1,3.8,3.3,2.9,2,2.2,2.5,2.8,2.7,2.8,2.6,2.4,2.2,1.9,1.7,1.4,1.4,1.6,1.5,1.7,1.8,2.1,2.2,2.4,2.6,2.6,2.7,2.9,2.8,3,2.9,3,2.7,2,1.8,1.9,1.8,1.6,1.4,1.4,1.2,1.1,1,0.9,0.7,0.5,0.4,0.6,0.8,0.9,1,1.2,1.3,1.4,1.5,1.5,1.8,1.9,2.1,1.9,2,2.1,1.8,2,2.1,2.2,2.3,2.4,2.5,3.20,3.40,3.60,3.70,3.40,3.20,3.70,3.80,4.30,4.50,4.70,4.70,4.60,4.60,4.80,4.90,4.50,4.60,4.70,4.80
PY16,Sentul Barat,2.4,2.5,2.3,2.1,2,1.9,1.8,1.7,1.6,1.5,1.3,1.2,1,1.2,1.4,1.6,1.7,1.8,1.9,2.2,2.1,2.2,2.4,2.5,2.4,2.5,2.6,2.4,2.5,2.6,2.7,2.3,2.4,2.5,2.6,2.6,2.5,2.1,1.9,1.9,1.8,1.7,1.6,1.6,1.4,1.3,1.2,1.2,1,0.9,0.8,0.7,0.6,0.7,0.8,1.4,1.3,1.2,1.2,1,0.9,0.8,0.7,0.6,0.7,0.8,1.7,1.7,1.8,2,1.9,2.1,2.2,2,2.1,2.2,2.3,2,2.1,2.2,2.2,2.3,2.4,2.5,2.2,2,1.5,1.2,1.3,1.4,1.7,1.4,1.3,0.9,0.6,4.9,4.6,4.3,3.9,3.6,3.1,2.7,1.8,2,2.3,2.6,2.5,2.6,2.4,2.2,2,1.7,1.5,1.2,1.2,1.4,1.3,1.5,1.6,1.9,2,2.2,2.4,2.4,2.5,2.7,2.6,2.8,2.7,2.8,2.5,1.8,1.9,1.8,1.9,1.7,1.5,1.4,1.4,1.3,1.2,1,0.9,0.7,0.6,0.4,0.6,0.7,0.9,1,1.1,1.2,1.3,1.4,1.9,1.8,1.9,1.8,1.9,2,2.1,1.9,2,2.2,2.3,2.3,2.4,3.00,3.20,3.40,3.50,3.20,3.00,3.50,3.60,4.10,4.30,4.50,4.50,4.40,4.40,4.60,4.70,4.30,4.40,4.50,4.60
PY17,Titiwangsa,2.2,2.3,2.1,1.9,1.8,1.7,1.6,1.5,1.4,1.3,1.1,1,0.8,1,1.2,1.4,1.5,1.6,1.7,2,1.9,2,2.2,2.3,2.2,2.3,2.4,2.2,2.3,2.4,2.5,2.1,2.2,2.3,2.4,2.4,2.3,1.9,1.7,1.7,1.6,1.5,1.4,1.4,1.2,1.1,1,1,0.8,0.7,0.6,0.5,0.4,0.5,0.6,1.2,1.1,1,1,0.8,0.7,0.6,0.5,0.4,0.5,0.6,1.5,1.5,1.6,1.8,1.7,1.9,2,1.8,1.9,2,2.1,1.8,1.9,2,2,2.1,2.2,2.3,2,1.8,1.3,1,1.1,1.2,1.5,1.2,1.1,0.7,0.4,4.7,4.4,4.1,3.7,3.4,2.9,2.5,1.9,2.1,2.4,2.4,2.3,2.3,2.1,2,1.7,1.4,1.2,1,1,1.2,1.1,1.3,1.4,1.7,1.8,2,2.2,2.2,2.3,2.5,2.4,2.4,2.5,2.6,2.3,1.9,2,1.9,1.8,1.9,1.7,1.6,1.6,1.5,1.3,1.2,1,0.9,0.8,0.6,0.4,0.5,0.7,0.9,1,1,1.1,1.2,1.7,1.9,1.7,2.1,1.8,1.9,2,1.9,2,2.1,2.2,2.3,2.3,2.70,2.90,3.10,3.30,3.00,2.80,3.30,3.40,3.90,4.10,4.30,4.30,4.10,4.20,4.30,4.40,4.10,4.20,4.30,4.40
PY18,Hospital Kuala Lumpur,2.3,2.4,2.2,2,1.9,1.8,1.7,1.6,1.5,1.4,1.2,1.1,0.9,1.1,1.3,1.5,1.6,1.7,1.8,2.1,2,2.1,2.3,2.4,2.3,2.4,2.5,2.3,2.4,2.5,2.6,2.2,2.3,2.4,2.5,2.5,2.4,2,1.8,1.8,1.7,1.5,1.3,1.3,1.2,1.2,1.1,1.1,0.9,0.8,0.7,0.6,0.5,0.6,0.7,1.2,1.2,1.1,1.1,0.9,0.8,0.7,0.6,0.5,0.6,0.7,1.5,1.6,1.7,1.9,1.8,2,2.1,1.9,2,2.1,2.2,1.9,2,2.1,2.1,2.2,2.3,2.4,2.1,1.9,1.4,1.1,1.2,1.3,1.6,1.3,1.2,0.8,0.5,4.8,4.5,4.2,3.8,3.5,3,2.6,1.9,2.1,2.4,2.6,2.4,2.4,2.3,2.1,1.9,1.6,1.4,1.1,1.1,1.2,1,1.2,1.3,1.6,1.7,1.9,2.1,2.1,2.3,2.5,2.3,2.5,2.4,2.5,2.4,1.9,2.1,2,1.8,1.7,1.8,1.6,1.4,1.5,1.4,1.3,1.1,0.9,0.9,0.7,0.5,0.4,0.6,0.8,0.9,1,1,1.2,1.7,1.8,1.8,2,1.8,1.8,2,1.8,1.9,2,2.1,2.2,2.3,2.80,3.00,3.20,3.40,3.10,2.90,3.40,3.50,4.00,4.20,4.40,4.40,4.20,4.30,4.40,4.50,4.20,4.30,4.40,4.50
PY19,Raja Uda,2.5,2.6,2.4,2.2,2.1,2,1.9,1.8,1.7,1.6,1.4,1.3,1.1,1.3,1.5,1.7,1.8,1.9,2,2.3,2.2,2.3,2.5,2.6,2.5,2.6,2.7,2.5,2.6,2.7,2.8,2.4,2.5,2.6,2.7,2.7,2.6,1.9,1.8,1.7,1.6,1.4,1.2,1.2,1.1,1.3,1.3,1.3,1.1,1,0.9,0.8,0.7,0.8,0.9,1.1,1.3,1.3,1.3,1.1,1,0.9,0.8,0.7,0.8,0.9,1.4,1.6,1.8,2,1.9,2.2,2.3,2.1,2.2,2.3,2.4,2.1,2.2,2.3,2.3,2.4,2.5,2.6,2.3,2.1,1.6,1.3,1.4,1.5,1.8,1.5,1.4,1,0.7,5,4.7,4.4,4,3.7,3.2,2.8,2,2.2,2.4,2.6,2.4,2.3,2.4,2.2,2.1,1.7,1.5,1.3,1.3,1.1,0.9,1.1,1.2,1.5,1.6,1.8,2,2,2.2,2.4,2.2,2.4,2.3,2.4,2.5,2,1.8,2.1,2,1.8,1.9,1.8,1.6,1.5,1.4,1.5,1.3,1.1,1,0.9,0.7,0.6,0.4,0.6,0.7,0.8,0.9,1.1,1.5,1.7,1.9,1.9,2,2.1,1.9,1.8,1.8,2,2.1,2.2,2.2,2.70,2.90,3.10,3.30,3.30,3.10,3.60,3.70,4.20,4.10,4.30,4.40,4.10,4.20,4.30,4.40,4.40,4.50,4.60,4.70
PY20,Ampang Park,2.7,2.5,2.6,2.4,2.3,2.2,2.1,2,1.9,1.8,1.6,1.5,1.2,1.2,1.4,1.6,1.8,1.8,1.9,2.2,2.4,2.3,2.5,2.6,2.5,2.6,2.7,2.7,2.6,2.7,2.8,2.6,2.5,2.6,2.7,2.8,2.6,1.7,1.6,1.5,1.4,1.2,1,1.1,1,1.2,1.2,1.1,1.2,1.2,1.1,1,0.9,1,1.1,1,1.2,1.2,1.1,1.2,1.2,1.1,1,0.9,1,1.1,1.3,1.5,1.7,1.9,1.8,2.1,2.2,2.3,2.3,2.4,2.5,2.3,2.4,2.5,2.5,2.3,2.4,2.6,2.2,2,1.5,1.2,1.3,1.5,1.7,1.7,1.6,1.2,0.9,5,4.7,4.4,4,3.7,3.2,2.8,2,2.3,2.2,2.4,2.2,2.1,2.2,2,1.9,1.5,1.3,1.2,1.1,0.9,0.7,0.9,1,1.3,1.4,1.6,1.8,1.8,2,2.2,2,2.2,2.1,2.2,2.3,2,1.9,1.8,2.1,1.9,1.8,1.9,1.7,1.6,1.5,1.4,1.5,1.3,1.2,1,0.9,0.8,0.6,0.4,0.5,0.6,0.7,1,1.4,1.6,1.8,1.8,1.9,2,1.8,2.1,1.8,1.9,2,2.1,2.2,2.50,2.70,2.90,3.10,3.30,3.10,3.60,3.70,4.00,3.90,4.10,4.20,3.90,4.00,4.10,4.20,4.30,4.30,4.40,4.50
PY21,Persiaran KLCC,2.6,2.4,2.5,2.4,2.3,2.2,2.1,2,1.8,1.7,1.6,1.5,1.1,1.1,1.3,1.5,1.7,1.7,1.8,2.1,2.3,2.2,2.4,2.5,2.4,2.5,2.6,2.7,2.5,2.6,2.7,2.7,2.4,2.5,2.6,2.7,2.5,1.6,1.5,1.4,1.3,1.1,0.9,1,0.9,1.1,1.1,1,1.1,1.2,1.2,1.1,1,1.1,1.2,0.9,1.1,1.1,1,1.1,1.2,1.2,1.1,1,1.1,1.2,1.2,1.4,1.6,1.8,1.7,2,2.1,2.3,2.2,2.3,2.4,2.3,2.4,2.4,2.4,2.2,2.3,2.5,2.1,1.9,1.4,1.1,1.2,1.4,1.6,1.8,1.7,1.3,1,4.9,4.6,4.3,3.9,3.6,3.1,2.7,1.7,1.9,2.1,2.3,2.1,2,2.1,1.9,1.8,1.4,1.2,1.1,1,0.8,0.6,0.8,0.9,1.2,1.3,1.5,1.7,1.7,1.9,2.1,1.9,2.1,2,2.1,2.2,1.7,2,1.9,2.1,2,1.8,1.7,1.8,1.7,1.6,1.4,1.5,1.4,1.3,1.1,1,0.9,0.7,0.5,0.4,0.5,0.6,0.9,1.5,1.5,1.7,1.7,1.9,1.9,2.1,2.1,1.8,1.9,2,2.1,2.1,2.40,2.60,2.80,3.00,3.20,3.00,3.50,3.60,3.90,3.80,4.00,4.10,3.80,3.90,4.00,4.10,4.20,4.20,4.30,4.40
PY22,Conlay,2.5,2.3,2.4,2.3,2.2,2.1,2,1.9,1.7,1.6,1.5,1.4,1,1,1.2,1.4,1.6,1.6,1.7,2,2.2,2.1,2.3,2.4,2.3,2.4,2.5,2.6,2.4,2.5,2.6,2.6,2.3,2.4,2.5,2.6,2.4,1.5,1.4,1.3,1.2,1,0.8,0.9,0.8,1,1,0.9,1,1.1,1.2,1.1,1,1.1,1.2,0.8,1,1,0.9,1,1.1,1.2,1.1,1,1.1,1.2,1.1,1.3,1.5,1.7,1.6,1.9,2,2.2,2.1,2.2,2.3,2.2,2.3,2.3,2.3,2.1,2.2,2.4,2,1.8,1.3,1,1.1,1.3,1.5,1.8,1.7,1.3,1,4.8,4.5,4.2,3.8,3.5,3,2.6,1.8,2,2,2.2,2,1.9,2,1.8,1.7,1.3,1.1,1,0.9,0.7,0.5,0.7,0.8,1.1,1.2,1.4,1.6,1.6,1.8,2,1.8,2,1.9,2,2.1,1.8,2,1.9,1.8,2,1.9,1.8,1.8,1.7,1.6,1.5,1.4,1.4,1.4,1.2,1,1,0.8,0.6,0.5,0.4,0.5,0.8,1.5,1.4,1.6,1.9,1.8,1.9,2,2,1.7,1.8,1.9,2,2.1,2.30,2.50,2.70,2.90,3.10,2.90,3.40,3.50,3.80,3.70,3.90,4.00,3.70,3.80,3.90,4.00,4.10,4.10,4.20,4.30
PY23,Tun Razak Exchange,2.3,2.2,2.2,2,1.9,1.8,1.7,1.6,1.5,1.4,1.2,1.1,0.9,0.9,1.1,1.3,1.5,1.5,1.6,1.9,2,2,2.2,2.3,2.2,2.3,2.4,2.3,2.3,2.4,2.5,2.2,2.2,2.3,2.4,2.5,2.3,1.4,1.3,1.2,1.1,0.9,0.7,0.8,0.7,0.9,0.9,0.8,0.9,1,1.1,1.2,1.1,1.2,1.3,0.7,0.9,0.9,0.8,0.9,1,1.1,1.2,1.1,1.2,1.3,1,1.2,1.4,1.6,1.5,1.8,1.9,2.1,2,2.1,2.2,2.1,2.2,2.2,2.2,2,2.1,2.3,1.9,1.7,1.2,0.9,1,1.2,1.4,1.7,1.8,1.4,1.1,4.7,4.4,4.1,3.7,3.4,2.9,2.5,1.7,2,1.9,2.1,1.9,1.8,1.9,1.7,1.6,1.2,1,0.9,0.8,0.6,0.4,0.6,0.7,1,1.1,1.3,1.5,1.5,1.7,1.9,1.7,1.9,1.8,1.9,2,1.7,2.1,2,1.9,2.1,2,1.8,1.7,1.8,1.7,1.6,1.5,1.6,1.5,1.3,1.1,1,0.9,0.7,0.6,0.5,0.4,0.7,1.3,1.5,1.5,1.8,1.7,1.8,2,2,2.1,1.8,1.9,2,2,2.20,2.40,2.60,2.80,3.00,2.80,3.30,3.40,3.70,3.60,3.80,3.90,3.60,3.70,3.80,3.90,4.00,4.00,4.10,4.20
PY24,Chan Show Lin,2.3,2.2,2.2,2,1.9,1.8,1.7,1.6,1.5,1.4,1.2,1.1,0.9,0.9,1.1,1.3,1.5,1.5,1.6,1.9,2,2,2.2,2.3,2.2,2.3,2.4,2.3,2.3,2.4,2.5,2.2,2.2,2.3,2.4,2.3,2,1.3,1.2,1.1,1,0.9,0.7,0.5,0.4,0.6,0.7,0.8,0.9,1,1,1.1,1.2,1.3,1.4,0.4,0.6,0.7,0.8,0.9,1,1,1.1,1.2,1.3,1.4,0.7,0.9,1.1,1.3,1.5,1.5,1.6,1.8,1.9,1.8,1.9,1.8,1.9,2,2.1,1.7,1.8,2,1.7,1.5,1,0.7,0.8,1,1.2,1.5,1.7,1.5,1.2,4.7,4.4,4.1,3.7,3.4,2.9,2.5,1.9,2.1,2.2,2.2,2.1,2.1,2,1.8,1.6,1.3,1.1,0.9,0.8,0.9,0.7,0.9,0.7,1,1.1,1.3,1.5,1.8,1.8,1.9,2,2,2.1,2.2,2.1,1.9,1.8,2.1,2,1.9,1.8,2,1.8,1.8,1.7,1.8,1.7,1.5,1.5,1.4,1.2,1.2,1.1,1,0.9,0.8,0.7,0.4,1.1,1.3,1.5,1.6,1.8,1.9,1.8,1.8,2,2.1,1.8,1.9,1.9,2.50,2.70,2.90,3.10,3.00,2.80,3.30,3.40,3.90,3.90,4.10,4.20,3.90,4.00,4.10,4.20,4.10,4.20,4.30,4.40
PY27,Kuchai,3,3.1,2.9,2.7,2.6,2.5,2.4,2.3,2.2,2.1,1.9,1.8,1.6,1.6,2,2.2,2.3,2.4,2.5,2.8,2.7,2.8,3,3.1,3,3.1,3.2,3,3.1,3.2,3.3,2.9,3,3.1,2.9,2.7,2.4,2,1.9,1.8,1.7,1.6,1.4,1.2,1.1,1.3,1.4,1.5,1.6,1.7,1.7,1.8,1.7,1.8,1.9,1.1,1.3,1.4,1.5,1.6,1.7,1.7,1.8,1.7,1.8,1.9,1.4,1.6,1.4,1.1,0.9,1.2,1.3,1.5,1.7,1.8,2,2.1,2.3,2.2,2.2,2.4,2.5,2.4,2.4,2.2,1.7,1.4,1.5,1.7,1.9,2.2,2.4,2,1.7,5.5,5.2,4.9,4.5,4.2,3.7,3.3,2.2,2.4,2.7,2.9,2.8,2.7,2.7,2.5,2.3,2,1.8,1.6,1.5,1.5,1.3,1.5,1.4,1.7,1.8,2,2.2,2.4,2.5,2.6,2.6,2.7,2.7,2.8,2.8,2.2,2,2,1.9,1.8,1.7,2.1,1.9,1.9,1.8,2.1,1.9,1.8,1.8,1.9,1.7,1.7,1.5,1.4,1.5,1.5,1.3,1.1,0.4,0.6,0.9,1.2,1.4,1.5,1.5,1.7,1.9,2.1,1.9,2,2.1,3.10,3.30,3.50,3.70,3.80,3.60,4.10,4.20,4.60,4.50,4.70,4.80,4.50,4.60,4.70,4.80,4.90,4.90,5.00,5.10
PY28,Taman Naga Emas,3.2,3.3,3.1,2.9,2.8,2.7,2.6,2.5,2.4,2.3,2.1,2,1.8,1.8,2.2,2.4,2.5,2.6,2.7,3,2.9,3,3.2,3.3,3.2,3.3,3.4,3.2,3.3,3.3,3.3,3.1,3,2.9,2.7,2.5,2.2,2.2,2,2,1.9,1.8,1.6,1.4,1.3,1.5,1.6,1.7,1.8,1.9,1.9,2,1.9,2,2.1,1.3,1.5,1.6,1.7,1.8,1.9,1.9,2,1.9,2,2.1,1.6,1.4,1.2,0.9,0.7,1,1.1,1.3,1.5,1.6,1.8,1.9,2.1,2,2,2.2,2.3,2.2,2.6,2.4,1.9,1.6,1.7,1.9,2.1,2.4,2.6,2.2,1.9,5.5,5.2,4.9,4.5,4.2,3.7,3.3,2.3,2.5,2.8,3.1,3,2.9,2.9,2.7,2.5,2.2,2,1.8,1.7,1.7,1.5,1.7,1.6,1.9,2,2.2,2.4,2.6,2.7,2.8,2.8,2.9,2.9,3,3,2.3,2.1,2.1,2,1.9,1.8,1.7,2,2,1.9,1.8,2.1,2,1.9,1.8,1.9,1.8,1.7,1.6,1.5,1.4,1.5,1.3,0.6,0.4,0.7,1,1.2,1.3,1.6,1.8,1.7,1.9,1.8,1.9,2,3.30,3.50,3.70,3.90,4.00,3.80,4.30,4.40,4.80,4.70,4.90,5.00,4.70,4.80,4.90,5.00,5.10,5.10,5.20,5.30
PY29,Sungai Besi,3.1,3,3,2.8,2.7,2.6,2.5,2.4,2.3,2.2,2,1.9,1.7,1.7,1.9,2.1,2.3,2.3,2.4,2.7,2.8,2.8,3,3.1,3,3.1,3.2,3.1,3.1,3,3,2.9,2.7,2.6,2.4,2.2,1.9,1.9,1.7,1.7,1.6,1.5,1.5,1.4,1.5,1.4,1.5,1.6,1.7,1.7,1.8,1.9,1.7,1.8,1.9,1.5,1.4,1.5,1.6,1.7,1.7,1.8,1.9,1.7,1.8,1.9,1.3,1.1,0.9,0.6,0.4,0.7,0.8,1,1.2,1.3,1.5,1.6,1.8,1.7,1.7,1.9,2,1.9,2.5,2.3,1.8,1.5,1.6,1.8,2,2.3,2.4,2,1.7,5.2,4.9,4.6,4.2,3.9,3.4,3,2.4,2.6,2.9,3,2.9,2.9,2.8,2.6,2.4,2.1,1.9,1.7,1.6,1.7,1.5,1.7,1.5,1.8,1.9,2.1,2.3,2.6,2.6,2.7,2.8,2.8,2.9,3,2.9,2.4,2.2,2.2,2.1,2,1.9,1.8,1.7,2.1,2.1,2,1.9,1.8,2.1,1.9,1.7,1.8,1.9,1.8,1.7,1.6,1.5,1.5,0.9,0.7,0.4,0.8,0.9,1,1.3,1.6,1.8,1.8,1.9,2.1,1.8,3.30,3.50,3.70,3.90,3.80,3.60,4.10,4.20,4.70,4.70,4.90,5.00,4.70,4.80,4.90,5.00,4.90,5.00,5.10,5.20
PY31,Serdang Raya Utara,3.5,3.6,3.4,3.2,3.1,3,2.9,2.8,2.7,2.6,2.4,2.3,2.1,2.1,2.5,2.7,2.8,2.9,3,3.3,3.2,3.3,3.5,3.6,3.5,3.6,3.6,3.5,3.5,3.4,3.4,3.3,3.1,3,2.8,2.6,2.3,2.3,2.1,2.1,2,1.9,1.9,1.7,1.6,1.8,1.9,2,2.1,2.1,2.2,2.2,2.1,2.2,2.3,1.6,1.8,1.9,2,2.1,2.1,2.2,2.2,2.1,2.2,2.3,1.7,1.5,1.3,1,0.8,1.1,1.2,1.4,1.6,1.7,1.9,2,2.2,2.1,2.1,2.3,2.4,2.3,2.9,2.7,2.2,1.9,2,2.2,2.4,2.7,2.8,2.4,2.1,5.6,5.3,5,4.6,4.3,3.8,3.4,2.5,2.7,3,3.3,3.3,3.2,3.2,3,2.8,2.5,2.3,2.1,2,2,1.8,2,1.9,2.2,2.3,2.5,2.7,2.9,3,3.1,3.1,3.2,3.2,3.3,3.3,2.5,2.4,2.3,2.2,2.1,2,2,1.9,1.8,1.8,1.7,2.1,2,1.9,1.8,2.1,2,1.9,1.8,1.7,1.9,1.8,1.6,1.2,1,0.8,0.4,0.6,0.8,1,1.6,1.5,1.8,1.7,1.8,2,3.60,3.80,4.00,4.20,4.20,4.00,4.50,4.60,5.10,5.00,5.20,5.30,5.00,5.10,5.20,5.30,5.30,5.40,5.50,5.60
PY32,Serdang Raya Selatan,3.6,3.5,3.5,3.3,3.2,3.1,3,2.9,2.8,2.7,2.5,2.4,2.2,2.2,2.4,2.6,2.8,2.8,2.9,3.2,3.3,3.3,3.5,3.6,3.5,3.6,3.7,3.6,3.6,3.5,3.5,3.4,3.2,3.1,2.9,2.7,2.4,2.4,2.2,2.2,2.1,2,2,1.9,1.8,1.9,2,2.1,2.2,2.1,2,1.9,1.8,1.9,2,1.8,1.9,2,2.1,2.2,2.1,2,1.9,1.8,1.9,2,1.8,1.6,1.4,1.1,0.9,1.2,1.3,1.5,1.7,1.8,2,2.1,2.3,2.2,2.2,2.4,2.5,2.4,3,2.8,2.3,2,2.1,2.3,2.5,2.6,2.5,2.1,1.8,5.7,5.4,5.1,4.7,4.4,3.9,3.5,2.6,2.8,3.1,3.4,3.2,3.1,3.2,3,2.9,2.5,2.3,2.2,2.1,1.9,1.7,1.9,2,2.3,2.4,2.6,2.8,2.8,3,3.2,3,3.2,3.1,3.2,3.3,2.6,2.5,2.4,2.3,2.2,2.1,2.1,2,1.9,1.9,1.8,1.7,2.1,2,1.9,1.8,1.8,2,1.9,1.9,1.8,1.7,1.8,1.4,1.2,0.9,0.6,0.4,0.5,0.8,1.4,1.6,1.6,1.8,1.7,1.8,3.50,3.70,3.90,4.10,4.30,4.10,4.60,4.70,5.00,4.90,5.10,5.20,4.90,5.00,5.10,5.20,5.30,5.30,5.40,5.50
PY33,Serdang Jaya,3.7,3.6,3.6,3.4,3.3,3.2,3.1,3,2.9,2.8,2.6,2.5,2.3,2.3,2.5,2.7,2.9,2.9,3,3.3,3.4,3.4,3.6,3.7,3.6,3.7,3.8,3.7,3.7,3.6,3.6,3.5,3.3,3.2,3,2.8,2.5,2.5,2.3,2.3,2.2,2.1,2.1,2,1.9,2,2.1,2.2,2.3,2.2,2.1,2,1.9,2,2.1,1.9,2,2.1,2.2,2.3,2.2,2.1,2,1.9,2,2.1,1.9,1.7,1.5,1.2,1,1.3,1.4,1.6,1.8,1.9,2.1,2.2,2.4,2.3,2.3,2.5,2.6,2.5,3.1,2.9,2.4,2.1,2.2,2.4,2.6,2.7,2.6,2.2,1.9,5.8,5.5,5.2,4.8,4.5,4,3.6,2.6,2.8,3.1,3.4,3.3,3.2,3.3,3.1,3,2.6,2.4,2.3,2.2,2,1.8,2,2.1,2.4,2.5,2.7,2.9,2.9,3.1,3.3,3.1,3.3,3.2,3.3,3.4,2.6,2.5,2.4,2.3,2.3,2.2,2.1,2,2,1.9,1.8,1.8,1.7,2.1,2,1.9,1.8,2.1,2,1.9,1.9,1.8,1.9,1.5,1.3,1,0.8,0.5,0.4,0.7,1.3,1.5,1.5,1.7,1.9,1.7,3.60,3.80,4.00,4.20,4.40,4.20,4.70,4.80,5.10,5.00,5.20,5.30,5.00,5.10,5.20,5.30,5.40,5.40,5.50,5.60
PY34,UPM,3.7,3.8,3.6,3.4,3.3,3.2,3.1,3,2.9,2.8,2.6,2.5,2.3,2.3,2.7,2.9,3,3.1,3.2,3.5,3.4,3.5,3.7,3.8,3.7,3.8,3.9,3.7,3.8,3.9,3.9,3.6,3.6,3.5,3.3,3.1,2.8,2.7,2.6,2.5,2.4,2.3,2.1,1.9,1.8,2,2.1,2.2,2.3,2.3,2.2,2.1,2,2.1,2.2,1.8,2,2.1,2.2,2.3,2.3,2.2,2.1,2,2.1,2.2,2.1,2,1.8,1.5,1.3,1.6,1.7,1.9,2.1,2.2,2.4,2.5,2.7,2.6,2.6,2.8,2.9,2.8,3.1,2.9,2.4,2.1,2.2,2.4,2.6,2.8,2.7,2.3,2,6.1,5.8,5.5,5.1,4.8,4.3,3.9,2.7,2.9,3.2,3.5,3.5,3.4,3.4,3.2,3,2.7,2.5,2.3,2.2,2.2,2,2.2,2.1,2.4,2.5,2.7,2.9,3.1,3.2,3.3,3.3,3.4,3.4,3.5,3.5,2.7,2.6,2.5,2.4,2.4,2.3,2.2,2.1,2.1,2,1.9,1.9,1.8,1.8,2.1,2,2,1.9,1.8,2.1,2,2,1.8,1.5,1.6,1.3,1,0.8,0.7,0.4,1,1.2,1.5,1.5,1.7,1.8,3.80,4.00,4.20,4.40,4.50,4.30,4.80,4.90,5.30,5.20,5.40,5.50,5.20,5.30,5.40,5.50,5.60,5.60,5.70,5.80
PY36,Taman Equine,3.7,3.8,3.6,3.4,3.3,3.2,3.1,3,2.9,2.8,2.6,2.5,2.3,2.3,2.7,2.9,3,3.1,3.2,3.5,3.4,3.5,3.7,3.8,3.7,3.8,3.9,3.7,3.8,3.9,4,3.6,3.7,3.8,3.6,3.4,3.1,2.7,2.6,2.5,2.4,2.3,2.1,1.9,1.8,2,2.1,2.2,2.3,2.2,2.1,2,1.9,2,2.1,1.8,2,2.1,2.2,2.3,2.2,2.1,2,1.9,2,2.1,2.1,2.3,2.1,1.8,1.6,1.9,2,2.2,2.4,2.5,2.7,2.8,3,2.9,2.9,3.1,3.2,3.1,3.1,2.9,2.4,2.1,2.2,2.4,2.6,2.7,2.6,2.2,1.9,6.2,5.9,5.6,5.2,4.9,4.4,4,3,3.2,3.5,3.6,3.5,3.4,3.4,3.2,3,2.7,2.5,2.3,2.2,2.2,2,2.2,2.1,2.4,2.5,2.7,2.9,3.1,3.2,3.3,3.3,3.4,3.4,3.5,3.5,3,2.8,2.8,2.7,2.6,2.5,2.4,2.3,2.3,2.2,2.2,2.1,2.1,2,1.9,1.9,1.8,1.8,2.1,2.1,2,2,1.8,1.7,1.8,1.6,1.6,1.4,1.3,1,0.4,0.7,1,1.2,1.4,1.5,3.80,4.00,4.20,4.40,4.50,4.30,4.80,4.90,5.30,5.20,5.40,5.50,5.20,5.30,5.40,5.50,5.60,5.60,5.70,5.80
PY37,Putra Permai,3.8,3.9,3.7,3.5,3.4,3.3,3.2,3.1,3,2.9,2.7,2.6,2.4,2.5,2.8,3,3.1,3.2,3.3,3.6,3.5,3.6,3.8,3.9,3.8,3.9,4,3.8,3.9,4,4.1,3.7,3.8,3.9,3.8,3.6,3.3,2.9,2.8,2.7,2.6,2.5,2.3,2.1,2,2.2,2.3,2.4,2.4,2.3,2.2,2.1,2,2.1,2.2,2,2.2,2.3,2.4,2.4,2.3,2.2,2.1,2,2.1,2.2,2.3,2.5,2.3,2,1.8,2.1,2.2,2.4,2.6,2.7,2.9,3,3.2,3.1,3.1,3.3,3.4,3.3,3.3,3.1,2.6,2.3,2.4,2.6,2.8,2.8,2.7,2.3,2,6.3,6,5.7,5.3,5,4.5,4.1,3.1,3.3,3.6,3.8,3.6,3.5,3.6,3.4,3.2,2.9,2.7,2.5,2.4,2.3,2.1,2.3,2.3,2.6,2.7,2.9,3.1,3.2,3.4,3.5,3.4,3.6,3.5,3.6,3.7,3.1,2.9,2.9,2.8,2.7,2.6,2.5,2.4,2.4,2.3,2.3,2.2,2.1,2.1,2,2,1.9,1.8,1.8,1.8,1.7,2.1,2,1.9,1.7,1.8,1.5,1.6,1.5,1.2,0.7,0.4,0.7,1,1.1,1.3,3.90,4.10,4.30,4.50,4.60,4.40,4.90,5.00,5.40,5.30,5.50,5.60,5.30,5.40,5.50,5.60,5.70,5.70,5.80,5.90
PY38,16 Sierra,3.8,3.6,3.7,3.6,3.5,3.4,3.3,3.2,3,2.9,2.8,2.7,2.3,2.3,2.5,2.7,2.9,2.9,3,3.3,3.5,3.4,3.6,3.7,3.6,3.7,3.8,3.9,3.7,3.8,3.9,3.8,3.6,3.7,3.8,3.6,3.3,2.8,2.7,2.6,2.5,2.3,2.1,2.2,2.1,2.3,2.3,2.2,2.3,2.4,2.3,2.2,2.1,2.2,2.3,2.1,2.3,2.3,2.2,2.3,2.4,2.3,2.2,2.1,2.2,2.3,2.4,2.5,2.3,2,1.8,2.1,2.2,2.4,2.6,2.7,2.9,3,3.2,3.1,3.1,3.3,3.4,3.3,3.3,3.1,2.6,2.3,2.4,2.6,2.8,2.9,2.8,2.4,2.1,6.1,5.8,5.5,5.1,4.8,4.3,3.9,3.1,3.4,3.3,3.5,3.3,3.2,3.3,3.1,3,2.6,2.4,2.3,2.2,2,1.8,2,2.1,2.4,2.5,2.7,2.9,2.9,3.1,3.3,3.1,3.3,3.2,3.3,3.4,3.1,3.1,3,2.9,2.8,2.7,2.7,2.6,2.5,2.5,2.4,2.3,2.3,2.2,2.2,2.1,2,2,1.9,1.9,1.8,1.8,2.1,2.1,1.9,1.8,1.8,1.6,1.5,1.5,1,0.7,0.4,0.7,0.9,1,3.60,3.80,4.00,4.20,4.40,4.20,4.70,4.80,5.10,5.00,5.20,5.30,5.00,5.10,5.20,5.30,5.40,5.40,5.50,5.60
PY39,Cyberjaya Utara,3.7,3.7,3.6,3.4,3.3,3.2,3.1,3,2.9,2.8,2.6,2.5,2.3,2.3,2.6,2.8,3,3,3.1,3.4,3.4,3.5,3.7,3.8,3.7,3.8,3.9,3.7,3.8,3.9,4,3.6,3.7,3.8,3.9,3.7,3.4,2.7,2.6,2.5,2.4,2.3,2.1,1.9,1.8,2,2.1,2.2,2.3,2.4,2.4,2.3,2.2,2.3,2.4,1.8,2,2.1,2.2,2.3,2.4,2.4,2.3,2.2,2.3,2.4,2.1,2.3,2.4,2.1,1.9,2.2,2.3,2.5,2.7,2.8,3,3.1,3.3,3.2,3.2,3.1,3.2,3.4,3.1,2.9,2.4,2.1,2.2,2.4,2.6,2.9,2.9,2.5,2.2,6.2,5.9,5.6,5.2,4.9,4.4,4,3.2,3.5,3.4,3.6,3.4,3.3,3.4,3.2,3,2.7,2.5,2.3,2.2,2.1,1.9,2.1,2.1,2.4,2.5,2.7,2.9,3,3.2,3.3,3.2,3.4,3.3,3.4,3.5,3.2,3.2,3.1,3,2.9,2.8,2.8,2.7,2.6,2.6,2.5,2.4,2.4,2.3,2.3,2.2,2.1,2.1,2,2,1.9,1.9,1.8,1.9,1.8,1.9,1.7,1.8,1.7,1.5,1.2,1,0.7,0.4,0.6,0.8,3.70,3.90,4.10,4.30,4.50,4.30,4.80,4.90,5.20,5.10,5.30,5.40,5.10,5.20,5.30,5.40,5.50,5.50,5.60,5.70
PY40,Cyberjaya City Centre,3.8,3.8,3.7,3.5,3.4,3.3,3.2,3.1,3,2.9,2.7,2.6,2.4,2.4,2.7,2.9,3.1,3.1,3.2,3.5,3.5,3.6,3.8,3.9,3.8,3.9,4,3.8,3.9,4,4.1,3.7,3.8,3.9,4,3.8,3.5,2.8,2.7,2.6,2.5,2.4,2.2,2,1.9,2.1,2.2,2.3,2.4,2.5,2.5,2.4,2.3,2.4,2.5,1.9,2.1,2.2,2.3,2.4,2.5,2.5,2.4,2.3,2.4,2.5,2.2,2.4,2.6,2.3,2.1,2.4,2.5,2.7,2.9,3,3.2,3.3,3.4,3.4,3.4,3.2,3.3,3.5,3.2,3,2.5,2.2,2.3,2.5,2.7,3,3,2.6,2.3,6.3,6,5.7,5.3,5,4.5,4.1,3.3,3.6,3.5,3.7,3.5,3.4,3.5,3.3,3.1,2.8,2.6,2.4,2.3,2.2,2,2.2,2.2,2.5,2.6,2.8,3,3.1,3.3,3.4,3.3,3.5,3.4,3.5,3.6,3.3,3.2,3.2,3.1,3,2.9,2.8,2.7,2.7,2.6,2.6,2.5,2.4,2.4,2.3,2.3,2.2,2.2,2.1,2.1,2,2,1.9,2,1.9,2.1,1.8,1.7,1.9,1.7,1.4,1.1,0.9,0.6,0.4,0.6,3.80,4.00,4.20,4.40,4.60,4.40,4.90,5.00,5.30,5.20,5.40,5.50,5.20,5.30,5.40,5.50,5.60,5.60,5.70,5.80
PY41,Putrajaya Sentral,3.8,3.8,3.7,3.5,3.4,3.3,3.2,3.1,3,2.9,2.7,2.6,2.4,2.4,2.7,2.9,3.1,3.1,3.2,3.5,3.5,3.6,3.8,3.9,3.8,3.9,4,3.8,3.9,4,4.1,3.7,3.8,3.9,3.8,3.6,3.3,2.8,2.7,2.6,2.5,2.4,2.2,2,1.9,2.1,2.2,2.3,2.4,2.5,2.5,2.4,2.3,2.4,2.5,1.9,2.1,2.2,2.3,2.4,2.5,2.5,2.4,2.3,2.4,2.5,2.2,2.4,2.3,2,1.8,2.1,2.2,2.4,2.6,2.7,2.9,3,3.2,3.1,3.1,3.2,3.3,3.3,3.2,3,2.5,2.2,2.3,2.5,2.7,3,3,2.6,2.3,6.3,6,5.7,5.3,5,4.5,4.1,3.3,3.6,3.5,3.7,3.5,3.4,3.5,3.3,3.1,2.8,2.6,2.4,2.3,2.2,2,2.2,2.2,2.5,2.6,2.8,3,3.1,3.3,3.4,3.3,3.5,3.4,3.5,3.6,3.3,3.3,3.2,3.1,3.1,3,2.9,2.8,2.8,2.7,2.6,2.6,2.5,2.5,2.4,2.3,2.3,2.2,2.2,2.1,2.1,2,1.9,2.1,2,1.8,2,1.8,1.7,1.8,1.5,1.3,1,0.8,0.6,0.4,3.80,4.00,4.20,4.40,4.60,4.40,4.90,5.00,5.30,5.20,5.40,5.50,5.20,5.30,5.40,5.50,5.60,5.60,5.70,5.80
SA1,Bandar Utama,3.60,3.40,3.50,3.30,3.20,3.10,3.10,3.00,2.80,2.70,2.60,2.50,2.30,2.10,2.30,2.50,2.70,2.70,2.80,3.00,2.90,2.60,2.50,2.40,2.20,2.00,1.80,2.00,2.30,2.40,2.60,2.70,2.90,2.80,3.00,3.20,3.10,3.10,3.00,2.90,2.80,2.60,2.40,2.60,2.50,2.40,2.30,2.20,2.30,2.40,2.50,2.60,2.70,2.80,2.90,2.50,2.40,2.30,2.20,2.30,2.40,2.50,2.60,2.70,2.80,2.90,2.70,2.90,3.10,3.20,3.30,3.50,3.60,3.60,3.70,3.80,3.60,3.80,3.60,3.60,3.60,3.70,3.50,3.10,3.30,3.10,2.60,2.30,2.40,2.60,2.80,3.10,3.30,3.00,2.70,4.80,4.50,4.20,3.80,3.50,3.00,2.60,1.80,1.90,1.50,1.30,1.00,0.80,1.10,1.30,1.60,1.80,2.00,2.10,2.20,2.30,2.20,2.30,2.40,2.20,2.30,2.40,2.50,2.20,2.30,2.40,2.40,2.50,2.70,2.70,2.80,1.80,2.20,2.40,2.50,2.80,3.00,2.90,3.10,3.20,3.30,3.10,3.20,3.30,3.20,3.00,2.70,2.80,2.70,2.50,2.40,2.30,2.20,2.50,3.10,3.30,3.30,3.60,3.50,3.60,3.80,3.80,3.90,3.60,3.70,3.80,3.80,0.40,0.60,0.80,1.00,1.30,1.40,1.70,1.80,1.90,1.80,2.00,2.10,1.80,1.90,2.00,2.10,2.20,2.20,2.30,2.40
SA2,Kayu Ara,3.60,3.50,3.40,3.20,3.10,3.00,3.30,3.20,3.00,2.90,2.80,2.70,2.50,2.30,2.50,2.70,2.90,2.90,2.90,2.90,2.80,2.50,2.40,2.30,2.10,1.90,1.70,1.90,2.20,2.30,2.50,2.60,2.80,2.70,2.90,3.10,3.00,3.30,3.20,3.10,3.00,2.80,2.60,2.80,2.70,2.60,2.50,2.40,2.50,2.60,2.70,2.80,2.90,3.00,3.10,2.70,2.60,2.50,2.40,2.50,2.60,2.70,2.80,2.90,3.00,3.10,2.90,3.10,3.30,3.40,3.50,3.70,3.80,3.80,3.90,4.00,3.80,4.00,3.80,3.80,3.80,3.60,3.40,3.00,3.50,3.30,2.80,2.50,2.60,2.80,3.00,3.30,3.50,3.20,2.90,4.70,4.40,4.10,3.70,3.40,2.90,2.50,2.00,2.10,1.70,1.50,1.20,1.00,1.30,1.50,1.80,2.00,2.20,2.30,2.40,2.50,2.40,2.50,2.60,2.40,2.50,2.60,2.70,2.40,2.50,2.60,2.60,2.70,2.90,2.90,3.00,2.00,2.40,2.60,2.70,3.00,3.20,3.10,3.30,3.40,3.50,3.30,3.40,3.50,3.40,3.20,2.90,3.00,2.90,2.70,2.60,2.50,2.40,2.70,3.30,3.50,3.50,3.80,3.70,3.80,4.00,4.00,4.10,3.80,3.90,4.00,4.00,0.60,0.40,0.60,0.90,1.10,1.30,1.50,1.70,1.80,2.10,1.90,2.10,1.80,1.80,1.90,2.00,2.10,2.20,2.30,2.40
SA3,BU 11,3.40,3.30,3.20,3.00,2.90,2.80,3.20,3.20,3.10,3.00,2.90,2.90,2.70,2.50,2.70,2.90,2.90,2.80,2.70,2.70,2.60,2.30,2.20,2.10,1.90,1.70,1.50,1.70,2.00,2.10,2.30,2.40,2.60,2.50,2.70,2.90,2.80,3.50,3.40,3.30,3.20,3.00,2.80,3.00,2.90,2.80,2.70,2.60,2.70,2.80,2.90,3.00,3.10,3.20,3.30,2.90,2.80,2.70,2.60,2.70,2.80,2.90,3.00,3.10,3.20,3.30,3.10,3.30,3.50,3.60,3.70,3.90,4.00,4.00,4.10,4.20,4.00,3.80,3.80,3.70,3.60,3.40,3.20,2.80,3.70,3.50,3.00,2.70,2.80,3.00,3.20,3.50,3.70,3.40,3.10,4.50,4.20,3.90,3.50,3.20,2.70,2.30,2.20,2.30,1.90,1.70,1.40,1.20,1.50,1.70,2.00,2.20,2.40,2.50,2.60,2.70,2.60,2.70,2.80,2.60,2.70,2.80,2.90,2.60,2.70,2.80,2.80,2.90,3.10,3.10,3.20,2.20,2.60,2.80,2.90,3.20,3.40,3.30,3.50,3.60,3.70,3.50,3.60,3.70,3.60,3.40,3.10,3.20,3.10,2.90,2.80,2.70,2.60,2.90,3.50,3.70,3.70,4.00,3.90,4.00,4.20,4.20,4.30,4.00,4.10,4.20,4.20,0.80,0.60,0.40,0.70,1.00,1.10,1.50,1.50,1.70,1.90,2.10,1.90,2.10,1.70,1.90,2.00,2.00,2.10,2.20,2.30
SA5,Damansara Idaman,3.20,3.10,3.00,2.80,2.70,2.60,3.00,3.00,2.90,2.80,2.70,3.00,2.90,2.70,2.70,2.80,2.70,2.60,2.50,2.50,2.40,2.10,2.00,1.90,1.70,1.50,1.30,1.50,1.80,1.90,2.10,2.20,2.40,2.30,2.50,2.70,2.60,3.70,3.60,3.50,3.40,3.20,3.00,3.20,3.10,3.00,2.90,2.80,2.90,3.00,3.10,3.20,3.30,3.40,3.50,3.10,3.00,2.90,2.80,2.90,3.00,3.10,3.20,3.30,3.40,3.50,3.30,3.50,3.70,3.80,3.90,4.10,4.20,4.00,4.00,4.10,3.90,3.60,3.60,3.50,3.40,3.20,3.00,2.60,3.90,3.70,3.20,2.90,3.00,3.20,3.40,3.70,3.90,3.60,3.30,4.30,4.00,3.70,3.30,3.00,2.50,2.10,2.40,2.50,2.10,1.90,1.60,1.40,1.70,1.90,2.20,2.40,2.60,2.70,2.80,2.90,2.80,2.90,3.00,2.80,2.90,3.00,3.10,2.80,2.90,3.00,3.00,3.10,3.30,3.30,3.40,2.40,2.80,3.00,3.10,3.40,3.60,3.50,3.70,3.80,3.90,3.70,3.80,3.80,3.70,3.50,3.30,3.40,3.30,3.10,3.00,2.90,2.80,3.10,3.70,3.90,3.90,4.20,4.10,4.20,4.40,4.40,4.50,4.20,4.30,4.40,4.40,1.00,0.90,0.70,0.40,0.70,0.90,1.30,1.50,1.70,1.70,1.90,1.80,2.00,2.00,1.70,1.80,1.90,2.00,2.10,2.20
SA6,Subang,2.90,2.80,2.70,2.50,2.40,2.30,2.70,2.70,2.60,2.50,2.40,2.70,2.60,2.50,2.40,2.50,2.40,2.30,2.20,2.20,2.10,1.80,1.70,1.60,1.40,1.20,1.00,1.20,1.50,1.60,1.80,1.90,2.10,2.00,2.20,2.40,2.30,3.60,3.60,3.60,3.50,3.40,3.20,3.10,3.00,2.80,2.70,2.60,2.60,2.70,2.80,2.90,3.00,3.10,3.20,3.00,2.80,2.70,2.60,2.60,2.70,2.80,2.90,3.00,3.10,3.20,3.20,3.40,3.60,3.60,3.80,4.00,3.90,3.70,3.70,3.80,3.60,3.30,3.30,3.20,3.10,2.90,2.70,2.30,3.70,3.50,3.00,2.70,2.80,3.00,3.20,3.50,3.70,3.30,3.00,4.00,3.70,3.40,3.00,2.70,2.20,1.80,2.70,2.80,2.40,2.20,1.90,1.70,2.00,2.20,2.50,2.70,2.70,2.50,2.60,2.80,3.00,3.10,3.20,3.10,3.20,3.30,3.40,3.10,3.20,3.30,3.30,3.40,3.60,3.60,3.70,2.70,3.10,3.30,3.40,3.70,3.90,3.80,4.00,4.10,3.90,3.80,3.60,3.50,3.40,3.20,3.00,3.10,3.30,3.30,3.20,3.10,3.00,3.00,3.80,4.00,3.80,4.20,4.30,4.40,4.50,4.50,4.60,4.40,4.50,4.60,4.60,1.30,1.10,1.00,0.70,0.40,0.60,1.00,1.20,1.50,1.80,1.70,2.00,1.80,1.90,2.00,1.70,1.80,1.90,2.00,2.10
SA7,Glenmarie 2,2.70,2.60,2.50,2.30,2.20,2.10,2.50,2.50,2.40,2.30,2.20,2.50,2.40,2.30,2.20,2.30,2.20,2.10,2.00,2.00,1.90,1.60,1.50,1.40,1.20,1.00,0.80,1.00,1.30,1.40,1.60,1.70,1.90,1.80,2.00,2.20,2.10,3.40,3.40,3.40,3.30,3.20,3.00,2.90,2.80,2.60,2.50,2.40,2.40,2.50,2.60,2.70,2.80,2.90,3.00,2.80,2.60,2.50,2.40,2.40,2.50,2.60,2.70,2.80,2.90,3.00,3.00,3.20,3.40,3.40,3.60,3.80,3.70,3.50,3.50,3.60,3.40,3.10,3.10,3.00,2.90,2.70,2.50,2.10,3.50,3.30,2.80,2.50,2.60,2.80,3.00,3.30,3.50,3.10,2.80,3.80,3.50,3.20,2.80,2.50,2.00,1.60,2.80,2.90,2.50,2.30,2.00,1.80,2.10,2.30,2.60,2.70,2.50,2.30,2.40,2.60,2.80,2.90,3.00,3.20,3.30,3.40,3.50,3.20,3.30,3.40,3.40,3.50,3.70,3.70,3.70,2.80,3.20,3.40,3.50,3.80,4.00,3.90,4.00,3.90,3.70,3.60,3.40,3.30,3.20,3.00,2.80,2.90,3.10,3.10,3.00,2.90,2.80,2.80,3.60,3.80,3.60,4.00,4.10,4.20,4.30,4.30,4.40,4.20,4.30,4.40,4.40,1.40,1.30,1.10,0.90,0.60,0.40,0.90,1.00,1.50,1.70,1.90,1.90,2.10,1.80,2.00,2.10,1.70,1.80,1.90,2.00
SA9,Kerjaya,3.20,3.10,3.00,2.80,2.70,2.60,3.00,3.00,2.90,2.80,2.70,3.00,2.90,2.80,2.70,2.80,2.70,2.60,2.50,2.50,2.40,2.10,2.00,1.90,1.70,1.50,1.30,1.50,1.80,1.90,2.10,2.20,2.40,2.30,2.50,2.70,2.60,3.90,3.90,3.90,3.80,3.70,3.50,3.40,3.30,3.10,3.00,2.90,2.90,3.00,3.10,3.20,3.30,3.40,3.50,3.30,3.10,3.00,2.90,2.90,3.00,3.10,3.20,3.30,3.40,3.50,3.50,3.70,3.90,3.90,4.10,4.30,4.20,4.00,4.00,4.10,3.90,3.60,3.60,3.50,3.40,3.20,3.00,2.60,4.00,3.80,3.30,3.00,3.10,3.30,3.50,3.80,4.00,3.60,3.30,4.30,4.00,3.70,3.30,3.00,2.50,2.10,3.10,3.20,2.80,2.60,2.30,2.10,2.40,2.60,2.90,3.10,3.00,2.80,2.90,3.10,3.30,3.40,3.50,3.50,3.60,3.70,3.80,3.50,3.60,3.70,3.70,3.80,4.00,4.00,4.10,3.10,3.50,3.70,3.80,4.10,4.30,4.20,4.40,4.40,4.20,4.10,3.90,3.80,3.70,3.50,3.30,3.40,3.60,3.60,3.50,3.40,3.30,3.30,4.10,4.30,4.10,4.50,4.60,4.70,4.80,4.80,4.90,4.70,4.80,4.90,4.90,1.70,1.50,1.50,1.30,1.00,0.90,0.40,0.60,1.10,1.40,1.50,1.80,1.70,1.80,2.00,1.80,1.90,2.00,2.10,1.80
SA10,Stadium Shah Alam,3.30,3.20,3.10,2.90,2.80,2.70,3.10,3.10,3.00,2.90,2.80,3.10,3.00,2.90,2.80,2.90,2.80,2.70,2.60,2.60,2.50,2.20,2.10,2.00,1.80,1.60,1.40,1.60,1.90,2.00,2.20,2.30,2.50,2.40,2.60,2.80,2.70,4.00,4.00,4.00,3.90,3.80,3.60,3.50,3.40,3.20,3.10,3.00,3.00,3.10,3.20,3.30,3.40,3.50,3.60,3.40,3.20,3.10,3.00,3.00,3.10,3.20,3.30,3.40,3.50,3.60,3.60,3.80,4.00,4.00,4.20,4.40,4.30,4.10,4.10,4.20,4.00,3.70,3.70,3.60,3.50,3.30,3.10,2.70,4.10,3.90,3.40,3.10,3.20,3.40,3.60,3.90,4.10,3.70,3.40,4.40,4.10,3.80,3.40,3.10,2.60,2.20,3.20,3.30,2.90,2.70,2.40,2.20,2.50,2.70,3.00,3.20,3.10,2.90,3.00,3.20,3.40,3.50,3.60,3.60,3.70,3.80,3.90,3.60,3.70,3.80,3.80,3.90,4.10,4.10,4.20,3.20,3.60,3.80,3.90,4.20,4.40,4.30,4.50,4.50,4.30,4.20,4.00,3.90,3.80,3.60,3.40,3.50,3.70,3.70,3.60,3.50,3.40,3.40,4.20,4.40,4.20,4.60,4.70,4.80,4.90,4.90,5.00,4.80,4.90,5.00,5.00,1.80,1.70,1.50,1.50,1.20,1.00,0.60,0.40,1.00,1.20,1.50,1.60,1.80,1.70,1.90,2.10,1.80,1.90,2.00,1.70
SA12,Dato Menteri,3.80,3.70,3.60,3.40,3.30,3.20,3.60,3.60,3.50,3.40,3.30,3.60,3.50,3.40,3.30,3.40,3.30,3.20,3.10,3.10,3.00,2.70,2.60,2.50,2.30,2.10,1.90,2.10,2.40,2.50,2.70,2.80,3.00,2.90,3.10,3.30,3.20,4.50,4.50,4.40,4.30,4.10,3.90,4.00,3.90,3.70,3.60,3.50,3.50,3.60,3.70,3.80,3.90,4.00,4.10,3.90,3.70,3.60,3.50,3.50,3.60,3.70,3.80,3.90,4.00,4.10,4.10,4.30,4.50,4.50,4.70,4.90,4.80,4.60,4.60,4.70,4.50,4.20,4.20,4.10,4.00,3.80,3.60,3.20,4.60,4.40,3.90,3.60,3.70,3.90,4.10,4.40,4.60,4.20,3.90,4.90,4.60,4.30,3.90,3.60,3.10,2.70,3.30,3.40,3.00,2.80,2.50,2.30,2.60,2.80,3.10,3.30,3.50,3.40,3.50,3.70,3.70,3.80,3.90,3.70,3.80,3.90,4.00,3.70,3.80,3.90,3.90,4.00,4.20,4.20,4.30,3.30,3.70,3.90,4.00,4.30,4.50,4.40,4.60,4.70,4.80,4.60,4.50,4.40,4.30,4.10,3.90,4.00,4.20,4.00,3.90,3.80,3.70,3.90,4.60,4.80,4.70,5.10,5.00,5.10,5.30,5.30,5.40,5.10,5.20,5.30,5.30,1.90,1.80,1.70,1.70,1.50,1.50,1.10,1.00,0.40,0.80,0.90,1.30,1.40,1.50,1.80,1.70,1.80,1.90,2.10,1.90
SA14,UiTM Shah Alam,4.00,3.90,3.80,3.60,3.50,3.40,3.80,3.80,3.70,3.60,3.50,3.80,3.70,3.50,3.50,3.60,3.50,3.40,3.30,3.30,3.20,2.90,2.80,2.70,2.50,2.30,2.10,2.30,2.60,2.70,2.90,3.00,3.20,3.10,3.30,3.50,3.40,4.50,4.40,4.30,4.20,4.00,3.80,4.00,3.90,3.80,3.70,3.60,3.70,3.80,3.90,4.00,4.10,4.20,4.30,3.90,3.80,3.70,3.60,3.70,3.80,3.90,4.00,4.10,4.20,4.30,4.10,4.30,4.50,4.60,4.70,4.90,5.00,4.80,4.80,4.90,4.70,4.40,4.40,4.30,4.20,4.00,3.80,3.40,4.70,4.50,4.00,3.70,3.80,4.00,4.20,4.50,4.70,4.40,4.10,5.10,4.80,4.50,4.10,3.80,3.30,2.90,3.20,3.30,2.90,2.70,2.40,2.20,2.50,2.70,3.00,3.20,3.40,3.50,3.60,3.70,3.60,3.70,3.80,3.60,3.70,3.80,3.90,3.60,3.70,3.80,3.80,3.90,4.10,4.10,4.20,3.20,3.60,3.80,3.90,4.20,4.40,4.30,4.50,4.60,4.70,4.50,4.60,4.60,4.50,4.30,4.10,4.20,4.10,3.90,3.80,3.70,3.60,3.90,4.50,4.70,4.70,5.00,4.90,5.00,5.20,5.20,5.30,5.00,5.10,5.20,5.20,1.80,2.10,1.90,1.70,1.80,1.70,1.40,1.20,0.80,0.40,0.70,1.00,1.30,1.40,1.50,1.70,1.80,1.70,1.80,2.10
SA15,Seksyen 7 Shah Alam,4.20,4.10,4.00,3.80,3.70,3.60,4.00,4.00,3.90,3.80,3.70,4.00,3.90,3.70,3.70,3.80,3.70,3.60,3.50,3.50,3.40,3.10,3.00,2.90,2.70,2.50,2.30,2.50,2.80,2.90,3.10,3.20,3.40,3.30,3.50,3.70,3.60,4.70,4.60,4.50,4.40,4.20,4.00,4.20,4.10,4.00,3.90,3.80,3.90,4.00,4.10,4.20,4.30,4.40,4.50,4.10,4.00,3.90,3.80,3.90,4.00,4.10,4.20,4.30,4.40,4.50,4.30,4.50,4.70,4.80,4.90,5.10,5.20,5.00,5.00,5.10,4.90,4.60,4.60,4.50,4.40,4.20,4.00,3.60,4.90,4.70,4.20,3.90,4.00,4.20,4.40,4.70,4.90,4.60,4.30,5.30,5.00,4.70,4.30,4.00,3.50,3.10,3.40,3.50,3.10,2.90,2.60,2.40,2.70,2.90,3.20,3.40,3.60,3.70,3.80,3.90,3.80,3.90,4.00,3.80,3.90,4.00,4.10,3.80,3.90,4.00,4.00,4.10,4.30,4.30,4.40,3.40,3.80,4.00,4.10,4.40,4.60,4.50,4.70,4.80,4.90,4.70,4.80,4.80,4.70,4.50,4.30,4.40,4.30,4.10,4.00,3.90,3.80,4.10,4.70,4.90,4.90,5.20,5.10,5.20,5.40,5.40,5.50,5.20,5.30,5.40,5.40,2.00,1.90,2.10,1.90,1.70,1.90,1.50,1.50,0.90,0.70,0.40,0.80,1.00,1.20,1.40,1.50,1.60,1.80,1.90,1.90
SA17,Bandar Baru Klang,4.20,4.10,4.00,3.80,3.70,3.60,4.00,4.00,3.90,3.80,3.70,4.00,3.90,3.80,3.70,3.80,3.70,3.60,3.50,3.50,3.40,3.10,3.00,2.90,2.70,2.50,2.30,2.50,2.80,2.90,3.10,3.20,3.40,3.30,3.50,3.70,3.60,4.80,4.70,4.60,4.50,4.30,4.10,4.30,4.20,4.10,4.00,3.90,3.90,4.00,4.10,4.20,4.30,4.40,4.50,4.20,4.10,4.00,3.90,3.90,4.00,4.10,4.20,4.30,4.40,4.50,4.40,4.60,4.80,4.90,5.00,5.20,5.20,5.00,5.00,5.10,4.90,4.60,4.60,4.50,4.40,4.20,4.00,3.60,5.00,4.80,4.30,4.00,4.10,4.30,4.50,4.80,5.00,4.60,4.30,5.30,5.00,4.70,4.30,4.00,3.50,3.10,3.50,3.60,3.20,3.00,2.70,2.50,2.80,3.00,3.30,3.50,3.70,3.80,3.90,4.00,3.90,4.00,4.10,3.90,4.00,4.10,4.20,3.90,4.00,4.10,4.10,4.20,4.40,4.40,4.50,3.50,3.90,4.10,4.20,4.50,4.70,4.60,4.80,4.90,5.00,4.80,4.90,4.80,4.70,4.50,4.30,4.40,4.40,4.20,4.10,4.00,3.90,4.20,4.80,5.00,5.00,5.30,5.20,5.30,5.50,5.50,5.60,5.30,5.40,5.50,5.50,2.10,2.10,1.90,1.80,2.00,1.90,1.80,1.60,1.30,1.00,0.80,0.40,0.70,0.90,1.10,1.30,1.50,1.50,1.60,1.90
SA18,Pasar Klang,4.40,4.30,4.20,4.00,3.90,3.80,4.20,4.20,4.10,4.00,3.90,3.90,3.70,3.50,3.70,3.90,3.90,3.80,3.70,3.70,3.60,3.30,3.20,3.10,2.90,2.70,2.50,2.70,3.00,3.10,3.30,3.40,3.60,3.50,3.70,3.90,3.80,4.50,4.40,4.30,4.20,4.00,3.80,4.00,3.90,3.80,3.70,3.60,3.70,3.80,3.90,4.00,4.10,4.20,4.30,3.90,3.80,3.70,3.60,3.70,3.80,3.90,4.00,4.10,4.20,4.30,4.10,4.30,4.50,4.60,4.70,4.90,5.00,5.00,5.10,5.20,5.00,4.80,4.80,4.70,4.60,4.40,4.20,3.80,4.70,4.50,4.00,3.70,3.80,4.00,4.20,4.50,4.70,4.40,4.10,5.50,5.20,4.90,4.50,4.20,3.70,3.30,3.20,3.30,2.90,2.70,2.40,2.20,2.50,2.70,3.00,3.20,3.40,3.50,3.60,3.70,3.60,3.70,3.80,3.60,3.70,3.80,3.90,3.60,3.70,3.80,3.80,3.90,4.10,4.10,4.20,3.20,3.60,3.80,3.90,4.20,4.40,4.30,4.50,4.60,4.70,4.50,4.60,4.70,4.60,4.40,4.10,4.20,4.10,3.90,3.80,3.70,3.60,3.90,4.50,4.70,4.70,5.00,4.90,5.00,5.20,5.20,5.30,5.00,5.10,5.20,5.20,1.80,1.80,2.10,2.00,1.80,2.10,1.70,1.80,1.40,1.30,1.00,0.70,0.40,0.50,0.80,1.00,1.20,1.40,1.60,1.70
SA19,Jalan Meru,4.10,4.00,3.90,3.70,3.60,3.50,3.90,3.90,3.80,3.70,3.60,3.90,3.80,3.60,3.60,3.70,3.60,3.50,3.40,3.40,3.30,3.00,2.90,2.80,2.60,2.40,2.20,2.40,2.70,2.80,3.00,3.10,3.30,3.20,3.40,3.60,3.50,4.60,4.50,4.40,4.30,4.10,3.90,4.10,4.00,3.90,3.80,3.70,3.80,3.90,4.00,4.10,4.20,4.30,4.40,4.00,3.90,3.80,3.70,3.80,3.90,4.00,4.10,4.20,4.30,4.40,4.20,4.40,4.60,4.70,4.80,5.00,5.10,4.90,4.90,5.00,4.80,4.50,4.50,4.40,4.30,4.10,3.90,3.50,4.80,4.60,4.10,3.80,3.90,4.10,4.30,4.60,4.80,4.50,4.20,5.20,4.90,4.60,4.20,3.90,3.40,3.00,3.30,3.40,3.00,2.80,2.50,2.30,2.60,2.80,3.10,3.30,3.50,3.60,3.70,3.80,3.70,3.80,3.90,3.70,3.80,3.90,4.00,3.70,3.80,3.90,3.90,4.00,4.20,4.20,4.30,3.30,3.70,3.90,4.00,4.30,4.50,4.40,4.60,4.70,4.80,4.60,4.70,4.70,4.60,4.40,4.20,4.30,4.20,4.00,3.90,3.80,3.70,4.00,4.60,4.80,4.80,5.10,5.00,5.10,5.30,5.30,5.40,5.10,5.20,5.30,5.30,1.90,1.80,1.70,2.00,1.90,1.80,1.80,1.70,1.50,1.40,1.20,0.90,0.50,0.40,0.70,1.00,1.10,1.20,1.40,1.50
SA20,Jambatan Kota,4.30,4.20,4.10,3.90,3.80,3.70,4.10,4.10,4.00,3.90,3.80,4.10,3.90,3.70,3.80,3.90,3.80,3.70,3.60,3.60,3.50,3.20,3.10,3.00,2.80,2.60,2.40,2.60,2.90,3.00,3.20,3.30,3.50,3.40,3.60,3.80,3.70,4.70,4.60,4.50,4.40,4.20,4.00,4.20,4.10,4.00,3.90,3.80,3.90,4.00,4.10,4.20,4.30,4.40,4.50,4.10,4.00,3.90,3.80,3.90,4.00,4.10,4.20,4.30,4.40,4.50,4.30,4.50,4.70,4.80,4.90,5.10,5.20,5.10,5.10,5.20,5.00,4.70,4.70,4.60,4.50,4.30,4.10,3.70,4.90,4.70,4.20,3.90,4.00,4.20,4.40,4.70,4.90,4.60,4.30,5.40,5.10,4.80,4.40,4.10,3.60,3.20,3.40,3.50,3.10,2.90,2.60,2.40,2.70,2.90,3.20,3.40,3.60,3.70,3.80,3.90,3.80,3.90,4.00,3.80,3.90,4.00,4.10,3.80,3.90,4.00,4.00,4.10,4.30,4.30,4.40,3.40,3.80,4.00,4.10,4.40,4.60,4.50,4.70,4.80,4.90,4.70,4.80,4.90,4.80,4.60,4.30,4.40,4.30,4.10,4.00,3.90,3.80,4.10,4.70,4.90,4.90,5.20,5.10,5.20,5.40,5.40,5.50,5.20,5.30,5.40,5.40,2.00,1.90,1.90,1.70,2.00,2.00,2.00,1.90,1.80,1.50,1.40,1.10,0.80,0.70,0.40,0.70,0.80,1.00,1.10,1.50
SA21,Taman Selatan,4.40,4.30,4.20,4.00,3.90,3.80,4.20,4.20,4.10,4.00,3.90,4.20,4.00,3.80,3.90,4.00,3.90,3.80,3.70,3.70,3.60,3.30,3.20,3.10,2.90,2.70,2.50,2.70,3.00,3.10,3.30,3.40,3.60,3.50,3.70,3.90,3.80,4.80,4.70,4.60,4.50,4.30,4.10,4.30,4.20,4.10,4.00,3.90,4.00,4.10,4.20,4.30,4.40,4.50,4.60,4.20,4.10,4.00,3.90,4.00,4.10,4.20,4.30,4.40,4.50,4.60,4.40,4.60,4.80,4.90,5.00,5.20,5.30,5.20,5.20,5.30,5.10,4.80,4.80,4.70,4.60,4.40,4.20,3.80,5.00,4.80,4.30,4.00,4.10,4.30,4.50,4.80,5.00,4.70,4.40,5.50,5.20,4.90,4.50,4.20,3.70,3.30,3.50,3.60,3.20,3.00,2.70,2.50,2.80,3.00,3.30,3.50,3.70,3.80,3.90,4.00,3.90,4.00,4.10,3.90,4.00,4.10,4.20,3.90,4.00,4.10,4.10,4.20,4.40,4.40,4.50,3.50,3.90,4.10,4.20,4.50,4.70,4.60,4.80,4.90,5.00,4.80,4.90,5.00,4.90,4.70,4.40,4.50,4.40,4.20,4.10,4.00,3.90,4.20,4.80,5.00,5.00,5.30,5.20,5.30,5.50,5.50,5.60,5.30,5.40,5.50,5.50,2.10,2.00,2.00,1.80,1.70,2.10,1.80,2.10,1.70,1.70,1.50,1.30,1.00,1.00,0.70,0.40,0.60,0.80,1.00,1.20
SA22,Seri Andalas,4.00,3.90,3.80,3.60,3.50,3.40,3.80,3.80,3.70,3.60,3.50,3.80,3.70,3.60,3.50,3.60,3.50,3.40,3.30,3.30,3.20,2.90,2.80,2.70,2.50,2.30,2.10,2.30,2.60,2.70,2.90,3.00,3.20,3.10,3.30,3.50,3.40,4.70,4.70,4.70,4.60,4.40,4.20,4.20,4.10,3.90,3.80,3.70,3.70,3.80,3.90,4.00,4.10,4.20,4.30,4.10,3.90,3.80,3.70,3.70,3.80,3.90,4.00,4.10,4.20,4.30,4.30,4.50,4.70,4.70,4.90,5.10,5.00,4.80,4.80,4.90,4.70,4.40,4.40,4.30,4.20,4.00,3.80,3.40,4.80,4.60,4.10,3.80,3.90,4.10,4.30,4.60,4.80,4.40,4.10,5.10,4.80,4.50,4.10,3.80,3.30,2.90,3.60,3.70,3.30,3.10,2.80,2.60,2.90,3.10,3.40,3.60,3.80,3.60,3.70,3.90,4.00,4.10,4.20,4.00,4.10,4.20,4.30,4.00,4.10,4.20,4.20,4.30,4.50,4.50,4.60,3.60,4.00,4.20,4.30,4.60,4.80,4.70,4.90,5.00,5.00,4.90,4.70,4.60,4.50,4.30,4.10,4.20,4.40,4.30,4.20,4.10,4.00,4.10,4.90,5.10,4.90,5.30,5.30,5.40,5.60,5.60,5.70,5.40,5.50,5.60,5.60,2.20,2.10,2.00,1.90,1.80,1.70,1.90,1.80,1.80,1.80,1.60,1.50,1.20,1.10,0.80,0.60,0.40,0.60,0.80,1.00
SA23,Klang Jaya,4.10,4.00,3.90,3.70,3.60,3.50,3.90,3.90,3.80,3.70,3.60,3.90,3.80,3.70,3.60,3.70,3.60,3.50,3.40,3.40,3.30,3.00,2.90,2.80,2.60,2.40,2.20,2.40,2.70,2.80,3.00,3.10,3.30,3.20,3.40,3.60,3.50,4.80,4.80,4.70,4.60,4.40,4.20,4.30,4.20,4.00,3.90,3.80,3.80,3.90,4.00,4.10,4.20,4.30,4.40,4.20,4.00,3.90,3.80,3.80,3.90,4.00,4.10,4.20,4.30,4.40,4.40,4.60,4.80,4.80,5.00,5.20,5.10,4.90,4.90,5.00,4.80,4.50,4.50,4.40,4.30,4.10,3.90,3.50,4.90,4.70,4.20,3.90,4.00,4.20,4.40,4.70,4.90,4.50,4.20,5.20,4.90,4.60,4.20,3.90,3.40,3.00,3.60,3.70,3.30,3.10,2.80,2.60,2.90,3.10,3.40,3.60,3.80,3.70,3.80,4.00,4.00,4.10,4.20,4.00,4.10,4.20,4.30,4.00,4.10,4.20,4.20,4.30,4.50,4.50,4.60,3.60,4.00,4.20,4.30,4.60,4.80,4.70,4.90,5.00,5.10,4.90,4.80,4.70,4.60,4.40,4.20,4.30,4.50,4.30,4.20,4.10,4.00,4.20,4.90,5.10,5.00,5.40,5.30,5.40,5.60,5.60,5.70,5.40,5.50,5.60,5.60,2.20,2.20,2.10,2.00,1.90,1.80,2.00,1.90,1.90,1.70,1.80,1.50,1.40,1.20,1.00,0.80,0.60,0.40,0.60,1.00
SA24,Bandar Bukit Tinggi,4.20,4.10,4.00,3.80,3.70,3.60,4.00,4.00,3.90,3.80,3.70,4.00,3.90,3.80,3.70,3.80,3.70,3.60,3.50,3.50,3.40,3.10,3.00,2.90,2.70,2.50,2.30,2.50,2.80,2.90,3.10,3.20,3.40,3.30,3.50,3.70,3.60,4.90,4.90,4.80,4.70,4.50,4.30,4.40,4.30,4.10,4.00,3.90,3.90,4.00,4.10,4.20,4.30,4.40,4.50,4.30,4.10,4.00,3.90,3.90,4.00,4.10,4.20,4.30,4.40,4.50,4.50,4.70,4.90,4.90,5.10,5.30,5.20,5.00,5.00,5.10,4.90,4.60,4.60,4.50,4.40,4.20,4.00,3.60,5.00,4.80,4.30,4.00,4.10,4.30,4.50,4.80,5.00,4.60,4.30,5.30,5.00,4.70,4.30,4.00,3.50,3.10,3.70,3.80,3.40,3.20,2.90,2.70,3.00,3.20,3.50,3.70,3.90,3.80,3.90,4.10,4.10,4.20,4.30,4.10,4.20,4.30,4.40,4.10,4.20,4.30,4.30,4.40,4.60,4.60,4.70,3.70,4.10,4.30,4.40,4.70,4.90,4.80,5.00,5.10,5.20,5.00,4.90,4.80,4.70,4.50,4.30,4.40,4.60,4.40,4.30,4.20,4.10,4.30,5.00,5.20,5.10,5.50,5.40,5.50,5.70,5.70,5.80,5.50,5.60,5.70,5.70,2.30,2.30,2.20,2.10,2.00,1.90,2.10,2.00,2.10,1.80,1.90,1.60,1.60,1.40,1.10,1.00,0.80,0.60,0.40,0.70
SA26,Johan Setia,4.30,4.20,4.10,3.90,3.80,3.70,4.10,4.10,4.00,3.90,3.80,4.10,4.00,3.90,3.80,3.90,3.80,3.70,3.60,3.60,3.50,3.20,3.10,3.00,2.80,2.60,2.40,2.60,2.90,3.00,3.20,3.30,3.50,3.40,3.60,3.80,3.70,5.00,5.00,4.90,4.80,4.60,4.40,4.50,4.40,4.20,4.10,4.00,4.00,4.10,4.20,4.30,4.40,4.50,4.60,4.40,4.20,4.10,4.00,4.00,4.10,4.20,4.30,4.40,4.50,4.60,4.60,4.80,5.00,5.00,5.20,5.40,5.30,5.10,5.10,5.20,5.00,4.70,4.70,4.60,4.50,4.30,4.10,3.70,5.10,4.90,4.40,4.10,4.20,4.40,4.60,4.90,5.10,4.70,4.40,5.40,5.10,4.80,4.40,4.10,3.60,3.20,3.80,3.90,3.50,3.30,3.00,2.80,3.10,3.30,3.60,3.80,4.00,3.90,4.00,4.20,4.20,4.30,4.40,4.20,4.30,4.40,4.50,4.20,4.30,4.40,4.40,4.50,4.70,4.70,4.80,3.80,4.20,4.40,4.50,4.80,5.00,4.90,5.10,5.20,5.30,5.10,5.00,4.90,4.80,4.60,4.40,4.50,4.70,4.50,4.40,4.30,4.20,4.40,5.10,5.30,5.20,5.60,5.50,5.60,5.80,5.80,5.90,5.60,5.70,5.80,5.80,2.40,2.40,2.30,2.20,2.10,2.00,1.80,1.70,1.90,2.10,1.90,1.90,1.70,1.50,1.50,1.20,1.00,1.00,0.70,0.40
