route_id,Line ID,stop_id,Order,Border Y/N,Hub Stop Y/N,ride_zone,Alight Zone,Entering Angle,Distance
#N/A,E250001,1000383,1,N,N,2,2,45,0
#N/A,E250001,1000823,2,N,N,2,2,354,522
#N/A,E250001,1003415,3,N,N,2,2,265,1229
#N/A,E250001,1003247,4,Y,N,1,2,132,2809
#N/A,E250001,1000915,5,Y,N,1,2,20,3455
#N/A,E250001,1001417,6,N,N,1,1,47,6514
#N/A,E250001,1003849,7,N,N,1,1,54,7472
#N/A,E250001,1003846,8,N,N,1,1,87,9787
#N/A,E250001,1001835,9,N,N,1,1,307,12300
#N/A,E250002,1001835,1,N,N,1,1,307,0
#N/A,E250002,1003847,2,N,N,1,1,267,1674
#N/A,E250002,1002470,3,N,N,1,1,234,3971
#N/A,E250002,1001057,4,N,N,1,1,227,4985
#N/A,E250002,1000916,5,Y,N,2,1,198,8084
#N/A,E250002,1002216,6,Y,N,2,1,179,8339
#N/A,E250002,1000477,7,Y,N,2,1,185,8830
#N/A,E250002,1001629,8,N,N,2,2,205,9645
#N/A,E250002,1000383,9,N,N,2,2,45,11600
#N/A,E300001,1000383,1,N,N,3,3,45,0
#N/A,E300001,1000823,2,N,N,3,3,354,520
#N/A,E300001,1002711,3,N,N,3,3,66,1783
#N/A,E300001,1000542,4,Y,N,2,3,103,2555
#N/A,E300001,1000082,5,Y,N,2,3,104,3276
#N/A,E300001,1003209,6,N,N,2,2,88,5453
#N/A,E300001,1000083,7,Y,N,1,2,114,6967
#N/A,E300001,1001783,8,Y,N,1,2,126,8247
#N/A,E300001,1000967,9,N,N,1,1,183,10200
#N/A,E300002,1000966,1,N,N,1,1,3,0
#N/A,E300002,1001782,2,Y,N,2,1,306,1879
#N/A,E300002,1000084,3,Y,N,2,1,294,3102
#N/A,E300002,1000888,4,N,N,2,2,260,4601
#N/A,E300002,1000492,5,Y,N,3,2,274,6951
#N/A,E300002,1001518,6,Y,N,3,2,283,7555
#N/A,E300002,1002712,7,N,N,3,3,246,8390
#N/A,E300002,1000383,8,N,N,3,3,45,9900
#N/A,E600001,1000531,1,N,N,4,4,358,0
#N/A,E600001,1004276,2,Y,N,3,4,137,2063
#N/A,E600001,1004210,3,N,N,3,3,190,4477
#N/A,E600001,1002263,4,Y,N,2,3,192,7683
#N/A,E600001,1002195,5,N,N,2,2,238,8798
#N/A,E600001,1002118,6,N,N,2,2,205,11001
#N/A,E600001,1000025,7,N,N,2,2,221,12106
#N/A,E600001,1001396,8,Y,N,1,2,241,12540
#N/A,E600001,1006678,9,N,N,1,1,29,16524
#N/A,E600001,1002768,10,N,N,1,1,93,18034
#N/A,E600001,1002641,11,N,N,1,1,24,24400
#N/A,E600002,1002641,1,N,N,1,1,24,0
#N/A,E600002,1003913,2,N,N,1,1,14,6378
#N/A,E600002,1001010,3,N,N,1,1,22,7333
#N/A,E600002,1003943,4,N,N,1,1,87,10340
#N/A,E600002,1002193,5,Y,N,2,1,49,11441
#N/A,E600002,1001338,6,N,N,2,2,37,12702
#N/A,E600002,1000506,7,N,N,2,2,58,15146
#N/A,E600002,1004255,8,Y,N,3,2,12,16104
#N/A,E600002,1004209,9,N,N,3,3,10,19242
#N/A,E600002,1001512,10,Y,N,4,3,43,21017
#N/A,E600002,1000531,11,N,N,4,4,358,23300
#N/A,H101002,1001801,1,N,N,1,1,182,0
#N/A,H101002,1009067,2,N,N,1,1,138,1196
#N/A,H101002,1001368,3,N,N,1,1,103,4163
#N/A,H101002,1004287,4,N,N,1,1,122,5078
#N/A,H101002,1004288,5,N,N,1,1,321,7897
#N/A,H101002,1000868,6,N,N,1,1,283,8769
#N/A,H101002,1009068,7,N,N,1,1,302,11742
#N/A,H101002,1001801,8,N,N,1,1,182,13000
#N/A,H102002,1000531,1,N,N,1,1,358,0
#N/A,H102002,1009071,2,N,N,1,1,94,2640
#N/A,H102002,1009072,3,N,N,1,1,236,2965
#N/A,H102002,1009073,4,N,N,1,1,218,3473
#N/A,H102002,1009074,5,N,N,1,1,174,3732
#N/A,H102002,1009075,6,N,N,1,1,97,3921
#N/A,H102002,1009076,7,N,N,1,1,95,4410
#N/A,H102002,1007530,8,N,N,1,1,187,4880
#N/A,H102002,1000531,9,N,N,1,1,358,6300
#N/A,H201002,1001518,1,N,N,1,1,283,0
#N/A,H201002,1001834,2,N,N,1,1,127,9200
#N/A,H201002,1001518,3,N,N,1,1,283,20000
#N/A,H202002,1000531,1,N,N,1,1,358,0
#N/A,H202002,1001833,2,N,N,1,1,1,6800
#N/A,H202002,1000531,3,N,N,1,1,358,14000
#N/A,H203002,1000531,1,N,N,1,1,358,0
#N/A,H203002,1001518,2,N,N,1,1,283,7100
#N/A,H203002,1000531,3,N,N,1,1,358,10700
#N/A,H204002,1001801,1,N,N,1,1,182,0
#N/A,H204002,1001098,2,N,N,1,1,146,1700
#N/A,H204002,1001834,3,N,N,1,1,127,3700
#N/A,H204002,1001827,4,N,N,1,1,348,5100
#N/A,H204002,1001822,5,N,N,1,1,53,9200
#N/A,H204002,1001803,6,N,N,1,1,180,10100
#N/A,H204002,1001800,7,N,N,1,1,271,10700
#N/A,H204002,1001796,8,N,N,1,1,268,11500
#N/A,H204002,1001800,9,N,N,1,1,271,16400
#N/A,H204002,1001821,10,N,N,1,1,23,18100
#N/A,H204002,1001827,11,N,N,1,1,348,20900
#N/A,H204002,1001835,12,N,N,1,1,307,23700
#N/A,H204002,1001831,13,N,N,1,1,316,25700
#N/A,H204002,1001801,14,N,N,1,1,182,27600
#N/A,H205002,1001801,1,N,N,1,1,182,0
#N/A,H205002,1001518,2,N,N,1,1,283,16500
#N/A,H205002,1001801,3,N,N,1,1,182,34600
#N/A,H206002,1001822,1,N,N,1,1,53,0
#N/A,H206002,1000542,2,N,N,1,1,103,6000
#N/A,H206002,1001822,3,N,N,1,1,53,13500
#N/A,H207002,1002058,1,N,N,1,1,49,1
#N/A,H207002,1002644,2,N,N,1,1,231,1393
#N/A,H207002,1001810,3,N,N,1,1,317,3247
#N/A,H207002,1008669,4,N,N,1,1,3,4570
#N/A,H207002,1001183,5,N,N,1,1,137,5808
#N/A,H207002,1002644,6,N,N,1,1,231,6421
#N/A,H207002,1002058,7,N,N,1,1,49,8750
#N/A,H208002,1001810,1,N,N,1,1,317,1
#N/A,H208002,1008669,2,N,N,1,1,3,1380
#N/A,H208002,1001810,3,N,N,1,1,317,2630
#N/A,H209002,1008669,1,N,N,1,1,3,1
#N/A,H209002,1003257,2,N,N,1,1,16,745
#N/A,H209002,1008670,3,N,N,1,1,258,1696
#N/A,H209002,1001829,4,N,N,1,1,250,5422
#N/A,H209002,1001817,5,N,N,1,1,341,7753
#N/A,H209002,1001820,6,N,N,1,1,347,8750
#N/A,H209002,1001818,7,N,N,1,1,161,9405
#N/A,H209002,1001829,8,N,N,1,1,250,12162
#N/A,H209002,1003614,9,N,N,1,1,76,13335
#N/A,H209002,1003257,10,N,N,1,1,16,15385
#N/A,H209002,1008669,11,N,N,1,1,3,17400
#N/A,H211002,1002058,1,N,N,1,1,49,0
#N/A,H211002,1002644,2,N,N,1,1,231,1364
#N/A,H211002,1001810,3,N,N,1,1,317,3186
#N/A,H211002,1008669,4,N,N,1,1,3,4441
#N/A,H211002,1003257,5,N,N,1,1,16,4732
#N/A,H211002,1003614,6,N,N,1,1,76,8029
#N/A,H211002,1001829,7,N,N,1,1,250,10022
#N/A,H211002,1001820,8,N,N,1,1,347,14236
#N/A,H211002,1001818,9,N,N,1,1,161,15000
#N/A,H211002,1001829,10,N,N,1,1,250,16196
#N/A,H211002,1008670,11,N,N,1,1,258,18284
#N/A,H211002,1008669,12,N,N,1,1,3,21352
#N/A,H211002,1001183,13,N,N,1,1,137,22660
#N/A,H211002,1002644,14,N,N,1,1,231,23278
#N/A,H211002,1002058,15,N,N,1,1,49,26000
#N/A,H212002,1001820,1,N,N,1,1,347,0
#N/A,H212002,1001817,2,N,N,1,1,341,2300
#N/A,H212002,1001183,3,N,N,1,1,137,9300
#N/A,H212002,1001810,4,N,N,1,1,317,10300
#N/A,H212002,1001817,5,N,N,1,1,341,19600
#N/A,H212002,1001820,6,N,N,1,1,347,20500
#N/A,H213002,1000968,1,N,N,1,1,202,0
#N/A,H213002,1001183,2,N,N,1,1,137,7000
#N/A,H213002,1001810,3,N,N,1,1,317,8000
#N/A,H213002,1000968,4,N,N,1,1,202,15300
#N/A,H301002,1009137,1,N,N,1,1,302,0
#N/A,H301002,1009138,2,N,N,1,1,174,1900
#N/A,H301002,1009137,3,N,N,1,1,302,4200
#N/A,H302002,1009137,1,N,N,1,1,302,0
#N/A,H302002,1009139,2,N,N,1,1,177,780
#N/A,H302002,1009137,3,N,N,1,1,302,2200
K1000,K100001,2000325,0,N,N,1,1,245,0
K1000,K100001,2000395,1,N,N,1,1,164,1951
K1000,K100001,2000133,2,N,N,1,1,42,2223
K1000,K100001,2000198,3,N,N,1,1,197,2943
K1000,K100001,2000470,4,N,N,1,1,218,3318
K1000,K100001,2000329,5,N,N,1,1,238,3818
K1000,K100001,2000252,6,N,N,1,1,231,4145
K1000,K100001,2000324,7,N,N,1,1,257,4746
K1000,K100001,2000416,8,N,N,1,1,259,5192
K1000,K100001,2000475,9,N,N,1,1,256,5638
K1000,K100001,2000460,10,N,N,1,1,249,6010
K1000,K100001,2000431,11,N,N,1,1,252,7744
K1000,K100001,2000165,12,N,N,1,1,250,8332
K1000,K100001,2000274,13,N,N,1,1,251,8865
K1000,K100001,2000199,14,N,N,1,1,247,9260
K1000,K100001,2000026,15,N,N,1,1,255,9944
K1000,K100001,2000200,16,N,N,1,1,254,10447
K1000,K100001,2000439,17,N,N,1,1,253,11075
K1000,K100001,2000282,18,Y,Y,2,1,260,11968
K1000,K100001,2000660,19,Y,Y,2,1,264,12315
K1000,K100001,2000661,20,Y,Y,2,1,267,12662
K1000,K100001,2000376,21,Y,Y,2,1,274,13266
K1000,K100001,2000464,22,Y,Y,2,1,259,13488
K1000,K100001,2000229,23,Y,Y,2,1,277,13899
K1000,K100001,2000268,24,Y,Y,2,1,244,14263
K1000,K100001,2000331,25,Y,Y,2,1,229,15168
K1000,K100001,2000497,26,Y,Y,2,1,233,15449
K1000,K100001,2000455,27,Y,Y,2,1,235,15826
K1000,K100001,2000053,28,Y,Y,2,1,236,17030
K1000,K100001,2000097,29,Y,Y,2,1,234,17522
K1000,K100001,2000037,30,Y,Y,2,1,208,18684
K1000,K100001,2000230,31,Y,Y,2,1,214,19506
K1000,K100001,2000138,32,Y,Y,2,1,221,20421
K1000,K100001,2000361,33,Y,Y,2,1,249,21645
K1000,K100001,2000379,34,Y,Y,2,1,203,26888
K1000,K100001,2000134,35,Y,Y,2,1,257,27628
K1000,K100001,2000345,36,N,N,2,2,354,28290
K1000,K100001,2000099,37,N,N,2,2,7,30050
K1000,K100001,2000313,38,N,N,2,2,19,30748
K1000,K100001,2000824,39,N,N,2,2,197,31153
K1000,K100001,2000039,40,N,N,2,2,176,34972
K1000,K100001,2000453,41,N,N,2,2,183,36162
K1000,K100001,2000332,42,N,N,2,2,268,37411
K1000,K100001,2000417,43,N,N,2,2,267,38262
K1000,K100001,2000281,44,N,N,2,2,265,38594
K1000,K100001,2000279,45,N,N,2,2,274,39062
K1000,K100001,2000359,46,N,N,2,2,276,39292
K1000,K100001,2000021,47,N,N,2,2,352,42042
K1000,K100001,2000543,48,N,N,2,2,306,42889
K1000,K100001,2000544,49,N,N,2,2,299,43965
K1000,K100001,2000066,50,N,N,2,2,52,50696
K1000,K100002,2000066,0,N,N,2,2,52,0
K1000,K100002,2000519,1,N,N,2,2,88,1214
K1000,K100002,2000021,2,N,N,2,2,352,5099
K1000,K100002,2000544,3,N,N,2,2,299,7022
K1000,K100002,2000205,4,N,N,2,2,78,9380
K1000,K100002,2000058,5,N,N,2,2,103,11616
K1000,K100002,2000232,6,N,N,2,2,106,12026
K1000,K100002,2000118,7,N,N,2,2,79,12667
K1000,K100002,2000095,8,N,N,2,2,80,13000
K1000,K100002,2000404,9,N,N,2,2,82,13850
K1000,K100002,2000345,10,N,N,2,2,354,15371
K1000,K100002,2000099,11,N,N,2,2,7,17131
K1000,K100002,2000313,12,N,N,2,2,19,17829
K1000,K100002,2000824,13,N,N,2,2,197,18234
K1000,K100002,2000039,14,N,N,2,2,176,22053
K1000,K100002,2000453,15,N,N,2,2,183,23243
K1000,K100002,2000170,16,Y,Y,1,2,67,24053
K1000,K100002,2000253,17,Y,Y,1,2,48,24394
K1000,K100002,2000445,18,Y,Y,1,2,37,25535
K1000,K100002,2000010,19,Y,Y,1,2,18,28290
K1000,K100002,2000123,20,Y,Y,1,2,66,32147
K1000,K100002,2000419,21,Y,Y,1,2,46,33356
K1000,K100002,2000251,22,Y,Y,1,2,47,34822
K1000,K100002,2000466,23,Y,Y,1,2,35,35667
K1000,K100002,2000245,24,Y,Y,1,2,46,36672
K1000,K100002,2000049,25,Y,Y,1,2,45,37074
K1000,K100002,2000418,26,Y,Y,1,2,47,37475
K1000,K100002,2000289,27,Y,Y,1,2,45,38436
K1000,K100002,2000167,28,Y,Y,1,2,51,39942
K1000,K100002,2000422,29,Y,Y,1,2,96,40857
K1000,K100002,2000354,30,Y,Y,1,2,88,41140
K1000,K100002,2000521,31,Y,Y,1,2,89,41933
K1000,K100002,2000485,32,Y,Y,1,2,86,42979
K1000,K100002,2000148,33,Y,Y,1,2,66,44214
K1000,K100002,2000017,34,N,N,1,1,68,44830
K1000,K100002,2000265,35,N,N,1,1,69,45423
K1000,K100002,2000027,36,N,N,1,1,67,45640
K1000,K100002,2000130,37,N,N,1,1,68,45927
K1000,K100002,2000098,38,N,N,1,1,67,46380
K1000,K100002,2000382,39,N,N,1,1,69,47005
K1000,K100002,2000307,40,N,N,1,1,68,47283
K1000,K100002,2000116,41,N,N,1,1,67,48481
K1000,K100002,2000297,42,N,N,1,1,68,48904
K1000,K100002,2000043,43,N,N,1,1,66,50253
K1000,K100002,2000236,44,N,N,1,1,65,50903
K1000,K100002,2000154,45,N,N,1,1,66,51779
K1000,K100002,2000014,46,N,N,1,1,69,52301
K1000,K100002,2000133,47,N,N,1,1,42,52714
K1000,K100002,2000267,48,N,N,1,1,346,53189
K1000,K100002,2000012,49,N,N,1,1,219,53489
K1000,K100002,2000193,50,N,N,1,1,247,54349
K1000,K100002,2000325,51,N,N,1,1,245,54587
#N/A,K101001,2000325,0,N,N,1,1,245,0
#N/A,K101001,2000395,1,N,N,1,1,164,985
#N/A,K101001,2000133,2,N,N,1,1,42,1257
#N/A,K101001,2000198,3,N,N,1,1,197,1977
#N/A,K101001,2000470,4,N,N,1,1,218,2352
#N/A,K101001,2000329,5,N,N,1,1,238,2852
#N/A,K101001,2000252,6,N,N,1,1,231,3179
#N/A,K101001,2000324,7,N,N,1,1,257,3780
#N/A,K101001,2000416,8,N,N,1,1,259,4226
#N/A,K101001,2000475,9,N,N,1,1,256,4672
#N/A,K101001,2000460,10,N,N,1,1,249,5044
#N/A,K101001,2000431,11,N,N,1,1,252,6778
#N/A,K101001,2000165,12,N,N,1,1,250,7366
#N/A,K101001,2000274,13,N,N,1,1,251,7899
#N/A,K101001,2000199,14,N,N,1,1,247,8294
#N/A,K101001,2000026,15,N,N,1,1,255,8978
#N/A,K101001,2000200,16,N,N,1,1,254,9481
#N/A,K101001,2000439,17,N,N,1,1,253,10109
#N/A,K101001,2000424,18,N,N,1,1,157,11009
#N/A,K101001,2000158,19,N,N,1,1,167,11423
#N/A,K101001,2000175,20,N,N,1,1,96,13262
#N/A,K101001,2000030,21,N,N,1,1,97,13505
#N/A,K101001,2000336,22,N,N,1,1,98,13760
#N/A,K101001,2000506,23,N,N,1,1,276,14046
#N/A,K101001,2000218,24,N,N,1,1,277,14591
#N/A,K101001,2000141,25,N,N,1,1,275,14824
#N/A,K101001,2000220,26,N,N,1,1,190,15195
#N/A,K101001,2000463,27,N,N,1,1,168,17094
#N/A,K101001,2000701,28,N,N,1,1,341,20361
#N/A,K101001,2000704,29,N,N,1,1,258,20985
#N/A,K101001,2000360,30,N,N,1,1,257,21449
#N/A,K101001,2000705,31,N,N,1,1,248,21842
#N/A,K101001,2000706,32,N,N,1,1,172,22212
#N/A,K101001,2000176,33,N,N,1,1,171,22469
#N/A,K101001,2000362,34,N,N,1,1,123,23120
#N/A,K101001,2000531,35,N,N,1,1,349,23657
#N/A,K101001,2000377,36,N,N,1,1,346,24279
#N/A,K101001,2000191,37,N,N,1,1,351,26232
#N/A,K101001,2000538,38,N,N,1,1,8,26657
#N/A,K101001,2000381,39,N,N,1,1,339,28364
#N/A,K101001,2000341,40,N,N,1,1,326,28709
#N/A,K101001,2000148,41,N,N,1,1,66,29733
#N/A,K101001,2000017,42,N,N,1,1,68,30349
#N/A,K101001,2000265,43,N,N,1,1,69,30942
#N/A,K101001,2000027,44,N,N,1,1,67,31159
#N/A,K101001,2000130,45,N,N,1,1,68,31446
#N/A,K101001,2000098,46,N,N,1,1,67,31899
#N/A,K101001,2000382,47,N,N,1,1,69,32524
#N/A,K101001,2000307,48,N,N,1,1,68,32802
#N/A,K101001,2000116,49,N,N,1,1,67,34000
#N/A,K101001,2000297,50,N,N,1,1,68,34423
#N/A,K101001,2000043,51,N,N,1,1,66,35772
#N/A,K101001,2000236,52,N,N,1,1,65,36422
#N/A,K101001,2000154,53,N,N,1,1,66,37298
#N/A,K101001,2000014,54,N,N,1,1,69,37820
#N/A,K101001,2000133,55,N,N,1,1,42,38233
#N/A,K101001,2000267,56,N,N,1,1,346,38708
#N/A,K101001,2000012,57,N,N,1,1,219,39008
#N/A,K101001,2000193,58,N,N,1,1,247,39868
#N/A,K101001,2000325,59,N,N,1,1,245,40106
#N/A,K102001,2000325,0,N,N,1,1,245,0
#N/A,K102001,2000395,1,N,N,1,1,164,985
#N/A,K102001,2000133,2,N,N,1,1,42,1257
#N/A,K102001,2000198,3,N,N,1,1,197,1977
#N/A,K102001,2000470,4,N,N,1,1,218,2352
#N/A,K102001,2000329,5,N,N,1,1,238,2852
#N/A,K102001,2000252,6,N,N,1,1,231,3179
#N/A,K102001,2000324,7,N,N,1,1,257,3780
#N/A,K102001,2000416,8,N,N,1,1,259,4226
#N/A,K102001,2000475,9,N,N,1,1,256,4672
#N/A,K102001,2000460,10,N,N,1,1,249,5044
#N/A,K102001,2000431,11,N,N,1,1,252,6778
#N/A,K102001,2000165,12,N,N,1,1,250,7366
#N/A,K102001,2000274,13,N,N,1,1,251,7899
#N/A,K102001,2000199,14,N,N,1,1,247,8294
#N/A,K102001,2000050,15,N,N,1,1,347,9249
#N/A,K102001,2000488,16,N,N,1,1,348,9776
#N/A,K102001,2000137,17,N,N,1,1,352,10156
#N/A,K102001,2000502,18,N,N,1,1,355,10518
#N/A,K102001,2000515,19,N,N,1,1,348,11001
#N/A,K102001,2000516,20,N,N,1,1,88,11225
#N/A,K102001,2000512,21,N,N,1,1,134,11857
#N/A,K102001,2000554,22,N,N,1,1,89,12267
#N/A,K102001,2000511,23,N,N,1,1,172,12846
#N/A,K102001,2000513,24,N,N,1,1,264,13509
#N/A,K102001,2000509,25,N,N,1,1,265,13826
#N/A,K102001,2000507,26,N,N,1,1,159,14004
#N/A,K102001,2000505,27,N,N,1,1,152,14420
#N/A,K102001,2000508,28,N,N,1,1,152,14654
#N/A,K102001,2000514,29,N,N,1,1,151,15062
#N/A,K102001,2000098,30,N,N,1,1,67,15365
#N/A,K102001,2000382,31,N,N,1,1,69,15990
#N/A,K102001,2000307,32,N,N,1,1,68,16268
#N/A,K102001,2000116,33,N,N,1,1,67,17466
#N/A,K102001,2000297,34,N,N,1,1,68,17889
#N/A,K102001,2000043,35,N,N,1,1,66,19238
#N/A,K102001,2000236,36,N,N,1,1,65,19888
#N/A,K102001,2000154,37,N,N,1,1,66,20764
#N/A,K102001,2000014,38,N,N,1,1,69,21286
#N/A,K102001,2000133,39,N,N,1,1,42,21699
#N/A,K102001,2000267,40,N,N,1,1,346,22174
#N/A,K102001,2000012,41,N,N,1,1,219,22474
#N/A,K102001,2000193,42,N,N,1,1,247,23334
#N/A,K102001,2000325,43,N,N,1,1,245,23572
#N/A,K200001,2000325,0,N,N,1,1,245,0
#N/A,K200001,2000405,1,N,N,1,1,36,1098
#N/A,K200001,2000161,2,N,N,1,1,169,1907
#N/A,K200001,2000323,3,N,N,1,1,29,2403
#N/A,K200001,2000069,4,N,N,1,1,111,3391
#N/A,K200001,2000152,5,N,N,1,1,7,4023
#N/A,K200001,2000413,6,N,N,1,1,8,4312
#N/A,K200001,2000086,7,N,N,1,1,12,4590
#N/A,K200001,2000046,8,N,N,1,1,93,4825
#N/A,K200001,2000160,9,N,N,1,1,94,5009
#N/A,K200001,2000364,10,N,N,1,1,94,5288
#N/A,K200001,2000184,11,N,N,1,1,95,5689
#N/A,K200001,2000402,12,N,N,1,1,171,6117
#N/A,K200001,2000284,13,N,N,1,1,114,6689
#N/A,K200001,2000870,14,N,N,1,1,159,7394
#N/A,K200001,2000240,15,N,N,1,1,273,8403
#N/A,K200002,2000240,0,N,N,1,1,273,0
#N/A,K200002,2000871,1,N,N,1,1,324,844
#N/A,K200002,2000192,2,N,N,1,1,296,1618
#N/A,K200002,2000214,3,N,N,1,1,321,2184
#N/A,K200002,2000310,4,N,N,1,1,275,2622
#N/A,K200002,2000434,5,N,N,1,1,274,3104
#N/A,K200002,2000078,6,N,N,1,1,274,3419
#N/A,K200002,2000213,7,N,N,1,1,275,3649
#N/A,K200002,2000291,8,N,N,1,1,192,3836
#N/A,K200002,2000217,9,N,N,1,1,188,4123
#N/A,K200002,2000111,10,N,N,1,1,187,4480
#N/A,K200002,2000131,11,N,N,1,1,279,4802
#N/A,K200002,2000347,12,N,N,1,1,221,5701
#N/A,K200002,2000392,13,N,N,1,1,337,6313
#N/A,K200002,2000012,14,N,N,1,1,219,6970
#N/A,K200002,2000193,15,N,N,1,1,247,7830
#N/A,K200002,2000325,16,N,N,1,1,245,8068
#N/A,K300001,2000325,0,N,N,1,1,245,0
#N/A,K300001,2000395,1,N,N,1,1,164,1951
#N/A,K300001,2000133,2,N,N,1,1,42,2223
#N/A,K300001,2000267,3,N,N,1,1,346,2698
#N/A,K300001,2000012,4,N,N,1,1,219,2998
#N/A,K300001,2000548,5,N,N,1,1,248,4039
#N/A,K300001,2000185,6,N,N,1,1,305,4724
#N/A,K300001,2000147,7,N,N,1,1,286,5457
#N/A,K300001,2000159,8,N,N,1,1,298,6957
#N/A,K300001,2000393,9,N,N,1,1,295,8457
#N/A,K300001,2000007,10,N,N,1,1,292,8975
#N/A,K300001,2000305,11,N,N,1,1,258,10253
#N/A,K300001,2000365,12,N,N,1,1,251,10553
#N/A,K300001,2000107,13,N,N,1,1,286,11533
#N/A,K300001,2000002,14,N,N,1,1,312,12144
#N/A,K300001,2000333,15,N,N,1,1,81,13441
#N/A,K300001,2000321,16,N,N,1,1,13,14619
#N/A,K300001,2000196,17,N,N,1,1,251,15400
#N/A,K300001,2000124,18,N,N,1,1,266,17531
#N/A,K300001,2000172,19,N,N,1,1,326,18613
#N/A,K300001,2000190,20,N,N,1,1,315,20264
#N/A,K300001,2000522,21,N,N,1,1,317,20827
#N/A,K300001,2000300,22,N,N,1,1,311,21199
#N/A,K300001,2000202,23,N,N,1,1,279,22074
#N/A,K300001,2000209,24,N,N,1,1,58,22337
#N/A,K300001,2000255,25,N,N,1,1,347,22707
#N/A,K300002,2000255,0,N,N,1,1,347,0
#N/A,K300002,2000035,1,N,N,1,1,233,406
#N/A,K300002,2000337,2,N,N,1,1,136,1792
#N/A,K300002,2000136,3,N,N,1,1,137,2068
#N/A,K300002,2000031,4,N,N,1,1,175,2794
#N/A,K300002,2000070,5,N,N,1,1,173,4276
#N/A,K300002,2000216,6,N,N,1,1,81,5354
#N/A,K300002,2000333,7,N,N,1,1,81,6595
#N/A,K300002,2000321,8,N,N,1,1,13,7773
#N/A,K300002,2000196,9,N,N,1,1,251,8554
#N/A,K300002,2000651,10,N,N,1,1,282,9575
#N/A,K300002,2000430,11,N,N,1,1,6,11642
#N/A,K300002,2000006,12,N,N,1,1,107,12128
#N/A,K300002,2000389,13,N,N,1,1,72,12826
#N/A,K300002,2000028,14,N,N,1,1,85,13072
#N/A,K300002,2000474,15,N,N,1,1,78,13358
#N/A,K300002,2000054,16,N,N,1,1,104,14249
#N/A,K300002,2000256,17,N,N,1,1,146,14802
#N/A,K300002,2000195,18,N,N,1,1,153,15051
#N/A,K300002,2000016,19,N,N,1,1,139,15402
#N/A,K300002,2000452,20,N,N,1,1,141,15778
#N/A,K300002,2000442,21,N,N,1,1,148,16554
#N/A,K300002,2000156,22,N,N,1,1,174,17104
#N/A,K300002,2000395,23,N,N,1,1,164,18881
#N/A,K300002,2000133,24,N,N,1,1,42,19153
#N/A,K300002,2000267,25,N,N,1,1,346,19628
#N/A,K300002,2000012,26,N,N,1,1,219,19928
#N/A,K300002,2000193,27,N,N,1,1,247,20788
#N/A,K300002,2000325,28,N,N,1,1,245,21026
K3010,K301001,2000325,0,N,N,1,1,245,0
K3010,K301001,2000395,1,N,N,1,1,164,1951
K3010,K301001,2000133,2,N,N,1,1,42,2223
K3010,K301001,2000267,3,N,N,1,1,346,2698
K3010,K301001,2000012,4,N,N,1,1,219,2998
K3010,K301001,2000548,5,N,N,1,1,248,4039
K3010,K301001,2000185,6,N,N,1,1,305,4724
K3010,K301001,2000147,7,N,N,1,1,286,5457
K3010,K301001,2000159,8,N,N,1,1,298,6957
K3010,K301001,2000393,9,N,N,1,1,295,8457
K3010,K301001,2000007,10,N,N,1,1,292,8975
K3010,K301001,2000124,11,Y,Y,2,1,266,13162
K3010,K301001,2000172,12,Y,Y,2,1,326,14244
K3010,K301001,2000190,13,Y,Y,2,1,315,15895
K3010,K301001,2000522,14,Y,Y,2,1,317,16458
K3010,K301001,2000300,15,Y,Y,2,1,311,16830
K3010,K301001,2000330,16,Y,Y,2,1,276,17715
K3010,K301001,2000186,17,Y,Y,2,1,271,18285
K3010,K301001,2000020,18,Y,Y,2,1,27,18700
K3010,K301001,2000120,19,Y,Y,2,1,46,19023
K3010,K301001,2000082,20,Y,Y,2,1,55,19327
K3010,K301001,2000334,21,Y,Y,2,1,347,22547
K3010,K301001,2000048,22,N,N,2,2,64,23680
K3010,K301001,2000433,23,N,N,2,2,44,24171
K3010,K301001,2000525,24,N,N,2,2,4,30056
K3010,K301001,2000524,25,N,N,2,2,271,32726
K3010,K301001,2000100,26,N,N,2,2,342,42822
K3010,K301001,2000454,27,N,N,2,2,322,43488
K3010,K301001,2000440,28,N,N,2,2,270,45066
K3010,K301002,2000440,0,N,N,2,2,270,0
K3010,K301002,2000526,1,N,N,2,2,172,2506
K3010,K301002,2000524,2,N,N,2,2,271,14366
K3010,K301002,2000048,3,N,N,2,2,64,20521
K3010,K301002,2000433,4,N,N,2,2,44,21012
K3010,K301002,2000239,5,N,N,2,2,351,22444
K3010,K301002,2000426,6,Y,Y,1,2,58,26004
K3010,K301002,2000001,7,Y,Y,1,2,211,26457
K3010,K301002,2000368,8,Y,Y,1,2,208,26778
K3010,K301002,2000400,9,Y,Y,1,2,106,27107
K3010,K301002,2000337,10,Y,Y,1,2,136,28590
K3010,K301002,2000136,11,Y,Y,1,2,137,28866
K3010,K301002,2000031,12,Y,Y,1,2,175,29592
K3010,K301002,2000070,13,Y,Y,1,2,173,31074
K3010,K301002,2000216,14,Y,Y,1,2,81,32152
K3010,K301002,2000467,15,N,N,1,1,93,34573
K3010,K301002,2000547,16,N,N,1,1,148,36379
K3010,K301002,2000054,17,N,N,1,1,104,36800
K3010,K301002,2000256,18,N,N,1,1,146,37353
K3010,K301002,2000195,19,N,N,1,1,153,37602
K3010,K301002,2000016,20,N,N,1,1,139,37953
K3010,K301002,2000452,21,N,N,1,1,141,38329
K3010,K301002,2000442,22,N,N,1,1,148,39105
K3010,K301002,2000156,23,N,N,1,1,174,39655
K3010,K301002,2000395,24,N,N,1,1,164,41432
K3010,K301002,2000133,25,N,N,1,1,42,41704
K3010,K301002,2000267,26,N,N,1,1,346,42179
K3010,K301002,2000012,27,N,N,1,1,219,42479
K3010,K301002,2000193,28,N,N,1,1,247,43339
K3010,K301002,2000325,29,N,N,1,1,245,43577
#N/A,K302001,2000325,0,N,N,1,1,245,0
#N/A,K302001,2000395,1,N,N,1,1,164,1951
#N/A,K302001,2000133,2,N,N,1,1,42,2223
#N/A,K302001,2000198,3,N,N,1,1,197,2943
#N/A,K302001,2000470,4,N,N,1,1,218,3318
#N/A,K302001,2000487,5,N,N,1,1,312,3893
#N/A,K302001,2000275,6,N,N,1,1,310,4751
#N/A,K302001,2000343,7,N,N,1,1,267,5095
#N/A,K302001,2000243,8,N,N,1,1,267,5276
#N/A,K302001,2000356,9,N,N,1,1,297,5578
#N/A,K302001,2000129,10,N,N,1,1,256,6152
#N/A,K302001,2000499,11,N,N,1,1,239,6428
#N/A,K302001,2000203,12,N,N,1,1,218,6844
#N/A,K302001,2000080,13,N,N,1,1,211,7378
#N/A,K302001,2000135,14,N,N,1,1,86,7720
#N/A,K302001,2000355,15,N,N,1,1,31,7974
#N/A,K302001,2000208,16,N,N,1,1,326,9022
#N/A,K302001,2000372,17,N,N,1,1,327,9250
#N/A,K302001,2000052,18,N,N,1,1,283,9643
#N/A,K302001,2000044,19,N,N,1,1,8,10125
#N/A,K302001,2000465,20,N,N,1,1,87,10796
#N/A,K302001,2000427,21,N,N,1,1,53,11199
#N/A,K302001,2000093,22,N,N,1,1,19,11776
#N/A,K302001,2000157,23,N,N,1,1,9,12454
#N/A,K302001,2000090,24,N,N,1,1,305,12738
#N/A,K302001,2000206,25,N,N,1,1,168,12863
#N/A,K302001,2000339,26,N,N,1,1,274,13123
#N/A,K302002,2000339,0,N,N,1,1,274,0
#N/A,K302002,2000157,1,N,N,1,1,9,82
#N/A,K302002,2000090,2,N,N,1,1,305,366
#N/A,K302002,2000482,3,N,N,1,1,192,1455
#N/A,K302002,2000469,4,N,N,1,1,238,2055
#N/A,K302002,2000315,5,N,N,1,1,261,2459
#N/A,K302002,2000077,6,N,N,1,1,189,3101
#N/A,K302002,2000145,7,N,N,1,1,103,3547
#N/A,K302002,2000117,8,N,N,1,1,143,3958
#N/A,K302002,2000091,9,N,N,1,1,142,4207
#N/A,K302002,2000080,10,N,N,1,1,211,5203
#N/A,K302002,2000135,11,N,N,1,1,86,5545
#N/A,K302002,2000355,12,N,N,1,1,31,5799
#N/A,K302002,2000067,13,N,N,1,1,25,6400
#N/A,K302002,2000367,14,N,N,1,1,49,6872
#N/A,K302002,2000326,15,N,N,1,1,68,7168
#N/A,K302002,2000226,16,N,N,1,1,87,7985
#N/A,K302002,2000163,17,N,N,1,1,134,8495
#N/A,K302002,2000181,18,N,N,1,1,141,9231
#N/A,K302002,2000014,19,N,N,1,1,69,9674
#N/A,K302002,2000133,20,N,N,1,1,42,10087
#N/A,K302002,2000267,21,N,N,1,1,346,10562
#N/A,K302002,2000012,22,N,N,1,1,219,10862
#N/A,K302002,2000193,23,N,N,1,1,247,11722
#N/A,K302002,2000325,24,N,N,1,1,245,11960
#N/A,K303001,2000325,0,N,N,1,1,245,0
#N/A,K303001,2000185,1,N,N,1,1,305,2421
#N/A,K303001,2000147,2,N,N,1,1,286,3154
#N/A,K303001,2000159,3,N,N,1,1,298,4654
#N/A,K303001,2000393,4,N,N,1,1,295,6154
#N/A,K303001,2000007,5,N,N,1,1,292,6672
#N/A,K303001,2000812,6,N,N,1,1,273,8364
#N/A,K303001,2000813,7,N,N,1,1,187,9157
#N/A,K303001,2000814,8,N,N,1,1,278,9370
#N/A,K303001,2000815,9,N,N,1,1,280,9567
#N/A,K303001,2000500,10,N,N,1,1,52,10473
#N/A,K303002,2000500,0,N,N,1,1,52,0
#N/A,K303002,2000430,1,N,N,1,1,6,1022
#N/A,K303002,2000820,2,N,N,1,1,5,1940
#N/A,K303002,2000821,3,N,N,1,1,40,2258
#N/A,K303002,2000822,4,N,N,1,1,92,2704
#N/A,K303002,2000823,5,N,N,1,1,174,3104
#N/A,K303002,2000474,6,N,N,1,1,78,3508
#N/A,K303002,2000054,7,N,N,1,1,104,4399
#N/A,K303002,2000256,8,N,N,1,1,146,4952
#N/A,K303002,2000195,9,N,N,1,1,153,5201
#N/A,K303002,2000016,10,N,N,1,1,139,5552
#N/A,K303002,2000452,11,N,N,1,1,141,5928
#N/A,K303002,2000442,12,N,N,1,1,148,6704
#N/A,K303002,2000325,13,N,N,1,1,245,7667
K4000,K400001,2000325,0,N,N,1,1,245,0
K4000,K400001,2000395,1,N,N,1,1,164,1951
K4000,K400001,2000133,2,N,N,1,1,42,2223
K4000,K400001,2000198,3,N,N,1,1,197,2943
K4000,K400001,2000470,4,N,N,1,1,218,3318
K4000,K400001,2000329,5,N,N,1,1,238,3818
K4000,K400001,2000252,6,N,N,1,1,231,4145
K4000,K400001,2000324,7,N,N,1,1,257,4746
K4000,K400001,2000416,8,N,N,1,1,259,5192
K4000,K400001,2000475,9,N,N,1,1,256,5638
K4000,K400001,2000460,10,N,N,1,1,249,6010
K4000,K400001,2000431,11,N,N,1,1,252,7744
K4000,K400001,2000165,12,N,N,1,1,250,8332
K4000,K400001,2000274,13,N,N,1,1,251,8865
K4000,K400001,2000199,14,N,N,1,1,247,9260
K4000,K400001,2000026,15,N,N,1,1,255,9944
K4000,K400001,2000200,16,N,N,1,1,254,10447
K4000,K400001,2000439,17,Y,Y,2,1,253,11075
K4000,K400001,2000424,18,Y,Y,2,1,157,11975
K4000,K400001,2000158,19,Y,Y,2,1,167,12389
K4000,K400001,2000220,20,Y,Y,2,1,190,14242
K4000,K400001,2000463,21,Y,Y,2,1,168,16141
K4000,K400001,2000369,22,Y,Y,2,1,172,20869
K4000,K400001,2000270,23,Y,Y,2,1,163,21876
K4000,K400001,2000385,24,Y,Y,2,1,164,22291
K4000,K400001,2000459,25,Y,Y,2,1,159,29652
K4000,K400001,2000378,26,Y,Y,2,1,162,30393
K4000,K400001,2000429,27,Y,Y,2,1,141,33583
K4000,K400001,2000144,28,N,N,2,2,104,36831
K4000,K400001,2000397,29,N,N,2,2,122,38104
K4000,K400001,2000441,30,N,N,2,2,167,39427
K4000,K400001,2000076,31,N,N,2,2,165,40052
K4000,K400001,2000535,32,N,N,2,2,178,40354
K4000,K400001,2000068,33,N,N,2,2,169,41326
K4000,K400001,2000490,34,N,N,2,2,166,41839
K4000,K400001,2000121,35,N,N,2,2,168,43250
K4000,K400001,2000149,36,N,N,2,2,169,43544
K4000,K400001,2000025,37,N,N,2,2,170,44061
K4000,K400001,2000128,38,N,N,2,2,167,44397
K4000,K400001,2000132,39,N,N,2,2,168,44517
K4000,K400001,2000011,40,N,N,2,2,169,44756
K4000,K400001,2000266,41,N,N,2,2,169,45217
K4000,K400001,2000033,42,N,N,2,2,168,45636
K4000,K400001,2000166,43,N,N,2,2,166,46519
K4000,K400001,2000143,44,N,N,2,2,168,46982
K4000,K400001,2000412,45,N,N,2,2,169,47266
K4000,K400001,2000013,46,N,N,2,2,167,47643
K4000,K400001,2000139,47,N,N,2,2,255,49393
K4000,K400001,2000003,48,N,N,2,2,146,49658
K4000,K400001,2000009,49,N,N,2,2,145,49958
K4000,K400001,2000127,50,N,N,2,2,142,50352
K4000,K400001,2000491,51,N,N,2,2,143,50584
K4000,K400001,2000280,52,N,N,2,2,32,50980
K4000,K400001,2000494,53,N,N,2,2,29,51777
K4000,K400002,2000494,0,N,N,2,2,29,0
K4000,K400002,2000029,1,N,N,2,2,296,178
K4000,K400002,2000254,2,N,N,2,2,192,856
K4000,K400002,2000461,3,N,N,2,2,312,1257
K4000,K400002,2000401,4,N,N,2,2,314,1444
K4000,K400002,2000241,5,N,N,2,2,319,1647
K4000,K400002,2000342,6,N,N,2,2,322,1788
K4000,K400002,2000180,7,N,N,2,2,331,2366
K4000,K400002,2000257,8,N,N,2,2,63,2658
K4000,K400002,2000471,9,N,N,2,2,343,4408
K4000,K400002,2000227,10,N,N,2,2,345,4712
K4000,K400002,2000432,11,N,N,2,2,344,4924
K4000,K400002,2000238,12,N,N,2,2,344,5469
K4000,K400002,2000168,13,N,N,2,2,345,5905
K4000,K400002,2000415,14,N,N,2,2,346,6795
K4000,K400002,2000468,15,N,N,2,2,345,7213
K4000,K400002,2000438,16,N,N,2,2,346,7487
K4000,K400002,2000536,17,N,N,2,2,344,7828
K4000,K400002,2000273,18,N,N,2,2,342,7838
K4000,K400002,2000444,19,N,N,2,2,345,8264
K4000,K400002,2000478,20,N,N,2,2,343,8830
K4000,K400002,2000537,21,N,N,2,2,344,9281
K4000,K400002,2000383,22,N,N,2,2,344,9291
K4000,K400002,2000061,23,N,N,2,2,342,9755
K4000,K400002,2000150,24,N,N,2,2,351,11396
K4000,K400002,2000472,25,N,N,2,2,349,11886
K4000,K400002,2000071,26,N,N,2,2,348,12297
K4000,K400002,2000105,27,N,N,2,2,288,14905
K4000,K400002,2000306,28,Y,Y,1,2,296,18176
K4000,K400002,2000483,29,Y,Y,1,2,343,21301
K4000,K400002,2000246,30,Y,Y,1,2,354,23832
K4000,K400002,2000142,31,Y,Y,1,2,342,29488
K4000,K400002,2000004,32,Y,Y,1,2,343,29912
K4000,K400002,2000051,33,Y,Y,1,2,345,31037
K4000,K400002,2000377,34,Y,Y,1,2,346,35978
K4000,K400002,2000191,35,Y,Y,1,2,351,37931
K4000,K400002,2000538,36,Y,Y,1,2,8,38356
K4000,K400002,2000381,37,Y,Y,1,2,339,40063
K4000,K400002,2000341,38,Y,Y,1,2,326,40408
K4000,K400002,2000148,39,N,N,1,1,66,41432
K4000,K400002,2000017,40,N,N,1,1,68,42048
K4000,K400002,2000532,41,N,N,1,1,73,42338
K4000,K400002,2000265,42,N,N,1,1,69,42641
K4000,K400002,2000027,43,N,N,1,1,67,42858
K4000,K400002,2000130,44,N,N,1,1,68,43145
K4000,K400002,2000098,45,N,N,1,1,67,43598
K4000,K400002,2000382,46,N,N,1,1,69,44223
K4000,K400002,2000307,47,N,N,1,1,68,44501
K4000,K400002,2000116,48,N,N,1,1,67,45699
K4000,K400002,2000297,49,N,N,1,1,68,46122
K4000,K400002,2000043,50,N,N,1,1,66,47471
K4000,K400002,2000236,51,N,N,1,1,65,48121
K4000,K400002,2000154,52,N,N,1,1,66,48997
K4000,K400002,2000014,53,N,N,1,1,69,49519
K4000,K400002,2000133,54,N,N,1,1,42,49932
K4000,K400002,2000267,55,N,N,1,1,346,50407
K4000,K400002,2000012,56,N,N,1,1,219,50707
K4000,K400002,2000193,57,N,N,1,1,247,51567
K4000,K400002,2000325,58,N,N,1,1,245,51805
K4010,K401001,2000325,0,N,N,1,1,245,0
K4010,K401001,2000395,1,N,N,1,1,164,1951
K4010,K401001,2000133,2,N,N,1,1,42,2223
K4010,K401001,2000032,3,N,N,1,1,38,2869
K4010,K401001,2000496,4,N,N,1,1,222,5201
K4010,K401001,2000072,5,N,N,1,1,253,5631
K4010,K401001,2000103,6,N,N,1,1,245,5851
K4010,K401001,2000096,7,N,N,1,1,198,6202
K4010,K401001,2000350,8,N,N,1,1,216,6457
K4010,K401001,2000451,9,N,N,1,1,218,6628
K4010,K401001,2000171,10,N,N,1,1,247,7198
K4010,K401001,2000235,11,N,N,1,1,251,7429
K4010,K401001,2000414,12,N,N,1,1,211,8242
K4010,K401001,2000476,13,N,N,1,1,189,9207
K4010,K401001,2000811,14,N,N,1,1,94,10765
K4010,K401001,2000810,15,N,N,1,1,93,11103
K4010,K401001,2000809,16,N,N,1,1,84,11339
K4010,K401001,2000808,17,N,N,1,1,95,11536
K4010,K401001,2000818,18,N,N,1,1,261,11736
K4010,K401001,2000817,19,N,N,1,1,272,11965
K4010,K401001,2000816,20,N,N,1,1,275,12300
K4010,K401001,2000462,21,Y,Y,2,1,181,13112
K4010,K401001,2000164,22,Y,Y,2,1,170,13605
K4010,K401001,2000437,23,Y,Y,2,1,176,13984
K4010,K401001,2000207,24,Y,Y,2,1,168,15534
K4010,K401001,2000423,25,Y,Y,2,1,139,16981
K4010,K401001,2000089,26,Y,Y,2,1,158,17348
K4010,K401001,2000177,27,Y,Y,2,1,159,17738
K4010,K401001,2000244,28,Y,Y,2,1,161,17900
K4010,K401001,2000162,29,Y,Y,2,1,146,18350
K4010,K401001,2000293,30,Y,Y,2,1,115,19023
K4010,K401001,2000399,31,Y,Y,2,1,183,20458
K4010,K401001,2000174,32,Y,Y,2,1,145,20896
K4010,K401001,2000352,33,Y,Y,2,1,146,21315
K4010,K401001,2000486,34,Y,Y,2,1,138,21868
K4010,K401001,2000391,35,Y,Y,2,1,139,22094
K4010,K401001,2000286,36,Y,Y,2,1,131,25244
K4010,K401001,2000250,37,Y,Y,2,1,176,25727
K4010,K401001,2000045,38,Y,Y,2,1,179,26065
K4010,K401001,2000435,39,N,N,2,2,136,28409
K4010,K401001,2000063,40,N,N,2,2,134,30511
K4010,K401001,2000390,41,N,N,2,2,137,32870
K4010,K401001,2000825,42,N,N,2,2,138,36983
K4010,K401001,2000826,43,N,N,2,2,135,38236
K4010,K401001,2000827,44,N,N,2,2,137,38604
K4010,K401001,2000828,45,N,N,2,2,130,40017
K4010,K401001,2000829,46,N,N,2,2,158,43287
K4010,K401001,2000900,47,N,N,2,2,143,43656
K4010,K401001,2000837,48,N,N,2,2,144,45447
K4010,K401001,2000838,49,N,N,2,2,55,46152
K4010,K401001,2000839,50,N,N,2,2,71,46980
K4010,K401001,2000840,51,N,N,2,2,107,47294
K4010,K401001,2000841,52,N,N,2,2,128,47725
K4010,K401002,2000841,0,N,N,2,2,128,0
K4010,K401002,2000842,1,N,N,2,2,275,437
K4010,K401002,2000843,2,N,N,2,2,231,705
K4010,K401002,2000844,3,N,N,2,2,238,1248
K4010,K401002,2000845,4,N,N,2,2,268,1616
K4010,K401002,2000846,5,N,N,2,2,338,2234
K4010,K401002,2000901,6,N,N,2,2,345,4079
K4010,K401002,2000847,7,N,N,2,2,339,4501
K4010,K401002,2000848,8,N,N,2,2,317,7754
K4010,K401002,2000849,9,N,N,2,2,320,9280
K4010,K401002,2000850,10,N,N,2,2,321,9438
K4010,K401002,2000851,11,N,N,2,2,316,10746
K4010,K401002,2000335,12,N,N,2,2,312,14840
K4010,K401002,2000428,13,N,N,2,2,342,17089
K4010,K401002,2000005,14,N,N,2,2,310,17791
K4010,K401002,2000283,15,N,N,2,2,315,18388
K4010,K401002,2000446,16,Y,Y,1,2,5,20767
K4010,K401002,2000363,17,Y,Y,1,2,354,21017
K4010,K401002,2000403,18,Y,Y,1,2,323,21468
K4010,K401002,2000328,19,Y,Y,1,2,322,24865
K4010,K401002,2000224,20,Y,Y,1,2,330,25447
K4010,K401002,2000189,21,Y,Y,1,2,327,25833
K4010,K401002,2000498,22,Y,Y,1,2,358,26274
K4010,K401002,2000301,23,Y,Y,1,2,274,27702
K4010,K401002,2000349,24,Y,Y,1,2,345,28376
K4010,K401002,2000108,25,Y,Y,1,2,351,28811
K4010,K401002,2000398,26,Y,Y,1,2,350,28972
K4010,K401002,2000109,27,Y,Y,1,2,348,29376
K4010,K401002,2000299,28,Y,Y,1,2,342,29742
K4010,K401002,2000207,29,Y,Y,1,2,168,31162
K4010,K401002,2000481,30,Y,Y,1,2,354,31639
K4010,K401002,2000550,31,Y,Y,1,2,349,31850
K4010,K401002,2000197,32,Y,Y,1,2,358,32493
K4010,K401002,2000278,33,Y,Y,1,2,350,32878
K4010,K401002,2000811,34,Y,Y,1,2,94,34154
K4010,K401002,2000810,35,Y,Y,1,2,93,34492
K4010,K401002,2000809,36,Y,Y,1,2,84,34728
K4010,K401002,2000808,37,Y,Y,1,2,95,34925
K4010,K401002,2000818,38,Y,Y,1,2,261,35125
K4010,K401002,2000817,39,Y,Y,1,2,272,35354
K4010,K401002,2000816,40,Y,Y,1,2,275,35689
K4010,K401002,2000311,41,Y,Y,1,2,4,36026
K4010,K401002,2000248,42,N,N,1,1,37,37467
K4010,K401002,2000473,43,N,N,1,1,41,38248
K4010,K401002,2000034,44,N,N,1,1,55,39229
K4010,K401002,2000064,45,N,N,1,1,64,39463
K4010,K401002,2000237,46,N,N,1,1,33,40050
K4010,K401002,2000456,47,N,N,1,1,47,40325
K4010,K401002,2000153,48,N,N,1,1,43,41316
K4010,K401002,2000065,49,N,N,1,1,45,41474
K4010,K401002,2000370,50,N,N,1,1,46,41706
K4010,K401002,2000510,51,N,N,1,1,209,43753
K4010,K401002,2000198,52,N,N,1,1,197,44123
K4010,K401002,2000470,53,N,N,1,1,218,44498
K4010,K401002,2000014,54,N,N,1,1,69,45053
K4010,K401002,2000133,55,N,N,1,1,42,45466
K4010,K401002,2000267,56,N,N,1,1,346,45941
K4010,K401002,2000012,57,N,N,1,1,219,46241
K4010,K401002,2000193,58,N,N,1,1,247,47101
K4010,K401002,2000325,59,N,N,1,1,245,47339
#N/A,K402001,2000325,0,N,N,1,1,245,0
#N/A,K402001,2000395,1,N,N,1,1,164,1951
#N/A,K402001,2000133,2,N,N,1,1,42,2223
#N/A,K402001,2000032,3,N,N,1,1,38,2869
#N/A,K402001,2000496,4,N,N,1,1,222,5201
#N/A,K402001,2000072,5,N,N,1,1,253,5631
#N/A,K402001,2000103,6,N,N,1,1,245,5851
#N/A,K402001,2000096,7,N,N,1,1,198,6202
#N/A,K402001,2000350,8,N,N,1,1,216,6457
#N/A,K402001,2000451,9,N,N,1,1,218,6628
#N/A,K402001,2000171,10,N,N,1,1,247,7198
#N/A,K402001,2000235,11,N,N,1,1,251,7429
#N/A,K402001,2000414,12,N,N,1,1,211,8242
#N/A,K402001,2000476,13,N,N,1,1,189,9207
#N/A,K402001,2000811,14,N,N,1,1,94,10765
#N/A,K402001,2000810,15,N,N,1,1,93,11103
#N/A,K402001,2000809,16,N,N,1,1,84,11339
#N/A,K402001,2000808,17,N,N,1,1,95,11536
#N/A,K402001,2000818,18,N,N,1,1,261,11736
#N/A,K402001,2000817,19,N,N,1,1,272,11965
#N/A,K402001,2000816,20,N,N,1,1,275,12300
#N/A,K402001,2000462,21,N,N,1,1,181,13112
#N/A,K402001,2000164,22,N,N,1,1,170,13605
#N/A,K402001,2000437,23,N,N,1,1,176,13984
#N/A,K402001,2000207,24,N,N,1,1,168,15534
#N/A,K402002,2000207,1,N,N,1,1,168,0
#N/A,K402002,2000481,2,N,N,1,1,354,477
#N/A,K402002,2000550,3,N,N,1,1,349,688
#N/A,K402002,2000197,4,N,N,1,1,358,1331
#N/A,K402002,2000278,5,N,N,1,1,350,1716
#N/A,K402002,2000811,6,N,N,1,1,94,2992
#N/A,K402002,2000810,7,N,N,1,1,93,3330
#N/A,K402002,2000809,8,N,N,1,1,84,3566
#N/A,K402002,2000808,9,N,N,1,1,95,3763
#N/A,K402002,2000818,10,N,N,1,1,261,3963
#N/A,K402002,2000817,11,N,N,1,1,272,4192
#N/A,K402002,2000816,12,N,N,1,1,275,4527
#N/A,K402002,2000311,13,N,N,1,1,4,4864
#N/A,K402002,2000248,14,N,N,1,1,37,6305
#N/A,K402002,2000473,15,N,N,1,1,41,7086
#N/A,K402002,2000034,16,N,N,1,1,55,8067
#N/A,K402002,2000064,17,N,N,1,1,64,8301
#N/A,K402002,2000237,18,N,N,1,1,33,8888
#N/A,K402002,2000456,19,N,N,1,1,47,9163
#N/A,K402002,2000153,20,N,N,1,1,43,10154
#N/A,K402002,2000065,21,N,N,1,1,45,10312
#N/A,K402002,2000370,22,N,N,1,1,46,10544
#N/A,K402002,2000510,23,N,N,1,1,209,12591
#N/A,K402002,2000198,24,N,N,1,1,197,12961
#N/A,K402002,2000470,25,N,N,1,1,218,13336
#N/A,K402002,2000014,26,N,N,1,1,69,13891
#N/A,K402002,2000133,27,N,N,1,1,42,14304
#N/A,K402002,2000267,28,N,N,1,1,346,14779
#N/A,K402002,2000012,29,N,N,1,1,219,15079
#N/A,K402002,2000193,30,N,N,1,1,247,15939
#N/A,K402002,2000325,31,N,N,1,1,245,16177
K5000,K500001,2000325,0,N,N,1,1,245,0
K5000,K500001,2000395,1,N,N,1,1,164,1951
K5000,K500001,2000133,2,N,N,1,1,42,2223
K5000,K500001,2000267,3,N,N,1,1,346,2698
K5000,K500001,2000012,4,N,N,1,1,219,2998
K5000,K500001,2000548,5,N,N,1,1,248,4039
K5000,K500001,2000185,6,N,N,1,1,305,4724
K5000,K500001,2000147,7,N,N,1,1,286,5457
K5000,K500001,2000159,8,N,N,1,1,298,6957
K5000,K500001,2000393,9,N,N,1,1,295,8457
K5000,K500001,2000007,10,N,N,1,1,292,8975
K5000,K500001,2000124,11,Y,Y,2,1,266,13162
K5000,K500001,2000172,12,Y,Y,2,1,326,14244
K5000,K500001,2000190,13,Y,Y,2,1,315,15895
K5000,K500001,2000522,14,Y,Y,2,1,317,16458
K5000,K500001,2000300,15,Y,Y,2,1,311,16830
K5000,K500001,2000330,16,Y,Y,2,1,276,17715
K5000,K500001,2000186,17,Y,Y,2,1,271,18285
K5000,K500001,2000489,18,Y,Y,2,1,270,18606
K5000,K500001,2000458,19,Y,Y,2,1,259,21451
K5000,K500001,2000041,20,Y,Y,2,1,261,21745
K5000,K500001,2000146,21,Y,Y,2,1,321,22458
K5000,K500001,2000288,22,Y,Y,2,1,329,24931
K5000,K500001,2000371,23,Y,Y,2,1,292,25797
K5000,K500001,2000298,24,Y,Y,2,1,277,26298
K5000,K500001,2000450,25,Y,Y,2,1,284,26799
K5000,K500001,2000106,26,Y,Y,2,1,285,26989
K5000,K500001,2000479,27,Y,Y,2,1,289,27297
K5000,K500001,2000008,28,Y,Y,2,1,331,29007
K5000,K500001,2000277,29,Y,Y,2,1,327,29448
K5000,K500001,2000304,30,Y,Y,2,1,325,30254
K5000,K500001,2000056,31,Y,Y,2,1,285,31125
K5000,K500001,2000084,32,N,N,2,2,274,32498
K5000,K500001,2000338,33,N,N,2,2,340,32895
K5000,K500001,2000272,34,N,N,2,2,21,36127
K5000,K500001,2000373,35,N,N,2,2,18,36389
K5000,K500001,2000800,36,N,N,2,2,291,37634
K5000,K500001,2000231,37,N,N,2,2,284,40416
K5000,K500001,2000222,38,N,N,2,2,281,40837
K5000,K500001,2000210,39,N,N,2,2,279,42776
K5000,K500001,2000449,40,N,N,2,2,212,43750
K5000,K500001,2000249,41,N,N,2,2,271,44283
K5000,K500001,2000501,42,N,N,2,2,198,45863
K5000,K500001,2000081,43,N,N,2,2,44,46705
K5000,K500002,2000081,0,N,N,2,2,44,0
K5000,K500002,2000211,1,N,N,2,2,37,350
K5000,K500002,2000545,2,N,N,2,2,28,581
K5000,K500002,2000457,3,N,N,2,2,36,592
K5000,K500002,2000112,4,N,N,2,2,38,2203
K5000,K500002,2000126,5,N,N,2,2,41,2601
K5000,K500002,2000183,6,N,N,2,2,104,3620
K5000,K500002,2000292,7,N,N,2,2,113,5633
K5000,K500002,2000409,8,N,N,2,2,117,6082
K5000,K500002,2000546,9,N,N,2,2,136,8864
K5000,K500002,2000023,10,N,N,2,2,183,10031
K5000,K500002,2000042,11,N,N,2,2,211,10093
K5000,K500002,2000551,12,N,N,2,2,144,12533
K5000,K500002,2000322,13,N,N,2,2,99,12934
K5000,K500002,2000410,14,Y,Y,1,2,124,14361
K5000,K500002,2000319,15,Y,Y,1,2,132,15188
K5000,K500002,2000115,16,Y,Y,1,2,135,15863
K5000,K500002,2000258,17,Y,Y,1,2,136,16030
K5000,K500002,2000242,18,Y,Y,1,2,137,16459
K5000,K500002,2000036,19,Y,Y,1,2,115,18199
K5000,K500002,2000215,20,Y,Y,1,2,123,18445
K5000,K500002,2000314,21,Y,Y,1,2,124,18653
K5000,K500002,2000219,22,Y,Y,1,2,125,19104
K5000,K500002,2000477,23,Y,Y,1,2,92,19673
K5000,K500002,2000503,24,Y,Y,1,2,143,20539
K5000,K500002,2000346,25,Y,Y,1,2,137,21435
K5000,K500002,2000085,26,Y,Y,1,2,148,23010
K5000,K500002,2000228,27,Y,Y,1,2,69,23901
K5000,K500002,2000504,28,Y,Y,1,2,70,24325
K5000,K500002,2000317,29,Y,Y,1,2,97,27169
K5000,K500002,2000400,30,Y,Y,1,2,106,27518
K5000,K500002,2000549,31,Y,Y,1,2,98,28043
K5000,K500002,2000337,32,Y,Y,1,2,136,29001
K5000,K500002,2000136,33,Y,Y,1,2,137,29277
K5000,K500002,2000031,34,Y,Y,1,2,175,30003
K5000,K500002,2000070,35,Y,Y,1,2,173,31485
K5000,K500002,2000216,36,Y,Y,1,2,81,32563
K5000,K500002,2000467,37,Y,Y,1,2,93,34984
K5000,K500002,2000547,38,N,N,1,1,148,36790
K5000,K500002,2000054,39,N,N,1,1,104,37211
K5000,K500002,2000256,40,N,N,1,1,146,37764
K5000,K500002,2000195,41,N,N,1,1,153,38013
K5000,K500002,2000016,42,N,N,1,1,139,38364
K5000,K500002,2000452,43,N,N,1,1,141,38740
K5000,K500002,2000442,44,N,N,1,1,148,39516
K5000,K500002,2000156,45,N,N,1,1,174,40066
K5000,K500002,2000395,46,N,N,1,1,164,41843
K5000,K500002,2000133,47,N,N,1,1,42,42115
K5000,K500002,2000267,48,N,N,1,1,346,42590
K5000,K500002,2000012,49,N,N,1,1,219,42890
K5000,K500002,2000193,50,N,N,1,1,247,43750
K5000,K500002,2000325,51,N,N,1,1,245,43988
K6000,K600001,2000325,0,N,N,1,1,245,0
K6000,K600001,2000395,1,N,N,1,1,164,1951
K6000,K600001,2000133,2,N,N,1,1,42,2223
K6000,K600001,2000267,3,N,N,1,1,346,2698
K6000,K600001,2000012,4,N,N,1,1,219,2998
K6000,K600001,2000405,5,N,N,1,1,36,3700
K6000,K600001,2000596,6,N,N,1,1,62,4151
K6000,K600001,2000348,7,N,N,1,1,7,4957
K6000,K600001,2000294,8,Y,Y,2,1,59,5248
K6000,K600001,2000223,9,Y,Y,2,1,60,5453
K6000,K600001,2000594,10,Y,Y,2,1,73,5820
K6000,K600001,2000597,11,Y,Y,2,1,78,6119
K6000,K600001,2000599,12,Y,Y,2,1,75,6163
K6000,K600001,2000598,13,Y,Y,2,1,49,6544
K6000,K600001,2000600,14,Y,Y,2,1,42,6844
K6000,K600001,2000601,15,Y,Y,2,1,58,7479
K6000,K600001,2000602,16,Y,Y,2,1,13,9128
K6000,K600001,2000603,17,Y,Y,2,1,7,9374
K6000,K600001,6000604,18,Y,Y,2,1,39,9794
K6000,K600001,2000605,19,Y,Y,2,1,4,10320
K6000,K600001,2000606,20,Y,Y,2,1,3,10470
K6000,K600001,2000607,21,Y,Y,2,1,28,10823
K6000,K600001,2000608,22,Y,Y,2,1,33,11118
K6000,K600001,2000609,23,Y,Y,2,1,357,11560
K6000,K600001,2000610,24,Y,Y,2,1,358,12499
K6000,K600001,2000611,25,Y,Y,2,1,357,12688
K6000,K600001,2000612,26,Y,Y,2,1,358,13156
K6000,K600001,2000613,27,Y,Y,2,1,5,13966
K6000,K600001,2000614,28,Y,Y,2,1,357,14369
K6000,K600001,2000615,29,Y,Y,2,1,350,14629
K6000,K600001,2000616,30,Y,Y,2,1,7,15410
K6000,K600001,2000617,31,Y,Y,2,1,39,16377
K6000,K600001,2000618,32,Y,Y,2,1,41,16799
K6000,K600001,2000619,33,Y,Y,2,1,38,17334
K6000,K600001,2000620,34,Y,Y,2,1,34,17760
K6000,K600001,2000621,35,Y,Y,2,1,35,18527
K6000,K600001,2000622,36,Y,Y,2,1,46,18906
K6000,K600001,2000623,37,Y,Y,2,1,44,19350
K6000,K600001,2000624,38,Y,Y,2,1,48,19714
K6000,K600001,2000625,39,Y,Y,2,1,62,21669
K6000,K600001,2000626,40,Y,Y,2,1,67,21888
K6000,K600001,2000627,41,Y,Y,2,1,66,22272
K6000,K600001,2000628,42,Y,Y,2,1,69,22566
K6000,K600001,2000629,43,Y,Y,2,1,72,23147
K6000,K600001,2000662,44,N,N,2,2,193,26716
K6000,K600001,2000663,45,N,N,2,2,89,26915
K6000,K600001,2000664,46,N,N,2,2,71,27532
K6000,K600001,2000556,47,N,N,2,2,272,28332
K6000,K600002,2000556,0,N,N,2,2,272,0
K6000,K600002,2000666,1,N,N,2,2,249,813
K6000,K600002,2000667,2,N,N,2,2,268,1430
K6000,K600002,2000668,3,N,N,2,2,11,1639
K6000,K600002,2000558,4,N,N,2,2,231,5186
K6000,K600002,2000559,5,Y,Y,1,2,228,5989
K6000,K600002,2000560,6,Y,Y,1,2,237,6040
K6000,K600002,2000630,7,Y,Y,1,2,203,7049
K6000,K600002,2000562,8,Y,Y,1,2,197,8192
K6000,K600002,2000563,9,Y,Y,1,2,206,8456
K6000,K600002,2000564,10,Y,Y,1,2,202,8863
K6000,K600002,2000565,11,Y,Y,1,2,199,9382
K6000,K600002,2000567,12,Y,Y,1,2,196,9639
K6000,K600002,2000568,13,Y,Y,1,2,191,9913
K6000,K600002,2000569,14,Y,Y,1,2,197,10234
K6000,K600002,2000570,15,Y,Y,1,2,204,10628
K6000,K600002,2000572,16,Y,Y,1,2,214,11034
K6000,K600002,2000573,17,Y,Y,1,2,216,11313
K6000,K600002,2000574,18,Y,Y,1,2,215,11701
K6000,K600002,2000571,19,Y,Y,1,2,183,12416
K6000,K600002,2000575,20,Y,Y,1,2,172,13321
K6000,K600002,2000576,21,Y,Y,1,2,173,14322
K6000,K600002,2000577,22,Y,Y,1,2,182,14751
K6000,K600002,2000578,23,Y,Y,1,2,174,15605
K6000,K600002,2000579,24,Y,Y,1,2,170,16041
K6000,K600002,2000580,25,Y,Y,1,2,171,16291
K6000,K600002,2000665,26,Y,Y,1,2,179,16880
K6000,K600002,2000582,27,Y,Y,1,2,178,17270
K6000,K600002,2000583,28,Y,Y,1,2,198,17609
K6000,K600002,2000584,29,Y,Y,1,2,215,17818
K6000,K600002,2000585,30,Y,Y,1,2,186,18051
K6000,K600002,2000586,31,Y,Y,1,2,183,18314
K6000,K600002,2000587,32,Y,Y,1,2,207,18648
K6000,K600002,2000588,33,Y,Y,1,2,191,19347
K6000,K600002,2000589,34,Y,Y,1,2,246,19629
K6000,K600002,2000590,35,Y,Y,1,2,241,21164
K6000,K600002,2000591,36,Y,Y,1,2,253,21732
K6000,K600002,2000592,37,Y,Y,1,2,259,21901
K6000,K600002,2000593,38,Y,Y,1,2,257,22201
K6000,K600002,2000631,39,Y,Y,1,2,265,23135
K6000,K600002,2000633,40,Y,Y,1,2,229,23488
K6000,K600002,2000259,41,Y,Y,1,2,226,23727
K6000,K600002,2000632,42,N,N,1,1,183,24260
K6000,K600002,2000510,43,N,N,1,1,209,25471
K6000,K600002,2000198,44,N,N,1,1,197,25841
K6000,K600002,2000470,45,N,N,1,1,218,26216
K6000,K600002,2000014,46,N,N,1,1,69,26771
K6000,K600002,2000133,47,N,N,1,1,42,27184
K6000,K600002,2000267,48,N,N,1,1,346,27659
K6000,K600002,2000012,49,N,N,1,1,219,27959
K6000,K600002,2000193,50,N,N,1,1,247,28819
K6000,K600002,2000325,51,N,N,1,1,245,29057
#N/A,K601001,2000325,0,N,N,1,1,245,0
#N/A,K601001,2000395,1,N,N,1,1,164,1951
#N/A,K601001,2000133,2,N,N,1,1,42,2223
#N/A,K601001,2000267,3,N,N,1,1,346,2698
#N/A,K601001,2000012,4,N,N,1,1,219,2998
#N/A,K601001,2000188,5,N,N,1,1,342,4331
#N/A,K601001,2000493,6,N,N,1,1,6,4487
#N/A,K601001,2000517,7,N,N,1,1,78,4881
#N/A,K601001,2000173,8,N,N,1,1,134,5436
#N/A,K601001,2000348,9,N,N,1,1,7,5848
#N/A,K601001,2000294,10,N,N,1,1,59,6139
#N/A,K601001,2000223,11,N,N,1,1,60,6344
#N/A,K601001,2000094,12,N,N,1,1,354,6747
#N/A,K601001,2000375,13,N,N,1,1,6,7026
#N/A,K601001,2000140,14,N,N,1,1,7,7323
#N/A,K601001,2000484,15,N,N,1,1,8,7560
#N/A,K601001,2000169,16,N,N,1,1,4,7866
#N/A,K601001,2000264,17,N,N,1,1,327,8415
#N/A,K601001,2000380,18,N,N,1,1,284,8927
#N/A,K601001,2000088,19,N,N,1,1,351,9340
#N/A,K601001,2000221,20,N,N,1,1,350,9622
#N/A,K601001,2000125,21,N,N,1,1,323,11281
#N/A,K601001,2000102,22,N,N,1,1,339,14859
#N/A,K601002,2000102,0,N,N,1,1,339,0
#N/A,K601002,2000353,1,N,N,1,1,9,802
#N/A,K601002,2000357,2,N,N,1,1,21,1009
#N/A,K601002,2000104,3,N,N,1,1,137,3577
#N/A,K601002,2000480,4,N,N,1,1,142,3872
#N/A,K601002,2000396,5,N,N,1,1,177,5547
#N/A,K601002,2000101,6,N,N,1,1,176,5957
#N/A,K601002,2000394,7,N,N,1,1,119,6262
#N/A,K601002,2000057,8,N,N,1,1,137,6818
#N/A,K601002,2000287,9,N,N,1,1,185,7165
#N/A,K601002,2000047,10,N,N,1,1,188,7624
#N/A,K601002,2000295,11,N,N,1,1,185,7904
#N/A,K601002,2000420,12,N,N,1,1,183,8204
#N/A,K601002,2000212,13,N,N,1,1,179,8412
#N/A,K601002,2000633,14,N,N,1,1,229,8887
#N/A,K601002,2000259,15,N,N,1,1,226,9126
#N/A,K601002,2000073,16,N,N,1,1,312,9889
#N/A,K601002,2000260,17,N,N,1,1,241,10369
#N/A,K601002,2000113,18,N,N,1,1,181,10768
#N/A,K601002,2000530,19,N,N,1,1,177,10885
#N/A,K601002,2000325,20,N,N,1,1,245,11901
#N/A,K603001,2000325,1,N,N,1,1,245,0
#N/A,K603001,2000634,2,N,N,1,1,346,1704
#N/A,K603001,2000635,3,N,N,1,1,348,2009
#N/A,K603001,2000636,4,N,N,1,1,10,2256
#N/A,K603001,2000644,5,N,N,1,1,11,2534
#N/A,K603001,2000637,6,N,N,1,1,9,2783
#N/A,K603001,2000641,7,N,N,1,1,4,3809
#N/A,K603001,2000541,8,N,N,1,1,6,4306
#N/A,K603001,2000639,9,N,N,1,1,23,4920
#N/A,K603001,2000088,10,N,N,1,1,351,5737
#N/A,K603001,2000557,11,N,N,1,1,257,7813
#N/A,K603001,2000527,12,N,N,1,1,38,9000
#N/A,K603002,2000527,0,N,N,1,1,38,0
#N/A,K603002,2000557,1,N,N,1,1,257,674
#N/A,K603002,2000101,2,N,N,1,1,176,3464
#N/A,K603002,2000638,3,N,N,1,1,178,4155
#N/A,K603002,2000640,4,N,N,1,1,186,4748
#N/A,K603002,2000642,5,N,N,1,1,182,4919
#N/A,K603002,2000643,6,N,N,1,1,185,5268
#N/A,K603002,2000645,7,N,N,1,1,278,6319
#N/A,K603002,2000646,8,N,N,1,1,198,6562
#N/A,K603002,2000647,9,N,N,1,1,202,6828
#N/A,K603002,2000648,10,N,N,1,1,200,6965
#N/A,K603002,2000649,11,N,N,1,1,159,7087
#N/A,K603002,2000650,12,N,N,1,1,162,7357
#N/A,K603002,2000325,13,N,N,1,1,245,8500
#N/A,K604001,2000556,0,N,N,1,1,272,0
#N/A,K604001,2000956,1,N,N,1,1,14,2198
#N/A,K604001,2000911,2,N,N,1,1,345,7929
#N/A,K604001,2000913,3,N,N,1,1,344,10837
#N/A,K604001,2000914,4,N,N,1,1,346,11074
#N/A,K604001,2000952,5,N,N,1,1,22,11390
#N/A,K604001,2000916,6,N,N,1,1,13,12320
#N/A,K604001,2000949,7,N,N,1,1,348,13607
#N/A,K604001,2000919,8,N,N,1,1,337,15312
#N/A,K604001,2000920,9,N,N,1,1,339,15641
#N/A,K604001,2000921,10,N,N,1,1,356,17665
#N/A,K604001,2000923,11,N,N,1,1,358,18026
#N/A,K604001,2000924,12,N,N,1,1,359,18372
#N/A,K604001,2000925,13,N,N,1,1,1,18685
#N/A,K604001,2000926,14,N,N,1,1,2,19051
#N/A,K604001,2000928,15,N,N,1,1,1,20291
#N/A,K604001,2000929,16,N,N,1,1,57,23045
#N/A,K604001,2000939,17,N,N,1,1,8,24027
#N/A,K604001,2000931,18,N,N,1,1,356,24573
#N/A,K604001,2000932,19,N,N,1,1,358,24951
#N/A,K604001,2000933,20,N,N,1,1,2,26202
#N/A,K604001,2000934,21,N,N,1,1,178,26491
#N/A,K604001,2000935,22,N,N,1,1,178,26522
#N/A,K604001,2000937,23,N,N,1,1,169,28061
#N/A,K604001,2000938,24,N,N,1,1,187,28435
#N/A,K604001,2000930,25,N,N,1,1,217,28989
#N/A,K604001,2000940,26,N,N,1,1,181,29970
#N/A,K604001,2000941,27,N,N,1,1,180,32695
#N/A,K604001,2000942,28,N,N,1,1,181,33933
#N/A,K604001,2000943,29,N,N,1,1,179,34295
#N/A,K604001,2000944,30,N,N,1,1,179,34617
#N/A,K604001,2000945,31,N,N,1,1,178,34937
#N/A,K604001,2000946,32,N,N,1,1,178,35296
#N/A,K604001,2000948,33,N,N,1,1,147,37563
#N/A,K604001,2000918,34,N,N,1,1,167,39382
#N/A,K604001,2000951,35,N,N,1,1,193,40650
#N/A,K604001,2000915,36,N,N,1,1,198,41574
#N/A,K604001,2000953,37,N,N,1,1,158,41886
#N/A,K604001,2000954,38,N,N,1,1,160,42162
#N/A,K604001,2000955,39,N,N,1,1,159,45016
#N/A,K604001,2000910,40,N,N,1,1,187,50784
#N/A,K604001,2000556,41,N,N,1,1,272,53024
#N/A,P001001,1001828,1,N,N,1,1,94,0
#N/A,P001001,1006035,2,N,N,1,1,321,1178
#N/A,P001001,1001979,3,N,N,1,1,272,1849
#N/A,P001001,1006036,4,N,N,1,1,176,2428
#N/A,P001001,1006206,5,N,N,1,1,192,2903
#N/A,P001001,1003674,6,N,N,1,1,205,3175
#N/A,P001001,1002425,7,N,N,1,1,160,3374
#N/A,P001001,1003891,8,N,N,1,1,97,3851
#N/A,P001001,1001844,9,N,N,1,1,85,4252
#N/A,P001001,1001000,10,N,N,1,1,155,4875
#N/A,P001001,1000942,11,N,N,1,1,271,6137
#N/A,P001001,1003967,12,N,N,1,1,279,7448
#N/A,P001001,1003570,13,N,N,1,1,272,8402
#N/A,P001001,1000840,14,N,N,1,1,179,8785
#N/A,P001001,1003149,15,N,N,1,1,179,8987
#N/A,P001001,1002339,16,N,N,1,1,179,9230
#N/A,P001001,1002272,17,N,N,1,1,100,9414
#N/A,P001001,1001765,18,N,N,1,1,102,9656
#N/A,P001001,1006037,19,N,N,1,1,273,11086
#N/A,P001002,1006037,1,N,N,1,1,273,0
#N/A,P001002,1002554,2,N,N,1,1,282,314
#N/A,P001002,1003446,3,N,N,1,1,280,583
#N/A,P001002,1002851,4,N,N,1,1,359,875
#N/A,P001002,1000839,5,N,N,1,1,359,1129
#N/A,P001002,1003745,6,N,N,1,1,1,1411
#N/A,P001002,1003075,7,N,N,1,1,96,1869
#N/A,P001002,1003685,8,N,N,1,1,96,2567
#N/A,P001002,1002254,9,N,N,1,1,100,3418
#N/A,P001002,1000943,10,N,N,1,1,91,4450
#N/A,P001002,1000999,11,N,N,1,1,335,5469
#N/A,P001002,1004161,12,N,N,1,1,240,5819
#N/A,P001002,1001981,13,N,N,1,1,277,6425
#N/A,P001002,1006205,14,N,N,1,1,337,6889
#N/A,P001002,1006033,15,N,N,1,1,15,7079
#N/A,P001002,1006034,16,N,N,1,1,18,7417
#N/A,P001002,1006035,17,N,N,1,1,321,8135
#N/A,P001002,1001979,18,N,N,1,1,272,8770
#N/A,P001002,1006035,19,N,N,1,1,321,9238
#N/A,P001002,1001509,20,N,N,1,1,309,9721
#N/A,P001002,1001785,21,N,N,1,1,0,10126
#N/A,P001002,1003320,22,N,N,1,1,208,10705
#N/A,P001002,1000484,23,N,N,1,1,315,11071
#N/A,P001002,1005034,24,N,N,1,1,327,11655
#N/A,P001002,1000944,25,N,N,1,1,50,12271
#N/A,P001002,1003538,26,N,N,1,1,81,12644
#N/A,P001002,1004190,27,N,N,1,1,94,12872
#N/A,P001002,1002675,28,N,N,1,1,92,13225
#N/A,P001002,1001955,29,N,N,1,1,92,13517
#N/A,P001002,1003407,30,N,N,1,1,93,13943
#N/A,P001002,1001007,31,N,N,1,1,138,14510
#N/A,P001002,1002619,32,N,N,1,1,161,14824
#N/A,P001002,1002617,33,N,N,1,1,159,14956
#N/A,P001002,1001729,34,N,N,1,1,158,15662
#N/A,P001002,1003129,35,N,N,1,1,166,16502
#N/A,P001002,1003339,36,N,N,1,1,273,16923
#N/A,P001002,1006035,37,N,N,1,1,321,17507
#N/A,P001002,1001979,38,N,N,1,1,272,18134
#N/A,P001002,1006035,39,N,N,1,1,321,18622
#N/A,P001002,1001509,40,N,N,1,1,309,19111
#N/A,P001002,1000165,41,N,N,1,1,58,19434
#N/A,P001002,1001828,42,N,N,1,1,94,21087
#N/A,P001102,1006037,1,N,N,1,1,273,0
#N/A,P001102,1002554,2,N,N,1,1,282,397
#N/A,P001102,1003446,3,N,N,1,1,280,588
#N/A,P001102,1002851,4,N,N,1,1,359,879
#N/A,P001102,1000839,5,N,N,1,1,359,1146
#N/A,P001102,1003745,6,N,N,1,1,1,1421
#N/A,P001102,1001257,7,N,N,1,1,235,2029
#N/A,P001102,1000549,8,N,N,1,1,260,2583
#N/A,P001102,1001669,9,N,N,1,1,260,2954
#N/A,P001102,1001437,10,N,N,1,1,181,3227
#N/A,P001102,1000729,11,N,N,1,1,82,4644
#N/A,P001102,1001435,12,N,N,1,1,176,4857
#N/A,P001102,1001434,13,N,N,1,1,250,5038
#N/A,P001102,1001670,14,N,N,1,1,129,5504
#N/A,P001102,1000550,15,N,N,1,1,129,5826
#N/A,P001102,1001409,16,N,N,1,1,132,6139
#N/A,P001102,1003075,17,N,N,1,1,96,6629
#N/A,P001102,1003685,18,N,N,1,1,96,7301
#N/A,P001102,1002254,19,N,N,1,1,100,8088
#N/A,P001102,1000943,20,N,N,1,1,91,9124
#N/A,P001102,1000429,21,N,N,1,1,269,9975
#N/A,P001102,1000942,22,N,N,1,1,271,10536
#N/A,P001102,1009140,23,N,N,1,1,187,10925
#N/A,P001102,1000893,24,N,N,1,1,89,11711
#N/A,P001102,1009141,25,N,N,1,1,354,12124
#N/A,P001102,1006037,26,N,N,1,1,273,13600
#N/A,P002002,1001828,1,N,N,1,1,94,0
#N/A,P002002,1002556,2,N,N,1,1,0,474
#N/A,P002002,1001785,3,N,N,1,1,0,1394
#N/A,P002002,1003320,4,N,N,1,1,208,1962
#N/A,P002002,1000484,5,N,N,1,1,315,2313
#N/A,P002002,1005034,6,N,N,1,1,327,2914
#N/A,P002002,1002012,7,N,N,1,1,330,3480
#N/A,P002002,1000836,8,N,N,1,1,270,3628
#N/A,P002002,1000980,9,N,N,1,1,249,3917
#N/A,P002002,1006038,10,N,N,1,1,310,4635
#N/A,P002002,1001276,11,N,N,1,1,130,5199
#N/A,P002002,1900004,12,N,N,1,1,40,5408
#N/A,P002002,1000204,13,N,N,1,1,43,5586
#N/A,P002002,1002865,14,N,N,1,1,90,6020
#N/A,P002002,1000944,15,N,N,1,1,50,6542
#N/A,P002002,1003538,16,N,N,1,1,81,6918
#N/A,P002002,1004190,17,N,N,1,1,94,7126
#N/A,P002002,1002675,18,N,N,1,1,92,7490
#N/A,P002002,1001955,19,N,N,1,1,92,7788
#N/A,P002002,1003407,20,N,N,1,1,93,8214
#N/A,P002002,1001007,21,N,N,1,1,138,8764
#N/A,P002002,1004179,22,N,N,1,1,260,9237
#N/A,P002002,1003630,23,N,N,1,1,241,9633
#N/A,P002002,1002142,24,N,N,1,1,228,9747
#N/A,P002002,1004272,25,N,N,1,1,130,10250
#N/A,P002002,1001828,26,N,N,1,1,94,11275
#N/A,P003002,1001830,1,N,N,1,1,277,0
#N/A,P003002,1002952,2,N,N,1,1,197,481
#N/A,P003002,1006208,3,N,N,1,1,319,1239
#N/A,P003002,1006209,4,N,N,1,1,256,1592
#N/A,P003002,1006210,5,N,N,1,1,262,1945
#N/A,P003002,1003347,6,N,N,1,1,182,2392
#N/A,P003002,1001381,7,N,N,1,1,86,3498
#N/A,P003002,1006211,8,N,N,1,1,2,3652
#N/A,P003002,1006212,9,N,N,1,1,1,3855
#N/A,P003002,1002198,10,N,N,1,1,87,3963
#N/A,P003002,1003137,11,N,N,1,1,116,4612
#N/A,P003002,1006213,12,N,N,1,1,165,4954
#N/A,P003002,1000032,13,N,N,1,1,212,5250
#N/A,P003002,1006214,14,N,N,1,1,173,5457
#N/A,P003002,1006227,15,N,N,1,1,116,5825
#N/A,P003002,1006216,16,N,N,1,1,118,5939
#N/A,P003002,1003501,17,N,N,1,1,2,6117
#N/A,P003002,1001910,18,N,N,1,1,2,6574
#N/A,P003002,1002914,19,N,N,1,1,110,7048
#N/A,P003002,1006217,20,N,N,1,1,87,7518
#N/A,P003002,1003552,21,N,N,1,1,326,8195
#N/A,P003002,1002107,22,N,N,1,1,39,8641
#N/A,P003002,1003411,23,N,N,1,1,300,8790
#N/A,P003002,1001830,24,N,N,1,1,277,9197
#N/A,P004002,1001830,1,N,N,1,1,277,0
#N/A,P004002,1002952,2,N,N,1,1,197,500
#N/A,P004002,1006218,3,N,N,1,1,111,986
#N/A,P004002,1001134,4,N,N,1,1,1,1480
#N/A,P004002,1002341,5,N,N,1,1,180,2040
#N/A,P004002,1000031,6,N,N,1,1,180,2421
#N/A,P004002,1002879,7,N,N,1,1,100,3037
#N/A,P004002,1002192,8,N,N,1,1,80,3611
#N/A,P004002,1002167,9,N,N,1,1,359,3851
#N/A,P004002,1002969,10,N,N,1,1,7,4365
#N/A,P004002,1002933,11,N,N,1,1,33,4619
#N/A,P004002,1003551,12,N,N,1,1,118,4896
#N/A,P004002,1004256,13,N,N,1,1,179,5030
#N/A,P004002,1002817,14,N,N,1,1,179,5134
#N/A,P004002,1003626,15,N,N,1,1,179,5299
#N/A,P004002,1001341,16,N,N,1,1,58,5532
#N/A,P004002,1000837,17,N,N,1,1,9,5874
#N/A,P004002,1002331,18,N,N,1,1,338,6028
#N/A,P004002,1003205,19,N,N,1,1,75,6621
#N/A,P004002,1003403,20,N,N,1,1,2,7008
#N/A,P004002,1000813,21,N,N,1,1,2,7203
#N/A,P004002,1000897,22,N,N,1,1,274,7468
#N/A,P004002,1003414,23,N,N,1,1,316,7913
#N/A,P004002,1006225,24,N,N,1,1,337,8584
#N/A,P004002,1000820,25,N,N,1,1,273,8917
#N/A,P004002,1003232,26,N,N,1,1,35,9100
#N/A,P004002,1006226,27,N,N,1,1,8,9495
#N/A,P004002,1002049,28,N,N,1,1,39,9821
#N/A,P004002,1000204,29,N,N,1,1,43,10283
#N/A,P004002,1006038,30,N,N,1,1,310,10868
#N/A,P004002,1001276,31,N,N,1,1,130,11501
#N/A,P004002,1000639,32,N,N,1,1,217,12327
#N/A,P004002,1003411,33,N,N,1,1,300,12745
#N/A,P004002,1001830,34,N,N,1,1,277,13000
#N/A,P005002,1000909,1,N,N,1,1,65,0
#N/A,P005002,1000248,2,N,N,1,1,327,580
#N/A,P005002,1007490,3,N,N,1,1,153,2488
#N/A,P005002,1008182,4,N,N,1,1,213,3027
#N/A,P005002,1008183,5,N,N,1,1,210,3127
#N/A,P005002,1008184,6,N,N,1,1,208,3418
#N/A,P005002,1008185,7,N,N,1,1,215,3652
#N/A,P005002,1008187,8,N,N,1,1,193,3892
#N/A,P005002,1000036,9,N,N,1,1,95,5205
#N/A,P005002,1001431,10,N,N,1,1,278,5958
#N/A,P005002,1007130,11,N,N,1,1,221,6698
#N/A,P005002,1007495,12,N,N,1,1,167,6935
#N/A,P005002,1002486,13,N,N,1,1,112,7253
#N/A,P005002,1001246,14,N,N,1,1,125,7517
#N/A,P005002,1001248,15,N,N,1,1,22,7700
#N/A,P005002,1001276,16,N,N,1,1,130,10124
#N/A,P005002,1002752,17,N,N,1,1,219,10562
#N/A,P005002,1003411,18,N,N,1,1,300,11415
#N/A,P005002,1001830,19,N,N,1,1,277,11781
#N/A,P005002,1004001,20,N,N,1,1,32,12586
#N/A,P005002,1007496,21,N,N,1,1,297,14211
#N/A,P005002,1007128,22,N,N,1,1,301,14774
#N/A,P005002,1007129,23,N,N,1,1,27,15173
#N/A,P005002,1000036,24,N,N,1,1,95,15852
#N/A,P005002,1001431,25,N,N,1,1,278,16708
#N/A,P005002,1007494,26,N,N,1,1,278,17516
#N/A,P005002,1007493,27,N,N,1,1,283,17763
#N/A,P005002,1007492,28,N,N,1,1,101,18762
#N/A,P005002,1007323,29,N,N,1,1,15,19171
#N/A,P005002,1008186,30,N,N,1,1,39,19381
#N/A,P005002,1007095,31,N,N,1,1,49,19608
#N/A,P005002,1007096,32,N,N,1,1,18,19908
#N/A,P005002,1007097,33,N,N,1,1,28,20063
#N/A,P005002,1007491,34,N,N,1,1,299,20584
#N/A,P005002,1000909,35,N,N,1,1,65,21200
#N/A,P006002,1000909,1,N,N,1,1,65,0
#N/A,P006002,1000248,2,N,N,1,1,327,586
#N/A,P006002,1000990,3,N,N,1,1,270,1633
#N/A,P006002,1007098,4,N,N,1,1,20,2037
#N/A,P006002,1007471,5,N,N,1,1,76,2492
#N/A,P006002,1007473,6,N,N,1,1,5,2795
#N/A,P006002,1007474,7,N,N,1,1,2,3123
#N/A,P006002,1002810,8,N,N,1,1,318,3897
#N/A,P006002,1007475,9,N,N,1,1,321,4135
#N/A,P006002,1002036,10,N,N,1,1,139,5049
#N/A,P006002,1003243,11,N,N,1,1,270,8928
#N/A,P006002,1007480,12,N,N,1,1,197,9175
#N/A,P006002,1002796,13,N,N,1,1,213,9390
#N/A,P006002,1003869,14,N,N,1,1,239,9669
#N/A,P006002,1007482,15,N,N,1,1,312,10561
#N/A,P006002,1007484,16,N,N,1,1,34,10772
#N/A,P006002,1007486,17,N,N,1,1,15,10959
#N/A,P006002,1007487,18,N,N,1,1,45,11112
#N/A,P006002,1001217,19,N,N,1,1,33,11406
#N/A,P006002,1007105,20,N,N,1,1,148,13603
#N/A,P006002,1002782,21,N,N,1,1,198,14346
#N/A,P006002,1002590,22,N,N,1,1,287,15052
#N/A,P006002,1000127,23,N,N,1,1,305,15499
#N/A,P006002,1000135,24,N,N,1,1,86,15841
#N/A,P006002,1007488,25,N,N,1,1,81,16173
#N/A,P006002,1002781,26,N,N,1,1,18,16714
#N/A,P006002,1001218,27,N,N,1,1,213,19950
#N/A,P006002,1008083,28,N,N,1,1,194,20286
#N/A,P006002,1007485,29,N,N,1,1,192,20599
#N/A,P006002,1007483,30,N,N,1,1,113,21015
#N/A,P006002,1003870,31,N,N,1,1,59,21669
#N/A,P006002,1002795,32,N,N,1,1,33,21971
#N/A,P006002,1007481,33,N,N,1,1,43,22143
#N/A,P006002,1003242,34,N,N,1,1,90,22476
#N/A,P006002,1007321,35,N,N,1,1,175,27485
#N/A,P006002,1007320,36,N,N,1,1,190,27921
#N/A,P006002,1007472,37,N,N,1,1,213,28221
#N/A,P006002,1007099,38,N,N,1,1,156,28690
#N/A,P006002,1007489,39,N,N,1,1,64,30089
#N/A,P006002,1000909,40,N,N,1,1,65,30500
#N/A,P101002,1005696,1,N,N,1,1,113,0
#N/A,P101002,1005702,2,N,N,1,1,154,433
#N/A,P101002,1005625,3,N,N,1,1,274,1138
#N/A,P101002,1005626,4,N,N,1,1,202,1515
#N/A,P101002,1005627,5,N,N,1,1,221,1709
#N/A,P101002,1005628,6,N,N,1,1,255,2142
#N/A,P101002,1005652,7,N,N,1,1,191,4456
#N/A,P101002,1005653,8,N,N,1,1,190,4711
#N/A,P101002,1005654,9,N,N,1,1,189,4956
#N/A,P101002,1005655,10,N,N,1,1,190,5237
#N/A,P101002,1005656,11,N,N,1,1,201,5520
#N/A,P101002,1005657,12,N,N,1,1,206,5744
#N/A,P101002,1005658,13,N,N,1,1,203,6013
#N/A,P101002,1005659,14,N,N,1,1,218,6371
#N/A,P101002,1005660,15,N,N,1,1,220,6538
#N/A,P101002,1005661,16,N,N,1,1,219,7200
#N/A,P101002,1005662,17,N,N,1,1,183,7513
#N/A,P101002,1008624,18,N,N,1,1,192,7783
#N/A,P101002,1008626,19,N,N,1,1,316,8894
#N/A,P101002,1008628,20,N,N,1,1,299,9226
#N/A,P101002,1008630,21,N,N,1,1,273,9853
#N/A,P101002,1008632,22,N,N,1,1,228,10158
#N/A,P101002,1008634,23,N,N,1,1,176,10392
#N/A,P101002,1005700,24,N,N,1,1,93,10645
#N/A,P101002,1008629,25,N,N,1,1,129,11231
#N/A,P101002,1008627,26,N,N,1,1,138,11952
#N/A,P101002,1005663,27,N,N,1,1,4,12658
#N/A,P101002,1005664,28,N,N,1,1,8,12912
#N/A,P101002,1005665,29,N,N,1,1,11,13629
#N/A,P101002,1005666,30,N,N,1,1,14,13842
#N/A,P101002,1005667,31,N,N,1,1,19,14171
#N/A,P101002,1005668,32,N,N,1,1,22,14395
#N/A,P101002,1005669,33,N,N,1,1,26,14609
#N/A,P101002,1005670,34,N,N,1,1,33,14829
#N/A,P101002,1005671,35,N,N,1,1,39,15126
#N/A,P101002,1005672,36,N,N,1,1,40,15364
#N/A,P101002,1005673,37,N,N,1,1,41,15633
#N/A,P101002,1005725,38,N,N,1,1,302,16126
#N/A,P101002,1000314,39,N,N,1,1,52,18256
#N/A,P101002,1000315,40,N,N,1,1,120,18913
#N/A,P101002,1005626,41,N,N,1,1,202,19386
#N/A,P101002,1005627,42,N,N,1,1,221,19601
#N/A,P101002,1005628,43,N,N,1,1,255,20023
#N/A,P101002,1001201,44,N,N,1,1,324,20743
#N/A,P101002,1000314,45,N,N,1,1,52,21652
#N/A,P101002,1000315,46,N,N,1,1,120,22305
#N/A,P101002,1005696,47,N,N,1,1,113,24000
P1020,P102002,1005597,1,N,N,1,1,233,0
P1020,P102002,1005693,2,N,N,1,1,176,566
P1020,P102002,1005682,3,N,N,1,1,349,1339
P1020,P102002,1005683,4,N,N,1,1,299,1614
P1020,P102002,1005684,5,N,N,1,1,272,2190
P1020,P102002,1005685,6,N,N,1,1,338,2856
P1020,P102002,1005686,7,N,N,1,1,43,3109
P1020,P102002,1005687,8,N,N,1,1,74,3561
P1020,P102002,1005688,9,N,N,1,1,72,3911
P1020,P102002,1005689,10,N,N,1,1,121,4575
P1020,P102002,1005690,11,N,N,1,1,172,5119
P1020,P102002,1008577,12,N,N,1,1,112,6234
P1020,P102002,1008576,13,N,N,1,1,74,6666
P1020,P102002,1008592,14,N,N,1,1,192,7745
P1020,P102002,1008593,15,N,N,1,1,145,8073
P1020,P102002,1008595,16,N,N,1,1,192,8596
P1020,P102002,1000314,17,N,N,1,1,52,10511
P1020,P102002,1000315,18,N,N,1,1,120,11174
P1020,P102002,1005626,19,N,N,1,1,202,11649
P1020,P102002,1005627,20,N,N,1,1,221,11857
P1020,P102002,1005628,21,N,N,1,1,255,12282
P1020,P102002,1001201,22,N,N,1,1,324,13006
P1020,P102002,1005592,23,N,N,1,1,29,14729
P1020,P102002,1005593,24,N,N,1,1,343,15138
P1020,P102002,1005594,25,N,N,1,1,25,15651
P1020,P102002,1005595,26,N,N,1,1,258,16630
P1020,P102002,1005596,27,N,N,1,1,274,17053
P1020,P102002,1005597,28,N,N,1,1,233,17800
P1021,P102102,1005597,1,N,N,1,1,233,1
P1021,P102102,1005693,2,N,N,1,1,176,566
P1021,P102102,1005682,3,N,N,1,1,349,1339
P1021,P102102,1005683,4,N,N,1,1,299,1614
P1021,P102102,1005684,5,N,N,1,1,272,2190
P1021,P102102,1005685,6,N,N,1,1,338,2856
P1021,P102102,1005686,7,N,N,1,1,43,3109
P1021,P102102,1005687,8,N,N,1,1,74,3561
P1021,P102102,1005688,9,N,N,1,1,72,3911
P1021,P102102,1005689,10,N,N,1,1,121,4575
P1021,P102102,1005690,11,N,N,1,1,172,5119
P1021,P102102,1005652,12,N,N,1,1,191,10452
P1021,P102102,1005653,13,N,N,1,1,190,10753
P1021,P102102,1005654,14,N,N,1,1,189,10949
P1021,P102102,1005655,15,N,N,1,1,190,11229
P1021,P102102,1005656,16,N,N,1,1,201,11517
P1021,P102102,1005657,17,N,N,1,1,206,11737
P1021,P102102,1005658,18,N,N,1,1,203,12010
P1021,P102102,1005659,19,N,N,1,1,218,12352
P1021,P102102,1005660,20,N,N,1,1,220,12534
P1021,P102102,1005661,21,N,N,1,1,219,13108
P1021,P102102,1005662,22,N,N,1,1,183,13278
P1021,P102102,1005663,23,N,N,1,1,4,13552
P1021,P102102,1005664,24,N,N,1,1,8,20543
P1021,P102102,1005597,25,N,N,1,1,233,20700
P1030,P103002,1005717,1,N,N,1,1,243,0
P1030,P103002,1008543,2,N,N,1,1,49,401
P1030,P103002,1008541,3,N,N,1,1,46,746
P1030,P103002,1005716,4,N,N,1,1,273,1283
P1030,P103002,1008539,5,N,N,1,1,189,1635
P1030,P103002,1008537,6,N,N,1,1,199,1840
P1030,P103002,1008535,7,N,N,1,1,296,2125
P1030,P103002,1008533,8,N,N,1,1,278,2429
P1030,P103002,1008531,9,N,N,1,1,184,2769
P1030,P103002,1008529,10,N,N,1,1,134,3381
P1030,P103002,1008527,11,N,N,1,1,154,4673
P1030,P103002,1008546,12,N,N,1,1,348,4859
P1030,P103002,1008547,13,N,N,1,1,4,5075
P1030,P103002,1008548,14,N,N,1,1,342,5324
P1030,P103002,1008549,15,N,N,1,1,256,6578
P1030,P103002,1008239,16,N,N,1,1,132,6890
P1030,P103002,1008525,17,N,N,1,1,187,8562
P1030,P103002,1005625,18,N,N,1,1,274,8922
P1030,P103002,1005626,19,N,N,1,1,202,9144
P1030,P103002,1005627,20,N,N,1,1,221,9561
P1030,P103002,1005628,21,N,N,1,1,255,10291
P1030,P103002,1001201,22,N,N,1,1,324,11187
P1030,P103002,1000314,23,N,N,1,1,52,11863
P1030,P103002,1000315,24,N,N,1,1,120,12537
P1030,P103002,1005696,25,N,N,1,1,113,13185
P1030,P103002,1008239,26,N,N,1,1,132,13475
P1030,P103002,1008525,27,N,N,1,1,187,13683
P1030,P103002,1008546,28,N,N,1,1,348,16105
P1030,P103002,1008547,29,N,N,1,1,4,16290
P1030,P103002,1008548,30,N,N,1,1,342,16528
P1030,P103002,1008549,31,N,N,1,1,256,16765
P1030,P103002,1008526,32,N,N,1,1,312,17436
P1030,P103002,1008528,33,N,N,1,1,322,17700
P1030,P103002,1008530,34,N,N,1,1,3,18002
P1030,P103002,1008532,35,N,N,1,1,88,18346
P1030,P103002,1008534,36,N,N,1,1,124,18767
P1030,P103002,1008536,37,N,N,1,1,41,19239
P1030,P103002,1008538,38,N,N,1,1,23,19544
P1030,P103002,1005715,39,N,N,1,1,88,20177
P1030,P103002,1008540,40,N,N,1,1,203,20205
P1030,P103002,1008542,41,N,N,1,1,192,20552
P1030,P103002,1005717,42,N,N,1,1,243,20900
P1040,P104002,1005662,1,N,N,1,1,183,0
P1040,P104002,1008624,2,N,N,1,1,192,183
P1040,P104002,1008626,3,N,N,1,1,316,1492
P1040,P104002,1008628,4,N,N,1,1,299,1833
P1040,P104002,1008630,5,N,N,1,1,273,2120
P1040,P104002,1008632,6,N,N,1,1,228,2400
P1040,P104002,1008634,7,N,N,1,1,176,2604
P1040,P104002,1008636,8,N,N,1,1,310,3011
P1040,P104002,1008635,9,N,N,1,1,354,3417
P1040,P104002,1008633,10,N,N,1,1,56,3644
P1040,P104002,1008631,11,N,N,1,1,118,3900
P1040,P104002,1008629,12,N,N,1,1,129,4185
P1040,P104002,1008627,13,N,N,1,1,138,4564
P1040,P104002,1005731,14,N,N,1,1,139,4890
P1040,P104002,1005718,15,N,N,1,1,112,5678
P1040,P104002,1005719,16,N,N,1,1,132,6684
P1040,P104002,1008638,17,N,N,1,1,74,7018
P1040,P104002,1008637,18,N,N,1,1,52,7287
P1040,P104002,1008625,19,N,N,1,1,6,8761
P1040,P104002,1005662,20,N,N,1,1,183,9900
P1050,P105002,1005662,1,N,N,1,1,183,0
P1050,P105002,1005663,2,N,N,1,1,4,270
P1050,P105002,1005664,3,N,N,1,1,8,461
P1050,P105002,1005665,4,N,N,1,1,11,1046
P1050,P105002,1005666,5,N,N,1,1,14,1277
P1050,P105002,1005667,6,N,N,1,1,19,1612
P1050,P105002,1005668,7,N,N,1,1,22,1830
P1050,P105002,1005669,8,N,N,1,1,26,2046
P1050,P105002,1005670,9,N,N,1,1,33,2273
P1050,P105002,1005671,10,N,N,1,1,39,2567
P1050,P105002,1005672,11,N,N,1,1,40,2802
P1050,P105002,1005673,12,N,N,1,1,41,3071
P1050,P105002,1005694,13,N,N,1,1,213,4248
P1050,P105002,1005637,14,N,N,1,1,38,4932
P1050,P105002,1005639,15,N,N,1,1,27,5508
P1050,P105002,1005640,16,N,N,1,1,316,5861
P1050,P105002,1008606,17,N,N,1,1,332,6124
P1050,P105002,1005643,18,N,N,1,1,19,6535
P1050,P105002,1005644,19,N,N,1,1,105,6892
P1050,P105002,1005645,20,N,N,1,1,89,7187
P1050,P105002,1005646,21,N,N,1,1,4,7440
P1050,P105002,1000314,22,N,N,1,1,52,9106
P1050,P105002,1000315,23,N,N,1,1,120,9777
P1050,P105002,1005626,24,N,N,1,1,202,10234
P1050,P105002,1005627,25,N,N,1,1,221,10468
P1050,P105002,1005628,26,N,N,1,1,255,10884
P1050,P105002,1001201,27,N,N,1,1,324,11606
P1050,P105002,1000314,28,N,N,1,1,52,12524
P1050,P105002,1000315,29,N,N,1,1,120,13169
P1050,P105002,1005626,30,N,N,1,1,202,13635
P1050,P105002,1005627,31,N,N,1,1,221,13854
P1050,P105002,1005628,32,N,N,1,1,255,14294
P1050,P105002,1001201,33,N,N,1,1,324,14997
P1050,P105002,1008597,34,N,N,1,1,188,16466
P1050,P105002,1008599,35,N,N,1,1,278,16762
P1050,P105002,1008601,36,N,N,1,1,273,16960
P1050,P105002,1008603,37,N,N,1,1,211,17300
P1050,P105002,1008605,38,N,N,1,1,167,17725
P1050,P105002,1008607,39,N,N,1,1,165,17937
P1050,P105002,1005694,40,N,N,1,1,213,18138
P1050,P105002,1005637,41,N,N,1,1,38,18521
P1050,P105002,1005652,42,N,N,1,1,191,19200
P1050,P105002,1005653,43,N,N,1,1,190,19452
P1050,P105002,1005654,44,N,N,1,1,189,19699
P1050,P105002,1005655,45,N,N,1,1,190,19962
P1050,P105002,1005656,46,N,N,1,1,201,20264
P1050,P105002,1005657,47,N,N,1,1,206,20482
P1050,P105002,1005658,48,N,N,1,1,203,20757
P1050,P105002,1005659,49,N,N,1,1,218,21097
P1050,P105002,1005660,50,N,N,1,1,220,21271
P1050,P105002,1005661,51,N,N,1,1,219,21854
P1050,P105002,1005662,52,N,N,1,1,183,23800
P1060,P106002,1005749,1,N,N,1,1,229,0
P1060,P106002,1005729,2,N,N,1,1,298,103
P1060,P106002,1005667,3,N,N,1,1,19,298
P1060,P106002,1008568,4,N,N,1,1,103,1040
P1060,P106002,1008566,5,N,N,1,1,37,1405
P1060,P106002,1005726,6,N,N,1,1,64,1708
P1060,P106002,1008564,7,N,N,1,1,8,2007
P1060,P106002,1005728,8,N,N,1,1,351,2445
P1060,P106002,1008560,9,N,N,1,1,311,2607
P1060,P106002,1005613,10,N,N,1,1,77,2966
P1060,P106002,1005722,11,N,N,1,1,167,3529
P1060,P106002,1008557,12,N,N,1,1,43,4661
P1060,P106002,1005617,13,N,N,1,1,34,5945
P1060,P106002,1005618,14,N,N,1,1,65,6163
P1060,P106002,1005619,15,N,N,1,1,341,6353
P1060,P106002,1005620,16,N,N,1,1,79,6892
P1060,P106002,1005621,17,N,N,1,1,7,7321
P1060,P106002,1005622,18,N,N,1,1,72,7554
P1060,P106002,1005623,19,N,N,1,1,28,7806
P1060,P106002,1005624,20,N,N,1,1,337,8498
P1060,P106002,1005625,21,N,N,1,1,274,9284
P1060,P106002,1005626,22,N,N,1,1,202,9657
P1060,P106002,1005627,23,N,N,1,1,221,9872
P1060,P106002,1005628,24,N,N,1,1,255,10294
P1060,P106002,1001201,25,N,N,1,1,324,11014
P1060,P106002,1000314,26,N,N,1,1,52,11923
P1060,P106002,1000315,27,N,N,1,1,120,12576
P1060,P106002,1005696,28,N,N,1,1,113,12832
P1060,P106002,1008239,29,N,N,1,1,132,13485
P1060,P106002,1008525,30,N,N,1,1,187,13783
P1060,P106002,1008551,31,N,N,1,1,189,14326
P1060,P106002,1008553,32,N,N,1,1,193,14814
P1060,P106002,1008554,33,N,N,1,1,258,15185
P1060,P106002,1008556,34,N,N,1,1,176,15764
P1060,P106002,1005629,35,N,N,1,1,165,16160
P1060,P106002,1008558,36,N,N,1,1,192,17435
P1060,P106002,1005721,37,N,N,1,1,341,18679
P1060,P106002,1005630,38,N,N,1,1,233,19510
P1060,P106002,1008559,39,N,N,1,1,113,19870
P1060,P106002,1008562,40,N,N,1,1,135,20282
P1060,P106002,1008563,41,N,N,1,1,203,20730
P1060,P106002,1005727,42,N,N,1,1,253,21145
P1060,P106002,1008565,43,N,N,1,1,257,21308
P1060,P106002,1008567,44,N,N,1,1,273,21617
P1060,P106002,1005749,45,N,N,1,1,229,23300
P1070,P107002,1002692,1,N,N,1,1,283,0
P1070,P107002,1000929,2,N,N,1,1,9,892
P1070,P107002,1005675,3,N,N,1,1,5,1777
P1070,P107002,1000714,4,N,N,1,1,348,2115
P1070,P107002,1005604,5,N,N,1,1,103,2842
P1070,P107002,1005605,6,N,N,1,1,168,3138
P1070,P107002,1005606,7,N,N,1,1,201,3363
P1070,P107002,1005607,8,N,N,1,1,241,3568
P1070,P107002,1005608,9,N,N,1,1,112,3857
P1070,P107002,1005652,10,N,N,1,1,191,5612
P1070,P107002,1005653,11,N,N,1,1,190,5870
P1070,P107002,1005654,12,N,N,1,1,189,6117
P1070,P107002,1005655,13,N,N,1,1,190,6379
P1070,P107002,1005656,14,N,N,1,1,201,6679
P1070,P107002,1005657,15,N,N,1,1,206,6899
P1070,P107002,1005658,16,N,N,1,1,203,7170
P1070,P107002,1005659,17,N,N,1,1,218,7511
P1070,P107002,1005660,18,N,N,1,1,220,7681
P1070,P107002,1005661,19,N,N,1,1,219,8272
P1070,P107002,1005662,20,N,N,1,1,183,8437
P1070,P107002,1005663,21,N,N,1,1,4,8716
P1070,P107002,1005664,22,N,N,1,1,8,8897
P1070,P107002,1005665,23,N,N,1,1,11,9478
P1070,P107002,1005666,24,N,N,1,1,14,9716
P1070,P107002,1005667,25,N,N,1,1,19,10050
P1070,P107002,1005668,26,N,N,1,1,22,10274
P1070,P107002,1005669,27,N,N,1,1,26,10485
P1070,P107002,1005670,28,N,N,1,1,33,10707
P1070,P107002,1005671,29,N,N,1,1,39,11002
P1070,P107002,1005672,30,N,N,1,1,40,11239
P1070,P107002,1005673,31,N,N,1,1,41,11507
P1070,P107002,1005635,32,N,N,1,1,294,13228
P1070,P107002,1005585,33,N,N,1,1,44,13616
P1070,P107002,1005586,34,N,N,1,1,41,13813
P1070,P107002,1005587,35,N,N,1,1,4,14005
P1070,P107002,1005588,36,N,N,1,1,277,14313
P1070,P107002,1008514,37,N,N,1,1,34,14590
P1070,P107002,1005649,38,N,N,1,1,221,15006
P1070,P107002,1005650,39,N,N,1,1,193,15441
P1070,P107002,1005651,40,N,N,1,1,176,15784
P1070,P107002,1000930,41,N,N,1,1,189,16267
P1070,P107002,1002692,42,N,N,1,1,283,17300
P1080,P108002,1002692,1,N,N,1,1,283,0
P1080,P108002,1000929,2,N,N,1,1,9,895
P1080,P108002,1005675,3,N,N,1,1,5,1600
P1080,P108002,1000714,4,N,N,1,1,348,1941
P1080,P108002,1005589,5,N,N,1,1,38,2324
P1080,P108002,1005590,6,N,N,1,1,81,2720
P1080,P108002,1005679,7,N,N,1,1,350,3056
P1080,P108002,1008516,8,N,N,1,1,76,3185
P1080,P108002,1008518,9,N,N,1,1,50,3427
P1080,P108002,1008521,10,N,N,1,1,91,3654
P1080,P108002,1008523,11,N,N,1,1,268,4053
P1080,P108002,1005591,12,N,N,1,1,128,4480
P1080,P108002,1000314,13,N,N,1,1,52,6810
P1080,P108002,1000315,14,N,N,1,1,120,7470
P1080,P108002,1005626,15,N,N,1,1,202,7964
P1080,P108002,1005627,16,N,N,1,1,221,8173
P1080,P108002,1005628,17,N,N,1,1,255,8590
P1080,P108002,1001201,18,N,N,1,1,324,9316
P1080,P108002,1008522,19,N,N,1,1,92,11911
P1080,P108002,1008520,20,N,N,1,1,322,12336
P1080,P108002,1008519,21,N,N,1,1,193,12493
P1080,P108002,1008517,22,N,N,1,1,199,12678
P1080,P108002,1005601,23,N,N,1,1,186,12909
P1080,P108002,1005602,24,N,N,1,1,259,13241
P1080,P108002,1005603,25,N,N,1,1,228,13604
P1080,P108002,1005650,26,N,N,1,1,193,14262
P1080,P108002,1005651,27,N,N,1,1,176,14597
P1080,P108002,1000930,28,N,N,1,1,189,15615
P1080,P108002,1002692,29,N,N,1,1,283,16300
R0010,R001001,1004344,1,N,N,1,1,0,0
R0010,R001001,1004346,2,N,N,1,1,0,0
R0010,R001001,1003269,3,N,N,1,1,195,2651
R0010,R001001,1004210,4,N,N,1,1,190,4427
R0010,R001001,1000248,5,N,N,1,1,327,20758
R0010,R001001,1000990,6,N,N,1,1,270,21831
R0010,R001001,1002389,7,N,N,1,1,219,22725
R0010,R001001,1003240,8,N,N,1,1,225,23205
R0010,R001001,1000527,9,N,N,1,1,272,24034
R0010,R001001,1000462,10,N,N,1,1,273,24673
R0010,R001001,1002519,11,N,N,1,1,277,25681
R0010,R001001,1001047,12,N,N,1,1,49,26363
R0010,R001001,1000789,13,N,N,1,1,328,26613
R0010,R001001,1000700,14,N,N,1,1,269,26962
R0010,R001001,1002759,15,N,N,1,1,17,27419
R0010,R001001,1001415,16,N,N,1,1,295,27655
R0010,R001001,1000665,17,N,N,1,1,8,28397
R0010,R001001,1003669,18,N,N,1,1,112,29022
R0010,R001001,1003156,19,N,N,1,1,219,31363
R0010,R001002,1003156,1,N,N,1,1,219,0
R0010,R001002,1002853,2,N,N,1,1,216,92
R0010,R001002,1000790,3,N,N,1,1,148,3307
R0010,R001002,1000892,4,N,N,1,1,148,3438
R0010,R001002,1001932,5,N,N,1,1,207,6019
R0010,R001002,1000112,6,N,N,1,1,165,6273
R0010,R001002,1000146,7,N,N,1,1,250,6782
R0010,R001002,1001194,8,N,N,1,1,226,7048
R0010,R001002,1000752,9,N,N,1,1,166,7586
R0010,R001002,1000725,10,N,N,1,1,173,7938
R0010,R001002,1000724,11,N,N,1,1,153,8004
R0010,R001002,1000891,12,N,N,1,1,80,8228
R0010,R001002,1000463,13,N,N,1,1,93,9156
R0010,R001002,1000526,14,N,N,1,1,92,9775
R0010,R001002,1002235,15,N,N,1,1,91,10394
R0010,R001002,1002388,16,N,N,1,1,39,11089
R0010,R001002,1000991,17,N,N,1,1,91,12183
R0010,R001002,1004209,18,N,N,1,1,10,28127
R0010,R001002,1003268,19,N,N,1,1,54,29479
R0010,R001002,1004344,20,N,N,1,1,0,30429
R0020,R002001,1002081,1,N,N,1,1,131,0
R0020,R002001,1000934,2,N,N,1,1,120,853
R0020,R002001,1000953,3,N,N,1,1,120,1005
R0020,R002001,1003928,4,N,N,1,1,170,1669
R0020,R002001,1001847,5,N,N,1,1,134,2149
R0020,R002001,1004251,6,N,N,1,1,191,2597
R0020,R002001,1000474,7,N,N,1,1,182,2878
R0020,R002001,1001723,8,N,N,1,1,163,6011
R0020,R002001,1003485,9,N,N,1,1,137,6940
R0020,R002001,1000486,10,N,N,1,1,163,8278
R0020,R002001,1001748,11,N,N,1,1,164,8623
R0020,R002001,1000438,12,N,N,1,1,172,9038
R0020,R002001,1002573,13,N,N,1,1,102,9925
R0020,R002001,1002520,14,N,N,1,1,106,10508
R0020,R002001,1002523,15,N,N,1,1,108,11202
R0020,R002001,1001905,16,N,N,1,1,162,14038
R0020,R002001,1003532,17,N,N,1,1,182,15352
R0020,R002001,1001019,18,N,N,1,1,128,16909
R0020,R002001,1001725,19,N,N,1,1,67,17617
R0020,R002001,1004038,20,N,N,1,1,67,17793
R0020,R002001,1002852,21,N,N,1,1,340,19018
R0020,R002001,1002509,22,N,N,1,1,328,19963
R0020,R002001,1003861,23,N,N,1,1,3,20433
R0020,R002001,1003539,24,N,N,1,1,61,20921
R0020,R002001,1004108,25,N,N,1,1,61,21219
R0020,R002001,1002733,26,N,N,1,1,174,21991
R0020,R002001,1004116,27,N,N,1,1,198,22571
R0020,R002001,1000078,28,N,N,1,1,263,23348
R0020,R002001,1003503,29,N,N,1,1,164,23716
R0020,R002001,1003230,30,N,N,1,1,56,24646
R0020,R002001,1002698,31,N,N,1,1,50,25443
R0020,R002001,1003033,32,N,N,1,1,50,25795
R0020,R002001,1003052,33,N,N,1,1,49,26128
R0020,R002001,1003399,34,N,N,1,1,101,26455
R0020,R002001,1000125,35,N,N,1,1,141,27033
R0020,R002001,1003193,36,N,N,1,1,230,28000
R0020,R002002,1004189,1,N,N,1,1,304,0
R0020,R002002,1003231,2,N,N,1,1,236,574
R0020,R002002,1004039,3,N,N,1,1,247,1685
R0020,R002002,1001724,4,N,N,1,1,265,1959
R0020,R002002,1004196,5,N,N,1,1,299,2620
R0020,R002002,1003531,6,N,N,1,1,25,3778
R0020,R002002,1003442,7,N,N,1,1,332,4741
R0020,R002002,1003930,8,N,N,1,1,342,5570
R0020,R002002,1004122,9,N,N,1,1,295,7945
R0020,R002002,1002574,10,N,N,1,1,282,9513
R0020,R002002,1000435,11,N,N,1,1,352,10540
R0020,R002002,1001747,12,N,N,1,1,344,10924
R0020,R002002,1002822,13,N,N,1,1,325,12741
R0020,R002002,1000819,14,N,N,1,1,340,13613
R0020,R002002,1000473,15,N,N,1,1,2,16662
R0020,R002002,1004250,16,N,N,1,1,11,16993
R0020,R002002,1001846,17,N,N,1,1,314,17392
R0020,R002002,1000250,18,N,N,1,1,350,17803
R0020,R002002,1002081,19,N,N,1,1,131,19800
R0030,R003001,1004344,1,N,N,1,1,0,0
R0030,R003001,1004346,2,N,N,1,1,0,0
R0030,R003001,1004276,3,N,N,1,1,137,1576
R0030,R003001,1003608,4,N,N,1,1,318,2006
R0030,R003001,1002086,5,N,N,1,1,217,3015
R0030,R003001,1001788,6,N,N,1,1,216,3516
R0030,R003001,1002600,7,N,N,1,1,223,3896
R0030,R003001,1000096,8,N,N,1,1,162,4498
R0030,R003001,1003709,9,N,N,1,1,258,5053
R0030,R003001,1000522,10,N,N,1,1,271,5510
R0030,R003001,1000846,11,N,N,1,1,271,6185
R0030,R003001,1001613,12,N,N,1,1,181,6626
R0030,R003001,1003080,13,N,N,1,1,196,6808
R0030,R003001,1003703,14,N,N,1,1,204,7943
R0030,R003001,1003256,15,N,N,1,1,181,9282
R0030,R003001,1000545,16,N,N,1,1,203,9529
R0030,R003001,1002746,17,N,N,1,1,218,10073
R0030,R003001,1004307,18,N,N,1,1,88,20587
R0030,R003001,1001859,19,N,N,1,1,89,21977
R0030,R003001,1002364,20,N,N,1,1,90,22517
R0030,R003001,1002122,21,N,N,1,1,342,23514
R0030,R003001,1003290,22,N,N,1,1,15,24029
R0030,R003001,1004185,23,N,N,1,1,108,24377
R0030,R003002,1004184,1,N,N,1,1,288,0
R0030,R003002,1002187,2,N,N,1,1,195,617
R0030,R003002,1004306,3,N,N,1,1,171,863
R0030,R003002,1002123,4,N,N,1,1,162,1009
R0030,R003002,1004305,5,N,N,1,1,270,1510
R0030,R003002,1001860,6,N,N,1,1,270,1890
R0030,R003002,1000882,7,N,N,1,1,268,2492
R0030,R003002,1001938,8,N,N,1,1,3,3047
R0030,R003002,1003781,9,N,N,1,1,38,3504
R0030,R003002,1003692,10,N,N,1,1,1,4179
R0030,R003002,1002508,11,N,N,1,1,2,4620
R0030,R003002,1003702,12,N,N,1,1,24,4802
R0030,R003002,1001758,13,N,N,1,1,1,5937
R0030,R003002,1000523,14,N,N,1,1,89,7276
R0030,R003002,1003708,15,N,N,1,1,78,7523
R0030,R003002,1001873,16,N,N,1,1,87,8067
R0030,R003002,1000095,17,N,N,1,1,336,18581
R0030,R003002,1002106,18,N,N,1,1,43,19946
R0030,R003002,1001787,19,N,N,1,1,36,19971
R0030,R003002,1003609,20,N,N,1,1,49,20511
R0030,R003002,1001512,21,N,N,1,1,43,21508
R0030,R003002,1002494,22,N,N,1,1,67,22023
R0030,R003002,1004344,23,N,N,1,1,0,22371
R0040,R004001,1004346,2,N,N,1,1,0,0
R0040,R004001,1004276,3,N,N,1,1,137,430
R0040,R004001,1002023,4,N,N,1,1,229,1511
R0040,R004001,1002234,5,N,N,1,1,227,1810
R0040,R004001,1003608,6,N,N,1,1,318,2584
R0040,R004001,1002086,7,N,N,1,1,217,3170
R0040,R004001,1001788,8,N,N,1,1,216,3433
R0040,R004001,1002600,9,N,N,1,1,223,3988
R0040,R004001,1000096,10,N,N,1,1,162,5391
R0040,R004001,1003709,11,N,N,1,1,258,16224
R0040,R004001,1000522,12,N,N,1,1,271,16796
R0040,R004001,1000393,13,N,N,1,1,254,20246
R0040,R004001,1003084,14,N,N,1,1,266,24467
R0040,R004001,1001318,15,N,N,1,1,266,25426
R0040,R004001,1000098,16,N,N,1,1,269,26206
R0040,R004001,1000670,17,N,N,1,1,265,26788
R0040,R004001,1000377,18,N,N,1,1,164,27023
R0040,R004001,1003090,19,N,N,1,1,165,27505
R0040,R004001,1003091,20,N,N,1,1,165,28414
R0040,R004001,1000734,21,N,N,1,1,79,29184
R0040,R004001,1002229,22,N,N,1,1,92,30112
R0040,R004001,1001018,23,N,N,1,1,184,30417
R0040,R004001,1001403,24,N,N,1,1,179,31006
R0040,R004001,1002424,25,N,N,1,1,177,31267
R0040,R004001,1000356,26,N,N,1,1,177,31617
R0040,R004001,1003610,27,N,N,1,1,168,32333
R0040,R004001,1004060,28,N,N,1,1,348,32923
R0040,R004002,1004060,1,N,N,1,1,0,0
R0040,R004002,1000350,2,N,N,1,1,357,452
R0040,R004002,1002854,3,N,N,1,1,357,729
R0040,R004002,1002092,4,N,N,1,1,359,1317
R0040,R004002,1000821,5,N,N,1,1,4,2001
R0040,R004002,1002579,6,N,N,1,1,272,2423
R0040,R004002,1003085,7,N,N,1,1,345,3254
R0040,R004002,1003092,8,N,N,1,1,345,3519
R0040,R004002,1000209,9,N,N,1,1,344,4470
R0040,R004002,1000183,10,N,N,1,1,85,5360
R0040,R004002,1002088,11,N,N,1,1,70,5885
R0040,R004002,1001473,12,N,N,1,1,86,6827
R0040,R004002,1000395,13,N,N,1,1,76,8731
R0040,R004002,1000392,14,N,N,1,1,74,9587
R0040,R004002,1000523,15,N,N,1,1,89,15979
R0040,R004002,1003708,16,N,N,1,1,78,16226
R0040,R004002,1001873,17,N,N,1,1,87,16770
R0040,R004002,1000095,18,N,N,1,1,336,27284
R0040,R004002,1002106,19,N,N,1,1,43,28674
R0040,R004002,1001787,20,N,N,1,1,36,29214
R0040,R004002,1003609,21,N,N,1,1,49,30212
R0040,R004002,1001512,22,N,N,1,1,43,30726
R0040,R004002,1002494,23,N,N,1,1,67,31074
R0040,R004002,1004344,24,N,N,1,1,0,32650
R0070,R007002,1000966,1,N,N,1,1,3,0
R0070,R007002,1000447,2,N,N,1,1,294,876
R0070,R007002,1003210,3,N,N,1,1,293,1210
R0070,R007002,1003147,4,N,N,1,1,302,1533
R0070,R007002,1001782,5,N,N,1,1,306,1938
R0070,R007002,1003932,6,N,N,1,1,297,2634
R0070,R007002,1000492,7,N,N,1,1,274,7012
R0070,R007002,1002014,8,N,N,1,1,238,7188
R0070,R007002,1001518,9,N,N,1,1,283,7609
R0070,R007002,1000094,10,N,N,1,1,241,8034
R0070,R007002,1002712,11,N,N,1,1,246,8559
R0070,R007002,1001798,12,N,N,1,1,259,8853
R0070,R007002,1002823,13,N,N,1,1,226,9257
R0070,R007002,1000049,14,N,N,1,1,232,9418
R0070,R007002,1000383,15,N,N,1,1,45,400
R0080,R008001,1002081,1,N,N,1,1,131,0
R0080,R008001,1000934,2,N,N,1,1,120,3745
R0080,R008001,1000953,3,N,N,1,1,120,3896
R0080,R008001,1003928,4,N,N,1,1,170,8943
R0080,R008001,1001847,5,N,N,1,1,134,11217
R0080,R008001,1000474,6,N,N,1,1,182,11311
R0080,R008001,1001723,7,N,N,1,1,163,11569
R0080,R008001,1000486,8,N,N,1,1,163,11979
R0080,R008001,1001748,9,N,N,1,1,164,12888
R0080,R008001,1000438,10,N,N,1,1,172,13475
R0080,R008001,1002573,11,N,N,1,1,102,16985
R0080,R008001,1002520,12,N,N,1,1,106,18324
R0080,R008001,1006050,13,N,N,1,1,94,18511
R0080,R008001,1006053,14,N,N,1,1,130,19111
R0080,R008001,1004013,15,N,N,1,1,129,19998
R0080,R008001,1002804,16,N,N,1,1,153,23511
R0080,R008001,1002765,17,N,N,1,1,154,24111
R0080,R008001,1006256,18,N,N,1,1,180,24511
R0080,R008002,1006256,1,N,N,1,1,180,0
R0080,R008002,1001314,2,N,N,1,1,334,791
R0080,R008002,1003316,3,N,N,1,1,331,973
R0080,R008002,1002747,4,N,N,1,1,340,1234
R0080,R008002,1001287,5,N,N,1,1,298,1597
R0080,R008002,1004012,6,N,N,1,1,304,2055
R0080,R008002,1006056,7,N,N,1,1,313,7642
R0080,R008002,1006057,8,N,N,1,1,325,8069
R0080,R008002,1006045,9,N,N,1,1,314,8617
R0080,R008002,1006046,10,N,N,1,1,325,9745
R0080,R008002,1006047,11,N,N,1,1,224,11016
R0080,R008002,1006049,12,N,N,1,1,197,12451
R0080,R008002,1004122,13,N,N,1,1,295,13524
R0080,R008002,1002574,14,N,N,1,1,282,15903
R0080,R008002,1000435,15,N,N,1,1,352,17485
R0080,R008002,1001747,16,N,N,1,1,344,18538
R0080,R008002,1002822,17,N,N,1,1,325,18797
R0080,R008002,1000819,18,N,N,1,1,340,20731
R0080,R008002,1000473,19,N,N,1,1,2,21577
R0080,R008002,1001846,20,N,N,1,1,314,24643
R0080,R008002,1000948,21,N,N,1,1,300,24800
R0080,R008002,1002081,22,N,N,1,1,131,24989
#N/A,R010002,1006550,1,N,N,1,1,31,0
#N/A,R010002,1006484,2,N,N,1,1,98,34800
#N/A,R010002,1006409,3,N,N,1,1,300,40200
#N/A,R010002,1006550,4,N,N,1,1,31,74400
R0160,R016001,1008331,1,N,N,1,1,7,0
R0160,R016001,1002397,2,N,N,1,1,19,1417
R0160,R016001,1002542,3,N,N,1,1,19,1718
R0160,R016001,1002406,4,N,N,1,1,19,1962
R0160,R016001,1002051,5,N,N,1,1,19,2219
R0160,R016001,1001224,6,N,N,1,1,199,2813
R0160,R016001,1002407,7,N,N,1,1,199,3059
R0160,R016001,1002543,8,N,N,1,1,199,3303
R0160,R016001,1001681,9,N,N,1,1,199,3579
R0160,R016001,1001624,10,N,N,1,1,199,3881
R0160,R016001,1002438,11,N,N,1,1,290,4096
R0160,R016001,1004257,12,N,N,1,1,114,4354
R0160,R016001,1008149,13,N,N,1,1,197,4525
R0160,R016001,1008150,14,N,N,1,1,192,4871
R0160,R016001,1006102,15,N,N,1,1,213,5451
R0160,R016001,1008151,16,N,N,1,1,181,5614
R0160,R016001,1004214,17,N,N,1,1,332,52476
R0160,R016001,1004213,18,N,N,1,1,120,54300
R0160,R016002,1004213,1,N,N,1,1,120,0
R0160,R016002,1004215,2,N,N,1,1,153,1866
R0160,R016002,1003076,3,N,N,1,1,125,46231
R0160,R016002,1001224,4,N,N,1,1,199,47458
R0160,R016002,1002407,5,N,N,1,1,199,47707
R0160,R016002,1002543,6,N,N,1,1,199,47945
R0160,R016002,1001681,7,N,N,1,1,199,48224
R0160,R016002,1001624,8,N,N,1,1,199,48523
R0160,R016002,1002438,9,N,N,1,1,290,48765
R0160,R016002,1004257,10,N,N,1,1,114,48984
R0160,R016002,1008149,11,N,N,1,1,197,49234
R0160,R016002,1008150,12,N,N,1,1,192,49765
R0160,R016002,1006102,13,N,N,1,1,213,51420
R0160,R016002,1008151,14,N,N,1,1,181,51860
R0160,R016002,1001903,15,N,N,1,1,21,52500
R0160,R016002,1008331,16,N,N,1,1,7,53000
R0170,R017001,1008331,1,N,N,1,1,7,0
R0170,R017001,1000229,2,N,N,1,1,206,1344
R0170,R017001,1004257,3,N,N,1,1,114,1941
R0170,R017001,1001903,4,N,N,1,1,21,2403
R0170,R017001,1002542,5,N,N,1,1,19,3313
R0170,R017001,1002406,6,N,N,1,1,19,3600
R0170,R017001,1002051,7,N,N,1,1,19,4402
R0170,R017001,1000314,8,N,N,1,1,52,7564
R0170,R017001,1004089,9,N,N,1,1,344,8207
R0170,R017001,1000868,10,N,N,1,1,283,50428
R0170,R017001,1004002,11,N,N,1,1,327,52426
R0170,R017001,1003974,12,N,N,1,1,277,58216
R0170,R017001,1003743,13,N,N,1,1,272,60924
R0170,R017001,1007502,14,N,N,1,1,171,61200
R0170,R017002,1007501,1,N,N,1,1,3,0
R0170,R017002,1007545,2,N,N,1,1,187,245
R0170,R017002,1003754,3,N,N,1,1,92,331
R0170,R017002,1007503,4,N,N,1,1,176,1232
R0170,R017002,1000555,5,N,N,1,1,180,1311
R0170,R017002,1003974,6,N,N,1,1,277,3079
R0170,R017002,1004003,7,N,N,1,1,147,8869
R0170,R017002,1001368,8,N,N,1,1,103,10771
R0170,R017002,1000315,9,N,N,1,1,120,41654
R0170,R017002,1002253,10,N,N,1,1,197,42284
R0170,R017002,1001027,11,N,N,1,1,240,49942
R0170,R017002,1001224,12,N,N,1,1,199,52255
R0170,R017002,1002407,13,N,N,1,1,199,52501
R0170,R017002,1002543,14,N,N,1,1,199,52747
R0170,R017002,1001681,15,N,N,1,1,199,53037
R0170,R017002,1000229,16,N,N,1,1,206,53317
R0170,R017002,1004257,17,N,N,1,1,114,54200
R0170,R017002,1001903,18,N,N,1,1,21,55213
R0170,R017002,1008331,19,N,N,1,1,7,55800
#N/A,R020001,1000492,1,N,N,1,1,283,0
#N/A,R020001,1001518,2,N,N,1,1,283,600
#N/A,R020001,1002712,3,N,N,1,1,283,1450
#N/A,R020001,1001783,4,N,N,1,1,126,10000
R0200,R020002,1009130,1,N,N,1,1,342,0
R0200,R020002,1001782,2,N,N,1,1,306,158
R0200,R020002,1000492,3,N,N,1,1,274,7100
R0200,R020002,1001518,4,N,N,1,1,283,7700
R0200,R020002,1001783,5,N,N,1,1,126,17100
R0200,R020002,1009130,6,N,N,1,1,342,19200
R0210,R021002,1000542,1,N,N,1,1,103,0
R0210,R021002,1000082,2,N,N,1,1,104,710
R0210,R021002,1001783,3,N,N,1,1,126,5700
R0210,R021002,1001782,4,N,N,1,1,306,7800
R0210,R021002,1000542,5,N,N,1,1,103,16600
#N/A,R214502,1080001,1,N,N,1,1,202,0
#N/A,R214502,1080002,2,N,N,1,1,129,5000
#N/A,S001002,1001518,1,N,N,1,1,283,0
#N/A,S001002,1008252,2,N,N,1,1,201,425
#N/A,S001002,1007528,3,N,N,1,1,213,634
#N/A,S001002,1002712,4,N,N,1,1,246,950
#N/A,S001002,1000901,5,N,N,1,1,111,1310
#N/A,S001002,1007526,6,N,N,1,1,165,1876
#N/A,S001002,1004239,7,N,N,1,1,77,2486
#N/A,S001002,1001152,8,N,N,1,1,264,3295
#N/A,S001002,1000958,9,N,N,1,1,358,3729
#N/A,S001002,1002002,10,N,N,1,1,337,4131
#N/A,S001002,1007527,11,N,N,1,1,43,4453
#N/A,S001002,1000998,12,N,N,1,1,147,5285
#N/A,S001002,1000649,13,N,N,1,1,83,5901
#N/A,S001002,1003768,14,N,N,1,1,339,6081
#N/A,S001002,1000492,15,N,N,1,1,274,6980
#N/A,S001002,1002014,16,N,N,1,1,238,7156
#N/A,S001002,1001518,17,N,N,1,1,283,7577
#N/A,S002001,1000958,1,N,N,1,1,358,0
#N/A,S002001,1001998,2,N,N,1,1,282,442
#N/A,S002001,1008254,3,N,N,1,1,286,651
#N/A,S002001,1004230,4,N,N,1,1,238,1287
#N/A,S002001,1004247,5,N,N,1,1,257,1500
#N/A,S002001,1001673,6,N,N,1,1,261,2255
#N/A,S002001,1004341,7,N,N,1,1,0,2851
#N/A,S002002,1004341,1,N,N,1,1,0,0
#N/A,S002002,1000221,2,N,N,1,1,334,300
#N/A,S002002,1006277,3,N,N,1,1,74,468
#N/A,S002002,1000273,4,N,N,1,1,26,559
#N/A,S002002,1003883,5,N,N,1,1,53,902
#N/A,S002002,1004248,6,N,N,1,1,77,1543
#N/A,S002002,1002007,7,N,N,1,1,74,1981
#N/A,S002002,1004246,8,N,N,1,1,93,2110
#N/A,S002002,1004245,9,N,N,1,1,102,2276
#N/A,S002002,1004239,10,N,N,1,1,77,2511
#N/A,S002002,1008314,11,N,N,1,1,245,3320
#N/A,S002002,1000958,12,N,N,1,1,358,3754
#N/A,S003002,1003903,1,N,N,1,1,115,0
#N/A,S003002,1002571,2,N,N,1,1,342,554
#N/A,S003002,1003224,3,N,N,1,1,343,964
#N/A,S003002,1006251,4,N,N,1,1,262,1214
#N/A,S003002,1006249,5,N,N,1,1,259,2180
#N/A,S003002,1006247,6,N,N,1,1,311,3366
#N/A,S003002,1006245,7,N,N,1,1,111,3888
#N/A,S003002,1006312,8,N,N,1,1,170,4148
#N/A,S003002,1006313,9,N,N,1,1,172,4371
#N/A,S003002,1006314,10,N,N,1,1,84,4682
#N/A,S003002,1006315,11,N,N,1,1,21,5056
#N/A,S003002,1006316,12,N,N,1,1,315,5218
#N/A,S003002,1006241,13,N,N,1,1,338,5549
#N/A,S003002,1006317,14,N,N,1,1,359,5880
#N/A,S003002,1006239,15,N,N,1,1,339,6071
#N/A,S003002,1006237,16,N,N,1,1,317,6325
#N/A,S003002,1006235,17,N,N,1,1,315,6981
#N/A,S003002,1006233,18,N,N,1,1,306,7338
#N/A,S003002,1006079,19,N,N,1,1,119,7886
#N/A,S003002,1007233,20,N,N,1,1,0,8215
#N/A,S003002,1008068,21,N,N,1,1,95,8843
#N/A,S003002,1004267,22,N,N,1,1,280,9418
#N/A,S003002,1001750,23,N,N,1,1,279,10620
#N/A,S003002,1004231,24,N,N,1,1,179,11000
#N/A,S003002,1006064,25,N,N,1,1,316,12026
#N/A,S003002,1006232,26,N,N,1,1,174,12556
#N/A,S003002,1006234,27,N,N,1,1,184,12937
#N/A,S003002,1006236,28,N,N,1,1,185,13580
#N/A,S003002,1006238,29,N,N,1,1,210,13785
#N/A,S003002,1006318,30,N,N,1,1,194,14014
#N/A,S003002,1006240,31,N,N,1,1,206,14344
#N/A,S003002,1006319,32,N,N,1,1,148,14673
#N/A,S003002,1006320,33,N,N,1,1,215,14845
#N/A,S003002,1006321,34,N,N,1,1,254,15217
#N/A,S003002,1006322,35,N,N,1,1,336,15527
#N/A,S003002,1006323,36,N,N,1,1,320,15763
#N/A,S003002,1006244,37,N,N,1,1,263,16030
#N/A,S003002,1006246,38,N,N,1,1,183,16240
#N/A,S003002,1006248,39,N,N,1,1,102,17600
#N/A,S003002,1006250,40,N,N,1,1,99,18510
#N/A,S003002,1003225,41,N,N,1,1,163,18789
#N/A,S003002,1002572,42,N,N,1,1,162,19217
#N/A,S003002,1003903,43,N,N,1,1,115,19800
#N/A,S004001,1000663,1,N,N,1,1,12,0
#N/A,S004001,1003663,2,N,N,1,1,130,1257
#N/A,S004001,1007533,3,N,N,1,1,189,1727
#N/A,S004001,1000664,4,N,N,1,1,150,2038
#N/A,S004001,1003472,5,N,N,1,1,332,2521
#N/A,S004001,1006103,6,N,N,1,1,61,2767
#N/A,S004001,1003885,7,N,N,1,1,188,3082
#N/A,S004001,1000866,8,N,N,1,1,191,3515
#N/A,S004001,1000182,9,N,N,1,1,188,3803
#N/A,S004001,1001989,10,N,N,1,1,89,4447
#N/A,S004001,1003383,11,N,N,1,1,174,5006
#N/A,S004001,1003396,12,N,N,1,1,181,5205
#N/A,S004001,1006112,13,N,N,1,1,9,5634
#N/A,S004001,1000678,14,N,N,1,1,92,5926
#N/A,S004001,1004167,15,N,N,1,1,31,6372
#N/A,S004001,1004168,16,N,N,1,1,91,6882
#N/A,S004001,1006113,17,N,N,1,1,9,7127
#N/A,S004001,1000145,18,N,N,1,1,299,8193
#N/A,S004001,1001988,19,N,N,1,1,272,8669
#N/A,S004001,1001987,20,N,N,1,1,16,8793
#N/A,S004001,1002172,21,N,N,1,1,24,9042
#N/A,S004001,1000144,22,N,N,1,1,131,9711
#N/A,S004001,1008202,23,N,N,1,1,97,9966
#N/A,S004001,1008203,24,N,N,1,1,16,10212
#N/A,S004001,1008204,25,N,N,1,1,33,10454
#N/A,S004001,1000803,26,N,N,1,1,314,11016
#N/A,S004001,1006231,27,N,N,1,1,184,11200
#N/A,S004002,1006231,1,N,N,1,1,184,0
#N/A,S004002,1002723,2,N,N,1,1,155,357
#N/A,S004002,1000029,3,N,N,1,1,198,1259
#N/A,S004002,1004101,4,N,N,1,1,198,1483
#N/A,S004002,1006230,5,N,N,1,1,224,2814
#N/A,S004002,1006229,6,N,N,1,1,44,3023
#N/A,S004002,1006228,7,N,N,1,1,350,3372
#N/A,S004002,1000679,8,N,N,1,1,297,4759
#N/A,S004002,1000677,9,N,N,1,1,279,5765
#N/A,S004002,1006109,10,N,N,1,1,189,6030
#N/A,S004002,1006110,11,N,N,1,1,94,6460
#N/A,S004002,1006111,12,N,N,1,1,42,6526
#N/A,S004002,1000042,13,N,N,1,1,354,6734
#N/A,S004002,1000575,14,N,N,1,1,269,7161
#N/A,S004002,1002870,15,N,N,1,1,283,7567
#N/A,S004002,1000181,16,N,N,1,1,8,7932
#N/A,S004002,1000865,17,N,N,1,1,11,8254
#N/A,S004002,1000430,18,N,N,1,1,337,8694
#N/A,S004002,1003410,19,N,N,1,1,330,9209
#N/A,S004002,1002231,20,N,N,1,1,330,9596
#N/A,S004002,1000663,21,N,N,1,1,12,10000
#N/A,S005001,1006409,1,N,N,1,1,300,0
#N/A,S005001,1006460,2,N,N,1,1,159,12889
#N/A,S005001,1006458,3,N,N,1,1,242,19582
#N/A,S005001,1006470,4,N,N,1,1,205,20891
#N/A,S005001,1006454,5,N,N,1,1,198,21475
#N/A,S005001,1006450,6,N,N,1,1,183,24443
#N/A,S005001,1006448,7,N,N,1,1,234,24970
#N/A,S005001,1006471,8,N,N,1,1,267,26736
#N/A,S005001,1006445,9,N,N,1,1,213,27423
#N/A,S005001,1006443,10,N,N,1,1,210,27725
#N/A,S005001,1006439,11,N,N,1,1,177,28855
#N/A,S005001,1006436,12,N,N,1,1,174,29748
#N/A,S005001,1008303,13,N,N,1,1,197,30250
#N/A,S005001,1008301,14,N,N,1,1,7,30823
#N/A,S005001,1006434,15,N,N,1,1,269,31381
#N/A,S005001,1006432,16,N,N,1,1,306,33526
#N/A,S005001,1006430,17,N,N,1,1,248,35604
#N/A,S005001,1006428,18,N,N,1,1,253,35881
#N/A,S005001,1006426,19,N,N,1,1,255,40033
#N/A,S005001,1006423,20,N,N,1,1,283,45029
#N/A,S005001,1006421,21,N,N,1,1,301,46712
#N/A,S005001,1006419,22,N,N,1,1,307,47626
#N/A,S005001,1006417,23,N,N,1,1,288,48127
#N/A,S005001,1006415,24,N,N,1,1,193,56700
#N/A,S005002,1006415,1,N,N,1,1,193,0
#N/A,S005002,1006416,2,N,N,1,1,101,624
#N/A,S005002,1006418,3,N,N,1,1,113,1121
#N/A,S005002,1006420,4,N,N,1,1,109,2025
#N/A,S005002,1006422,5,N,N,1,1,96,3740
#N/A,S005002,1006424,6,N,N,1,1,106,5255
#N/A,S005002,1006425,7,N,N,1,1,84,8749
#N/A,S005002,1006427,8,N,N,1,1,71,12846
#N/A,S005002,1006429,9,N,N,1,1,72,13116
#N/A,S005002,1006431,10,N,N,1,1,120,14562
#N/A,S005002,1006433,11,N,N,1,1,86,17323
#N/A,S005002,1008300,12,N,N,1,1,193,17850
#N/A,S005002,1008302,13,N,N,1,1,11,18345
#N/A,S005002,1006435,14,N,N,1,1,12,18965
#N/A,S005002,1006437,15,N,N,1,1,4,19730
#N/A,S005002,1006438,16,N,N,1,1,2,19878
#N/A,S005002,1006440,17,N,N,1,1,7,20116
#N/A,S005002,1006441,18,N,N,1,1,34,20523
#N/A,S005002,1006442,19,N,N,1,1,38,21014
#N/A,S005002,1006444,20,N,N,1,1,42,21312
#N/A,S005002,1006446,21,N,N,1,1,69,21627
#N/A,S005002,1006447,22,N,N,1,1,30,23770
#N/A,S005002,1006449,23,N,N,1,1,15,24338
#N/A,S005002,1006451,24,N,N,1,1,58,26608
#N/A,S005002,1006452,25,N,N,1,1,57,26932
#N/A,S005002,1006453,26,N,N,1,1,36,27264
#N/A,S005002,1006455,27,N,N,1,1,359,27556
#N/A,S005002,1006456,28,N,N,1,1,358,28302
#N/A,S005002,1006457,29,N,N,1,1,34,29253
#N/A,S005002,1006459,30,N,N,1,1,352,35705
#N/A,S005002,1006704,31,N,N,1,1,195,46923
#N/A,S005002,1008292,32,N,N,1,1,26,47876
#N/A,S005002,1006484,33,N,N,1,1,98,53012
#N/A,S005002,1006409,34,N,N,1,1,300,55000
#N/A,S006001,1006412,1,N,N,1,1,60,0
#N/A,S006001,1006411,2,N,N,1,1,170,1342
#N/A,S006001,1006407,3,N,N,1,1,331,3870
#N/A,S006001,1006405,4,N,N,1,1,330,5036
#N/A,S006001,1006403,5,N,N,1,1,319,8605
#N/A,S006001,1006401,6,N,N,1,1,357,11431
#N/A,S006001,1006399,7,N,N,1,1,313,12558
#N/A,S006001,1006397,8,N,N,1,1,312,13363
#N/A,S006001,1006395,9,N,N,1,1,317,13788
#N/A,S006001,1006393,10,N,N,1,1,317,14658
#N/A,S006001,1006391,11,N,N,1,1,316,15167
#N/A,S006001,1006413,12,N,N,1,1,314,15448
#N/A,S006001,1006389,13,N,N,1,1,312,16055
#N/A,S006001,1006386,14,N,N,1,1,306,17630
#N/A,S006001,1006384,15,N,N,1,1,299,18364
#N/A,S006001,1006382,16,N,N,1,1,298,18696
#N/A,S006001,1006380,17,N,N,1,1,306,20007
#N/A,S006001,1006378,18,N,N,1,1,303,20379
#N/A,S006001,1006376,19,N,N,1,1,301,20925
#N/A,S006001,1006374,20,N,N,1,1,303,21389
#N/A,S006001,1006372,21,N,N,1,1,305,21971
#N/A,S006001,1006370,22,N,N,1,1,303,22257
#N/A,S006001,1006368,23,N,N,1,1,306,22711
#N/A,S006001,1006414,24,N,N,1,1,63,24500
#N/A,S006002,1006414,1,N,N,1,1,63,0
#N/A,S006002,1006367,2,N,N,1,1,70,2106
#N/A,S006002,1006369,3,N,N,1,1,69,2559
#N/A,S006002,1006371,4,N,N,1,1,70,2950
#N/A,S006002,1006373,5,N,N,1,1,66,3375
#N/A,S006002,1006375,6,N,N,1,1,71,3938
#N/A,S006002,1006377,7,N,N,1,1,72,4427
#N/A,S006002,1006379,8,N,N,1,1,75,4804
#N/A,S006002,1006381,9,N,N,1,1,61,5853
#N/A,S006002,1006383,10,N,N,1,1,62,6563
#N/A,S006002,1006385,11,N,N,1,1,77,7229
#N/A,S006002,1006387,12,N,N,1,1,80,7982
#N/A,S006002,1006388,13,N,N,1,1,92,8740
#N/A,S006002,1006390,14,N,N,1,1,93,9715
#N/A,S006002,1006392,15,N,N,1,1,96,10181
#N/A,S006002,1006394,16,N,N,1,1,97,11112
#N/A,S006002,1006396,17,N,N,1,1,97,11447
#N/A,S006002,1006398,18,N,N,1,1,97,12246
#N/A,S006002,1006400,19,N,N,1,1,71,13663
#N/A,S006002,1006402,20,N,N,1,1,43,16468
#N/A,S006002,1006404,21,N,N,1,1,62,20063
#N/A,S006002,1002838,22,N,N,1,1,136,20213
#N/A,S006002,1006406,23,N,N,1,1,65,21231
#N/A,S006002,1006408,24,N,N,1,1,340,29718
#N/A,S006002,1006409,25,N,N,1,1,300,33509
#N/A,S006002,1008290,26,N,N,1,1,9,40142
#N/A,S006002,1006407,27,N,N,1,1,331,43154
#N/A,S006002,1006405,28,N,N,1,1,330,44326
#N/A,S006002,1006403,29,N,N,1,1,319,47896
#N/A,S006002,1006399,30,N,N,1,1,313,51856
#N/A,S006002,1006397,31,N,N,1,1,312,52685
#N/A,S006002,1006395,32,N,N,1,1,317,53107
#N/A,S006002,1006393,33,N,N,1,1,317,53975
#N/A,S006002,1006391,34,N,N,1,1,316,54470
#N/A,S006002,1006413,35,N,N,1,1,314,54768
#N/A,S006002,1006389,36,N,N,1,1,312,55369
#N/A,S006002,1006386,37,N,N,1,1,306,56950
#N/A,S006002,1006384,38,N,N,1,1,299,57668
#N/A,S006002,1006382,39,N,N,1,1,298,58013
#N/A,S006002,1006380,40,N,N,1,1,306,59317
#N/A,S006002,1006378,41,N,N,1,1,303,59699
#N/A,S006002,1006376,42,N,N,1,1,301,60227
#N/A,S006002,1006374,43,N,N,1,1,303,60701
#N/A,S006002,1006372,44,N,N,1,1,305,61265
#N/A,S006002,1006370,45,N,N,1,1,303,61555
#N/A,S006002,1006368,46,N,N,1,1,306,61988
#N/A,S006002,1006414,47,N,N,1,1,63,62500
#N/A,S007001,1001801,1,N,N,1,1,182,0
#N/A,S007001,1001322,2,N,N,1,1,105,523
#N/A,S007001,1003572,3,N,N,1,1,334,1623
#N/A,S007001,1003362,4,N,N,1,1,229,4550
#N/A,S007001,1001697,5,N,N,1,1,270,4997
#N/A,S007001,1003117,6,N,N,1,1,230,5351
#N/A,S007001,1003164,7,N,N,1,1,240,5574
#N/A,S007001,1002869,8,N,N,1,1,304,5993
#N/A,S007001,1001256,9,N,N,1,1,252,6185
#N/A,S007001,1001456,10,N,N,1,1,186,6429
#N/A,S007001,1000265,11,N,N,1,1,173,6666
#N/A,S007001,1003639,12,N,N,1,1,175,6835
#N/A,S007001,1003654,13,N,N,1,1,175,7065
#N/A,S007001,1001949,14,N,N,1,1,226,7433
#N/A,S007001,1001051,15,N,N,1,1,299,8027
#N/A,S007001,1003974,16,N,N,1,1,277,8390
#N/A,S007001,1000847,17,N,N,1,1,26,8591
#N/A,S007001,1006472,18,N,N,1,1,268,9266
#N/A,S007001,1006473,19,N,N,1,1,253,9970
#N/A,S007001,1001445,20,N,N,1,1,262,11983
#N/A,S007001,1001728,21,N,N,1,1,262,12244
#N/A,S007001,1002356,22,N,N,1,1,4,12518
#N/A,S007001,1003330,23,N,N,1,1,3,13170
#N/A,S007001,1001167,24,N,N,1,1,19,13400
#N/A,S007001,1001554,25,N,N,1,1,4,13589
#N/A,S007001,1001635,26,N,N,1,1,6,13699
#N/A,S007001,1000198,27,N,N,1,1,331,14285
#N/A,S007001,1002098,28,N,N,1,1,331,14660
#N/A,S007001,1000007,29,N,N,1,1,237,15101
#N/A,S007001,1003138,30,N,N,1,1,244,15457
#N/A,S007001,1001067,31,N,N,1,1,241,16017
#N/A,S007001,1003160,32,N,N,1,1,181,16306
#N/A,S007001,1001842,33,N,N,1,1,216,17287
#N/A,S007001,1002194,34,N,N,1,1,245,17945
#N/A,S007001,1003245,35,N,N,1,1,327,18452
#N/A,S007001,1003434,36,N,N,1,1,340,18792
#N/A,S007001,1000684,37,N,N,1,1,322,19100
#N/A,S007001,1001012,38,N,N,1,1,26,19683
#N/A,S007001,1003524,39,N,N,1,1,101,21688
#N/A,S007001,1001852,40,N,N,1,1,189,21894
#N/A,S007001,1001472,41,N,N,1,1,280,22101
#N/A,S007001,1002654,42,N,N,1,1,218,22663
#N/A,S007001,1000117,43,N,N,1,1,195,23164
#N/A,S007001,1000119,44,N,N,1,1,53,23598
#N/A,S007001,1002067,45,N,N,1,1,6,23918
#N/A,S007001,1003162,46,N,N,1,1,115,24412
#N/A,S007001,1006475,47,N,N,1,1,64,25122
#N/A,S007001,1006478,48,N,N,1,1,74,25462
#N/A,S007001,1006480,49,N,N,1,1,68,26081
#N/A,S007001,1006481,50,N,N,1,1,223,27689
#N/A,S007001,1006479,51,N,N,1,1,230,28356
#N/A,S007001,1006477,52,N,N,1,1,240,29367
#N/A,S007001,1000959,53,N,N,1,1,341,31200
#N/A,S007002,1006476,1,N,N,1,1,109,0
#N/A,S007002,1006481,2,N,N,1,1,223,890
#N/A,S007002,1006479,3,N,N,1,1,230,1555
#N/A,S007002,1006477,4,N,N,1,1,240,1877
#N/A,S007002,1007618,5,N,N,1,1,246,2392
#N/A,S007002,1007614,6,N,N,1,1,287,2653
#N/A,S007002,1002068,7,N,N,1,1,204,2996
#N/A,S007002,1000118,8,N,N,1,1,233,3320
#N/A,S007002,1000116,9,N,N,1,1,15,3722
#N/A,S007002,1002653,10,N,N,1,1,38,4215
#N/A,S007002,1001471,11,N,N,1,1,100,4808
#N/A,S007002,1001851,12,N,N,1,1,19,5056
#N/A,S007002,1007621,13,N,N,1,1,58,5197
#N/A,S007002,1003378,14,N,N,1,1,202,7247
#N/A,S007002,1002452,15,N,N,1,1,143,7791
#N/A,S007002,1001078,16,N,N,1,1,160,8184
#N/A,S007002,1007620,17,N,N,1,1,168,8349
#N/A,S007002,1004048,18,N,N,1,1,98,8799
#N/A,S007002,1001179,19,N,N,1,1,280,9127
#N/A,S007002,1003158,20,N,N,1,1,281,9452
#N/A,S007002,1000931,21,N,N,1,1,65,10483
#N/A,S007002,1000505,22,N,N,1,1,36,11211
#N/A,S007002,1003159,23,N,N,1,1,122,12607
#N/A,S007002,1003826,24,N,N,1,1,61,12325
#N/A,S007002,1003516,25,N,N,1,1,145,12796
#N/A,S007002,1002097,26,N,N,1,1,64,12996
#N/A,S007002,1002288,27,N,N,1,1,57,13278
#N/A,S007002,1001317,28,N,N,1,1,151,13913
#N/A,S007002,1001336,29,N,N,1,1,151,14144
#N/A,S007002,1001636,30,N,N,1,1,186,14723
#N/A,S007002,1001555,31,N,N,1,1,199,15052
#N/A,S007002,1003331,32,N,N,1,1,183,15226
#N/A,S007002,1001166,33,N,N,1,1,183,15284
#N/A,S007002,1002592,34,N,N,1,1,184,15630
#N/A,S007002,1001874,35,N,N,1,1,184,15895
#N/A,S007002,1001892,36,N,N,1,1,82,16131
#N/A,S007002,1001444,37,N,N,1,1,82,16378
#N/A,S007002,1004263,38,N,N,1,1,82,16582
#N/A,S007002,1000479,39,N,N,1,1,89,19084
#N/A,S007002,1003973,40,N,N,1,1,115,19990
#N/A,S007002,1001052,41,N,N,1,1,119,20358
#N/A,S007002,1008379,42,N,N,1,1,14,20918
#N/A,S007002,1001638,43,N,N,1,1,356,21131
#N/A,S007002,1003638,44,N,N,1,1,355,21436
#N/A,S007002,1007512,45,N,N,1,1,351,21721
#N/A,S007002,1007513,46,N,N,1,1,356,21848
#N/A,S007002,1001255,47,N,N,1,1,72,22194
#N/A,S007002,1003801,48,N,N,1,1,124,22330
#N/A,S007002,1001457,49,N,N,1,1,83,22784
#N/A,S007002,1003118,50,N,N,1,1,59,23012
#N/A,S007002,1001696,51,N,N,1,1,90,23145
#N/A,S007002,1003361,52,N,N,1,1,49,23809
#N/A,S007002,1008656,53,N,N,1,1,168,24441
#N/A,S007002,1001321,54,N,N,1,1,285,28324
#N/A,S007002,1001801,55,N,N,1,1,182,28962
#N/A,S007002,1001322,56,N,N,1,1,105,29484
#N/A,S007002,1003362,57,N,N,1,1,229,33574
#N/A,S007002,1001697,58,N,N,1,1,270,34027
#N/A,S007002,1003117,59,N,N,1,1,230,34379
#N/A,S007002,1003164,60,N,N,1,1,240,34599
#N/A,S007002,1002869,61,N,N,1,1,304,35017
#N/A,S007002,1001256,62,N,N,1,1,252,35223
#N/A,S007002,1001456,63,N,N,1,1,186,35462
#N/A,S007002,1000265,64,N,N,1,1,173,35625
#N/A,S007002,1003639,65,N,N,1,1,175,35848
#N/A,S007002,1003654,66,N,N,1,1,175,36081
#N/A,S007002,1001949,67,N,N,1,1,226,36447
#N/A,S007002,1001051,68,N,N,1,1,299,37031
#N/A,S007002,1003974,69,N,N,1,1,277,37440
#N/A,S007002,1008342,70,N,N,1,1,299,37647
#N/A,S007002,1006472,71,N,N,1,1,268,38299
#N/A,S007002,1006473,72,N,N,1,1,253,39002
#N/A,S007002,1001708,73,N,N,1,1,262,40708
#N/A,S007002,1001445,74,N,N,1,1,262,40950
#N/A,S007002,1001728,75,N,N,1,1,262,41217
#N/A,S007002,1002356,76,N,N,1,1,4,41473
#N/A,S007002,1007547,77,N,N,1,1,283,41701
#N/A,S007002,1003330,78,N,N,1,1,3,42098
#N/A,S007002,1008344,79,N,N,1,1,3,42166
#N/A,S007002,1001167,80,N,N,1,1,19,42360
#N/A,S007002,1001635,81,N,N,1,1,6,42649
#N/A,S007002,1000198,82,N,N,1,1,331,43234
#N/A,S007002,1002098,83,N,N,1,1,331,43621
#N/A,S007002,1000007,84,N,N,1,1,237,44055
#N/A,S007002,1003138,85,N,N,1,1,244,44354
#N/A,S007002,1007619,86,N,N,1,1,342,44601
#N/A,S007002,1001067,87,N,N,1,1,241,45069
#N/A,S007002,1003160,88,N,N,1,1,181,45286
#N/A,S007002,1001842,89,N,N,1,1,216,46220
#N/A,S007002,1002194,90,N,N,1,1,245,46874
#N/A,S007002,1003157,91,N,N,1,1,101,47758
#N/A,S007002,1007613,92,N,N,1,1,112,47888
#N/A,S007002,1001178,93,N,N,1,1,13,48140
#N/A,S007002,1004047,94,N,N,1,1,286,48458
#N/A,S007002,1003245,95,N,N,1,1,327,48870
#N/A,S007002,1003434,96,N,N,1,1,340,49127
#N/A,S007002,1000684,97,N,N,1,1,322,49509
#N/A,S007002,1001012,98,N,N,1,1,26,50099
#N/A,S007002,1007621,99,N,N,1,1,58,52116
#N/A,S007002,1001852,100,N,N,1,1,189,52264
#N/A,S007002,1001472,101,N,N,1,1,280,52549
#N/A,S007002,1002654,102,N,N,1,1,218,53095
#N/A,S007002,1000117,103,N,N,1,1,195,53588
#N/A,S007002,1000119,104,N,N,1,1,53,54016
#N/A,S007002,1002067,105,N,N,1,1,6,54338
#N/A,S007002,1003162,106,N,N,1,1,115,54823
#N/A,S007002,1000959,107,N,N,1,1,341,55107
#N/A,S007002,1006475,108,N,N,1,1,64,55544
#N/A,S007002,1006478,109,N,N,1,1,74,55920
#N/A,S007002,1006480,110,N,N,1,1,68,56514
#N/A,S007002,1006476,111,N,N,1,1,109,58600
#N/A,S008001,1001510,1,N,N,1,1,240,0
#N/A,S008001,1005050,2,N,N,1,1,202,537
#N/A,S008001,1008255,3,N,N,1,1,76,1644
#N/A,S008001,1008256,4,N,N,1,1,4,2539
#N/A,S008001,1008257,5,N,N,1,1,8,3105
#N/A,S008001,1000533,6,N,N,1,1,359,4014
#N/A,S008001,1001984,7,N,N,1,1,359,4474
#N/A,S008001,1003257,8,N,N,1,1,16,4986
#N/A,S008001,1002694,9,N,N,1,1,5,5280
#N/A,S008001,1001418,10,N,N,1,1,2,5572
#N/A,S008001,1003247,11,N,N,1,1,132,5843
#N/A,S008001,1000887,12,N,N,1,1,359,6185
#N/A,S008001,1000915,13,N,N,1,1,20,6482
#N/A,S008001,1000968,14,N,N,1,1,202,7152
#N/A,S008002,1000968,1,N,N,1,1,202,0
#N/A,S008002,1002414,3,N,N,1,1,129,818
#N/A,S008002,1000514,4,N,N,1,1,129,1095
#N/A,S008002,1003247,5,N,N,1,1,132,1531
#N/A,S008002,1000477,6,N,N,1,1,185,1782
#N/A,S008002,1004169,7,N,N,1,1,201,2114
#N/A,S008002,1002359,8,N,N,1,1,201,2218
#N/A,S008002,1001853,9,N,N,1,1,205,2459
#N/A,S008002,1001629,10,N,N,1,1,205,2619
#N/A,S008002,1000875,11,N,N,1,1,171,2950
#N/A,S008002,1000502,12,N,N,1,1,209,3176
#N/A,S008002,1000521,13,N,N,1,1,193,3679
#N/A,S008002,1007529,14,N,N,1,1,189,4365
#N/A,S008002,1007530,15,N,N,1,1,187,5464
#N/A,S008002,1001510,16,N,N,1,1,240,6600
#N/A,S009002,1000968,1,N,N,1,1,202,0
#N/A,S009002,1000916,2,N,N,1,1,198,2051
#N/A,S009002,1002216,3,N,N,1,1,179,2310
#N/A,S009002,1002104,4,N,N,1,1,69,2602
#N/A,S009002,1002577,5,N,N,1,1,180,3069
#N/A,S009002,1001929,6,N,N,1,1,180,3345
#N/A,S009002,1001422,7,N,N,1,1,199,3698
#N/A,S009002,1002001,8,N,N,1,1,199,3910
#N/A,S009002,1000901,9,N,N,1,1,111,4709
#N/A,S009002,1007526,10,N,N,1,1,165,5121
#N/A,S009002,1004239,11,N,N,1,1,77,5549
#N/A,S009002,1001152,12,N,N,1,1,264,6301
#N/A,S009002,1000958,13,N,N,1,1,358,6683
#N/A,S009002,1001998,14,N,N,1,1,282,7081
#N/A,S009002,1002004,15,N,N,1,1,299,7733
#N/A,S009002,1000937,16,N,N,1,1,35,8164
#N/A,S009002,1006731,17,N,N,1,1,325,8312
#N/A,S009002,1001798,18,N,N,1,1,259,8517
#N/A,S009002,1002823,19,N,N,1,1,226,8899
#N/A,S009002,1000049,20,N,N,1,1,232,9052
#N/A,S009002,1000823,21,N,N,1,1,354,9297
#N/A,S009002,1002560,22,N,N,1,1,1,9455
#N/A,S009002,1003415,23,N,N,1,1,265,10012
#N/A,S009002,1001984,24,N,N,1,1,359,10205
#N/A,S009002,1003257,25,N,N,1,1,16,10718
#N/A,S009002,1002694,26,N,N,1,1,5,11010
#N/A,S009002,1001418,27,N,N,1,1,2,11305
#N/A,S009002,1003247,28,N,N,1,1,132,11582
#N/A,S009002,1000887,29,N,N,1,1,359,11944
#N/A,S009002,1000915,30,N,N,1,1,20,12233
#N/A,S009002,1000968,31,N,N,1,1,202,13000
#N/A,S010002,1006702,1,N,N,1,1,168,0
#N/A,S010002,1007137,2,N,N,1,1,355,1700
#N/A,S010002,1006702,3,N,N,1,1,168,2600
#N/A,S010101,1001511,1,N,N,1,1,61,0
#N/A,S010101,1006041,2,N,N,1,1,291,7000
#N/A,S010102,1006041,1,N,N,1,1,291,0
#N/A,S010102,1001511,2,N,N,1,1,61,9000
#N/A,S010201,1001817,1,N,N,1,1,341,0
#N/A,S010201,1006041,2,N,N,1,1,291,2000
#N/A,S010202,1006041,1,N,N,1,1,291,0
#N/A,S010202,1001817,2,N,N,1,1,341,2400
#N/A,S010301,1001511,1,N,N,1,1,61,0
#N/A,S010301,1008084,2,N,N,1,1,167,11000
#N/A,S010302,1008084,1,N,N,1,1,167,0
#N/A,S010302,1001511,2,N,N,1,1,61,10600
#N/A,S011002,1000968,1,N,N,1,1,202,0
#N/A,S011002,1000915,2,N,N,1,1,20,513
#N/A,S011002,1004081,3,N,N,1,1,102,1261
#N/A,S011002,1001015,4,N,N,1,1,107,1483
#N/A,S011002,1000928,5,N,N,1,1,129,2008
#N/A,S011002,1001999,6,N,N,1,1,37,2717
#N/A,S011002,1002629,7,N,N,1,1,36,3063
#N/A,S011002,1001869,8,N,N,1,1,36,3293
#N/A,S011002,1002645,9,N,N,1,1,36,3563
#N/A,S011002,1001197,10,N,N,1,1,108,3871
#N/A,S011002,1002033,11,N,N,1,1,121,4025
#N/A,S011002,1002338,12,N,N,1,1,124,4364
#N/A,S011002,1007519,13,N,N,1,1,196,4880
#N/A,S011002,1008146,14,N,N,1,1,251,5445
#N/A,S011002,1008147,15,N,N,1,1,247,5644
#N/A,S011002,1008148,16,N,N,1,1,249,6057
#N/A,S011002,1003778,17,N,N,1,1,353,6448
#N/A,S011002,1000669,18,N,N,1,1,301,6645
#N/A,S011002,1002628,19,N,N,1,1,217,6820
#N/A,S011002,1003641,20,N,N,1,1,217,7015
#N/A,S011002,1002484,21,N,N,1,1,270,7525
#N/A,S011002,1004273,22,N,N,1,1,270,7790
#N/A,S011002,1003642,23,N,N,1,1,270,8047
#N/A,S011002,1000945,24,N,N,1,1,270,8258
#N/A,S011002,1000946,25,N,N,1,1,249,8805
#N/A,S011002,1000887,26,N,N,1,1,359,9278
#N/A,S011002,1000915,27,N,N,1,1,20,9567
#N/A,S011002,1000968,28,N,N,1,1,202,10200
#N/A,S012002,1007137,1,N,N,1,1,355,0
#N/A,S012002,1009142,2,N,N,1,1,332,1600
#N/A,S012002,1007137,3,N,N,1,1,355,3400
#N/A,S013102,1009058,1,N,N,1,1,272,0
#N/A,S013102,1009059,2,N,N,1,1,268,315
#N/A,S013102,1009060,3,N,N,1,1,189,620
#N/A,S013102,1009061,4,N,N,1,1,138,1008
#N/A,S013102,1009062,5,N,N,1,1,94,1268
#N/A,S013102,1009022,6,N,N,1,1,197,2117
#N/A,S013102,1009063,7,N,N,1,1,308,2583
#N/A,S013102,1009019,8,N,N,1,1,211,3126
#N/A,S013102,1009017,9,N,N,1,1,167,3409
#N/A,S013102,1009015,10,N,N,1,1,94,3700
#N/A,S013102,1009013,11,N,N,1,1,185,4300
#N/A,S013102,1009011,12,N,N,1,1,254,4905
#N/A,S013102,1009009,13,N,N,1,1,193,5172
#N/A,S013102,1009006,14,N,N,1,1,289,6048
#N/A,S013102,1009004,15,N,N,1,1,213,6372
#N/A,S013102,1006604,16,N,N,1,1,91,6952
#N/A,S013102,1006592,17,N,N,1,1,272,7420
#N/A,S013102,1006593,18,N,N,1,1,106,7943
#N/A,S013102,1006594,19,N,N,1,1,269,8264
#N/A,S013102,1006595,20,N,N,1,1,254,8652
#N/A,S013102,1006596,21,N,N,1,1,238,8967
#N/A,S013102,1009000,22,N,N,1,1,88,10769
#N/A,S013102,1009064,23,N,N,1,1,354,11450
#N/A,S013102,1009002,24,N,N,1,1,12,13014
#N/A,S013102,1009065,25,N,N,1,1,357,13583
#N/A,S013102,1009066,26,N,N,1,1,88,13919
#N/A,S013102,1006604,27,N,N,1,1,91,15852
#N/A,S013102,1009008,28,N,N,1,1,56,17873
#N/A,S013102,1009010,29,N,N,1,1,78,18185
#N/A,S013102,1009012,30,N,N,1,1,7,18789
#N/A,S013102,1009014,31,N,N,1,1,272,19357
#N/A,S013102,1009016,32,N,N,1,1,304,19608
#N/A,S013102,1009018,33,N,N,1,1,34,19976
#N/A,S013102,1009020,34,N,N,1,1,112,20998
#N/A,S013102,1009021,35,N,N,1,1,33,21867
#N/A,S013102,1009058,36,N,N,1,1,272,24000
#N/A,S013202,1006604,1,N,N,1,1,91,0
#N/A,S013202,1006592,2,N,N,1,1,272,1968
#N/A,S013202,1006593,3,N,N,1,1,106,2491
#N/A,S013202,1006594,4,N,N,1,1,269,2812
#N/A,S013202,1006595,5,N,N,1,1,254,3200
#N/A,S013202,1006596,6,N,N,1,1,238,3515
#N/A,S013202,1009000,7,N,N,1,1,88,5317
#N/A,S013202,1009064,8,N,N,1,1,354,5998
#N/A,S013202,1009002,9,N,N,1,1,12,7562
#N/A,S013202,1009065,10,N,N,1,1,357,8131
#N/A,S013202,1009066,11,N,N,1,1,88,8467
#N/A,S013202,1006604,12,N,N,1,1,91,10400
#N/A,S021002,1002609,1,N,N,1,1,287,0
#N/A,S021002,1000779,2,N,N,1,1,101,326
#N/A,S021002,1000762,3,N,N,1,1,290,670
#N/A,S021002,1008293,4,N,N,1,1,287,740
#N/A,S021002,1000453,5,N,N,1,1,352,919
#N/A,S021002,1000227,6,N,N,1,1,270,1325
#N/A,S021002,1001650,7,N,N,1,1,317,2043
#N/A,S021002,1001833,8,N,N,1,1,1,2929
#N/A,S021002,1001897,9,N,N,1,1,37,4057
#N/A,S021002,1004178,10,N,N,1,1,104,4137
#N/A,S021002,1003761,11,N,N,1,1,112,4495
#N/A,S021002,1000366,12,N,N,1,1,87,5717
#N/A,S021002,1000096,13,N,N,1,1,162,6186
#N/A,S021002,1002876,14,N,N,1,1,196,6493
#N/A,S021002,1008174,15,N,N,1,1,201,6893
#N/A,S021002,1002609,16,N,N,1,1,287,7300
#N/A,S031002,1001800,1,N,N,1,1,271,0
#N/A,S031002,1002279,2,N,N,1,1,18,226
#N/A,S031002,1001778,3,N,N,1,1,79,416
#N/A,S031002,1000577,4,N,N,1,1,90,623
#N/A,S031002,1001821,5,N,N,1,1,23,1628
#N/A,S031002,1008249,6,N,N,1,1,97,2134
#N/A,S031002,1002226,7,N,N,1,1,1,2466
#N/A,S031002,1001340,8,N,N,1,1,1,2631
#N/A,S031002,1003005,9,N,N,1,1,1,2758
#N/A,S031002,1008250,10,N,N,1,1,104,2971
#N/A,S031002,1000131,11,N,N,1,1,112,3092
#N/A,S031002,1003816,12,N,N,1,1,137,3329
#N/A,S031002,1003172,13,N,N,1,1,139,3481
#N/A,S031002,1003790,14,N,N,1,1,90,3658
#N/A,S031002,1003722,15,N,N,1,1,69,3828
#N/A,S031002,1001384,16,N,N,1,1,338,4027
#N/A,S031002,1000469,17,N,N,1,1,2,4300
#N/A,S031002,1001401,18,N,N,1,1,43,4452
#N/A,S031002,1001388,19,N,N,1,1,36,4612
#N/A,S031002,1001386,20,N,N,1,1,159,4894
#N/A,S031002,1001385,21,N,N,1,1,94,5064
#N/A,S031002,1001389,22,N,N,1,1,66,5186
#N/A,S031002,1003010,23,N,N,1,1,101,5316
#N/A,S031002,1001391,24,N,N,1,1,197,5431
#N/A,S031002,1001204,25,N,N,1,1,250,6216
#N/A,S031002,1002070,26,N,N,1,1,255,6412
#N/A,S031002,1002125,27,N,N,1,1,272,6810
#N/A,S031002,1002490,28,N,N,1,1,272,7064
#N/A,S031002,1002214,29,N,N,1,1,278,7552
#N/A,S031002,1001822,30,N,N,1,1,53,8007
#N/A,S031002,1008251,31,N,N,1,1,187,8583
#N/A,S031002,1001800,32,N,N,1,1,271,10000
#N/A,S041002,1008365,1,N,N,1,1,298,0
#N/A,S041002,1008480,2,N,N,1,1,3,480
#N/A,S041002,1001633,3,N,N,1,1,94,1011
#N/A,S041002,1002612,4,N,N,1,1,20,1515
#N/A,S041002,1008367,5,N,N,1,1,92,1855
#N/A,S041002,1008370,6,N,N,1,1,95,2503
#N/A,S041002,1008188,7,N,N,1,1,193,2926
#N/A,S041002,1008374,8,N,N,1,1,184,3161
#N/A,S041002,1008189,9,N,N,1,1,169,3765
#N/A,S041002,1003625,10,N,N,1,1,174,4119
#N/A,S041002,1000638,11,N,N,1,1,182,4383
#N/A,S041002,1000770,12,N,N,1,1,173,4663
#N/A,S041002,1002171,13,N,N,1,1,173,4878
#N/A,S041002,1008383,14,N,N,1,1,176,5021
#N/A,S041002,1000255,15,N,N,1,1,173,5241
#N/A,S041002,1003168,16,N,N,1,1,82,5433
#N/A,S041002,1003169,17,N,N,1,1,169,5818
#N/A,S041002,1008377,18,N,N,1,1,259,6291
#N/A,S041002,1000573,19,N,N,1,1,176,6394
#N/A,S041002,1001817,20,N,N,1,1,341,7077
#N/A,S041002,1002015,21,N,N,1,1,86,7444
#N/A,S041002,1008384,22,N,N,1,1,178,7634
#N/A,S041002,1001894,23,N,N,1,1,213,7897
#N/A,S041002,1001523,24,N,N,1,1,350,8646
#N/A,S041002,1007541,25,N,N,1,1,349,8928
#N/A,S041002,1003167,26,N,N,1,1,351,9319
#N/A,S041002,1003375,27,N,N,1,1,353,9502
#N/A,S041002,1002170,28,N,N,1,1,353,9800
#N/A,S041002,1000769,29,N,N,1,1,353,10146
#N/A,S041002,1008385,30,N,N,1,1,354,10395
#N/A,S041002,1001162,31,N,N,1,1,352,11486
#N/A,S041002,1008375,32,N,N,1,1,7,11674
#N/A,S041002,1007546,33,N,N,1,1,7,11901
#N/A,S041002,1008371,34,N,N,1,1,272,12327
#N/A,S041002,1008366,35,N,N,1,1,273,12976
#N/A,S041002,1002613,36,N,N,1,1,200,13369
#N/A,S041002,1008365,37,N,N,1,1,298,16100
#N/A,S051002,1001827,1,N,N,1,1,348,0
#N/A,S051002,1004212,2,N,N,1,1,52,353
#N/A,S051002,1002290,3,N,N,1,1,321,1053
#N/A,S051002,1000342,4,N,N,1,1,324,1430
#N/A,S051002,1003152,5,N,N,1,1,141,1810
#N/A,S051002,1003748,6,N,N,1,1,141,2061
#N/A,S051002,1003877,7,N,N,1,1,156,2320
#N/A,S051002,1000986,8,N,N,1,1,177,2669
#N/A,S051002,1000459,9,N,N,1,1,234,2864
#N/A,S051002,1000458,10,N,N,1,1,54,3283
#N/A,S051002,1006745,11,N,N,1,1,227,3887
#N/A,S051002,1006746,12,N,N,1,1,221,4184
#N/A,S051002,1008647,13,N,N,1,1,167,4951
#N/A,S051002,1007524,14,N,N,1,1,283,5598
#N/A,S051002,1003859,15,N,N,1,1,304,6034
#N/A,S051002,1003850,16,N,N,1,1,215,6433
#N/A,S051002,1002273,17,N,N,1,1,181,6601
#N/A,S051002,1002972,18,N,N,1,1,90,6885
#N/A,S051002,1004237,19,N,N,1,1,107,7218
#N/A,S051002,1001006,20,N,N,1,1,102,7703
#N/A,S051002,1008499,21,N,N,1,1,196,7915
#N/A,S051002,1000751,22,N,N,1,1,208,8006
#N/A,S051002,1003617,23,N,N,1,1,277,8162
#N/A,S051002,1007540,24,N,N,1,1,9,8321
#N/A,S051002,1000623,25,N,N,1,1,7,8529
#N/A,S051002,1004238,26,N,N,1,1,287,8939
#N/A,S051002,1002971,27,N,N,1,1,270,9299
#N/A,S051002,1003858,28,N,N,1,1,1,9605
#N/A,S051002,1008285,29,N,N,1,1,35,9785
#N/A,S051002,1006124,30,N,N,1,1,34,10252
#N/A,S051002,1002703,31,N,N,1,1,124,10451
#N/A,S051002,1008648,32,N,N,1,1,335,11268
#N/A,S051002,1001827,33,N,N,1,1,348,12200
#N/A,S101001,1006843,1,N,N,1,1,250,0
#N/A,S101001,1006842,2,N,N,1,1,69,1849
#N/A,S101001,1006934,3,N,N,1,1,104,2617
#N/A,S101001,1006845,4,N,N,1,1,194,2851
#N/A,S101001,1006846,5,N,N,1,1,223,3487
#N/A,S101001,1006847,6,N,N,1,1,236,3803
#N/A,S101001,1001419,7,N,N,1,1,179,3959
#N/A,S101001,1006848,8,N,N,1,1,217,4521
#N/A,S101001,1006836,9,N,N,1,1,77,5263
#N/A,S101001,1006933,10,N,N,1,1,167,9362
#N/A,S101001,1006931,11,N,N,1,1,170,9701
#N/A,S101001,1006929,12,N,N,1,1,156,10399
#N/A,S101001,1006927,13,N,N,1,1,145,10590
#N/A,S101001,1006925,14,N,N,1,1,156,10916
#N/A,S101001,1006923,15,N,N,1,1,115,11245
#N/A,S101001,1006921,16,N,N,1,1,135,11515
#N/A,S101001,1006919,17,N,N,1,1,123,11698
#N/A,S101001,1006917,18,N,N,1,1,157,12130
#N/A,S101001,1006914,19,N,N,1,1,67,13049
#N/A,S101001,1006912,20,N,N,1,1,53,13827
#N/A,S101001,1006833,21,N,N,1,1,34,15424
#N/A,S101001,1006831,22,N,N,1,1,39,16490
#N/A,S101001,1006828,23,N,N,1,1,71,19012
#N/A,S101001,1006826,24,N,N,1,1,80,19554
#N/A,S101001,1006824,25,N,N,1,1,88,20273
#N/A,S101001,1006822,26,N,N,1,1,207,21225
#N/A,S101001,1006820,27,N,N,1,1,347,22392
#N/A,S101001,1006818,28,N,N,1,1,162,23583
#N/A,S101001,1006819,29,N,N,1,1,165,23698
#N/A,S101001,1006816,30,N,N,1,1,101,23764
#N/A,S101001,1006814,31,N,N,1,1,120,24849
#N/A,S101001,1006812,32,N,N,1,1,202,25811
#N/A,S101001,1006810,33,N,N,1,1,172,26444
#N/A,S101001,1006808,34,N,N,1,1,170,27689
#N/A,S101001,1006806,35,N,N,1,1,185,28704
#N/A,S101001,1006804,36,N,N,1,1,200,29492
#N/A,S101001,1006508,37,N,N,1,1,190,30000
#N/A,S101002,1006508,1,N,N,1,1,190,0
#N/A,S101002,1006803,2,N,N,1,1,40,292
#N/A,S101002,1006805,3,N,N,1,1,5,1108
#N/A,S101002,1006807,4,N,N,1,1,340,1973
#N/A,S101002,1006809,5,N,N,1,1,345,3323
#N/A,S101002,1006811,6,N,N,1,1,24,3911
#N/A,S101002,1006813,7,N,N,1,1,330,4884
#N/A,S101002,1006815,8,N,N,1,1,306,5939
#N/A,S101002,1006817,9,N,N,1,1,348,6148
#N/A,S101002,1006821,10,N,N,1,1,13,8524
#N/A,S101002,1006823,11,N,N,1,1,270,9403
#N/A,S101002,1006825,12,N,N,1,1,265,10241
#N/A,S101002,1006827,13,N,N,1,1,282,10667
#N/A,S101002,1006829,14,N,N,1,1,271,11380
#N/A,S101002,1006830,15,N,N,1,1,257,12798
#N/A,S101002,1006832,16,N,N,1,1,243,13830
#N/A,S101002,1006834,17,N,N,1,1,211,14932
#N/A,S101002,1006911,18,N,N,1,1,203,15433
#N/A,S101002,1006913,19,N,N,1,1,213,16217
#N/A,S101002,1006915,20,N,N,1,1,346,16736
#N/A,S101002,1006916,21,N,N,1,1,298,17167
#N/A,S101002,1006918,22,N,N,1,1,302,17587
#N/A,S101002,1006920,23,N,N,1,1,290,17790
#N/A,S101002,1006922,24,N,N,1,1,286,18027
#N/A,S101002,1006924,25,N,N,1,1,304,18376
#N/A,S101002,1006926,26,N,N,1,1,349,18715
#N/A,S101002,1006928,27,N,N,1,1,312,18931
#N/A,S101002,1006930,28,N,N,1,1,355,19595
#N/A,S101002,1006932,29,N,N,1,1,324,19961
#N/A,S101002,1006835,30,N,N,1,1,264,25289
#N/A,S101002,1006837,31,N,N,1,1,270,26234
#N/A,S101002,1006838,32,N,N,1,1,328,27463
#N/A,S101002,1006839,33,N,N,1,1,267,28258
#N/A,S101002,1006840,34,N,N,1,1,323,29013
#N/A,S101002,1006841,35,N,N,1,1,209,30426
#N/A,S101002,1006842,36,N,N,1,1,69,31047
#N/A,S101002,1006843,37,N,N,1,1,250,32700
#N/A,S102001,1000932,1,N,N,1,1,287,0
#N/A,S102001,1007008,2,N,N,1,1,167,5636
#N/A,S102001,1006872,3,N,N,1,1,156,6524
#N/A,S102001,1006870,4,N,N,1,1,170,7161
#N/A,S102001,1006868,5,N,N,1,1,167,7546
#N/A,S102001,1006866,6,N,N,1,1,164,9369
#N/A,S102001,1006864,7,N,N,1,1,189,10847
#N/A,S102001,1006861,8,N,N,1,1,4,11001
#N/A,S102001,1006860,9,N,N,1,1,184,12135
#N/A,S102001,1006858,10,N,N,1,1,267,13796
#N/A,S102001,1006856,11,N,N,1,1,183,15015
#N/A,S102001,1006854,12,N,N,1,1,187,15455
#N/A,S102001,1006852,13,N,N,1,1,203,17062
#N/A,S102001,1006850,14,N,N,1,1,113,18237
#N/A,S102001,1006822,15,N,N,1,1,207,19239
#N/A,S102001,1006820,16,N,N,1,1,347,20407
#N/A,S102001,1006818,17,N,N,1,1,162,21606
#N/A,S102001,1006819,18,N,N,1,1,165,21717
#N/A,S102001,1006814,19,N,N,1,1,120,22859
#N/A,S102001,1006812,20,N,N,1,1,202,23820
#N/A,S102001,1006810,21,N,N,1,1,172,24461
#N/A,S102001,1006808,22,N,N,1,1,170,25700
#N/A,S102001,1006806,23,N,N,1,1,185,26706
#N/A,S102001,1006804,24,N,N,1,1,200,27494
#N/A,S102001,1006508,25,N,N,1,1,190,27800
#N/A,S102002,1006508,1,N,N,1,1,190,0
#N/A,S102002,1006803,2,N,N,1,1,40,299
#N/A,S102002,1006805,3,N,N,1,1,5,1114
#N/A,S102002,1006807,4,N,N,1,1,340,1970
#N/A,S102002,1006809,5,N,N,1,1,345,3312
#N/A,S102002,1006811,6,N,N,1,1,24,3895
#N/A,S102002,1006813,7,N,N,1,1,330,4861
#N/A,S102002,1006815,8,N,N,1,1,306,5927
#N/A,S102002,1006817,9,N,N,1,1,348,6133
#N/A,S102002,1006821,10,N,N,1,1,13,8519
#N/A,S102002,1006849,11,N,N,1,1,301,9478
#N/A,S102002,1006851,12,N,N,1,1,339,10640
#N/A,S102002,1006853,13,N,N,1,1,13,12376
#N/A,S102002,1006855,14,N,N,1,1,3,12811
#N/A,S102002,1006857,15,N,N,1,1,87,14091
#N/A,S102002,1006859,16,N,N,1,1,7,15623
#N/A,S102002,1006861,17,N,N,1,1,4,16834
#N/A,S102002,1006863,18,N,N,1,1,6,16979
#N/A,S102002,1006865,19,N,N,1,1,317,18519
#N/A,S102002,1006867,20,N,N,1,1,323,20325
#N/A,S102002,1006869,21,N,N,1,1,359,20694
#N/A,S102002,1006871,22,N,N,1,1,347,21292
#N/A,S102002,1006873,23,N,N,1,1,345,22211
#N/A,S102002,1000932,24,N,N,1,1,287,24600
#N/A,S103002,1000966,1,N,N,1,1,3,0
#N/A,S103002,1006874,2,N,N,1,1,277,637
#N/A,S103002,1006875,3,N,N,1,1,298,903
#N/A,S103002,1003422,4,N,N,1,1,216,1078
#N/A,S103002,1006876,5,N,N,1,1,268,1377
#N/A,S103002,1006877,6,N,N,1,1,199,1559
#N/A,S103002,1006878,7,N,N,1,1,234,1741
#N/A,S103002,1006879,8,N,N,1,1,251,1938
#N/A,S103002,1006880,9,N,N,1,1,321,2345
#N/A,S103002,1006881,10,N,N,1,1,291,2697
#N/A,S103002,1006882,11,N,N,1,1,40,2982
#N/A,S103002,1001527,12,N,N,1,1,22,3301
#N/A,S103002,1006883,13,N,N,1,1,23,3527
#N/A,S103002,1001783,14,N,N,1,1,126,4297
#N/A,S103002,1006884,15,N,N,1,1,111,4858
#N/A,S103002,1000088,16,N,N,1,1,118,5152
#N/A,S103002,1003505,17,N,N,1,1,114,5390
#N/A,S103002,1006885,18,N,N,1,1,183,5790
#N/A,S103002,1000966,19,N,N,1,1,3,6300
#N/A,S104002,1000966,1,N,N,1,1,3,0
#N/A,S104002,1008070,2,N,N,1,1,154,823
#N/A,S104002,1008071,3,N,N,1,1,94,1088
#N/A,S104002,1003580,4,N,N,1,1,92,1232
#N/A,S104002,1001284,5,N,N,1,1,91,1630
#N/A,S104002,1006886,6,N,N,1,1,172,2104
#N/A,S104002,1006887,7,N,N,1,1,213,2556
#N/A,S104002,1006888,8,N,N,1,1,202,2903
#N/A,S104002,1006889,9,N,N,1,1,192,3242
#N/A,S104002,1008072,10,N,N,1,1,193,3435
#N/A,S104002,1003577,11,N,N,1,1,212,3815
#N/A,S104002,1002292,12,N,N,1,1,230,4221
#N/A,S104002,1004109,13,N,N,1,1,79,4603
#N/A,S104002,1001577,14,N,N,1,1,261,5173
#N/A,S104002,1002688,15,N,N,1,1,352,5614
#N/A,S104002,1003220,16,N,N,1,1,6,6116
#N/A,S104002,1008069,17,N,N,1,1,7,6374
#N/A,S104002,1001647,18,N,N,1,1,1,6542
#N/A,S104002,1000682,19,N,N,1,1,61,7265
#N/A,S104002,1000080,20,N,N,1,1,91,7475
#N/A,S104002,1006893,21,N,N,1,1,4,7988
#N/A,S104002,1000966,22,N,N,1,1,3,8300
#N/A,S105001,1006906,1,N,N,1,1,256,0
#N/A,S105001,1006907,2,N,N,1,1,315,368
#N/A,S105001,1002909,3,N,N,1,1,332,715
#N/A,S105001,1003148,4,N,N,1,1,253,875
#N/A,S105001,1000362,5,N,N,1,1,253,1061
#N/A,S105001,1006905,6,N,N,1,1,286,1546
#N/A,S105001,1006903,7,N,N,1,1,342,1839
#N/A,S105001,1002045,8,N,N,1,1,266,2138
#N/A,S105001,1003925,9,N,N,1,1,268,2595
#N/A,S105001,1006901,10,N,N,1,1,3,3034
#N/A,S105001,1003350,11,N,N,1,1,358,3128
#N/A,S105001,1006899,12,N,N,1,1,79,3530
#N/A,S105001,1006897,13,N,N,1,1,80,3794
#N/A,S105001,1002721,14,N,N,1,1,84,3940
#N/A,S105001,1002968,15,N,N,1,1,359,4297
#N/A,S105001,1002238,16,N,N,1,1,270,4739
#N/A,S105001,1006895,17,N,N,1,1,4,5209
#N/A,S105001,1006908,18,N,N,1,1,340,5564
#N/A,S105001,1006909,19,N,N,1,1,76,5959
#N/A,S105001,1001793,20,N,N,1,1,81,6200
#N/A,S105002,1001793,1,N,N,1,1,81,0
#N/A,S105002,1003522,2,N,N,1,1,268,252
#N/A,S105002,1000704,3,N,N,1,1,166,602
#N/A,S105002,1006894,4,N,N,1,1,183,985
#N/A,S105002,1001962,5,N,N,1,1,90,1404
#N/A,S105002,1002821,6,N,N,1,1,90,1558
#N/A,S105002,1003823,7,N,N,1,1,179,1911
#N/A,S105002,1002722,8,N,N,1,1,264,2231
#N/A,S105002,1006896,9,N,N,1,1,260,2458
#N/A,S105002,1006898,10,N,N,1,1,256,2731
#N/A,S105002,1003351,11,N,N,1,1,176,3040
#N/A,S105002,1006900,12,N,N,1,1,181,3184
#N/A,S105002,1003924,13,N,N,1,1,88,3572
#N/A,S105002,1002044,14,N,N,1,1,86,3989
#N/A,S105002,1006902,15,N,N,1,1,167,4370
#N/A,S105002,1006904,16,N,N,1,1,112,4653
#N/A,S105002,1001319,17,N,N,1,1,73,5023
#N/A,S105002,1003211,18,N,N,1,1,73,5137
#N/A,S105002,1003012,19,N,N,1,1,152,5407
#N/A,S105002,1006910,20,N,N,1,1,170,5793
#N/A,S105002,1006906,21,N,N,1,1,256,6100
#N/A,S106002,1006963,1,N,N,1,1,323,0
#N/A,S106002,1008190,2,N,N,1,1,36,325
#N/A,S106002,1008191,3,N,N,1,1,29,677
#N/A,S106002,1006960,4,N,N,1,1,321,1577
#N/A,S106002,1006958,5,N,N,1,1,281,2292
#N/A,S106002,1006956,6,N,N,1,1,297,3277
#N/A,S106002,1006964,7,N,N,1,1,342,3752
#N/A,S106002,1006952,8,N,N,1,1,291,4433
#N/A,S106002,1006954,9,N,N,1,1,213,5306
#N/A,S106002,1006949,10,N,N,1,1,197,5637
#N/A,S106002,1006947,11,N,N,1,1,291,6579
#N/A,S106002,1006965,12,N,N,1,1,291,6802
#N/A,S106002,1006945,13,N,N,1,1,295,7036
#N/A,S106002,1006943,14,N,N,1,1,47,7808
#N/A,S106002,1006941,15,N,N,1,1,47,8783
#N/A,S106002,1006939,16,N,N,1,1,41,9137
#N/A,S106002,1008058,17,N,N,1,1,275,9333
#N/A,S106002,1008059,18,N,N,1,1,161,9700
#N/A,S106002,1006935,19,N,N,1,1,201,9800
#N/A,S106002,1006936,20,N,N,1,1,281,10393
#N/A,S106002,1006938,21,N,N,1,1,250,10604
#N/A,S106002,1006940,22,N,N,1,1,203,10961
#N/A,S106002,1006942,23,N,N,1,1,283,11759
#N/A,S106002,1006944,24,N,N,1,1,76,12676
#N/A,S106002,1006946,25,N,N,1,1,213,12938
#N/A,S106002,1006950,26,N,N,1,1,177,13228
#N/A,S106002,1006948,27,N,N,1,1,51,14063
#N/A,S106002,1006953,28,N,N,1,1,77,14409
#N/A,S106002,1006952,29,N,N,1,1,291,15159
#N/A,S106002,1006951,30,N,N,1,1,198,15904
#N/A,S106002,1006955,31,N,N,1,1,112,16422
#N/A,S106002,1006957,32,N,N,1,1,111,17358
#N/A,S106002,1006959,33,N,N,1,1,183,18082
#N/A,S106002,1006961,34,N,N,1,1,254,19341
#N/A,S106002,1006963,35,N,N,1,1,323,20100
#N/A,S107002,1007176,1,N,N,1,1,247,0
#N/A,S107002,1003179,2,N,N,1,1,272,368
#N/A,S107002,1002469,3,N,N,1,1,183,902
#N/A,S107002,1002213,4,N,N,1,1,213,1090
#N/A,S107002,1006997,5,N,N,1,1,194,1407
#N/A,S107002,1006998,6,N,N,1,1,203,1691
#N/A,S107002,1006755,7,N,N,1,1,241,2282
#N/A,S107002,1006754,8,N,N,1,1,132,2772
#N/A,S107002,1000184,9,N,N,1,1,329,3618
#N/A,S107002,1006755,10,N,N,1,1,241,4282
#N/A,S107002,1006999,11,N,N,1,1,333,4879
#N/A,S107002,1008000,12,N,N,1,1,3,6442
#N/A,S107002,1008001,13,N,N,1,1,15,6748
#N/A,S107002,1008002,14,N,N,1,1,67,6916
#N/A,S107002,1008004,15,N,N,1,1,81,7171
#N/A,S107002,1006757,16,N,N,1,1,4,7683
#N/A,S107002,1008005,17,N,N,1,1,4,8106
#N/A,S107002,1008006,18,N,N,1,1,97,8400
#N/A,S107002,1008007,19,N,N,1,1,340,8634
#N/A,S107002,1006723,20,N,N,1,1,181,9054
#N/A,S107002,1006724,21,N,N,1,1,178,9358
#N/A,S107002,1007461,22,N,N,1,1,170,10050
#N/A,S107002,1007183,23,N,N,1,1,141,12011
#N/A,S107002,1006754,24,N,N,1,1,132,12725
#N/A,S107002,1000184,25,N,N,1,1,329,13567
#N/A,S107002,1003022,26,N,N,1,1,29,14194
#N/A,S107002,1003590,27,N,N,1,1,31,14570
#N/A,S107002,1003374,28,N,N,1,1,31,14834
#N/A,S107002,1002212,29,N,N,1,1,33,15147
#N/A,S107002,1002468,30,N,N,1,1,30,15266
#N/A,S107002,1003007,31,N,N,1,1,81,15684
#N/A,S107002,1003180,32,N,N,1,1,92,15924
#N/A,S107002,1007176,33,N,N,1,1,247,16500
#N/A,S108001,1000932,1,N,N,1,1,287,0
#N/A,S108001,1000658,2,N,N,1,1,270,415
#N/A,S108001,1001864,3,N,N,1,1,358,2885
#N/A,S108001,1001265,4,N,N,1,1,90,4074
#N/A,S108001,1001617,5,N,N,1,1,79,4918
#N/A,S108001,1001956,6,N,N,1,1,1,5341
#N/A,S108001,1001371,7,N,N,1,1,3,5863
#N/A,S108001,1002363,8,N,N,1,1,272,6069
#N/A,S108001,1003401,9,N,N,1,1,271,6274
#N/A,S108001,1001971,10,N,N,1,1,288,6644
#N/A,S108001,1003276,11,N,N,1,1,198,7614
#N/A,S108001,1000842,12,N,N,1,1,239,7798
#N/A,S108001,1002963,13,N,N,1,1,275,8030
#N/A,S108001,1001367,14,N,N,1,1,2,8312
#N/A,S108001,1001261,15,N,N,1,1,2,8687
#N/A,S108001,1008018,16,N,N,1,1,273,9138
#N/A,S108001,1001260,17,N,N,1,1,24,9540
#N/A,S108001,1002634,18,N,N,1,1,234,9917
#N/A,S108001,1002256,19,N,N,1,1,37,10100
#N/A,S108001,1008022,20,N,N,1,1,75,10674
#N/A,S108001,1001541,21,N,N,1,1,58,10849
#N/A,S108001,1003922,22,N,N,1,1,88,11859
#N/A,S108001,1001689,23,N,N,1,1,151,12800
#N/A,S108002,1001689,1,N,N,1,1,151,0
#N/A,S108002,1001690,2,N,N,1,1,331,1074
#N/A,S108002,1001547,3,N,N,1,1,238,2075
#N/A,S108002,1000420,4,N,N,1,1,227,2199
#N/A,S108002,1006261,5,N,N,1,1,179,2657
#N/A,S108002,1008015,6,N,N,1,1,176,3030
#N/A,S108002,1006262,7,N,N,1,1,274,3384
#N/A,S108002,1008023,8,N,N,1,1,232,3753
#N/A,S108002,1000501,9,N,N,1,1,93,4204
#N/A,S108002,1001347,10,N,N,1,1,182,4577
#N/A,S108002,1008021,11,N,N,1,1,185,5019
#N/A,S108002,1008020,12,N,N,1,1,67,5289
#N/A,S108002,1000841,13,N,N,1,1,59,5467
#N/A,S108002,1003275,14,N,N,1,1,18,5640
#N/A,S108002,1001972,15,N,N,1,1,108,6609
#N/A,S108002,1003402,16,N,N,1,1,182,7047
#N/A,S108002,1002305,17,N,N,1,1,92,7244
#N/A,S108002,1003710,18,N,N,1,1,183,7435
#N/A,S108002,1001942,19,N,N,1,1,181,7964
#N/A,S108002,1000279,20,N,N,1,1,259,8473
#N/A,S108002,1001266,21,N,N,1,1,270,9297
#N/A,S108002,1008019,22,N,N,1,1,167,10442
#N/A,S108002,1000932,23,N,N,1,1,287,14800
#N/A,S109001,1006996,1,N,N,1,1,8,0
#N/A,S109001,1006994,2,N,N,1,1,321,538
#N/A,S109001,1006992,3,N,N,1,1,254,1514
#N/A,S109001,1006990,4,N,N,1,1,135,1920
#N/A,S109001,1006988,5,N,N,1,1,290,2408
#N/A,S109001,1006986,6,N,N,1,1,215,2738
#N/A,S109001,1006984,7,N,N,1,1,111,3326
#N/A,S109001,1006981,8,N,N,1,1,71,3527
#N/A,S109001,1006980,9,N,N,1,1,97,4102
#N/A,S109001,1006978,10,N,N,1,1,113,4333
#N/A,S109001,1006971,11,N,N,1,1,189,4645
#N/A,S109001,1006973,12,N,N,1,1,210,4959
#N/A,S109001,1006974,13,N,N,1,1,134,5411
#N/A,S109001,1006976,14,N,N,1,1,201,5672
#N/A,S109001,1006975,15,N,N,1,1,315,6127
#N/A,S109001,1006972,16,N,N,1,1,35,6593
#N/A,S109001,1006970,17,N,N,1,1,7,6941
#N/A,S109001,1006968,18,N,N,1,1,93,7628
#N/A,S109001,1006966,19,N,N,1,1,34,8000
#N/A,S109002,1006966,1,N,N,1,1,34,0
#N/A,S109002,1006967,2,N,N,1,1,287,379
#N/A,S109002,1006969,3,N,N,1,1,194,939
#N/A,S109002,1006971,4,N,N,1,1,189,1044
#N/A,S109002,1006973,5,N,N,1,1,210,1375
#N/A,S109002,1006974,6,N,N,1,1,134,1816
#N/A,S109002,1006976,7,N,N,1,1,201,2075
#N/A,S109002,1006975,8,N,N,1,1,315,2534
#N/A,S109002,1006972,9,N,N,1,1,35,3006
#N/A,S109002,1006970,10,N,N,1,1,7,3348
#N/A,S109002,1006977,11,N,N,1,1,297,3587
#N/A,S109002,1006979,12,N,N,1,1,276,3894
#N/A,S109002,1006982,13,N,N,1,1,199,4460
#N/A,S109002,1006983,14,N,N,1,1,283,4618
#N/A,S109002,1006985,15,N,N,1,1,46,5206
#N/A,S109002,1006987,16,N,N,1,1,40,5528
#N/A,S109002,1006989,17,N,N,1,1,321,6070
#N/A,S109002,1006991,18,N,N,1,1,301,6347
#N/A,S109002,1006993,19,N,N,1,1,346,7404
#N/A,S109002,1006995,20,N,N,1,1,60,7783
#N/A,S109002,1006996,21,N,N,1,1,8,8500
#N/A,S114002,1002241,1,N,N,1,1,322,0
#N/A,S114002,1002245,2,N,N,1,1,29,316
#N/A,S114002,1002242,3,N,N,1,1,29,465
#N/A,S114002,1002410,4,N,N,1,1,29,682
#N/A,S114002,1002247,5,N,N,1,1,29,903
#N/A,S114002,1008085,6,N,N,1,1,168,1010
#N/A,S114002,1003125,7,N,N,1,1,204,1537
#N/A,S114002,1008086,8,N,N,1,1,112,1771
#N/A,S114002,1008087,9,N,N,1,1,116,2088
#N/A,S114002,1003057,10,N,N,1,1,269,3127
#N/A,S114002,1003990,11,N,N,1,1,358,3315
#N/A,S114002,1006901,12,N,N,1,1,3,3509
#N/A,S114002,1003350,13,N,N,1,1,358,3733
#N/A,S114002,1006899,14,N,N,1,1,79,4072
#N/A,S114002,1006897,15,N,N,1,1,80,4397
#N/A,S114002,1003825,16,N,N,1,1,179,4656
#N/A,S114002,1003326,17,N,N,1,1,179,4994
#N/A,S114002,1002044,18,N,N,1,1,86,5219
#N/A,S114002,1001177,19,N,N,1,1,355,5494
#N/A,S114002,1001755,20,N,N,1,1,89,5738
#N/A,S114002,1003220,21,N,N,1,1,6,6502
#N/A,S114002,1008069,22,N,N,1,1,7,6762
#N/A,S114002,1001647,23,N,N,1,1,1,7003
#N/A,S114002,1001651,24,N,N,1,1,243,7273
#N/A,S114002,1000992,25,N,N,1,1,252,7482
#N/A,S114002,1003749,26,N,N,1,1,249,7651
#N/A,S114002,1000610,27,N,N,1,1,249,7853
#N/A,S114002,1002238,28,N,N,1,1,270,8233
#N/A,S114002,1006895,29,N,N,1,1,4,8704
#N/A,S114002,1000728,30,N,N,1,1,106,9284
#N/A,S114002,1000354,31,N,N,1,1,15,9498
#N/A,S114002,1000134,32,N,N,1,1,292,9743
#N/A,S114002,1000129,33,N,N,1,1,292,9954
#N/A,S114002,1003522,34,N,N,1,1,268,10156
#N/A,S114002,1000704,35,N,N,1,1,166,10494
#N/A,S114002,1008088,36,N,N,1,1,212,10656
#N/A,S114002,1001334,37,N,N,1,1,157,11667
#N/A,S114002,1002794,38,N,N,1,1,189,11862
#N/A,S114002,1003776,39,N,N,1,1,180,12338
#N/A,S114002,1000009,40,N,N,1,1,201,12953
#N/A,S114002,1003125,41,N,N,1,1,204,13482
#N/A,S114002,1003537,42,N,N,1,1,211,13671
#N/A,S114002,1002241,43,N,N,1,1,322,14200
#N/A,S117002,1003903,1,N,N,1,1,115,0
#N/A,S117002,1002571,2,N,N,1,1,342,600
#N/A,S117002,1003224,3,N,N,1,1,343,1008
#N/A,S117002,1009040,4,N,N,1,1,187,2178
#N/A,S117002,1009042,5,N,N,1,1,186,2475
#N/A,S117002,1009054,6,N,N,1,1,133,3213
#N/A,S117002,1009052,7,N,N,1,1,134,3569
#N/A,S117002,1009050,8,N,N,1,1,203,3821
#N/A,S117002,1009055,9,N,N,1,1,257,4039
#N/A,S117002,1009044,10,N,N,1,1,88,4577
#N/A,S117002,1009031,11,N,N,1,1,184,4956
#N/A,S117002,1009034,12,N,N,1,1,173,5416
#N/A,S117002,1009036,13,N,N,1,1,179,5832
#N/A,S117002,1009038,14,N,N,1,1,231,6172
#N/A,S117002,1008154,15,N,N,1,1,321,8209
#N/A,S117002,1006190,16,N,N,1,1,318,8478
#N/A,S117002,1006191,17,N,N,1,1,318,8888
#N/A,S117002,1006198,18,N,N,1,1,250,10533
#N/A,S117002,1006086,19,N,N,1,1,217,11162
#N/A,S117002,1006087,20,N,N,1,1,80,11552
#N/A,S117002,1006089,21,N,N,1,1,134,12432
#N/A,S117002,1006090,22,N,N,1,1,163,12976
#N/A,S117002,1006091,23,N,N,1,1,153,15187
#N/A,S117002,1008153,24,N,N,1,1,166,15624
#N/A,S117002,1006062,25,N,N,1,1,155,16028
#N/A,S117002,1009039,26,N,N,1,1,48,17629
#N/A,S117002,1009037,27,N,N,1,1,356,18018
#N/A,S117002,1009035,28,N,N,1,1,357,18366
#N/A,S117002,1009033,29,N,N,1,1,3,18680
#N/A,S117002,1009032,30,N,N,1,1,4,18821
#N/A,S117002,1009045,31,N,N,1,1,273,19259
#N/A,S117002,1009048,32,N,N,1,1,37,19773
#N/A,S117002,1009049,33,N,N,1,1,7,19974
#N/A,S117002,1009051,34,N,N,1,1,342,20248
#N/A,S117002,1009053,35,N,N,1,1,344,20592
#N/A,S117002,1009043,36,N,N,1,1,6,21316
#N/A,S117002,1009041,37,N,N,1,1,4,21603
#N/A,S117002,1006250,38,N,N,1,1,99,22600
#N/A,S117002,1003225,39,N,N,1,1,163,22969
#N/A,S117002,1002572,40,N,N,1,1,162,23315
#N/A,S117002,1003903,41,N,N,1,1,115,24000
#N/A,S118002,1008009,1,N,N,1,1,330,0
#N/A,S118002,1008011,2,N,N,1,1,47,432
#N/A,S118002,1008012,3,N,N,1,1,17,693
#N/A,S118002,1008013,4,N,N,1,1,182,1152
#N/A,S118002,1008014,5,N,N,1,1,134,1569
#N/A,S118002,1002256,6,N,N,1,1,37,1881
#N/A,S118002,1006261,7,N,N,1,1,179,2227
#N/A,S118002,1008015,8,N,N,1,1,176,2615
#N/A,S118002,1006345,9,N,N,1,1,66,3076
#N/A,S118002,1006325,10,N,N,1,1,331,3466
#N/A,S118002,1006327,11,N,N,1,1,135,4240
#N/A,S118002,1006328,12,N,N,1,1,213,4681
#N/A,S118002,1008016,13,N,N,1,1,199,5077
#N/A,S118002,1006262,14,N,N,1,1,274,5288
#N/A,S118002,1008023,15,N,N,1,1,232,5607
#N/A,S118002,1008010,16,N,N,1,1,325,6444
#N/A,S118002,1008009,17,N,N,1,1,330,6800
#N/A,S119002,1006966,1,N,N,1,1,34,0
#N/A,S119002,1006967,2,N,N,1,1,287,387
#N/A,S119002,1006969,3,N,N,1,1,194,950
#N/A,S119002,1006971,4,N,N,1,1,189,1060
#N/A,S119002,1006973,5,N,N,1,1,210,1382
#N/A,S119002,1006974,6,N,N,1,1,134,1833
#N/A,S119002,1006976,7,N,N,1,1,201,2313
#N/A,S119002,1006975,8,N,N,1,1,315,2615
#N/A,S119002,1006972,9,N,N,1,1,35,3038
#N/A,S119002,1006970,10,N,N,1,1,7,3382
#N/A,S119002,1006977,11,N,N,1,1,297,3628
#N/A,S119002,1006979,12,N,N,1,1,276,3931
#N/A,S119002,1006982,13,N,N,1,1,199,4504
#N/A,S119002,1006983,14,N,N,1,1,283,4665
#N/A,S119002,1006985,15,N,N,1,1,46,5253
#N/A,S119002,1006987,16,N,N,1,1,40,5578
#N/A,S119002,1001115,17,N,N,1,1,134,6719
#N/A,S119002,1001825,18,N,N,1,1,56,8009
#N/A,S119002,1008404,19,N,N,1,1,354,9632
#N/A,S119002,1008406,20,N,N,1,1,346,10633
#N/A,S119002,1008408,21,N,N,1,1,332,11028
#N/A,S119002,1008411,22,N,N,1,1,183,11309
#N/A,S119002,1008413,23,N,N,1,1,274,11768
#N/A,S119002,1008414,24,N,N,1,1,165,13105
#N/A,S119002,1008416,25,N,N,1,1,256,13797
#N/A,S119002,1006996,26,N,N,1,1,8,14659
#N/A,S119002,1008415,27,N,N,1,1,351,16214
#N/A,S119002,1008412,28,N,N,1,1,92,17563
#N/A,S119002,1008410,29,N,N,1,1,3,18032
#N/A,S119002,1008409,30,N,N,1,1,123,18335
#N/A,S119002,1008407,31,N,N,1,1,168,18827
#N/A,S119002,1008405,32,N,N,1,1,173,19729
#N/A,S119002,1001118,33,N,N,1,1,219,21274
#N/A,S119002,1001117,34,N,N,1,1,283,22652
#N/A,S119002,1006990,35,N,N,1,1,135,23263
#N/A,S119002,1006988,36,N,N,1,1,290,23761
#N/A,S119002,1006986,37,N,N,1,1,215,24091
#N/A,S119002,1006984,38,N,N,1,1,111,24656
#N/A,S119002,1006981,39,N,N,1,1,71,24859
#N/A,S119002,1006980,40,N,N,1,1,97,25438
#N/A,S119002,1006978,41,N,N,1,1,113,25668
#N/A,S119002,1006971,42,N,N,1,1,189,25987
#N/A,S119002,1006973,43,N,N,1,1,210,26311
#N/A,S119002,1006974,44,N,N,1,1,134,26749
#N/A,S119002,1006976,45,N,N,1,1,201,27257
#N/A,S119002,1006975,46,N,N,1,1,315,27515
#N/A,S119002,1006972,47,N,N,1,1,35,27955
#N/A,S119002,1006970,48,N,N,1,1,7,28297
#N/A,S119002,1006968,49,N,N,1,1,93,28976
#N/A,S119002,1006966,50,N,N,1,1,34,29500
#N/A,S127002,1003903,1,N,N,1,1,115,0
#N/A,S127002,1001468,2,N,N,1,1,204,945
#N/A,S127002,1002815,3,N,N,1,1,204,1522
#N/A,S127002,1002793,4,N,N,1,1,189,2205
#N/A,S127002,1002546,5,N,N,1,1,218,2579
#N/A,S127002,1002437,6,N,N,1,1,226,3323
#N/A,S127002,1002550,7,N,N,1,1,46,3528
#N/A,S127002,1000824,8,N,N,1,1,309,3669
#N/A,S127002,1006080,9,N,N,1,1,221,4275
#N/A,S127002,1008154,10,N,N,1,1,321,5036
#N/A,S127002,1006190,11,N,N,1,1,318,5305
#N/A,S127002,1006191,12,N,N,1,1,318,5728
#N/A,S127002,1008155,13,N,N,1,1,23,7606
#N/A,S127002,1008156,14,N,N,1,1,7,7916
#N/A,S127002,1008157,15,N,N,1,1,251,8256
#N/A,S127002,1006199,16,N,N,1,1,270,8484
#N/A,S127002,1006200,17,N,N,1,1,252,8877
#N/A,S127002,1006184,18,N,N,1,1,165,9299
#N/A,S127002,1006185,19,N,N,1,1,128,9593
#N/A,S127002,1006197,20,N,N,1,1,80,10201
#N/A,S127002,1006091,21,N,N,1,1,153,11945
#N/A,S127002,1008153,22,N,N,1,1,166,12374
#N/A,S127002,1006062,23,N,N,1,1,155,12782
#N/A,S127002,1000993,24,N,N,1,1,129,13432
#N/A,S127002,1002354,25,N,N,1,1,46,14283
#N/A,S127002,1001359,26,N,N,1,1,352,15439
#N/A,S127002,1002814,27,N,N,1,1,24,16113
#N/A,S127002,1001467,28,N,N,1,1,30,16699
#N/A,S127002,1003903,29,N,N,1,1,115,17500
#N/A,S129002,1006966,1,N,N,1,1,34,0
#N/A,S129002,1006967,2,N,N,1,1,287,379
#N/A,S129002,1006969,3,N,N,1,1,194,939
#N/A,S129002,1006971,4,N,N,1,1,189,1044
#N/A,S129002,1006973,5,N,N,1,1,210,1375
#N/A,S129002,1006974,6,N,N,1,1,134,1816
#N/A,S129002,1006976,7,N,N,1,1,201,2075
#N/A,S129002,1006975,8,N,N,1,1,315,2534
#N/A,S129002,1006972,9,N,N,1,1,35,3006
#N/A,S129002,1006970,10,N,N,1,1,7,3348
#N/A,S129002,1006977,11,N,N,1,1,297,3587
#N/A,S129002,1006979,12,N,N,1,1,276,3894
#N/A,S129002,1006982,13,N,N,1,1,199,4460
#N/A,S129002,1006983,14,N,N,1,1,283,4618
#N/A,S129002,1006985,15,N,N,1,1,46,5206
#N/A,S129002,1006987,16,N,N,1,1,40,5528
#N/A,S129002,1006989,17,N,N,1,1,321,6070
#N/A,S129002,1006991,18,N,N,1,1,301,6347
#N/A,S129002,1006993,19,N,N,1,1,346,7404
#N/A,S129002,1006995,20,N,N,1,1,60,7783
#N/A,S129002,1006996,21,N,N,1,1,8,8500
#N/A,S129002,1008417,22,N,N,1,1,257,8965
#N/A,S129002,1006994,23,N,N,1,1,321,9185
#N/A,S129002,1008420,24,N,N,1,1,349,10226
#N/A,S129002,1008422,25,N,N,1,1,286,10834
#N/A,S129002,1008424,26,N,N,1,1,323,11089
#N/A,S129002,1008426,27,N,N,1,1,357,11806
#N/A,S129002,1008427,28,N,N,1,1,63,13484
#N/A,S129002,1008425,29,N,N,1,1,184,15499
#N/A,S129002,1008423,30,N,N,1,1,132,16152
#N/A,S129002,1008421,31,N,N,1,1,113,16482
#N/A,S129002,1008418,32,N,N,1,1,132,17079
#N/A,S129002,1006993,33,N,N,1,1,346,18049
#N/A,S129002,1006995,34,N,N,1,1,60,18480
#N/A,S129002,1006996,35,N,N,1,1,8,19260
#N/A,S129002,1008417,36,N,N,1,1,257,19725
#N/A,S129002,1006994,37,N,N,1,1,321,19798
#N/A,S129002,1006992,38,N,N,1,1,254,20774
#N/A,S129002,1006990,39,N,N,1,1,135,21180
#N/A,S129002,1006988,40,N,N,1,1,290,21668
#N/A,S129002,1006986,41,N,N,1,1,215,21998
#N/A,S129002,1006984,42,N,N,1,1,111,22586
#N/A,S129002,1006981,43,N,N,1,1,71,22787
#N/A,S129002,1006980,44,N,N,1,1,97,23362
#N/A,S129002,1006978,45,N,N,1,1,113,23593
#N/A,S129002,1006971,46,N,N,1,1,189,23905
#N/A,S129002,1006973,47,N,N,1,1,210,24219
#N/A,S129002,1006974,48,N,N,1,1,134,24671
#N/A,S129002,1006976,49,N,N,1,1,201,24932
#N/A,S129002,1006975,50,N,N,1,1,315,25387
#N/A,S129002,1006972,51,N,N,1,1,35,25853
#N/A,S129002,1006970,52,N,N,1,1,7,26201
#N/A,S129002,1006968,53,N,N,1,1,93,26888
#N/A,S129002,1006966,54,N,N,1,1,34,27400
#N/A,S139001,1007013,1,N,N,1,1,110,0
#N/A,S139001,1007012,2,N,N,1,1,244,441
#N/A,S139001,1007010,3,N,N,1,1,210,1133
#N/A,S139001,1007008,4,N,N,1,1,200,1575
#N/A,S139001,1007006,5,N,N,1,1,161,2037
#N/A,S139001,1007004,6,N,N,1,1,168,2581
#N/A,S139001,1007002,7,N,N,1,1,180,2954
#N/A,S139001,1007000,8,N,N,1,1,284,4163
#N/A,S139001,1007001,9,N,N,1,1,92,5441
#N/A,S139001,1007018,10,N,N,1,1,276,5903
#N/A,S139001,1007019,11,N,N,1,1,268,6244
#N/A,S139001,1007020,12,N,N,1,1,258,6596
#N/A,S139001,1007021,13,N,N,1,1,257,6906
#N/A,S139001,1007022,14,N,N,1,1,247,7264
#N/A,S139001,1007023,15,N,N,1,1,263,7607
#N/A,S139001,1007024,16,N,N,1,1,288,8017
#N/A,S139001,1007025,17,N,N,1,1,209,9002
#N/A,S139001,1007556,18,N,N,1,1,273,9715
#N/A,S139001,1007558,19,N,N,1,1,314,10412
#N/A,S139001,1007560,20,N,N,1,1,297,10783
#N/A,S139001,1007563,21,N,N,1,1,344,12086
#N/A,S139001,1007564,22,N,N,1,1,332,13188
#N/A,S139001,1007567,23,N,N,1,1,273,14000
#N/A,S139001,1007568,24,N,N,1,1,325,14193
#N/A,S139001,1007570,25,N,N,1,1,267,14811
#N/A,S139001,1007572,26,N,N,1,1,347,15374
#N/A,S139001,1007574,27,N,N,1,1,304,15572
#N/A,S139001,1007576,28,N,N,1,1,17,16905
#N/A,S139001,1007577,29,N,N,1,1,297,17786
#N/A,S139001,1007579,30,N,N,1,1,189,20506
#N/A,S139001,1007581,31,N,N,1,1,189,23341
#N/A,S139001,1007583,32,N,N,1,1,302,24722
#N/A,S139001,1007586,33,N,N,1,1,309,25434
#N/A,S139001,1007588,34,N,N,1,1,298,26028
#N/A,S139001,1007590,35,N,N,1,1,44,26754
#N/A,S139001,1007592,36,N,N,1,1,34,28318
#N/A,S139001,1007593,37,N,N,1,1,4,28843
#N/A,S139001,1007595,38,N,N,1,1,6,29143
#N/A,S139001,1007596,39,N,N,1,1,289,29854
#N/A,S139001,1007616,40,N,N,1,1,211,30400
#N/A,S139002,1007616,1,N,N,1,1,211,0
#N/A,S139002,1007617,2,N,N,1,1,132,447
#N/A,S139002,1007594,3,N,N,1,1,178,1248
#N/A,S139002,1007591,4,N,N,1,1,203,1953
#N/A,S139002,1007589,5,N,N,1,1,201,3444
#N/A,S139002,1007587,6,N,N,1,1,174,4286
#N/A,S139002,1007585,7,N,N,1,1,155,5543
#N/A,S139002,1007584,8,N,N,1,1,148,6205
#N/A,S139002,1007582,9,N,N,1,1,5,7559
#N/A,S139002,1007580,10,N,N,1,1,9,10401
#N/A,S139002,1007578,11,N,N,1,1,156,13163
#N/A,S139002,1007575,12,N,N,1,1,195,14107
#N/A,S139002,1007573,13,N,N,1,1,175,15596
#N/A,S139002,1007571,14,N,N,1,1,98,16186
#N/A,S139002,1007569,15,N,N,1,1,153,16807
#N/A,S139002,1007566,16,N,N,1,1,87,17003
#N/A,S139002,1007565,17,N,N,1,1,135,17760
#N/A,S139002,1007562,18,N,N,1,1,167,18860
#N/A,S139002,1007561,19,N,N,1,1,123,19655
#N/A,S139002,1007559,20,N,N,1,1,154,20545
#N/A,S139002,1007557,21,N,N,1,1,98,21303
#N/A,S139002,1007555,22,N,N,1,1,93,21956
#N/A,S139002,1007554,23,N,N,1,1,172,22848
#N/A,S139002,1007553,24,N,N,1,1,156,23081
#N/A,S139002,1007552,25,N,N,1,1,167,23392
#N/A,S139002,1007551,26,N,N,1,1,163,25074
#N/A,S139002,1007002,27,N,N,1,1,180,25593
#N/A,S139002,1007000,28,N,N,1,1,284,26791
#N/A,S139002,1007001,29,N,N,1,1,92,28083
#N/A,S139002,1007003,30,N,N,1,1,73,28463
#N/A,S139002,1007005,31,N,N,1,1,42,28938
#N/A,S139002,1007007,32,N,N,1,1,113,29396
#N/A,S139002,1007009,33,N,N,1,1,119,29879
#N/A,S139002,1007011,34,N,N,1,1,126,30588
#N/A,S139002,1007013,35,N,N,1,1,110,31060
#N/A,S149002,1001404,1,N,N,1,1,155,0
#N/A,S149002,1000499,2,N,N,1,1,63,551
#N/A,S149002,1003213,3,N,N,1,1,2,1182
#N/A,S149002,1007597,4,N,N,1,1,165,2110
#N/A,S149002,1007598,5,N,N,1,1,172,2391
#N/A,S149002,1000074,6,N,N,1,1,89,2623
#N/A,S149002,1000547,7,N,N,1,1,181,2864
#N/A,S149002,1007600,8,N,N,1,1,58,4169
#N/A,S149002,1007601,9,N,N,1,1,75,4568
#N/A,S149002,1007602,10,N,N,1,1,55,4978
#N/A,S149002,1007604,11,N,N,1,1,98,5389
#N/A,S149002,1007606,12,N,N,1,1,61,5668
#N/A,S149002,1007608,13,N,N,1,1,47,5987
#N/A,S149002,1000811,14,N,N,1,1,12,6305
#N/A,S149002,1003234,15,N,N,1,1,16,7021
#N/A,S149002,1007611,16,N,N,1,1,34,7264
#N/A,S149002,1003157,17,N,N,1,1,101,7735
#N/A,S149002,1007613,18,N,N,1,1,112,7857
#N/A,S149002,1001178,19,N,N,1,1,13,8101
#N/A,S149002,1004047,20,N,N,1,1,286,8441
#N/A,S149002,1000931,21,N,N,1,1,65,8990
#N/A,S149002,1000505,22,N,N,1,1,36,9716
#N/A,S149002,1000368,23,N,N,1,1,321,11158
#N/A,S149002,1007614,24,N,N,1,1,287,11616
#N/A,S149002,1003162,25,N,N,1,1,115,11901
#N/A,S149002,1000959,26,N,N,1,1,341,12810
#N/A,S149002,1003159,27,N,N,1,1,122,13794
#N/A,S149002,1001842,28,N,N,1,1,216,14451
#N/A,S149002,1002194,29,N,N,1,1,245,14946
#N/A,S149002,1004048,30,N,N,1,1,98,15272
#N/A,S149002,1001179,31,N,N,1,1,280,15608
#N/A,S149002,1007613,32,N,N,1,1,112,16107
#N/A,S149002,1007612,33,N,N,1,1,195,16358
#N/A,S149002,1007610,34,N,N,1,1,192,17058
#N/A,S149002,1000810,35,N,N,1,1,192,17423
#N/A,S149002,1007609,36,N,N,1,1,243,17673
#N/A,S149002,1007607,37,N,N,1,1,197,17985
#N/A,S149002,1007605,38,N,N,1,1,287,18409
#N/A,S149002,1007603,39,N,N,1,1,257,18948
#N/A,S149002,1000641,40,N,N,1,1,234,19279
#N/A,S149002,1002312,41,N,N,1,1,234,21434
#N/A,S149002,1007597,42,N,N,1,1,165,21693
#N/A,S149002,1007598,43,N,N,1,1,172,21932
#N/A,S149002,1000074,44,N,N,1,1,89,22178
#N/A,S149002,1000547,45,N,N,1,1,181,23272
#N/A,S149002,1000500,46,N,N,1,1,243,23464
#N/A,S149002,1007599,47,N,N,1,1,257,23712
#N/A,S149002,1001404,48,N,N,1,1,155,23900
#N/A,S200002,1006026,1,N,N,1,1,353,0
#N/A,S200002,1006027,2,N,N,1,1,207,722
#N/A,S200002,1006028,3,N,N,1,1,207,1479
#N/A,S200002,1002885,4,N,N,1,1,102,2190
#N/A,S200002,1000787,5,N,N,1,1,213,3114
#N/A,S200002,1002512,6,N,N,1,1,135,4293
#N/A,S200002,1006525,7,N,N,1,1,18,4801
#N/A,S200002,1003696,8,N,N,1,1,63,5495
#N/A,S200002,1006524,9,N,N,1,1,70,6800
#N/A,S200002,1006029,10,N,N,1,1,266,7545
#N/A,S200002,1002351,11,N,N,1,1,66,9503
#N/A,S200002,1006030,12,N,N,1,1,170,10414
#N/A,S200002,1003086,13,N,N,1,1,266,10880
#N/A,S200002,1003666,14,N,N,1,1,176,12095
#N/A,S200002,1003587,15,N,N,1,1,216,13029
#N/A,S200002,1006031,16,N,N,1,1,87,13592
#N/A,S200002,1006022,17,N,N,1,1,222,14625
#N/A,S200002,1006023,18,N,N,1,1,88,15241
#N/A,S200002,1006024,19,N,N,1,1,45,15555
#N/A,S200002,1006025,20,N,N,1,1,27,16134
#N/A,S200002,1006026,21,N,N,1,1,353,16700
#N/A,S202002,1006286,1,N,N,1,1,10,0
#N/A,S202002,1001010,2,N,N,1,1,22,1150
#N/A,S202002,1006674,3,N,N,1,1,8,4700
#N/A,S202002,1006675,4,N,N,1,1,12,5195
#N/A,S202002,1003709,5,N,N,1,1,258,6057
#N/A,S202002,1000522,6,N,N,1,1,271,6626
#N/A,S202002,1006676,7,N,N,1,1,13,9800
#N/A,S202002,1006677,8,N,N,1,1,72,10332
#N/A,S202002,1000523,9,N,N,1,1,89,11373
#N/A,S202002,1003708,10,N,N,1,1,78,11612
#N/A,S202002,1001873,11,N,N,1,1,87,12200
#N/A,S202002,1001011,12,N,N,1,1,208,16689
#N/A,S202002,1006286,13,N,N,1,1,10,20900
#N/A,S203002,1006167,1,N,N,1,1,285,0
#N/A,S203002,1006698,2,N,N,1,1,275,864
#N/A,S203002,1003944,3,N,N,1,1,262,2169
#N/A,S203002,1006699,4,N,N,1,1,350,2817
#N/A,S203002,1000733,5,N,N,1,1,272,3278
#N/A,S203002,1001234,6,N,N,1,1,167,3828
#N/A,S203002,1001030,7,N,N,1,1,228,4147
#N/A,S203002,1003342,8,N,N,1,1,228,4383
#N/A,S203002,1006683,9,N,N,1,1,340,4675
#N/A,S203002,1006681,10,N,N,1,1,351,5024
#N/A,S203002,1006679,11,N,N,1,1,58,5500
#N/A,S203002,1006680,12,N,N,1,1,119,5856
#N/A,S203002,1006682,13,N,N,1,1,120,6209
#N/A,S203002,1003341,14,N,N,1,1,48,6547
#N/A,S203002,1001029,15,N,N,1,1,48,6737
#N/A,S203002,1006684,16,N,N,1,1,15,7324
#N/A,S203002,1006685,17,N,N,1,1,165,7562
#N/A,S203002,1002805,18,N,N,1,1,64,7942
#N/A,S203002,1000732,19,N,N,1,1,92,8428
#N/A,S203002,1006700,20,N,N,1,1,170,8703
#N/A,S203002,1003943,21,N,N,1,1,87,9570
#N/A,S203002,1001269,22,N,N,1,1,61,10021
#N/A,S203002,1004014,23,N,N,1,1,61,10417
#N/A,S203002,1006693,24,N,N,1,1,347,10784
#N/A,S203002,1006694,25,N,N,1,1,86,11636
#N/A,S203002,1006695,26,N,N,1,1,105,11934
#N/A,S203002,1000025,27,N,N,1,1,221,12238
#N/A,S203002,1001396,28,N,N,1,1,241,12673
#N/A,S203002,1001397,29,N,N,1,1,241,12985
#N/A,S203002,1006696,30,N,N,1,1,141,13908
#N/A,S203002,1006168,31,N,N,1,1,117,14800
#N/A,S204002,1006324,1,N,N,1,1,310,0
#N/A,S204002,1000208,2,N,N,1,1,127,524
#N/A,S204002,1001032,3,N,N,1,1,127,762
#N/A,S204002,1002482,4,N,N,1,1,48,1095
#N/A,S204002,1000620,5,N,N,1,1,73,1420
#N/A,S204002,1004011,6,N,N,1,1,47,2482
#N/A,S204002,1000425,7,N,N,1,1,2,3250
#N/A,S204002,1003425,8,N,N,1,1,25,3513
#N/A,S204002,1003506,9,N,N,1,1,90,3817
#N/A,S204002,1008113,10,N,N,1,1,296,4875
#N/A,S204002,1008114,11,N,N,1,1,6,5185
#N/A,S204002,1008115,12,N,N,1,1,3,5692
#N/A,S204002,1008116,13,N,N,1,1,57,6021
#N/A,S204002,1008009,14,N,N,1,1,330,6175
#N/A,S204002,1008117,15,N,N,1,1,321,6586
#N/A,S204002,1008118,16,N,N,1,1,73,7455
#N/A,S204002,1008120,17,N,N,1,1,7,7753
#N/A,S204002,1008122,18,N,N,1,1,261,7974
#N/A,S204002,1008124,19,N,N,1,1,351,8388
#N/A,S204002,1008126,20,N,N,1,1,271,8931
#N/A,S204002,1008127,21,N,N,1,1,219,9370
#N/A,S204002,1008129,22,N,N,1,1,342,9763
#N/A,S204002,1008131,23,N,N,1,1,298,9993
#N/A,S204002,1008132,24,N,N,1,1,49,10351
#N/A,S204002,1008133,25,N,N,1,1,165,10585
#N/A,S204002,1008130,26,N,N,1,1,169,11135
#N/A,S204002,1008128,27,N,N,1,1,92,11443
#N/A,S204002,1008125,28,N,N,1,1,177,12552
#N/A,S204002,1008123,29,N,N,1,1,82,12939
#N/A,S204002,1008121,30,N,N,1,1,189,13158
#N/A,S204002,1008119,31,N,N,1,1,214,13416
#N/A,S204002,1008012,32,N,N,1,1,17,14733
#N/A,S204002,1008013,33,N,N,1,1,182,15194
#N/A,S204002,1008014,34,N,N,1,1,134,15068
#N/A,S204002,1002256,35,N,N,1,1,37,15198
#N/A,S204002,1006261,36,N,N,1,1,179,16296
#N/A,S204002,1008015,37,N,N,1,1,176,16677
#N/A,S204002,1006345,38,N,N,1,1,66,17116
#N/A,S204002,1008168,39,N,N,1,1,298,17504
#N/A,S204002,1008169,40,N,N,1,1,181,17779
#N/A,S204002,1008170,41,N,N,1,1,124,18277
#N/A,S204002,1006328,42,N,N,1,1,213,18713
#N/A,S204002,1008017,43,N,N,1,1,321,19331
#N/A,S204002,1008018,44,N,N,1,1,273,19640
#N/A,S204002,1008010,45,N,N,1,1,325,20032
#N/A,S204002,1008167,46,N,N,1,1,165,20915
#N/A,S204002,1003507,47,N,N,1,1,270,21888
#N/A,S204002,1002771,48,N,N,1,1,205,22150
#N/A,S204002,1003333,49,N,N,1,1,178,22336
#N/A,S204002,1004010,50,N,N,1,1,227,23038
#N/A,S204002,1008112,51,N,N,1,1,253,24274
#N/A,S204002,1001033,52,N,N,1,1,307,24957
#N/A,S204002,1000207,53,N,N,1,1,307,25255
#N/A,S204002,1001272,54,N,N,1,1,303,25644
#N/A,S204002,1006324,55,N,N,1,1,310,26000
#N/A,S206001,1008051,1,N,N,1,1,182,0
#N/A,S206001,1008052,2,N,N,1,1,301,1224
#N/A,S206001,1008053,3,N,N,1,1,302,1639
#N/A,S206001,1008054,4,N,N,1,1,304,2189
#N/A,S206001,1008063,5,N,N,1,1,321,2747
#N/A,S206001,1008064,6,N,N,1,1,298,3481
#N/A,S206001,1008065,7,N,N,1,1,328,4010
#N/A,S206001,1008066,8,N,N,1,1,66,5836
#N/A,S206001,1008055,9,N,N,1,1,163,7791
#N/A,S206001,1008056,10,N,N,1,1,161,8197
#N/A,S206001,1008057,11,N,N,1,1,187,8660
#N/A,S206001,1008050,12,N,N,1,1,97,9422
#N/A,S206001,1008048,13,N,N,1,1,99,10220
#N/A,S206001,1008046,14,N,N,1,1,97,11517
#N/A,S206001,1008043,15,N,N,1,1,123,12495
#N/A,S206001,1008044,16,N,N,1,1,116,13486
#N/A,S206001,1008040,17,N,N,1,1,116,13834
#N/A,S206001,1008036,18,N,N,1,1,79,14365
#N/A,S206001,1008067,19,N,N,1,1,57,14746
#N/A,S206001,1008037,20,N,N,1,1,67,15189
#N/A,S206001,1006414,21,N,N,1,1,63,17000
#N/A,S206002,1006414,1,N,N,1,1,63,0
#N/A,S206002,1008024,2,N,N,1,1,61,469
#N/A,S206002,1008025,3,N,N,1,1,251,1294
#N/A,S206002,1008026,4,N,N,1,1,255,2071
#N/A,S206002,1008027,5,N,N,1,1,202,2836
#N/A,S206002,1008028,6,N,N,1,1,110,3088
#N/A,S206002,1008029,7,N,N,1,1,116,3299
#N/A,S206002,1008030,8,N,N,1,1,113,3474
#N/A,S206002,1008031,9,N,N,1,1,276,4648
#N/A,S206002,1008032,10,N,N,1,1,15,4974
#N/A,S206002,1008033,11,N,N,1,1,29,5301
#N/A,S206002,1008034,12,N,N,1,1,11,5692
#N/A,S206002,1008060,13,N,N,1,1,71,6112
#N/A,S206002,1008061,14,N,N,1,1,312,6890
#N/A,S206002,1008062,15,N,N,1,1,213,7429
#N/A,S206002,1008035,16,N,N,1,1,245,7793
#N/A,S206002,1008038,17,N,N,1,1,278,8380
#N/A,S206002,1008039,18,N,N,1,1,276,8573
#N/A,S206002,1008041,19,N,N,1,1,283,9015
#N/A,S206002,1008042,20,N,N,1,1,284,9688
#N/A,S206002,1008045,21,N,N,1,1,261,10831
#N/A,S206002,1008047,22,N,N,1,1,260,11708
#N/A,S206002,1008049,23,N,N,1,1,259,12572
#N/A,S206002,1008051,24,N,N,1,1,182,13000
#N/A,S300002,1006008,1,N,N,1,1,238,0
#N/A,S300002,1001516,2,N,N,1,1,260,244
#N/A,S300002,1006000,3,N,N,1,1,102,1193
#N/A,S300002,1006001,4,N,N,1,1,285,1618
#N/A,S300002,1006002,5,N,N,1,1,254,2498
#N/A,S300002,1006346,6,N,N,1,1,250,3417
#N/A,S300002,1003227,7,N,N,1,1,253,3798
#N/A,S300002,1006347,8,N,N,1,1,253,4011
#N/A,S300002,1006348,9,N,N,1,1,255,4466
#N/A,S300002,1006349,10,N,N,1,1,250,5559
#N/A,S300002,1006350,11,N,N,1,1,231,6023
#N/A,S300002,1003967,12,N,N,1,1,231,6211
#N/A,S300002,1007622,13,N,N,1,1,44,6458
#N/A,S300002,1007623,14,N,N,1,1,103,6609
#N/A,S300002,1006352,15,N,N,1,1,105,7077
#N/A,S300002,1006353,16,N,N,1,1,106,7558
#N/A,S300002,1006355,17,N,N,1,1,114,8136
#N/A,S300002,1006356,18,N,N,1,1,109,8818
#N/A,S300002,1006357,19,N,N,1,1,351,9342
#N/A,S300002,1006358,20,N,N,1,1,352,9967
#N/A,S300002,1006359,21,N,N,1,1,326,10740
#N/A,S300002,1006360,22,N,N,1,1,335,11060
#N/A,S300002,1006362,23,N,N,1,1,322,12462
#N/A,S300002,1006363,24,N,N,1,1,353,13459
#N/A,S300002,1006364,25,N,N,1,1,357,13921
#N/A,S300002,1006365,26,N,N,1,1,136,14546
#N/A,S300002,1006366,27,N,N,1,1,351,15265
#N/A,S300002,1006008,28,N,N,1,1,238,16900
#N/A,S301002,1006008,1,N,N,1,1,238,0
#N/A,S301002,1001516,2,N,N,1,1,260,235
#N/A,S301002,1001515,3,N,N,1,1,287,583
#N/A,S301002,1000941,4,N,N,1,1,302,1057
#N/A,S301002,1003115,5,N,N,1,1,76,1452
#N/A,S301002,1006788,6,N,N,1,1,342,4046
#N/A,S301002,1006789,7,N,N,1,1,317,4810
#N/A,S301002,1006790,8,N,N,1,1,296,5064
#N/A,S301002,1006791,9,N,N,1,1,342,6040
#N/A,S301002,1006793,10,N,N,1,1,351,7231
#N/A,S301002,1006794,11,N,N,1,1,349,7552
#N/A,S301002,1006795,12,N,N,1,1,73,8225
#N/A,S301002,1001297,13,N,N,1,1,163,8828
#N/A,S301002,1006792,14,N,N,1,1,167,9550
#N/A,S301002,1006796,15,N,N,1,1,163,10182
#N/A,S301002,1006797,16,N,N,1,1,208,10823
#N/A,S301002,1006798,17,N,N,1,1,203,11255
#N/A,S301002,1006008,18,N,N,1,1,238,12200
#N/A,S302002,1008463,1,N,N,1,1,94,0
#N/A,S302002,1008464,2,N,N,1,1,103,543
#N/A,S302002,1008466,3,N,N,1,1,6,1469
#N/A,S302002,1008467,4,N,N,1,1,189,2457
#N/A,S302002,1008468,5,N,N,1,1,178,2940
#N/A,S302002,1008469,6,N,N,1,1,187,3209
#N/A,S302002,1008471,7,N,N,1,1,125,4549
#N/A,S302002,1008473,8,N,N,1,1,112,5024
#N/A,S302002,1008443,9,N,N,1,1,4,5846
#N/A,S302002,1008445,10,N,N,1,1,2,6337
#N/A,S302002,1008447,11,N,N,1,1,350,6830
#N/A,S302002,1008449,12,N,N,1,1,278,7620
#N/A,S302002,1008451,13,N,N,1,1,291,7791
#N/A,S302002,1008453,14,N,N,1,1,309,8157
#N/A,S302002,1008455,15,N,N,1,1,292,8440
#N/A,S302002,1008457,16,N,N,1,1,322,8917
#N/A,S302002,1008459,17,N,N,1,1,9,9361
#N/A,S302002,1008461,18,N,N,1,1,6,9532
#N/A,S302002,1006001,19,N,N,1,1,285,9737
#N/A,S302002,1006366,20,N,N,1,1,351,11068
#N/A,S302002,1006008,21,N,N,1,1,238,12026
#N/A,S302002,1001516,22,N,N,1,1,260,12257
#N/A,S302002,1006000,23,N,N,1,1,102,13214
#N/A,S302002,1008460,24,N,N,1,1,191,13948
#N/A,S302002,1008458,25,N,N,1,1,143,14480
#N/A,S302002,1008454,26,N,N,1,1,111,15114
#N/A,S302002,1008450,27,N,N,1,1,112,15609
#N/A,S302002,1008448,28,N,N,1,1,167,16439
#N/A,S302002,1008446,29,N,N,1,1,183,16930
#N/A,S302002,1008444,30,N,N,1,1,181,17424
#N/A,S302002,1008474,31,N,N,1,1,293,18341
#N/A,S302002,1008472,32,N,N,1,1,289,18690
#N/A,S302002,1008470,33,N,N,1,1,276,19607
#N/A,S302002,1008466,34,N,N,1,1,6,20177
#N/A,S302002,1008467,35,N,N,1,1,189,21203
#N/A,S302002,1008468,36,N,N,1,1,178,21686
#N/A,S302002,1008469,37,N,N,1,1,187,21942
#N/A,S302002,1008465,38,N,N,1,1,279,22833
#N/A,S302002,1008463,39,N,N,1,1,94,23500
#N/A,S303002,1008432,1,N,N,1,1,349,0
#N/A,S303002,1008433,2,N,N,1,1,345,127
#N/A,S303002,1008437,3,N,N,1,1,283,2322
#N/A,S303002,1008439,4,N,N,1,1,301,2863
#N/A,S303002,1008441,5,N,N,1,1,276,4226
#N/A,S303002,1008443,6,N,N,1,1,4,5028
#N/A,S303002,1008445,7,N,N,1,1,2,5520
#N/A,S303002,1008447,8,N,N,1,1,350,6004
#N/A,S303002,1008449,9,N,N,1,1,278,6782
#N/A,S303002,1008451,10,N,N,1,1,291,6956
#N/A,S303002,1008453,11,N,N,1,1,309,7316
#N/A,S303002,1008455,12,N,N,1,1,292,7601
#N/A,S303002,1008457,13,N,N,1,1,322,8085
#N/A,S303002,1008459,14,N,N,1,1,9,8529
#N/A,S303002,1008461,15,N,N,1,1,6,8693
#N/A,S303002,1006001,16,N,N,1,1,285,8896
#N/A,S303002,1006366,17,N,N,1,1,351,10227
#N/A,S303002,1006008,18,N,N,1,1,238,11195
#N/A,S303002,1001516,19,N,N,1,1,260,11427
#N/A,S303002,1006000,20,N,N,1,1,102,12376
#N/A,S303002,1008460,21,N,N,1,1,191,13110
#N/A,S303002,1008458,22,N,N,1,1,143,13647
#N/A,S303002,1008454,23,N,N,1,1,111,14283
#N/A,S303002,1008450,24,N,N,1,1,112,14773
#N/A,S303002,1008448,25,N,N,1,1,167,15595
#N/A,S303002,1008446,26,N,N,1,1,183,16086
#N/A,S303002,1008444,27,N,N,1,1,181,16583
#N/A,S303002,1008442,28,N,N,1,1,92,17407
#N/A,S303002,1008440,29,N,N,1,1,113,18720
#N/A,S303002,1008438,30,N,N,1,1,123,19286
#N/A,S303002,1008436,31,N,N,1,1,125,20732
#N/A,S303002,1008432,32,N,N,1,1,349,22000
#N/A,S304002,1008432,1,N,N,1,1,349,0
#N/A,S304002,1008433,2,N,N,1,1,345,114
#N/A,S304002,1009120,3,N,N,1,1,201,693
#N/A,S304002,1009123,4,N,N,1,1,296,3354
#N/A,S304002,1009124,5,N,N,1,1,33,3992
#N/A,S304002,1009126,6,N,N,1,1,23,4499
#N/A,S304002,1009129,7,N,N,1,1,38,5185
#N/A,S304002,1008440,8,N,N,1,1,113,6025
#N/A,S304002,1008438,9,N,N,1,1,123,6587
#N/A,S304002,1009119,10,N,N,1,1,347,7946
#N/A,S304002,1009116,11,N,N,1,1,325,8120
#N/A,S304002,1009114,12,N,N,1,1,327,8294
#N/A,S304002,1009112,13,N,N,1,1,332,8736
#N/A,S304002,1009110,14,N,N,1,1,343,9107
#N/A,S304002,1009108,15,N,N,1,1,322,9555
#N/A,S304002,1009106,16,N,N,1,1,329,9867
#N/A,S304002,1009107,17,N,N,1,1,348,9998
#N/A,S304002,1009103,18,N,N,1,1,335,10156
#N/A,S304002,1009102,19,N,N,1,1,324,10327
#N/A,S304002,1009099,20,N,N,1,1,348,10535
#N/A,S304002,1009097,21,N,N,1,1,346,10773
#N/A,S304002,1009095,22,N,N,1,1,257,11669
#N/A,S304002,1009093,23,N,N,1,1,259,12284
#N/A,S304002,1009092,24,N,N,1,1,256,12617
#N/A,S304002,1008449,25,N,N,1,1,278,13123
#N/A,S304002,1008451,26,N,N,1,1,291,13295
#N/A,S304002,1008453,27,N,N,1,1,309,13651
#N/A,S304002,1008455,28,N,N,1,1,292,13939
#N/A,S304002,1008457,29,N,N,1,1,322,14419
#N/A,S304002,1008459,30,N,N,1,1,9,14865
#N/A,S304002,1008461,31,N,N,1,1,6,15028
#N/A,S304002,1006001,32,N,N,1,1,285,15282
#N/A,S304002,1006366,33,N,N,1,1,351,16567
#N/A,S304002,1006008,34,N,N,1,1,238,17536
#N/A,S304002,1001516,35,N,N,1,1,260,17765
#N/A,S304002,1006000,36,N,N,1,1,102,18732
#N/A,S304002,1008462,37,N,N,1,1,186,19297
#N/A,S304002,1008460,38,N,N,1,1,191,19463
#N/A,S304002,1008458,39,N,N,1,1,143,19997
#N/A,S304002,1008456,40,N,N,1,1,132,20364
#N/A,S304002,1008454,41,N,N,1,1,111,20630
#N/A,S304002,1008452,42,N,N,1,1,125,20936
#N/A,S304002,1008450,43,N,N,1,1,112,21126
#N/A,S304002,1009091,44,N,N,1,1,73,21634
#N/A,S304002,1009094,45,N,N,1,1,69,22239
#N/A,S304002,1009096,46,N,N,1,1,77,22724
#N/A,S304002,1009098,47,N,N,1,1,165,23589
#N/A,S304002,1009100,48,N,N,1,1,153,23764
#N/A,S304002,1009101,49,N,N,1,1,167,23963
#N/A,S304002,1009104,50,N,N,1,1,142,24159
#N/A,S304002,1009105,51,N,N,1,1,155,24310
#N/A,S304002,1009109,52,N,N,1,1,151,24753
#N/A,S304002,1009111,53,N,N,1,1,138,25247
#N/A,S304002,1009113,54,N,N,1,1,138,25585
#N/A,S304002,1009115,55,N,N,1,1,163,25958
#N/A,S304002,1009117,56,N,N,1,1,143,26176
#N/A,S304002,1009118,57,N,N,1,1,142,26364
#N/A,S304002,1008437,58,N,N,1,1,283,27782
#N/A,S304002,1008439,59,N,N,1,1,301,28316
#N/A,S304002,1009128,60,N,N,1,1,209,29156
#N/A,S304002,1009127,61,N,N,1,1,198,29852
#N/A,S304002,1009125,62,N,N,1,1,215,30342
#N/A,S304002,1009122,63,N,N,1,1,103,30940
#N/A,S304002,1009121,64,N,N,1,1,31,33588
#N/A,S304002,1008436,65,N,N,1,1,125,35159
#N/A,S304002,1008432,66,N,N,1,1,349,36700
#N/A,S400002,1003088,1,N,N,1,1,23,0
#N/A,S400002,1006009,2,N,N,1,1,165,669
#N/A,S400002,1006010,3,N,N,1,1,135,1741
#N/A,S400002,1006011,4,N,N,1,1,228,3344
#N/A,S400002,1006012,5,N,N,1,1,221,4447
#N/A,S400002,1006013,6,N,N,1,1,284,5174
#N/A,S400002,1006014,7,N,N,1,1,291,5675
#N/A,S400002,1003312,8,N,N,1,1,230,5940
#N/A,S400002,1008104,9,N,N,1,1,215,6600
#N/A,S400002,1000171,10,N,N,1,1,226,6858
#N/A,S400002,1004166,11,N,N,1,1,309,7334
#N/A,S400002,1000170,12,N,N,1,1,322,7835
#N/A,S400002,1004172,13,N,N,1,1,286,8605
#N/A,S400002,1002457,14,N,N,1,1,204,8884
#N/A,S400002,1002458,15,N,N,1,1,213,9151
#N/A,S400002,1000333,16,N,N,1,1,300,9604
#N/A,S400002,1000331,17,N,N,1,1,272,9970
#N/A,S400002,1003315,18,N,N,1,1,232,10268
#N/A,S400002,1000336,19,N,N,1,1,232,10699
#N/A,S400002,1000325,20,N,N,1,1,142,10961
#N/A,S400002,1000691,21,N,N,1,1,87,11340
#N/A,S400002,1003096,22,N,N,1,1,270,11755
#N/A,S400002,1001026,23,N,N,1,1,310,12000
#N/A,S400002,1006015,24,N,N,1,1,319,12220
#N/A,S400002,1002456,25,N,N,1,1,317,13090
#N/A,S400002,1004173,26,N,N,1,1,188,13290
#N/A,S400002,1002126,27,N,N,1,1,313,13590
#N/A,S400002,1004165,28,N,N,1,1,310,14500
#N/A,S400002,1000172,29,N,N,1,1,44,14810
#N/A,S400002,1006016,30,N,N,1,1,40,15290
#N/A,S400002,1006017,31,N,N,1,1,310,15590
#N/A,S400002,1003161,32,N,N,1,1,312,15810
#N/A,S400002,1006018,33,N,N,1,1,34,16090
#N/A,S400002,1006019,34,N,N,1,1,104,17270
#N/A,S400002,1006020,35,N,N,1,1,51,17790
#N/A,S400002,1006021,36,N,N,1,1,172,18890
#N/A,S400002,1003088,37,N,N,1,1,23,20500
#N/A,S402002,1003078,1,N,N,1,1,79,0
#N/A,S402002,1008075,2,N,N,1,1,254,648
#N/A,S402002,1008076,3,N,N,1,1,39,969
#N/A,S402002,1006643,4,N,N,1,1,65,1376
#N/A,S402002,1000936,5,N,N,1,1,81,1692
#N/A,S402002,1006644,6,N,N,1,1,344,2277
#N/A,S402002,1006645,7,N,N,1,1,339,2728
#N/A,S402002,1006646,8,N,N,1,1,38,3448
#N/A,S402002,1006648,9,N,N,1,1,120,4245
#N/A,S402002,1008077,10,N,N,1,1,175,4845
#N/A,S402002,1006649,11,N,N,1,1,51,5950
#N/A,S402002,1006650,12,N,N,1,1,48,6382
#N/A,S402002,1006652,13,N,N,1,1,64,6644
#N/A,S402002,1006654,14,N,N,1,1,15,7590
#N/A,S402002,1008079,15,N,N,1,1,342,8134
#N/A,S402002,1000860,16,N,N,1,1,321,8883
#N/A,S402002,1006657,17,N,N,1,1,10,10100
#N/A,S402002,1006658,18,N,N,1,1,108,10644
#N/A,S402002,1006659,19,N,N,1,1,128,11890
#N/A,S402002,1006660,20,N,N,1,1,154,12587
#N/A,S402002,1006661,21,N,N,1,1,30,13700
#N/A,S402002,1006662,22,N,N,1,1,49,14200
#N/A,S402002,1006663,23,N,N,1,1,73,14395
#N/A,S402002,1006664,24,N,N,1,1,164,14688
#N/A,S402002,1006665,25,N,N,1,1,150,16247
#N/A,S402002,1006666,26,N,N,1,1,357,16612
#N/A,S402002,1006667,27,N,N,1,1,12,17102
#N/A,S402002,1006668,28,N,N,1,1,3,18936
#N/A,S402002,1000860,29,N,N,1,1,321,19633
#N/A,S402002,1008080,30,N,N,1,1,176,19826
#N/A,S402002,1006671,31,N,N,1,1,166,21570
#N/A,S402002,1006653,32,N,N,1,1,240,22609
#N/A,S402002,1006651,33,N,N,1,1,236,22818
#N/A,S402002,1006669,34,N,N,1,1,334,23364
#N/A,S402002,1008078,35,N,N,1,1,287,23926
#N/A,S402002,1006670,36,N,N,1,1,247,25676
#N/A,S402002,1000212,37,N,N,1,1,333,26186
#N/A,S402002,1004249,38,N,N,1,1,261,26690
#N/A,S402002,1003078,39,N,N,1,1,79,27400
#N/A,S403002,1003088,1,N,N,1,1,23,0
#N/A,S403002,1006009,2,N,N,1,1,165,552
#N/A,S403002,1006620,3,N,N,1,1,155,1124
#N/A,S403002,1006621,4,N,N,1,1,172,1283
#N/A,S403002,1006623,5,N,N,1,1,233,1662
#N/A,S403002,1008171,6,N,N,1,1,247,1875
#N/A,S403002,1006625,7,N,N,1,1,309,2081
#N/A,S403002,1006626,8,N,N,1,1,335,2410
#N/A,S403002,1006627,9,N,N,1,1,269,2658
#N/A,S403002,1001023,10,N,N,1,1,272,3597
#N/A,S403002,1006628,11,N,N,1,1,281,4331
#N/A,S403002,1003348,12,N,N,1,1,334,4652
#N/A,S403002,1003931,13,N,N,1,1,134,4814
#N/A,S403002,1000503,14,N,N,1,1,92,5098
#N/A,S403002,1001024,15,N,N,1,1,92,5632
#N/A,S403002,1006630,16,N,N,1,1,161,6866
#N/A,S403002,1008166,17,N,N,1,1,215,7012
#N/A,S403002,1006631,18,N,N,1,1,136,7288
#N/A,S403002,1006632,19,N,N,1,1,132,7620
#N/A,S403002,1006633,20,N,N,1,1,358,8182
#N/A,S403002,1008158,21,N,N,1,1,40,8681
#N/A,S403002,1002343,22,N,N,1,1,254,9367
#N/A,S403002,1000642,23,N,N,1,1,304,9630
#N/A,S403002,1000175,24,N,N,1,1,331,9800
#N/A,S403002,1000867,25,N,N,1,1,124,10101
#N/A,S403002,1008172,26,N,N,1,1,57,10568
#N/A,S403002,1006624,27,N,N,1,1,67,10945
#N/A,S403002,1006622,28,N,N,1,1,330,11317
#N/A,S403002,1001946,29,N,N,1,1,345,12083
#N/A,S403002,1003088,30,N,N,1,1,23,12649
#N/A,S403002,1000478,31,N,N,1,1,256,13182
#N/A,S403002,1003090,32,N,N,1,1,165,13332
#N/A,S403002,1003091,33,N,N,1,1,165,13637
#N/A,S403002,1000734,34,N,N,1,1,79,14098
#N/A,S403002,1002229,35,N,N,1,1,92,14358
#N/A,S403002,1006635,36,N,N,1,1,330,14759
#N/A,S403002,1006636,37,N,N,1,1,60,15014
#N/A,S403002,1006701,38,N,N,1,1,135,15759
#N/A,S403002,1003757,39,N,N,1,1,59,16352
#N/A,S403002,1001566,40,N,N,1,1,346,16770
#N/A,S403002,1006638,41,N,N,1,1,269,17150
#N/A,S403002,1006639,42,N,N,1,1,269,17775
#N/A,S403002,1006640,43,N,N,1,1,260,18238
#N/A,S403002,1006641,44,N,N,1,1,268,18630
#N/A,S403002,1006642,45,N,N,1,1,270,18957
#N/A,S403002,1003088,46,N,N,1,1,23,19600
#N/A,S403102,1003088,1,N,N,1,1,23,0
#N/A,S403102,1000478,2,N,N,1,1,256,533
#N/A,S403102,1003090,3,N,N,1,1,165,683
#N/A,S403102,1003091,4,N,N,1,1,165,988
#N/A,S403102,1000734,5,N,N,1,1,79,1449
#N/A,S403102,1002229,6,N,N,1,1,92,1709
#N/A,S403102,1006635,7,N,N,1,1,330,2110
#N/A,S403102,1006636,8,N,N,1,1,60,2365
#N/A,S403102,1006701,9,N,N,1,1,135,3110
#N/A,S403102,1003757,10,N,N,1,1,59,3703
#N/A,S403102,1001566,11,N,N,1,1,346,4121
#N/A,S403102,1006638,12,N,N,1,1,269,4501
#N/A,S403102,1006639,13,N,N,1,1,269,5126
#N/A,S403102,1006640,14,N,N,1,1,260,5589
#N/A,S403102,1006641,15,N,N,1,1,268,5981
#N/A,S403102,1006642,16,N,N,1,1,270,6308
#N/A,S403102,1003088,17,N,N,1,1,23,7000
#N/A,S404001,1001556,1,N,N,1,1,182,0
#N/A,S404001,1006768,2,N,N,1,1,189,1318
#N/A,S404001,1006766,3,N,N,1,1,5,3199
#N/A,S404001,1006765,4,N,N,1,1,184,4905
#N/A,S404001,1001191,5,N,N,1,1,101,6800
#N/A,S404001,1002745,6,N,N,1,1,204,8723
#N/A,S404001,1002275,7,N,N,1,1,170,9035
#N/A,S404001,1003355,8,N,N,1,1,270,9475
#N/A,S404001,1006629,9,N,N,1,1,275,10500
#N/A,S404002,1006629,1,N,N,1,1,275,0
#N/A,S404002,1003348,2,N,N,1,1,334,251
#N/A,S404002,1001232,3,N,N,1,1,3,838
#N/A,S404002,1003354,4,N,N,1,1,90,1023
#N/A,S404002,1008161,5,N,N,1,1,88,1226
#N/A,S404002,1002274,6,N,N,1,1,350,1446
#N/A,S404002,1000027,7,N,N,1,1,31,1818
#N/A,S404002,1001190,8,N,N,1,1,280,2706
#N/A,S404002,1006764,9,N,N,1,1,275,3837
#N/A,S404002,1006765,10,N,N,1,1,184,4521
#N/A,S404002,1006767,11,N,N,1,1,7,5299
#N/A,S404002,1006769,12,N,N,1,1,2,6033
#N/A,S404002,1003095,13,N,N,1,1,269,6343
#N/A,S404002,1003094,14,N,N,1,1,269,6572
#N/A,S404002,1006770,15,N,N,1,1,301,7511
#N/A,S404002,1000335,16,N,N,1,1,52,9230
#N/A,S404002,1006771,17,N,N,1,1,40,9644
#N/A,S404002,1000266,18,N,N,1,1,52,9977
#N/A,S404002,1003855,19,N,N,1,1,317,10330
#N/A,S404002,1001556,20,N,N,1,1,182,11038
#N/A,S404002,1008163,21,N,N,1,1,196,11269
#N/A,S404002,1002232,22,N,N,1,1,176,11986
#N/A,S404002,1001595,23,N,N,1,1,55,12995
#N/A,S404002,1001605,24,N,N,1,1,113,13443
#N/A,S404002,1000657,25,N,N,1,1,294,14197
#N/A,S404002,1000660,26,N,N,1,1,304,14537
#N/A,S404002,1001594,27,N,N,1,1,312,14705
#N/A,S404002,1002667,28,N,N,1,1,240,15178
#N/A,S404002,1000656,29,N,N,1,1,204,15713
#N/A,S404002,1008214,30,N,N,1,1,86,16022
#N/A,S404002,1006768,31,N,N,1,1,189,16835
#N/A,S404002,1006766,32,N,N,1,1,5,18703
#N/A,S404002,1006765,33,N,N,1,1,184,20391
#N/A,S404002,1008164,34,N,N,1,1,93,21159
#N/A,S404002,1001191,35,N,N,1,1,101,22311
#N/A,S404002,1008165,36,N,N,1,1,136,23069
#N/A,S404002,1002745,37,N,N,1,1,204,25109
#N/A,S404002,1002275,38,N,N,1,1,170,25439
#N/A,S404002,1008162,39,N,N,1,1,271,25700
#N/A,S404002,1003355,40,N,N,1,1,270,25875
#N/A,S404002,1001233,41,N,N,1,1,183,26098
#N/A,S404002,1003931,42,N,N,1,1,134,26659
#N/A,S404002,1000503,43,N,N,1,1,92,26957
#N/A,S404002,1000731,44,N,N,1,1,181,27330
#N/A,S404002,1002329,45,N,N,1,1,181,27638
#N/A,S404002,1003165,46,N,N,1,1,271,28173
#N/A,S404002,1003860,47,N,N,1,1,2,28455
#N/A,S404002,1003121,48,N,N,1,1,2,28647
#N/A,S404002,1002381,49,N,N,1,1,2,28838
#N/A,S404002,1006629,50,N,N,1,1,275,29100
#N/A,S405002,1006656,1,N,N,1,1,324,0
#N/A,S405002,1006657,2,N,N,1,1,10,605
#N/A,S405002,1006658,3,N,N,1,1,108,1149
#N/A,S405002,1000860,4,N,N,1,1,321,1985
#N/A,S405002,1003358,5,N,N,1,1,7,3473
#N/A,S405002,1002475,6,N,N,1,1,18,3872
#N/A,S405002,1006799,7,N,N,1,1,23,4248
#N/A,S405002,1006772,8,N,N,1,1,298,4470
#N/A,S405002,1006773,9,N,N,1,1,43,5017
#N/A,S405002,1006774,10,N,N,1,1,62,5531
#N/A,S405002,1006775,11,N,N,1,1,85,5786
#N/A,S405002,1003305,12,N,N,1,1,344,6068
#N/A,S405002,1001454,13,N,N,1,1,318,6456
#N/A,S405002,1003583,14,N,N,1,1,258,7033
#N/A,S405002,1000374,15,N,N,1,1,259,7775
#N/A,S405002,1000024,16,N,N,1,1,252,8168
#N/A,S405002,1006776,17,N,N,1,1,176,9147
#N/A,S405002,1006786,18,N,N,1,1,251,9693
#N/A,S405002,1006777,19,N,N,1,1,76,10868
#N/A,S405002,1006779,20,N,N,1,1,4,11472
#N/A,S405002,1006781,21,N,N,1,1,23,11712
#N/A,S405002,1006783,22,N,N,1,1,313,12768
#N/A,S405002,1006801,23,N,N,1,1,7,14811
#N/A,S405002,1000605,24,N,N,1,1,89,15856
#N/A,S405002,1002477,25,N,N,1,1,355,16609
#N/A,S405002,1006785,26,N,N,1,1,214,17153
#N/A,S405002,1002478,27,N,N,1,1,175,17365
#N/A,S405002,1000606,28,N,N,1,1,269,18140
#N/A,S405002,1006802,29,N,N,1,1,196,19238
#N/A,S405002,1006784,30,N,N,1,1,132,21293
#N/A,S405002,1006782,31,N,N,1,1,197,22319
#N/A,S405002,1006780,32,N,N,1,1,191,22563
#N/A,S405002,1006778,33,N,N,1,1,281,23106
#N/A,S405002,1006787,34,N,N,1,1,73,24314
#N/A,S405002,1002788,35,N,N,1,1,71,25799
#N/A,S405002,1000373,36,N,N,1,1,79,26189
#N/A,S405002,1003582,37,N,N,1,1,78,26886
#N/A,S405002,1001455,38,N,N,1,1,147,27565
#N/A,S405002,1002731,39,N,N,1,1,167,27967
#N/A,S405002,1006571,40,N,N,1,1,253,28271
#N/A,S405002,1006572,41,N,N,1,1,245,28530
#N/A,S405002,1006573,42,N,N,1,1,189,29009
#N/A,S405002,1006570,43,N,N,1,1,132,29555
#N/A,S405002,1006800,44,N,N,1,1,197,29775
#N/A,S405002,1002476,45,N,N,1,1,198,30181
#N/A,S405002,1003359,46,N,N,1,1,187,30574
#N/A,S405002,1006659,47,N,N,1,1,128,31283
#N/A,S405002,1006566,48,N,N,1,1,250,31960
#N/A,S405002,1008079,49,N,N,1,1,342,32299
#N/A,S405002,1000861,50,N,N,1,1,239,33017
#N/A,S405002,1000860,51,N,N,1,1,321,33141
#N/A,S405002,1006656,52,N,N,1,1,324,33500
#N/A,S406002,1003088,1,N,N,1,1,23,0
#N/A,S406002,1000478,2,N,N,1,1,256,459
#N/A,S406002,1003090,3,N,N,1,1,165,658
#N/A,S406002,1003091,4,N,N,1,1,165,966
#N/A,S406002,1000734,5,N,N,1,1,79,1417
#N/A,S406002,1002229,6,N,N,1,1,92,1695
#N/A,S406002,1001018,7,N,N,1,1,184,2113
#N/A,S406002,1001403,8,N,N,1,1,179,2812
#N/A,S406002,1002424,9,N,N,1,1,177,3444
#N/A,S406002,1000356,10,N,N,1,1,177,3682
#N/A,S406002,1003610,11,N,N,1,1,168,4050
#N/A,S406002,1000323,12,N,N,1,1,157,4646
#N/A,S406002,1008089,13,N,N,1,1,87,5044
#N/A,S406002,1008090,14,N,N,1,1,175,5799
#N/A,S406002,1008091,15,N,N,1,1,189,6863
#N/A,S406002,1008106,16,N,N,1,1,287,8928
#N/A,S406002,1001568,17,N,N,1,1,318,9106
#N/A,S406002,1000073,18,N,N,1,1,216,9771
#N/A,S406002,1008105,19,N,N,1,1,203,10113
#N/A,S406002,1008092,20,N,N,1,1,256,10872
#N/A,S406002,1008093,21,N,N,1,1,199,11234
#N/A,S406002,1000817,22,N,N,1,1,68,11522
#N/A,S406002,1002799,23,N,N,1,1,234,13568
#N/A,S406002,1008107,24,N,N,1,1,324,15451
#N/A,S406002,1000676,25,N,N,1,1,266,15622
#N/A,S406002,1002178,26,N,N,1,1,187,15764
#N/A,S406002,1003920,27,N,N,1,1,296,16000
#N/A,S406002,1008094,28,N,N,1,1,342,16734
#N/A,S406002,1008095,29,N,N,1,1,268,19472
#N/A,S406002,1008096,30,N,N,1,1,5,20177
#N/A,S406002,1008097,31,N,N,1,1,9,21249
#N/A,S406002,1001993,32,N,N,1,1,285,22077
#N/A,S406002,1004060,33,N,N,1,1,348,23201
#N/A,S406002,1000350,34,N,N,1,1,357,23709
#N/A,S406002,1002854,35,N,N,1,1,357,23952
#N/A,S406002,1002092,36,N,N,1,1,359,24544
#N/A,S406002,1000821,37,N,N,1,1,4,25254
#N/A,S406002,1002579,38,N,N,1,1,272,25623
#N/A,S406002,1000734,39,N,N,1,1,79,26748
#N/A,S406002,1003088,40,N,N,1,1,23,28000
#N/A,S407002,1006662,1,N,N,1,1,49,0
#N/A,S407002,1001482,2,N,N,1,1,195,658
#N/A,S407002,1008216,3,N,N,1,1,176,1097
#N/A,S407002,1000643,4,N,N,1,1,170,1544
#N/A,S407002,1001046,5,N,N,1,1,175,1822
#N/A,S407002,1008218,6,N,N,1,1,187,2098
#N/A,S407002,1002506,7,N,N,1,1,207,2313
#N/A,S407002,1008221,8,N,N,1,1,184,2951
#N/A,S407002,1003357,9,N,N,1,1,224,3584
#N/A,S407002,1002751,10,N,N,1,1,213,4085
#N/A,S407002,1000651,11,N,N,1,1,345,4945
#N/A,S407002,1001752,12,N,N,1,1,343,5427
#N/A,S407002,1001566,13,N,N,1,1,346,6667
#N/A,S407002,1006638,14,N,N,1,1,269,7044
#N/A,S407002,1008222,15,N,N,1,1,262,7317
#N/A,S407002,1008223,16,N,N,1,1,248,7925
#N/A,S407002,1006637,17,N,N,1,1,159,8281
#N/A,S407002,1000536,18,N,N,1,1,66,8615
#N/A,S407002,1008224,19,N,N,1,1,32,9012
#N/A,S407002,1003757,20,N,N,1,1,59,9241
#N/A,S407002,1001753,21,N,N,1,1,163,10547
#N/A,S407002,1000302,22,N,N,1,1,165,11021
#N/A,S407002,1002750,23,N,N,1,1,33,11801
#N/A,S407002,1003356,24,N,N,1,1,44,12287
#N/A,S407002,1000050,25,N,N,1,1,9,12734
#N/A,S407002,1008220,26,N,N,1,1,3,12992
#N/A,S407002,1008219,27,N,N,1,1,35,13587
#N/A,S407002,1002507,28,N,N,1,1,355,14063
#N/A,S407002,1006666,29,N,N,1,1,357,14321
#N/A,S407002,1008217,30,N,N,1,1,351,14436
#N/A,S407002,1006667,31,N,N,1,1,12,14817
#N/A,S407002,1006661,32,N,N,1,1,30,15333
#N/A,S407002,1006662,33,N,N,1,1,49,15900
#N/A,S408002,1006540,1,N,N,1,1,8,0
#N/A,S408002,1003297,2,N,N,1,1,339,584
#N/A,S408002,1008225,3,N,N,1,1,251,830
#N/A,S408002,1000443,4,N,N,1,1,339,2728
#N/A,S408002,1000812,5,N,N,1,1,279,3344
#N/A,S408002,1001838,6,N,N,1,1,281,3946
#N/A,S408002,1000618,7,N,N,1,1,279,4165
#N/A,S408002,1008226,8,N,N,1,1,43,9391
#N/A,S408002,1008227,9,N,N,1,1,103,9699
#N/A,S408002,1008228,10,N,N,1,1,176,10212
#N/A,S408002,1008229,11,N,N,1,1,189,10888
#N/A,S408002,1002178,12,N,N,1,1,187,11374
#N/A,S408002,1000337,13,N,N,1,1,204,12087
#N/A,S408002,1008230,14,N,N,1,1,184,12351
#N/A,S408002,1002661,15,N,N,1,1,256,12839
#N/A,S408002,1003817,16,N,N,1,1,331,14005
#N/A,S408002,1000495,17,N,N,1,1,332,14480
#N/A,S408002,1000817,18,N,N,1,1,68,14888
#N/A,S408002,1002798,19,N,N,1,1,54,15679
#N/A,S408002,1008247,20,N,N,1,1,256,15969
#N/A,S408002,1000816,21,N,N,1,1,248,16523
#N/A,S408002,1008246,22,N,N,1,1,345,17086
#N/A,S408002,1008231,23,N,N,1,1,312,17948
#N/A,S408002,1008232,24,N,N,1,1,9,18369
#N/A,S408002,1008233,25,N,N,1,1,321,18730
#N/A,S408002,1008234,26,N,N,1,1,17,19015
#N/A,S408002,1008235,27,N,N,1,1,176,19383
#N/A,S408002,1008236,28,N,N,1,1,47,20249
#N/A,S408002,1001858,29,N,N,1,1,20,20532
#N/A,S408002,1001567,30,N,N,1,1,152,21209
#N/A,S408002,1008237,31,N,N,1,1,93,21429
#N/A,S408002,1000619,32,N,N,1,1,99,27041
#N/A,S408002,1000912,33,N,N,1,1,101,27467
#N/A,S408002,1000825,34,N,N,1,1,99,27898
#N/A,S408002,1000316,35,N,N,1,1,159,28539
#N/A,S408002,1003298,36,N,N,1,1,159,29137
#N/A,S408002,1006540,37,N,N,1,1,8,29800
#N/A,S500002,1006508,1,N,N,1,1,190,0
#N/A,S500002,1006494,2,N,N,1,1,75,543
#N/A,S500002,1006509,3,N,N,1,1,195,947
#N/A,S500002,1006504,4,N,N,1,1,75,1902
#N/A,S500002,1006503,5,N,N,1,1,96,2185
#N/A,S500002,1006487,6,N,N,1,1,90,3427
#N/A,S500002,1006488,7,N,N,1,1,80,3711
#N/A,S500002,1006490,8,N,N,1,1,141,3989
#N/A,S500002,1006711,9,N,N,1,1,268,4800
#N/A,S500002,1006466,10,N,N,1,1,88,5794
#N/A,S500002,1006467,11,N,N,1,1,271,7181
#N/A,S500002,1008179,12,N,N,1,1,8,11573
#N/A,S500002,1008180,13,N,N,1,1,96,12110
#N/A,S500002,1008177,14,N,N,1,1,34,12916
#N/A,S500002,1008178,15,N,N,1,1,92,13199
#N/A,S500002,1006410,16,N,N,1,1,354,13399
#N/A,S500002,1006707,17,N,N,1,1,95,13814
#N/A,S500002,1006412,18,N,N,1,1,60,14637
#N/A,S500002,1008289,19,N,N,1,1,3,14987
#N/A,S500002,1006708,20,N,N,1,1,275,15493
#N/A,S500002,1006411,21,N,N,1,1,170,16121
#N/A,S500002,1008181,22,N,N,1,1,273,16801
#N/A,S500002,1008291,23,N,N,1,1,197,20122
#N/A,S500002,1006484,24,N,N,1,1,98,28690
#N/A,S500002,1006409,25,N,N,1,1,300,34057
#N/A,S500002,1008290,26,N,N,1,1,9,44012
#N/A,S500002,1008179,27,N,N,1,1,8,46192
#N/A,S500002,1008180,28,N,N,1,1,96,46731
#N/A,S500002,1008177,29,N,N,1,1,34,47521
#N/A,S500002,1008178,30,N,N,1,1,92,47811
#N/A,S500002,1006410,31,N,N,1,1,354,48028
#N/A,S500002,1008289,32,N,N,1,1,3,48678
#N/A,S500002,1006412,33,N,N,1,1,60,49247
#N/A,S500002,1006708,34,N,N,1,1,275,50128
#N/A,S500002,1008181,35,N,N,1,1,273,51456
#N/A,S500002,1006468,36,N,N,1,1,89,56200
#N/A,S500002,1006465,37,N,N,1,1,269,57617
#N/A,S500002,1006712,38,N,N,1,1,81,58547
#N/A,S500002,1006489,39,N,N,1,1,251,59653
#N/A,S500002,1006706,40,N,N,1,1,268,59900
#N/A,S500002,1006505,41,N,N,1,1,279,61160
#N/A,S500002,1008176,42,N,N,1,1,254,61409
#N/A,S500002,1006493,43,N,N,1,1,4,62394
#N/A,S500002,1006502,44,N,N,1,1,133,63461
#N/A,S500002,1006501,45,N,N,1,1,116,64163
#N/A,S500002,1006501,46,N,N,1,1,116,64854
#N/A,S500002,1006498,47,N,N,1,1,211,65340
#N/A,S500002,1006508,48,N,N,1,1,190,67000
#N/A,S501001,1006174,1,N,N,1,1,153,0
#N/A,S501001,1006519,2,N,N,1,1,103,2000
#N/A,S501002,1006519,1,N,N,1,1,103,0
#N/A,S501002,1006174,2,N,N,1,1,153,1850
#N/A,S502001,1006176,1,N,N,1,1,346,0
#N/A,S502001,1001508,2,N,N,1,1,356,808
#N/A,S502001,1001805,3,N,N,1,1,97,2173
#N/A,S502001,1001169,4,N,N,1,1,264,2968
#N/A,S502001,1001804,5,N,N,1,1,277,3658
#N/A,S502002,1001804,1,N,N,1,1,277,0
#N/A,S502002,1003347,2,N,N,1,1,182,1185
#N/A,S502002,1006176,3,N,N,1,1,346,2239
#N/A,S600001,1001829,1,N,N,1,1,250,0
#N/A,S600001,1003247,2,N,N,1,1,132,1160
#N/A,S600001,1006734,3,N,N,1,1,103,2242
#N/A,S600001,1006732,4,N,N,1,1,73,3047
#N/A,S600001,1006730,5,N,N,1,1,168,3933
#N/A,S600001,1002055,6,N,N,1,1,254,5760
#N/A,S600001,1003897,7,N,N,1,1,290,6209
#N/A,S600001,1002056,8,N,N,1,1,310,7358
#N/A,S600001,1001512,9,N,N,1,1,43,10400
#N/A,S600002,1001512,1,N,N,1,1,43,0
#N/A,S600002,1006728,2,N,N,1,1,124,489
#N/A,S600002,1002057,3,N,N,1,1,130,2252
#N/A,S600002,1002058,4,N,N,1,1,49,3293
#N/A,S600002,1006729,5,N,N,1,1,348,4332
#N/A,S600002,1002002,6,N,N,1,1,337,4922
#N/A,S600002,1006731,7,N,N,1,1,325,5763
#N/A,S600002,1006733,8,N,N,1,1,279,6536
#N/A,S600002,1003247,9,N,N,1,1,132,8031
#N/A,S600002,1001829,10,N,N,1,1,250,9000
#N/A,S601002,1002058,1,N,N,1,1,49,0
#N/A,S601002,1002054,2,N,N,1,1,74,471
#N/A,S601002,1006729,3,N,N,1,1,348,1024
#N/A,S601002,1002002,4,N,N,1,1,337,1619
#N/A,S601002,1003897,5,N,N,1,1,290,5100
#N/A,S602001,1004340,1,N,N,1,1,359,0
#N/A,S602001,1001708,2,N,N,1,1,359,13400
#N/A,S602002,1001708,1,N,N,1,1,359,13400
#N/A,S602002,1004340,2,N,N,1,1,359,0
#N/A,S603001,1000989,1,N,N,1,1,305,0
#N/A,S603001,1001805,2,N,N,1,1,97,10000
#N/A,S603002,1001805,1,N,N,1,1,97,0
#N/A,S603002,1000989,2,N,N,1,1,305,7700
#N/A,S604001,1006770,1,N,N,1,1,301,0
#N/A,S604001,1006765,2,N,N,1,1,184,3300
#N/A,S604002,1006765,1,N,N,1,1,184,0
#N/A,S604002,1006770,2,N,N,1,1,301,3200
#N/A,S605001,1001801,1,N,N,1,1,182,0
#N/A,S605001,1001708,2,N,N,1,1,262,7000
#N/A,S605002,1001801,1,N,N,1,1,182,1
#N/A,S605002,1009144,2,N,N,1,1,273,6000
#N/A,S605002,1001801,3,N,N,1,1,182,13300
#N/A,S606002,1006170,1,N,N,1,1,65,0
#N/A,S606002,1009056,2,N,N,1,1,263,3246
#N/A,S606002,1006170,3,N,N,1,1,65,5100
#N/A,S607002,1007134,1,N,N,1,1,263,0
#N/A,S607002,1009131,2,N,N,1,1,34,2150
#N/A,S607002,1007134,3,N,N,1,1,263,4700
#N/A,S608001,1009056,1,N,N,1,1,263,0
#N/A,S608001,1007644,2,N,N,1,1,269,19000
#N/A,S608002,1007644,1,N,N,1,1,269,0
#N/A,S608002,1009056,2,N,N,1,1,263,19900
#N/A,S700001,1008098,3,N,N,1,1,40,0
#N/A,S700001,1001512,4,N,N,1,1,43,56800
#N/A,S700002,1001512,1,N,N,1,1,43,0
#N/A,S700002,1008098,2,N,N,1,1,40,54600
#N/A,S701001,1008098,3,N,N,1,1,40,0
#N/A,S701001,1001518,4,N,N,1,1,283,59300
#N/A,S701002,1001518,1,N,N,1,1,283,0
#N/A,S701002,1008098,2,N,N,1,1,40,58600
#N/A,S702001,1008098,3,N,N,1,1,40,0
#N/A,S702001,1006409,4,N,N,1,1,300,12800
#N/A,S702002,1006409,1,N,N,1,1,300,0
#N/A,S702002,1008098,2,N,N,1,1,40,14000
#N/A,S703002,1008098,1,N,N,1,1,40,0
#N/A,S703002,1008099,2,N,N,1,1,175,226
#N/A,S703002,1008100,3,N,N,1,1,115,1179
#N/A,S703002,1008101,4,N,N,1,1,87,1612
#N/A,S703002,1008102,5,N,N,1,1,311,3394
#N/A,S703002,1008098,6,N,N,1,1,40,6500
#N/A,S704001,1008098,3,N,N,1,1,40,0
#N/A,S704001,1000953,4,N,N,1,1,120,59300
#N/A,S704002,1000953,1,N,N,1,1,120,0
#N/A,S704002,1008098,2,N,N,1,1,40,60000
#N/A,S888802,1080001,1,N,N,1,1,202,0
#N/A,S888802,1080002,2,N,N,1,1,129,5000
#N/A,S901001,1000160,1,N,N,1,1,1,0
#N/A,S901001,1003903,2,N,N,1,1,115,21100
#N/A,S901002,1003903,1,N,N,1,1,115,0
#N/A,S901002,1000160,2,N,N,1,1,1,19000
#N/A,S902001,1000160,1,N,N,1,1,1,0
#N/A,S902001,1000084,2,N,N,1,1,294,18200
#N/A,S902002,1000084,1,N,N,1,1,294,0
#N/A,S902002,1000160,2,N,N,1,1,1,16500
#N/A,S903001,1000160,1,N,N,1,1,1,0
#N/A,S903001,1003974,2,N,N,1,1,277,32000
#N/A,S903002,1003974,1,N,N,1,1,277,0
#N/A,S903002,1000160,2,N,N,1,1,1,31000
#N/A,S904001,1000160,1,N,N,1,1,1,0
#N/A,S904001,1003078,2,N,N,1,1,79,32000
#N/A,S904002,1003078,1,N,N,1,1,79,0
#N/A,S904002,1000160,2,N,N,1,1,1,30000
#N/A,S905001,1000160,1,N,N,1,1,1,0
#N/A,S905001,1001518,2,N,N,1,1,283,19200
#N/A,S905002,1001518,1,N,N,1,1,283,0
#N/A,S905002,1000160,2,N,N,1,1,1,15100
#N/A,S906001,1000160,1,N,N,1,1,1,0
#N/A,S906001,1004343,2,N,N,1,1,0,15300
#N/A,S906002,1004343,1,N,N,1,1,0,0
#N/A,S906002,1000160,2,N,N,1,1,1,14000
#N/A,S907001,1000160,1,N,N,1,1,1,0
#N/A,S907001,1001512,2,N,N,1,1,43,14700
#N/A,S907002,1001512,1,N,N,1,1,43,0
#N/A,S907002,1000160,2,N,N,1,1,1,13000
T1200,T120002,1001633,1,N,N,1,1,94,0
T1200,T120002,1003270,2,N,N,1,1,338,583
T1200,T120002,1001692,3,N,N,1,1,2,1571
T1200,T120002,1004075,4,N,N,1,1,91,2075
T1200,T120002,1004007,5,N,N,1,1,179,2539
T1200,T120002,1003016,6,N,N,1,1,270,2867
T1200,T120002,1002787,7,N,N,1,1,179,3227
T1200,T120002,1008363,8,N,N,1,1,87,3748
T1200,T120002,1008480,9,N,N,1,1,3,3953
T1200,T120002,1008479,10,N,N,1,1,268,5234
T1200,T120002,1001693,11,N,N,1,1,182,5657
T1200,T120002,1003271,12,N,N,1,1,158,6709
T1200,T120002,1001634,13,N,N,1,1,274,7231
T1200,T120002,1001633,14,N,N,1,1,94,8000
T1800,T180002,1002791,1,N,N,1,1,2,0
T1800,T180002,1003788,2,N,N,1,1,180,440
T1800,T180002,1002372,3,N,N,1,1,180,698
T1800,T180002,1003736,4,N,N,1,1,179,901
T1800,T180002,1001453,5,N,N,1,1,82,1080
T1800,T180002,1004220,6,N,N,1,1,159,1783
T1800,T180002,1002089,7,N,N,1,1,248,2085
T1800,T180002,1001704,8,N,N,1,1,176,2425
T1800,T180002,1008384,9,N,N,1,1,178,2693
T1800,T180002,1001894,10,N,N,1,1,213,2850
T1800,T180002,1001817,11,N,N,1,1,341,3177
T1800,T180002,1008478,12,N,N,1,1,34,3751
T1800,T180002,1001820,13,N,N,1,1,347,3985
T1800,T180002,1003081,14,N,N,1,1,63,4494
T1800,T180002,1001452,15,N,N,1,1,262,4929
T1800,T180002,1003735,16,N,N,1,1,359,5064
T1800,T180002,1002791,17,N,N,1,1,2,5500
#N/A,T190001,1008084,1,N,N,1,1,167,0
#N/A,T190001,1003650,2,N,N,1,1,118,458
#N/A,T190001,1003649,3,N,N,1,1,42,780
#N/A,T190001,1001129,4,N,N,1,1,191,863
#N/A,T190001,1001407,5,N,N,1,1,264,1671
#N/A,T190001,1001450,6,N,N,1,1,348,2085
#N/A,T190001,1002961,7,N,N,1,1,21,2312
#N/A,T190001,1001084,8,N,N,1,1,243,3120
#N/A,T190001,1002945,9,N,N,1,1,162,3271
#N/A,T190001,1003000,10,N,N,1,1,245,3471
#N/A,T190001,1004032,11,N,N,1,1,331,3594
#N/A,T190001,1006040,12,N,N,1,1,198,4240
#N/A,T190001,1000299,13,N,N,1,1,93,4569
#N/A,T190001,1008393,14,N,N,1,1,132,4782
#N/A,T190001,1008394,15,N,N,1,1,135,5012
#N/A,T190001,1002277,16,N,N,1,1,304,5500
#N/A,T190002,1002277,1,N,N,1,1,304,0
#N/A,T190002,1000298,2,N,N,1,1,273,886
#N/A,T190002,1001187,3,N,N,1,1,1,1057
#N/A,T190002,1004025,4,N,N,1,1,272,1623
#N/A,T190002,1004033,5,N,N,1,1,151,2704
#N/A,T190002,1002999,6,N,N,1,1,65,2831
#N/A,T190002,1002997,7,N,N,1,1,342,3029
#N/A,T190002,1002334,8,N,N,1,1,63,3321
#N/A,T190002,1001085,9,N,N,1,1,115,3717
#N/A,T190002,1000004,10,N,N,1,1,198,3953
#N/A,T190002,1001843,11,N,N,1,1,201,4215
#N/A,T190002,1002375,12,N,N,1,1,168,4454
#N/A,T190002,1001451,13,N,N,1,1,84,4864
#N/A,T190002,1001128,14,N,N,1,1,222,5587
#N/A,T190002,1001126,15,N,N,1,1,222,5680
#N/A,T190002,1003191,16,N,N,1,1,298,6015
#N/A,T190002,1008084,17,N,N,1,1,167,6200
T2000,T200002,1001801,1,N,N,1,1,182,0
T2000,T200002,1001322,2,N,N,1,1,105,610
T2000,T200002,1003572,3,N,N,1,1,334,1731
T2000,T200002,1000972,4,N,N,1,1,100,4766
T2000,T200002,1000414,5,N,N,1,1,280,5069
T2000,T200002,1000415,6,N,N,1,1,275,5662
T2000,T200002,1000408,7,N,N,1,1,292,5810
T2000,T200002,1000405,8,N,N,1,1,293,6133
T2000,T200002,1000409,9,N,N,1,1,88,6509
T2000,T200002,1000410,10,N,N,1,1,95,6642
T2000,T200002,1000413,11,N,N,1,1,217,6955
T2000,T200002,1000411,12,N,N,1,1,155,7224
T2000,T200002,1000412,13,N,N,1,1,82,7436
T2000,T200002,1003572,14,N,N,1,1,334,10276
T2000,T200002,1001322,15,N,N,1,1,105,12276
T2000,T200002,1001801,16,N,N,1,1,182,13000
T2010,T201001,1001801,1,N,N,1,1,182,0
T2010,T201001,1001322,2,N,N,1,1,105,610
T2010,T201001,1003572,3,N,N,1,1,334,1731
T2010,T201001,1003525,4,N,N,1,1,360,5447
T2010,T201001,1000554,5,N,N,1,1,360,5648
T2010,T201001,1003881,6,N,N,1,1,88,5929
T2010,T201001,1000216,7,N,N,1,1,91,6159
T2010,T201001,1003500,8,N,N,1,1,88,6576
T2010,T201001,1002956,9,N,N,1,1,360,6935
T2010,T201001,1003377,10,N,N,1,1,271,7292
T2010,T201001,1002583,11,N,N,1,1,271,7768
T2010,T201001,1001916,12,N,N,1,1,0,8097
T2010,T201001,1001950,13,N,N,1,1,68,8440
T2010,T201001,1003560,14,N,N,1,1,310,8855
T2010,T201001,1006093,15,N,N,1,1,225,9000
T2010,T201001,1003796,16,N,N,1,1,228,9165
T2010,T201001,1003556,17,N,N,1,1,284,9433
T2010,T201001,1003779,18,N,N,1,1,284,9691
T2010,T201001,1003743,19,N,N,1,1,272,10319
T2010,T201001,1000895,20,N,N,1,1,317,10665
T2010,T201001,1000141,21,N,N,1,1,278,10946
T2010,T201001,1000880,22,N,N,1,1,252,11290
T2010,T201001,1002132,23,N,N,1,1,189,12735
T2010,T201002,1002132,1,N,N,1,1,189,0
T2010,T201002,1000881,2,N,N,1,1,72,782
T2010,T201002,1002373,3,N,N,1,1,98,1155
T2010,T201002,1001532,4,N,N,1,1,93,1486
T2010,T201002,1003607,5,N,N,1,1,93,1637
T2010,T201002,1003754,6,N,N,1,1,92,1770
T2010,T201002,1003862,7,N,N,1,1,104,2451
T2010,T201002,1003557,8,N,N,1,1,104,2675
T2010,T201002,1002447,9,N,N,1,1,37,2889
T2010,T201002,1003559,10,N,N,1,1,130,3227
T2010,T201002,1001951,11,N,N,1,1,225,3739
T2010,T201002,1003439,12,N,N,1,1,180,4010
T2010,T201002,1001585,13,N,N,1,1,91,4413
T2010,T201002,1003376,14,N,N,1,1,91,4793
T2010,T201002,1002928,15,N,N,1,1,180,5154
T2010,T201002,1000217,16,N,N,1,1,268,5475
T2010,T201002,1002474,17,N,N,1,1,271,5967
T2010,T201002,1003882,18,N,N,1,1,268,6207
T2010,T201002,1000555,19,N,N,1,1,180,6506
T2010,T201002,1003526,20,N,N,1,1,180,6778
T2010,T201002,1003571,21,N,N,1,1,154,10208
T2010,T201002,1001321,22,N,N,1,1,285,11591
T2010,T201002,1001801,23,N,N,1,1,182,12207
T2020,T202002,1001831,1,N,N,1,1,316,0
T2020,T202002,1000721,2,N,N,1,1,220,474
T2020,T202002,1003746,3,N,N,1,1,305,673
T2020,T202002,1001351,4,N,N,1,1,360,940
T2020,T202002,1003346,5,N,N,1,1,272,1488
T2020,T202002,1000558,6,N,N,1,1,21,2019
T2020,T202002,1004217,7,N,N,1,1,1,2399
T2020,T202002,1002973,8,N,N,1,1,351,2693
T2020,T202002,1000559,9,N,N,1,1,331,2866
T2020,T202002,1001948,10,N,N,1,1,326,3245
T2020,T202002,1001051,11,N,N,1,1,299,3642
T2020,T202002,1003974,12,N,N,1,1,277,4007
T2020,T202002,1000848,13,N,N,1,1,209,4240
T2020,T202002,1002908,14,N,N,1,1,202,4454
T2020,T202002,1003459,15,N,N,1,1,206,4774
T2020,T202002,1002943,16,N,N,1,1,202,4954
T2020,T202002,1002858,17,N,N,1,1,205,5164
T2020,T202002,1001521,18,N,N,1,1,206,5531
T2020,T202002,1008336,19,N,N,1,1,179,5951
T2020,T202002,1001789,20,N,N,1,1,218,6770
T2020,T202002,1006202,21,N,N,1,1,335,6863
T2020,T202002,1006203,22,N,N,1,1,74,6995
T2020,T202002,1000382,23,N,N,1,1,45,7120
T2020,T202002,1001520,24,N,N,1,1,26,7423
T2020,T202002,1002857,25,N,N,1,1,25,7603
T2020,T202002,1002942,26,N,N,1,1,27,7791
T2020,T202002,1003458,27,N,N,1,1,26,8105
T2020,T202002,1002218,28,N,N,1,1,19,8403
T2020,T202002,1000847,29,N,N,1,1,26,8719
T2020,T202002,1003973,30,N,N,1,1,115,8902
T2020,T202002,1001052,31,N,N,1,1,119,9298
T2020,T202002,1000557,32,N,N,1,1,146,9811
T2020,T202002,1003975,33,N,N,1,1,171,10217
T2020,T202002,1004218,34,N,N,1,1,180,10547
T2020,T202002,1001548,35,N,N,1,1,201,10805
T2020,T202002,1003449,36,N,N,1,1,179,11108
T2020,T202002,1003345,37,N,N,1,1,92,11456
T2020,T202002,1001648,38,N,N,1,1,116,11756
T2020,T202002,1000768,39,N,N,1,1,39,11997
T2020,T202002,1000772,40,N,N,1,1,40,12327
T2020,T202002,1000786,41,N,N,1,1,317,12612
T2020,T202002,1001914,42,N,N,1,1,45,12923
T2020,T202002,1003217,43,N,N,1,1,45,13145
T2020,T202002,1003567,44,N,N,1,1,49,13364
T2020,T202002,1001322,45,N,N,1,1,105,13680
T2020,T202002,1000795,46,N,N,1,1,197,13960
T2020,T202002,1002951,47,N,N,1,1,229,14361
T2020,T202002,1002888,48,N,N,1,1,181,14501
T2020,T202002,1003687,49,N,N,1,1,225,14771
T2020,T202002,1001831,50,N,N,1,1,316,15300
T2030,T203002,1001831,1,N,N,1,1,316,0
T2030,T203002,1000721,2,N,N,1,1,220,214
T2030,T203002,1003746,3,N,N,1,1,305,412
T2030,T203002,1001351,4,N,N,1,1,360,678
T2030,T203002,1003346,5,N,N,1,1,272,1221
T2030,T203002,1000195,6,N,N,1,1,179,1524
T2030,T203002,1002518,7,N,N,1,1,177,1700
T2030,T203002,1000397,8,N,N,1,1,217,2136
T2030,T203002,1002591,9,N,N,1,1,258,2369
T2030,T203002,1003601,10,N,N,1,1,227,2816
T2030,T203002,1002261,11,N,N,1,1,229,3096
T2030,T203002,1002451,12,N,N,1,1,125,3413
T2030,T203002,1001350,13,N,N,1,1,42,3572
T2030,T203002,1002445,14,N,N,1,1,44,3703
T2030,T203002,1002446,15,N,N,1,1,103,3828
T2030,T203002,1002443,16,N,N,1,1,138,4455
T2030,T203002,1002450,17,N,N,1,1,138,4676
T2030,T203002,1001741,18,N,N,1,1,53,5065
T2030,T203002,1000516,19,N,N,1,1,55,5436
T2030,T203002,1003248,20,N,N,1,1,325,5822
T2030,T203002,1003317,21,N,N,1,1,316,6122
T2030,T203002,1003751,22,N,N,1,1,316,6271
T2030,T203002,1006097,23,N,N,1,1,46,7043
T2030,T203002,1006098,24,N,N,1,1,45,7179
T2030,T203002,1006099,25,N,N,1,1,275,7492
T2030,T203002,1000396,26,N,N,1,1,62,7813
T2030,T203002,1003636,27,N,N,1,1,357,8249
T2030,T203002,1001899,28,N,N,1,1,359,8435
T2030,T203002,1006100,29,N,N,1,1,0,8585
T2030,T203002,1003345,30,N,N,1,1,92,8736
T2030,T203002,1001648,31,N,N,1,1,116,9016
T2030,T203002,1000768,32,N,N,1,1,39,9245
T2030,T203002,1000772,33,N,N,1,1,40,9570
T2030,T203002,1000786,34,N,N,1,1,317,9835
T2030,T203002,1001914,35,N,N,1,1,45,10163
T2030,T203002,1003567,36,N,N,1,1,49,10575
T2030,T203002,1001322,37,N,N,1,1,105,10883
T2030,T203002,1000795,38,N,N,1,1,197,11160
T2030,T203002,1002951,39,N,N,1,1,229,11558
T2030,T203002,1002888,40,N,N,1,1,181,11706
T2030,T203002,1003687,41,N,N,1,1,225,11962
T2030,T203002,1001831,42,N,N,1,1,316,12300
T2040,T204002,1003974,1,N,N,1,1,277,0
T2040,T204002,1000863,2,N,N,1,1,180,1368
T2040,T204002,1003592,3,N,N,1,1,270,1709
T2040,T204002,1000579,4,N,N,1,1,270,2084
T2040,T204002,1000002,5,N,N,1,1,270,2634
T2040,T204002,1001364,6,N,N,1,1,270,2904
T2040,T204002,1001507,7,N,N,1,1,179,3215
T2040,T204002,1001176,8,N,N,1,1,179,3547
T2040,T204002,1000843,9,N,N,1,1,276,3722
T2040,T204002,1001491,10,N,N,1,1,1,3956
T2040,T204002,1002018,11,N,N,1,1,5,4276
T2040,T204002,1002755,12,N,N,1,1,353,4529
T2040,T204002,1001708,13,N,N,1,1,262,5060
T2040,T204002,1001445,14,N,N,1,1,262,5269
T2040,T204002,1001728,15,N,N,1,1,262,5529
T2040,T204002,1002356,16,N,N,1,1,4,5790
T2040,T204002,1003330,17,N,N,1,1,3,6447
T2040,T204002,1001167,18,N,N,1,1,19,6681
T2040,T204002,1001554,19,N,N,1,1,4,6874
T2040,T204002,1001635,20,N,N,1,1,6,6976
T2040,T204002,1000192,21,N,N,1,1,25,7189
T2040,T204002,1003566,22,N,N,1,1,95,7535
T2040,T204002,1002448,23,N,N,1,1,78,7824
T2040,T204002,1001139,24,N,N,1,1,97,8014
T2040,T204002,1001140,25,N,N,1,1,53,8101
T2040,T204002,1003261,26,N,N,1,1,53,8189
T2040,T204002,1001142,27,N,N,1,1,83,8470
T2040,T204002,1002449,28,N,N,1,1,29,8722
T2040,T204002,1001143,29,N,N,1,1,283,8907
T2040,T204002,1001141,30,N,N,1,1,292,9136
T2040,T204002,1001726,31,N,N,1,1,230,9212
T2040,T204002,1001145,32,N,N,1,1,230,9436
T2040,T204002,1001144,33,N,N,1,1,235,9618
T2040,T204002,1003565,34,N,N,1,1,275,9860
T2040,T204002,1004264,35,N,N,1,1,182,10005
T2040,T204002,1002584,36,N,N,1,1,205,10242
T2040,T204002,1001636,37,N,N,1,1,186,10408
T2040,T204002,1001555,38,N,N,1,1,199,10744
T2040,T204002,1003331,39,N,N,1,1,183,10912
T2040,T204002,1001166,40,N,N,1,1,183,10970
T2040,T204002,1001874,41,N,N,1,1,184,11592
T2040,T204002,1001892,42,N,N,1,1,82,11871
T2040,T204002,1001444,43,N,N,1,1,82,12122
T2040,T204002,1002756,44,N,N,1,1,173,12889
T2040,T204002,1002091,45,N,N,1,1,185,13056
T2040,T204002,1001505,46,N,N,1,1,185,13409
T2040,T204002,1001506,47,N,N,1,1,96,13700
T2040,T204002,1000844,48,N,N,1,1,359,13876
T2040,T204002,1001292,49,N,N,1,1,359,14162
T2040,T204002,1001365,50,N,N,1,1,90,14547
T2040,T204002,1002362,51,N,N,1,1,90,14844
T2040,T204002,1000580,52,N,N,1,1,90,15274
T2040,T204002,1001168,53,N,N,1,1,90,15389
T2040,T204002,1003594,54,N,N,1,1,90,15619
T2040,T204002,1000862,55,N,N,1,1,0,16021
T2040,T204002,1003951,56,N,N,1,1,360,16438
T2040,T204002,1003954,57,N,N,1,1,360,16905
T2040,T204002,1003950,58,N,N,1,1,321,17344
T2040,T204002,1003948,59,N,N,1,1,317,17612
T2040,T204002,1003949,60,N,N,1,1,90,17838
T2040,T204002,1003953,61,N,N,1,1,132,18157
T2040,T204002,1003956,62,N,N,1,1,181,18332
T2040,T204002,1003957,63,N,N,1,1,181,18555
T2040,T204002,1003955,64,N,N,1,1,180,18823
T2040,T204002,1003952,65,N,N,1,1,179,19160
T2040,T204002,1000479,66,N,N,1,1,89,19549
T2040,T204002,1003974,67,N,N,1,1,277,20563
T2210,T221002,1001827,1,N,N,1,1,348,0
T2210,T221002,1004212,2,N,N,1,1,52,773
T2210,T221002,1000986,3,N,N,1,1,177,1147
T2210,T221002,1000450,5,N,N,1,1,145,1683
T2210,T221002,1002626,6,N,N,1,1,54,2066
T2210,T221002,1003394,7,N,N,1,1,32,2291
T2210,T221002,1001964,8,N,N,1,1,321,2672
T2210,T221002,1002290,9,N,N,1,1,321,3001
T2210,T221002,1000342,10,N,N,1,1,324,3306
T2210,T221002,1006132,11,N,N,1,1,307,3722
T2210,T221002,1002462,12,N,N,1,1,58,3985
T2210,T221002,1001368,13,N,N,1,1,103,4627
T2210,T221002,1000866,14,N,N,1,1,191,5295
T2210,T221002,1000182,15,N,N,1,1,188,5581
T2210,T221002,1006130,16,N,N,1,1,180,5768
T2210,T221002,1007535,17,N,N,1,1,261,6170
T2210,T221002,1006131,18,N,N,1,1,250,6561
T2210,T221002,1007536,19,N,N,1,1,314,6934
T2210,T221002,1003775,20,N,N,1,1,230,7185
T2210,T221002,1006133,21,N,N,1,1,53,7521
T2210,T221002,1006134,22,N,N,1,1,56,7814
T2210,T221002,1006135,23,N,N,1,1,48,8172
T2210,T221002,1006136,24,N,N,1,1,300,8621
T2210,T221002,1003206,25,N,N,1,1,234,8805
T2210,T221002,1003603,26,N,N,1,1,325,9230
T2210,T221002,1000458,27,N,N,1,1,54,9515
T2210,T221002,1006745,28,N,N,1,1,227,10146
T2210,T221002,1001827,29,N,N,1,1,348,11500
T2220,T222002,1000802,1,N,N,1,1,134,0
T2220,T222002,1006105,2,N,N,1,1,245,289
T2220,T222002,1002723,3,N,N,1,1,155,811
T2220,T222002,1000029,4,N,N,1,1,198,1403
T2220,T222002,1004101,5,N,N,1,1,198,3860
T2220,T222002,1006107,6,N,N,1,1,180,4546
T2220,T222002,1006108,7,N,N,1,1,202,4803
T2220,T222002,1000677,8,N,N,1,1,279,5712
T2220,T222002,1006109,9,N,N,1,1,189,6071
T2220,T222002,1006110,10,N,N,1,1,94,6571
T2220,T222002,1003382,11,N,N,1,1,354,6734
T2220,T222002,1000042,12,N,N,1,1,354,6806
T2220,T222002,1000575,13,N,N,1,1,269,7226
T2220,T222002,1002870,14,N,N,1,1,283,7629
T2220,T222002,1000181,15,N,N,1,1,8,7988
T2220,T222002,1000865,16,N,N,1,1,11,8317
T2220,T222002,1000868,17,N,N,1,1,283,8616
T2220,T222002,1002463,18,N,N,1,1,238,9405
T2220,T222002,1003775,19,N,N,1,1,230,9699
T2220,T222002,1003152,20,N,N,1,1,141,10080
T2220,T222002,1003748,21,N,N,1,1,141,10345
T2220,T222002,1003877,22,N,N,1,1,156,10656
T2220,T222002,1000986,23,N,N,1,1,177,10995
T2220,T222002,1000450,24,N,N,1,1,145,11538
T2220,T222002,1002626,25,N,N,1,1,54,11812
T2220,T222002,1006745,26,N,N,1,1,227,12234
T2220,T222002,1001827,27,N,N,1,1,348,12837
T2220,T222002,1004212,28,N,N,1,1,52,13572
T2220,T222002,1002462,29,N,N,1,1,58,15216
T2220,T222002,1001368,30,N,N,1,1,103,15929
T2220,T222002,1000866,31,N,N,1,1,191,16439
T2220,T222002,1000182,32,N,N,1,1,188,16782
T2220,T222002,1001989,33,N,N,1,1,89,17240
T2220,T222002,1003383,34,N,N,1,1,174,17971
T2220,T222002,1003396,35,N,N,1,1,181,18196
T2220,T222002,1006112,36,N,N,1,1,9,18643
T2220,T222002,1000678,37,N,N,1,1,92,19019
T2220,T222002,1004167,38,N,N,1,1,31,19363
T2220,T222002,1004168,39,N,N,1,1,91,19890
T2220,T222002,1006113,40,N,N,1,1,9,20141
T2220,T222002,1000145,41,N,N,1,1,299,21207
T2220,T222002,1001988,42,N,N,1,1,272,21710
T2220,T222002,1002172,43,N,N,1,1,24,21954
T2220,T222002,1001987,44,N,N,1,1,16,22173
T2220,T222002,1000144,45,N,N,1,1,131,22678
T2220,T222002,1000028,46,N,N,1,1,16,23217
T2220,T222002,1002724,47,N,N,1,1,335,23763
T2220,T222002,1000803,48,N,N,1,1,314,24093
T2220,T222002,1000802,49,N,N,1,1,134,24200
T2230,T223002,1001822,1,N,N,1,1,53,0
T2230,T223002,1002812,2,N,N,1,1,41,645
T2230,T223002,1002332,3,N,N,1,1,33,749
T2230,T223002,1001267,4,N,N,1,1,11,1056
T2230,T223002,1002490,5,N,N,1,1,272,1585
T2230,T223002,1001180,6,N,N,1,1,92,1828
T2230,T223002,1002471,7,N,N,1,1,52,2492
T2230,T223002,1008386,8,N,N,1,1,7,3197
T2230,T223002,1001278,9,N,N,1,1,108,3503
T2230,T223002,1001311,10,N,N,1,1,125,3698
T2230,T223002,1000995,11,N,N,1,1,14,4001
T2230,T223002,1001761,12,N,N,1,1,31,4346
T2230,T223002,1002005,13,N,N,1,1,289,4745
T2230,T223002,1001394,14,N,N,1,1,193,5113
T2230,T223002,1001391,15,N,N,1,1,197,5664
T2230,T223002,1001204,16,N,N,1,1,250,6445
T2230,T223002,1002125,17,N,N,1,1,272,7045
T2230,T223002,1002490,18,N,N,1,1,272,7282
T2230,T223002,1002214,19,N,N,1,1,278,7787
T2230,T223002,1001822,20,N,N,1,1,53,8400
T2240,T224002,1001800,1,N,N,1,1,271,0
T2240,T224002,1002279,2,N,N,1,1,18,426
T2240,T224002,1001778,3,N,N,1,1,79,609
T2240,T224002,1000577,4,N,N,1,1,90,759
T2240,T224002,1001803,5,N,N,1,1,180,859
T2240,T224002,1002603,6,N,N,1,1,180,985
T2240,T224002,1002412,7,N,N,1,1,272,1237
T2240,T224002,1006119,8,N,N,1,1,92,1711
T2240,T224002,1001663,9,N,N,1,1,106,1894
T2240,T224002,1004097,10,N,N,1,1,165,2093
T2240,T224002,1003635,11,N,N,1,1,101,2333
T2240,T224002,1002395,12,N,N,1,1,184,2604
T2240,T224002,1001519,13,N,N,1,1,220,2912
T2240,T224002,1003423,14,N,N,1,1,280,3071
T2240,T224002,1004151,15,N,N,1,1,280,3414
T2240,T224002,1002773,16,N,N,1,1,280,4261
T2240,T224002,1000711,17,N,N,1,1,8,4718
T2240,T224002,1000016,18,N,N,1,1,5,4924
T2240,T224002,1004200,19,N,N,1,1,358,5131
T2240,T224002,1000081,20,N,N,1,1,106,5319
T2240,T224002,1002432,21,N,N,1,1,6,5615
T2240,T224002,1006120,22,N,N,1,1,101,6266
T2240,T224002,1000625,23,N,N,1,1,281,6813
T2240,T224002,1002616,24,N,N,1,1,351,7881
T2240,T224002,1003762,25,N,N,1,1,266,8362
T2240,T224002,1001800,26,N,N,1,1,271,8573
T2500,T250002,1001835,1,N,N,1,1,307,0
T2500,T250002,1000750,2,N,N,1,1,313,337
T2500,T250002,1006115,3,N,N,1,1,298,1267
T2500,T250002,1006116,4,N,N,1,1,54,1479
T2500,T250002,1003847,5,N,N,1,1,267,1587
T2500,T250002,1006117,6,N,N,1,1,128,1889
T2500,T250002,1002558,7,N,N,1,1,198,2899
T2500,T250002,1008381,8,N,N,1,1,187,3188
T2500,T250002,1008387,9,N,N,1,1,201,3546
T2500,T250002,1007537,10,N,N,1,1,203,3893
T2500,T250002,1007538,11,N,N,1,1,157,4317
T2500,T250002,1007539,12,N,N,1,1,156,4569
T2500,T250002,1003849,13,N,N,1,1,54,4854
T2500,T250002,1007521,14,N,N,1,1,45,5120
T2500,T250002,1006118,15,N,N,1,1,238,5482
T2500,T250002,1008388,16,N,N,1,1,12,6033
T2500,T250002,1008382,17,N,N,1,1,7,6429
T2500,T250002,1008380,18,N,N,1,1,46,6792
T2500,T250002,1002545,19,N,N,1,1,226,7701
T2500,T250002,1003846,20,N,N,1,1,87,7999
T2500,T250002,1003489,21,N,N,1,1,284,8108
T2500,T250002,1008325,22,N,N,1,1,213,8343
T2500,T250002,1003848,23,N,N,1,1,133,9427
T2500,T250002,1001834,24,N,N,1,1,127,8799
T2500,T250002,1006268,25,N,N,1,1,323,11270
T2500,T250002,1002266,26,N,N,1,1,55,11598
T2500,T250002,1000349,27,N,N,1,1,90,11847
T2500,T250002,1000345,28,N,N,1,1,150,12130
T2500,T250002,1000344,29,N,N,1,1,150,12310
T2500,T250002,1000341,30,N,N,1,1,191,12559
T2500,T250002,1000330,31,N,N,1,1,228,12770
T2500,T250002,1001835,32,N,N,1,1,307,13850
T2501,T250102,1001835,1,N,N,1,1,307,0
T2501,T250102,1000750,2,N,N,1,1,313,337
T2501,T250102,1006115,3,N,N,1,1,298,1267
T2501,T250102,1006116,4,N,N,1,1,54,1479
T2501,T250102,1003847,5,N,N,1,1,267,1587
T2501,T250102,1006117,6,N,N,1,1,128,1889
T2501,T250102,1002558,7,N,N,1,1,198,2899
T2501,T250102,1008381,8,N,N,1,1,187,3188
T2501,T250102,1008387,9,N,N,1,1,201,3546
T2501,T250102,1007537,10,N,N,1,1,203,3893
T2501,T250102,1007538,11,N,N,1,1,157,4317
T2501,T250102,1007539,12,N,N,1,1,156,4569
T2501,T250102,1003849,13,N,N,1,1,54,4854
T2501,T250102,1007521,14,N,N,1,1,45,5120
T2501,T250102,1006118,15,N,N,1,1,238,5482
T2501,T250102,1008388,16,N,N,1,1,12,6033
T2501,T250102,1008382,17,N,N,1,1,7,6429
T2501,T250102,1008380,18,N,N,1,1,46,6792
T2501,T250102,1002545,19,N,N,1,1,226,7701
T2501,T250102,1003846,20,N,N,1,1,87,7999
T2501,T250102,1003489,21,N,N,1,1,284,8108
T2501,T250102,1008325,22,N,N,1,1,213,8343
T2501,T250102,1003848,23,N,N,1,1,133,8799
T2501,T250102,1001834,24,N,N,1,1,127,9427
T2501,T250102,1000551,25,N,N,1,1,127,9834
T2501,T250102,1006268,26,N,N,1,1,323,11270
T2501,T250102,1002266,27,N,N,1,1,55,11598
T2501,T250102,1000349,28,N,N,1,1,90,11847
T2501,T250102,1000345,29,N,N,1,1,150,12130
T2501,T250102,1000344,30,N,N,1,1,150,12310
T2501,T250102,1000341,31,N,N,1,1,191,12559
T2501,T250102,1000330,32,N,N,1,1,228,12770
T2501,T250102,1001835,33,N,N,1,1,307,13800
T2501,T250102,1000516,34,N,N,1,1,55,14200
T2501,T250102,1000983,35,N,N,1,1,234,14600
T2501,T250102,1001199,36,N,N,1,1,56,15000
T2501,T250102,1001400,37,N,N,1,1,41,15400
T2501,T250102,1002684,38,N,N,1,1,230,15800
T2501,T250102,1000423,39,N,N,1,1,221,16200
T2510,T251002,1001827,1,N,N,1,1,348,0
T2510,T251002,1004212,2,N,N,1,1,52,563
T2510,T251002,1000986,3,N,N,1,1,177,1129
T2510,T251002,1000450,4,N,N,1,1,145,1679
T2510,T251002,1002626,5,N,N,1,1,54,2037
T2510,T251002,1006745,6,N,N,1,1,227,2796
T2510,T251002,1006746,7,N,N,1,1,221,3034
T2510,T251002,1008647,8,N,N,1,1,167,3857
T2510,T251002,1007524,9,N,N,1,1,283,4505
T2510,T251002,1003859,10,N,N,1,1,304,4968
T2510,T251002,1003850,11,N,N,1,1,215,5224
T2510,T251002,1002273,12,N,N,1,1,181,5498
T2510,T251002,1002972,13,N,N,1,1,90,5785
T2510,T251002,1004237,14,N,N,1,1,107,6174
T2510,T251002,1001006,15,N,N,1,1,102,6629
T2510,T251002,1000751,16,N,N,1,1,208,6925
T2510,T251002,1003617,17,N,N,1,1,277,7084
T2510,T251002,1000623,18,N,N,1,1,7,7443
T2510,T251002,1008491,19,N,N,1,1,74,7913
T2510,T251002,1003603,20,N,N,1,1,325,9084
T2510,T251002,1000458,21,N,N,1,1,54,9303
T2510,T251002,1006745,22,N,N,1,1,227,9910
T2510,T251002,1001827,23,N,N,1,1,348,11200
T2520,T252002,1000760,1,N,N,1,1,10,0
T2520,T252002,1008284,2,N,N,1,1,112,1217
T2520,T252002,1008285,3,N,N,1,1,35,2089
T2520,T252002,1000833,4,N,N,1,1,215,2482
T2520,T252002,1008287,5,N,N,1,1,94,3290
T2520,T252002,1008288,6,N,N,1,1,43,3510
T2520,T252002,1008280,7,N,N,1,1,137,4800
T2520,T252002,1008281,8,N,N,1,1,208,5081
T2520,T252002,1003393,9,N,N,1,1,245,5494
T2520,T252002,1008282,10,N,N,1,1,258,5827
T2520,T252002,1003851,11,N,N,1,1,145,6309
T2520,T252002,1003850,12,N,N,1,1,215,7052
T2520,T252002,1002273,13,N,N,1,1,181,7180
T2520,T252002,1002972,14,N,N,1,1,90,7461
T2520,T252002,1008283,15,N,N,1,1,192,8039
T2520,T252002,1000760,16,N,N,1,1,10,9300
T3000,T300002,1003681,1,N,N,1,1,211,0
T3000,T300002,1000794,2,N,N,1,1,302,97
T3000,T300002,1003349,3,N,N,1,1,307,552
T3000,T300002,1000566,4,N,N,1,1,303,754
T3000,T300002,1003150,5,N,N,1,1,303,959
T3000,T300002,1002898,6,N,N,1,1,302,1175
T3000,T300002,1003989,7,N,N,1,1,346,1365
T3000,T300002,1004148,8,N,N,1,1,344,1628
T3000,T300002,1003426,9,N,N,1,1,279,1795
T3000,T300002,1002878,10,N,N,1,1,275,2151
T3000,T300002,1002808,11,N,N,1,1,351,2542
T3000,T300002,1001573,12,N,N,1,1,336,2771
T3000,T300002,1000539,13,N,N,1,1,247,2946
T3000,T300002,1000084,14,N,N,1,1,294,4198
T3000,T300002,1090084,15,N,N,1,1,294,4716
T3000,T300002,1000019,16,N,N,1,1,67,5933
T3000,T300002,1001574,17,N,N,1,1,156,6174
T3000,T300002,1002807,18,N,N,1,1,171,6416
T3000,T300002,1003006,19,N,N,1,1,95,6840
T3000,T300002,1003038,20,N,N,1,1,78,7045
T3000,T300002,1004149,21,N,N,1,1,164,7451
T3000,T300002,1000089,22,N,N,1,1,164,7582
T3000,T300002,1002897,23,N,N,1,1,122,7766
T3000,T300002,1003151,24,N,N,1,1,123,8004
T3000,T300002,1003812,25,N,N,1,1,123,8234
T3000,T300002,1002970,26,N,N,1,1,34,8547
T3000,T300002,1003435,27,N,N,1,1,2,8871
T3000,T300002,1000609,28,N,N,1,1,82,9167
T3000,T300002,1003436,29,N,N,1,1,179,9803
T3000,T300002,1003783,30,N,N,1,1,186,10016
T3000,T300002,1003681,31,N,N,1,1,211,10400
#N/A,T300902,1003681,1,N,N,1,1,211,0
#N/A,T300902,1000794,2,N,N,1,1,302,97
#N/A,T300902,1003349,3,N,N,1,1,307,552
#N/A,T300902,1000566,4,N,N,1,1,303,754
#N/A,T300902,1003150,5,N,N,1,1,303,959
#N/A,T300902,1002898,6,N,N,1,1,302,1175
#N/A,T300902,1003989,7,N,N,1,1,346,1365
#N/A,T300902,1004148,8,N,N,1,1,344,1628
#N/A,T300902,1003426,9,N,N,1,1,279,1795
#N/A,T300902,1002878,10,N,N,1,1,275,2151
#N/A,T300902,1002808,11,N,N,1,1,351,2542
#N/A,T300902,1001573,12,N,N,1,1,336,2771
#N/A,T300902,1000539,13,N,N,1,1,247,2946
#N/A,T300902,1000084,14,N,N,1,1,294,4198
#N/A,T300902,1090084,15,N,N,1,1,294,4716
#N/A,T300902,1000019,16,N,N,1,1,67,5933
#N/A,T300902,1001574,17,N,N,1,1,156,6174
#N/A,T300902,1002807,18,N,N,1,1,171,6416
#N/A,T300902,1003006,19,N,N,1,1,95,6840
#N/A,T300902,1003038,20,N,N,1,1,78,7045
#N/A,T300902,1004149,21,N,N,1,1,164,7451
#N/A,T300902,1000089,22,N,N,1,1,164,7582
#N/A,T300902,1002897,23,N,N,1,1,122,7766
#N/A,T300902,1003151,24,N,N,1,1,123,8004
#N/A,T300902,1003812,25,N,N,1,1,123,8234
#N/A,T300902,1002970,26,N,N,1,1,34,8547
#N/A,T300902,1003435,27,N,N,1,1,2,8871
#N/A,T300902,1000609,28,N,N,1,1,82,9167
#N/A,T300902,1003436,29,N,N,1,1,179,9803
#N/A,T300902,1003783,30,N,N,1,1,186,10016
#N/A,T300902,1003681,31,N,N,1,1,211,10400
T3010,T301001,1000083,1,N,N,1,1,114,0
T3010,T301001,1000546,2,N,N,1,1,129,406
T3010,T301001,1003933,3,N,N,1,1,119,919
T3010,T301001,1001783,4,N,N,1,1,126,1297
T3010,T301001,1000602,5,N,N,1,1,122,1671
T3010,T301001,1003422,6,N,N,1,1,216,2293
T3010,T301001,1004117,7,N,N,1,1,188,2755
T3010,T301001,1000005,8,N,N,1,1,203,3125
T3010,T301001,1001258,9,N,N,1,1,175,3437
T3010,T301001,1002863,10,N,N,1,1,53,3731
T3010,T301001,1003283,11,N,N,1,1,171,4177
T3010,T301001,1003737,12,N,N,1,1,93,4391
T3010,T301001,1001315,13,N,N,1,1,93,4664
T3010,T301001,1003724,14,N,N,1,1,147,4941
T3010,T301001,1003803,15,N,N,1,1,72,5217
T3010,T301001,1002797,16,N,N,1,1,123,5487
T3010,T301001,1001925,17,N,N,1,1,104,5693
T3010,T301001,1002384,18,N,N,1,1,94,5988
T3010,T301001,1001711,19,N,N,1,1,360,6233
T3010,T301001,1003479,20,N,N,1,1,1,6459
T3010,T301001,1003795,21,N,N,1,1,82,6637
T3010,T301001,1001348,22,N,N,1,1,86,6918
T3010,T301001,1003461,23,N,N,1,1,60,7004
T3010,T301001,1000716,24,N,N,1,1,70,7434
T3010,T301001,1000971,25,N,N,1,1,27,8051
T3010,T301002,1000971,1,N,N,1,1,27,0
T3010,T301002,1000717,2,N,N,1,1,250,216
T3010,T301002,1003462,3,N,N,1,1,240,633
T3010,T301002,1001349,4,N,N,1,1,266,725
T3010,T301002,1003794,5,N,N,1,1,262,1019
T3010,T301002,1002935,6,N,N,1,1,185,1170
T3010,T301002,1001712,7,N,N,1,1,180,1345
T3010,T301002,1002385,8,N,N,1,1,274,1620
T3010,T301002,1000567,9,N,N,1,1,284,1939
T3010,T301002,1003252,10,N,N,1,1,303,2097
T3010,T301002,1003804,11,N,N,1,1,252,2408
T3010,T301002,1003723,12,N,N,1,1,327,2725
T3010,T301002,1001316,13,N,N,1,1,273,2970
T3010,T301002,1002894,14,N,N,1,1,273,3245
T3010,T301002,1003282,15,N,N,1,1,301,3564
T3010,T301002,1002864,16,N,N,1,1,233,3917
T3010,T301002,1001301,17,N,N,1,1,355,4146
T3010,T301002,1002816,18,N,N,1,1,338,4325
T3010,T301002,1000023,19,N,N,1,1,23,4520
T3010,T301002,1004118,20,N,N,1,1,357,4888
T3010,T301002,1003421,21,N,N,1,1,36,5357
T3010,T301002,1003210,22,N,N,1,1,293,5643
T3010,T301002,1003147,23,N,N,1,1,302,5959
T3010,T301002,1001782,24,N,N,1,1,306,6364
T3010,T301002,1003932,25,N,N,1,1,297,7057
T3010,T301002,1000084,26,N,N,1,1,294,7589
T3010,T301002,1000083,27,N,N,1,1,114,8156
T3020,T302001,1000083,1,N,N,1,1,114,0
T3020,T302001,1000546,2,N,N,1,1,129,408
T3020,T302001,1003933,3,N,N,1,1,119,924
T3020,T302001,1001783,4,N,N,1,1,126,1319
T3020,T302001,1000602,5,N,N,1,1,122,1694
T3020,T302001,1000088,6,N,N,1,1,118,2088
T3020,T302001,1003505,7,N,N,1,1,114,2476
T3020,T302001,1003580,8,N,N,1,1,92,3106
T3020,T302001,1000853,9,N,N,1,1,91,3275
T3020,T302001,1001284,10,N,N,1,1,91,3615
T3020,T302001,1003562,11,N,N,1,1,89,3804
T3020,T302001,1001148,12,N,N,1,1,28,4690
T3020,T302001,1000963,13,N,N,1,1,253,5289
T3020,T302002,1000963,1,N,N,1,1,253,0
T3020,T302002,1001149,2,N,N,1,1,208,512
T3020,T302002,1003563,3,N,N,1,1,304,1479
T3020,T302002,1001283,4,N,N,1,1,271,1691
T3020,T302002,1001093,5,N,N,1,1,271,1921
T3020,T302002,1003581,6,N,N,1,1,272,2141
T3020,T302002,1001254,7,N,N,1,1,272,2305
T3020,T302002,1003514,8,N,N,1,1,330,2656
T3020,T302002,1000447,9,N,N,1,1,294,2977
T3020,T302002,1003210,10,N,N,1,1,293,3306
T3020,T302002,1003147,11,N,N,1,1,302,3626
T3020,T302002,1001782,12,N,N,1,1,306,4044
T3020,T302002,1003932,13,N,N,1,1,297,4730
T3020,T302002,1000084,14,N,N,1,1,294,5255
T3020,T302002,1000083,15,N,N,1,1,114,5787
T3030,T303002,1000084,1,N,N,1,1,294,0
T3030,T303002,1002604,2,N,N,1,1,109,1102
T3030,T303002,1000026,3,N,N,1,1,91,1486
T3030,T303002,1003237,4,N,N,1,1,91,1723
T3030,T303002,1001146,5,N,N,1,1,180,1986
T3030,T303002,1001535,6,N,N,1,1,270,2220
T3030,T303002,1001876,7,N,N,1,1,270,2416
T3030,T303002,1006677,8,N,N,1,1,183,2744
T3030,T303002,1001271,9,N,N,1,1,180,3042
T3030,T303002,1000791,10,N,N,1,1,59,4216
T3030,T303002,1000179,11,N,N,1,1,59,4394
T3030,T303002,1003717,12,N,N,1,1,335,4716
T3030,T303002,1008475,13,N,N,1,1,272,5022
T3030,T303002,1001270,14,N,N,1,1,3,5324
T3030,T303002,1001877,15,N,N,1,1,90,5967
T3030,T303002,1001534,16,N,N,1,1,90,6120
T3030,T303002,1002936,17,N,N,1,1,2,6371
T3030,T303002,1002077,18,N,N,1,1,2,6709
T3030,T303002,1008476,19,N,N,1,1,112,6987
T3030,T303002,1000818,20,N,N,1,1,115,7224
T3030,T303002,1003932,21,N,N,1,1,297,8357
T3030,T303002,1008477,22,N,N,1,1,302,8644
T3030,T303002,1000084,23,N,N,1,1,294,8900
T3040,T304002,1003681,1,N,N,1,1,211,0
T3040,T304002,1000794,2,N,N,1,1,302,97
T3040,T304002,1003322,3,N,N,1,1,215,512
T3040,T304002,1001165,4,N,N,1,1,216,730
T3040,T304002,1000447,5,N,N,1,1,294,1287
T3040,T304002,1003210,6,N,N,1,1,293,1624
T3040,T304002,1003147,7,N,N,1,1,302,1942
T3040,T304002,1001782,8,N,N,1,1,306,2347
T3040,T304002,1003932,9,N,N,1,1,297,3038
T3040,T304002,1000084,10,N,N,1,1,294,3566
T3040,T304002,1000083,11,N,N,1,1,114,4093
T3040,T304002,1000546,12,N,N,1,1,129,4493
T3040,T304002,1003933,13,N,N,1,1,119,5017
T3040,T304002,1001783,14,N,N,1,1,126,5408
T3040,T304002,1000602,15,N,N,1,1,122,5770
T3040,T304002,1000088,16,N,N,1,1,118,6190
T3040,T304002,1003505,17,N,N,1,1,114,6557
T3040,T304002,1000020,18,N,N,1,1,36,6932
T3040,T304002,1002347,19,N,N,1,1,35,7210
T3040,T304002,1003349,20,N,N,1,1,307,7374
T3040,T304002,1002970,21,N,N,1,1,34,7805
T3040,T304002,1003435,22,N,N,1,1,2,8124
T3040,T304002,1000609,23,N,N,1,1,82,8420
T3040,T304002,1003436,24,N,N,1,1,179,9048
T3040,T304002,1003783,25,N,N,1,1,186,9258
T3040,T304002,1003681,26,N,N,1,1,211,9600
T3500,T350002,1001793,1,N,N,1,1,81,0
T3500,T350002,1000353,2,N,N,1,1,88,900
T3500,T350002,1000352,3,N,N,1,1,112,1781
T3500,T350002,1002683,4,N,N,1,1,195,1986
T3500,T350002,1003691,5,N,N,1,1,102,2260
T3500,T350002,1001652,6,N,N,1,1,181,2533
T3500,T350002,1000922,7,N,N,1,1,181,2837
T3500,T350002,1003221,8,N,N,1,1,184,3116
T3500,T350002,1002489,9,N,N,1,1,174,3324
T3500,T350002,1003012,10,N,N,1,1,152,3745
T3500,T350002,1002321,11,N,N,1,1,65,4160
T3500,T350002,1004285,12,N,N,1,1,36,4766
T3500,T350002,1001996,13,N,N,1,1,40,4925
T3500,T350002,1001312,14,N,N,1,1,352,5316
T3500,T350002,1002323,15,N,N,1,1,79,5605
T3500,T350002,1004109,16,N,N,1,1,79,5904
T3500,T350002,1001252,17,N,N,1,1,50,6369
T3500,T350002,1003576,18,N,N,1,1,32,6571
T3500,T350002,1000567,19,N,N,1,1,284,6973
T3500,T350002,1003252,20,N,N,1,1,303,7482
T3500,T350002,1003804,21,N,N,1,1,252,7932
T3500,T350002,1001768,22,N,N,1,1,233,8191
T3500,T350002,1001559,23,N,N,1,1,233,8577
T3500,T350002,1003509,24,N,N,1,1,171,8776
T3500,T350002,1003876,25,N,N,1,1,171,9453
T3500,T350002,1001577,26,N,N,1,1,261,9684
T3500,T350002,1000640,27,N,N,1,1,264,9780
T3500,T350002,1002688,28,N,N,1,1,352,10015
T3500,T350002,1003220,29,N,N,1,1,6,10321
T3500,T350002,1001647,30,N,N,1,1,1,10768
T3500,T350002,1000636,31,N,N,1,1,291,11323
T3500,T350002,1002320,32,N,N,1,1,282,11563
T3500,T350002,1000354,33,N,N,1,1,15,11815
T3500,T350002,1000134,34,N,N,1,1,292,12469
T3500,T350002,1000129,35,N,N,1,1,292,12996
T3500,T350002,1003522,36,N,N,1,1,268,13255
T3500,T350002,1001793,37,N,N,1,1,81,14300
T3510,T351002,1001793,1,N,N,1,1,81,0
T3510,T351002,1000704,2,N,N,1,1,166,554
T3510,T351002,1000964,3,N,N,1,1,358,1038
T3510,T351002,1000728,4,N,N,1,1,106,1386
T3510,T351002,1003691,5,N,N,1,1,102,1889
T3510,T351002,1001651,6,N,N,1,1,243,2287
T3510,T351002,1000992,7,N,N,1,1,252,2546
T3510,T351002,1003749,8,N,N,1,1,249,2698
T3510,T351002,1000610,9,N,N,1,1,249,2900
T3510,T351002,1002238,10,N,N,1,1,270,3283
T3510,T351002,1000927,11,N,N,1,1,262,3512
T3510,T351002,1000189,12,N,N,1,1,176,3746
T3510,T351002,1003307,13,N,N,1,1,176,4020
T3510,T351002,1003351,14,N,N,1,1,176,4286
T3510,T351002,1003924,15,N,N,1,1,88,4825
T3510,T351002,1002044,16,N,N,1,1,86,5283
T3510,T351002,1001177,17,N,N,1,1,355,5637
T3510,T351002,1001755,18,N,N,1,1,89,5897
T3510,T351002,1002489,19,N,N,1,1,174,6418
T3510,T351002,1003148,20,N,N,1,1,253,6919
T3510,T351002,1000362,21,N,N,1,1,253,7122
T3510,T351002,1000715,22,N,N,1,1,34,7822
T3510,T351002,1001486,23,N,N,1,1,81,8083
T3510,T351002,1001908,24,N,N,1,1,213,8279
T3510,T351002,1000634,25,N,N,1,1,213,8872
T3510,T351002,1003166,26,N,N,1,1,216,9128
T3510,T351002,1001319,27,N,N,1,1,73,9792
T3510,T351002,1003211,28,N,N,1,1,73,9958
T3510,T351002,1002488,29,N,N,1,1,354,10444
T3510,T351002,1002688,30,N,N,1,1,352,10646
T3510,T351002,1001754,31,N,N,1,1,269,11037
T3510,T351002,1001280,32,N,N,1,1,266,11387
T3510,T351002,1002045,33,N,N,1,1,266,11577
T3510,T351002,1003925,34,N,N,1,1,268,12030
T3510,T351002,1003990,35,N,N,1,1,358,12323
T3510,T351002,1003350,36,N,N,1,1,358,12592
T3510,T351002,1003306,37,N,N,1,1,356,12883
T3510,T351002,1003689,38,N,N,1,1,82,13404
T3510,T351002,1001962,39,N,N,1,1,90,13606
T3510,T351002,1002821,40,N,N,1,1,90,13761
T3510,T351002,1000110,41,N,N,1,1,69,14031
T3510,T351002,1003811,42,N,N,1,1,69,14247
T3510,T351002,1000636,43,N,N,1,1,291,14849
T3510,T351002,1002320,44,N,N,1,1,282,15107
T3510,T351002,1000354,45,N,N,1,1,15,15493
T3510,T351002,1000134,46,N,N,1,1,292,15692
T3510,T351002,1000129,47,N,N,1,1,292,15839
T3510,T351002,1091793,48,N,N,1,1,81,16369
T3520,T352002,1004054,1,N,N,1,1,64,0
T3520,T352002,1004280,2,N,N,1,1,155,926
T3520,T352002,1001477,3,N,N,1,1,155,1147
T3520,T352002,1004137,4,N,N,1,1,213,1893
T3520,T352002,1002409,5,N,N,1,1,122,2306
T3520,T352002,1004216,6,N,N,1,1,209,2496
T3520,T352002,1002411,7,N,N,1,1,209,2714
T3520,T352002,1002243,8,N,N,1,1,209,2924
T3520,T352002,1002246,9,N,N,1,1,209,3090
T3520,T352002,1002240,10,N,N,1,1,142,3365
T3520,T352002,1002244,11,N,N,1,1,31,3814
T3520,T352002,1003124,12,N,N,1,1,24,4015
T3520,T352002,1000008,13,N,N,1,1,21,4540
T3520,T352002,1003774,14,N,N,1,1,360,5196
T3520,T352002,1004234,15,N,N,1,1,9,5498
T3520,T352002,1003899,16,N,N,1,1,9,5665
T3520,T352002,1000426,17,N,N,1,1,337,5846
T3520,T352002,1001813,18,N,N,1,1,240,6342
T3520,T352002,1000385,19,N,N,1,1,240,6740
T3520,T352002,1002527,20,N,N,1,1,231,7659
T3520,T352002,1001808,21,N,N,1,1,328,7935
T3520,T352002,1001205,22,N,N,1,1,328,8322
T3520,T352002,1001526,23,N,N,1,1,293,8608
T3520,T352002,1001644,24,N,N,1,1,304,8846
T3520,T352002,1001069,25,N,N,1,1,307,9959
T3520,T352002,1003344,26,N,N,1,1,105,10366
T3520,T352002,1001379,27,N,N,1,1,105,10905
T3520,T352002,1003879,28,N,N,1,1,110,11234
T3520,T352002,1001968,29,N,N,1,1,148,11409
T3520,T352002,1001607,30,N,N,1,1,148,11992
T3520,T352002,1001211,31,N,N,1,1,240,12238
T3520,T352002,1003900,32,N,N,1,1,148,12772
T3520,T352002,1002526,33,N,N,1,1,51,13748
T3520,T352002,1000381,34,N,N,1,1,60,14082
T3520,T352002,1001812,35,N,N,1,1,60,14611
T3520,T352002,1001334,36,N,N,1,1,157,14553
T3520,T352002,1002794,37,N,N,1,1,189,15022
T3520,T352002,1003776,38,N,N,1,1,180,15675
T3520,T352002,1000009,39,N,N,1,1,201,16175
T3520,T352002,1003125,40,N,N,1,1,204,16045
T3520,T352002,1003537,41,N,N,1,1,211,16494
T3520,T352002,1002241,42,N,N,1,1,322,16814
T3520,T352002,1002245,43,N,N,1,1,29,16976
T3520,T352002,1002242,44,N,N,1,1,29,17179
T3520,T352002,1002410,45,N,N,1,1,29,17403
T3520,T352002,1002247,46,N,N,1,1,29,17597
T3520,T352002,1002239,47,N,N,1,1,302,18022
T3520,T352002,1000624,48,N,N,1,1,33,19112
T3520,T352002,1004280,49,N,N,1,1,155,19332
T3520,T352002,1001477,50,N,N,1,1,155,19545
T3520,T352002,1004054,51,N,N,1,1,64,19852
T4000,T400001,1003344,1,N,N,1,1,105,0
T4000,T400001,1001206,2,N,N,1,1,148,756
T4000,T400001,1003900,3,N,N,1,1,148,806
T4000,T400001,1000276,4,N,N,1,1,188,1523
T4000,T400001,1002248,5,N,N,1,1,173,1957
T4000,T400001,1004195,6,N,N,1,1,169,2457
T4000,T400001,1001855,7,N,N,1,1,219,3215
T4000,T400001,1002069,8,N,N,1,1,210,3667
T4000,T400001,1000974,9,N,N,1,1,185,4097
T4000,T400001,1004227,10,N,N,1,1,161,4700
T4000,T400001,1002671,11,N,N,1,1,194,4807
T4000,T400001,1000370,12,N,N,1,1,192,5481
T4000,T400001,1000269,13,N,N,1,1,86,5850
T4000,T400001,1002718,14,N,N,1,1,360,5950
T4000,T400001,1002335,15,N,N,1,1,53,6050
T4000,T400001,1002713,16,N,N,1,1,285,6150
T4000,T400001,1003323,17,N,N,1,1,274,6250
T4000,T400001,1003482,18,N,N,1,1,283,6350
T4000,T400001,1000370,19,N,N,1,1,192,7350
T4000,T400001,1002315,20,N,N,1,1,96,9790
T4000,T400001,1003744,21,N,N,1,1,95,10432
T4000,T400001,1002702,22,N,N,1,1,184,10692
T4000,T400001,1002930,23,N,N,1,1,270,10931
T4000,T400001,1002882,24,N,N,1,1,284,11528
T4000,T400001,1002895,25,N,N,1,1,303,12260
T4000,T400001,1000753,26,N,N,1,1,67,12525
T4000,T400001,1001928,27,N,N,1,1,62,13458
T4000,T400001,1003468,28,N,N,1,1,346,14027
T4000,T400001,1004174,29,N,N,1,1,52,14439
T4000,T400001,1004265,30,N,N,1,1,352,14809
T4000,T400001,1000601,31,N,N,1,1,290,15269
T4000,T400001,1000109,32,N,N,1,1,214,15611
T4000,T400001,1001200,33,N,N,1,1,125,15955
T4000,T400001,1002485,34,N,N,1,1,334,16303
T4000,T400002,1002485,1,N,N,1,1,334,0
T4000,T400002,1003615,2,N,N,1,1,305,498
T4000,T400002,1001198,3,N,N,1,1,34,908
T4000,T400002,1004202,4,N,N,1,1,110,1416
T4000,T400002,1004266,5,N,N,1,1,172,2565
T4000,T400002,1004076,6,N,N,1,1,172,2876
T4000,T400002,1004175,7,N,N,1,1,232,3133
T4000,T400002,1003508,8,N,N,1,1,242,3859
T4000,T400002,1003021,9,N,N,1,1,247,4174
T4000,T400002,1003521,10,N,N,1,1,110,4601
T4000,T400002,1001774,11,N,N,1,1,108,4782
T4000,T400002,1002843,12,N,N,1,1,90,5163
T4000,T400002,1002701,13,N,N,1,1,4,5458
T4000,T400002,1001572,14,N,N,1,1,276,5897
T4000,T400002,1000267,15,N,N,1,1,357,5900
T4000,T400002,1003822,16,N,N,1,1,15,5910
T4000,T400002,1003340,17,N,N,1,1,29,6003
T4000,T400002,1003483,18,N,N,1,1,101,6500
T4000,T400002,1003324,19,N,N,1,1,104,6600
T4000,T400002,1002714,20,N,N,1,1,105,6700
T4000,T400002,1002336,21,N,N,1,1,233,6800
T4000,T400002,1002830,22,N,N,1,1,188,6900
T4000,T400002,1000268,23,N,N,1,1,267,7000
T4000,T400002,1000771,24,N,N,1,1,12,7908
T4000,T400002,1002672,25,N,N,1,1,14,8057
T4000,T400002,1001618,26,N,N,1,1,341,8302
T4000,T400002,1000975,27,N,N,1,1,5,8713
T4000,T400002,1003363,28,N,N,1,1,24,8939
T4000,T400002,1001854,29,N,N,1,1,39,9291
T4000,T400002,1003680,30,N,N,1,1,349,9753
T4000,T400002,1000783,31,N,N,1,1,353,10073
T4000,T400002,1003671,32,N,N,1,1,8,10394
T4000,T400002,1001808,33,N,N,1,1,328,10818
T4000,T400002,1001205,34,N,N,1,1,328,11485
T4000,T400002,1001526,35,N,N,1,1,293,11869
T4000,T400002,1001644,36,N,N,1,1,304,12156
T4000,T400002,1001069,37,N,N,1,1,307,12374
T4000,T400002,1003344,38,N,N,1,1,105,13391
T4010,T401001,1003344,1,N,N,1,1,105,0
T4010,T401001,1001206,2,N,N,1,1,148,1248
T4010,T401001,1003900,3,N,N,1,1,148,1428
T4010,T401001,1000276,4,N,N,1,1,188,1595
T4010,T401001,1002995,5,N,N,1,1,221,3605
T4010,T401001,1002992,6,N,N,1,1,313,3897
T4010,T401001,1000318,7,N,N,1,1,268,4324
T4010,T401001,1003002,8,N,N,1,1,175,4681
T4010,T401001,1002978,9,N,N,1,1,183,5019
T4010,T401001,1002979,10,N,N,1,1,181,5209
T4010,T401001,1002588,11,N,N,1,1,90,5389
T4010,T401001,1002982,12,N,N,1,1,180,5777
T4010,T401001,1002983,13,N,N,1,1,357,6027
T4010,T401001,1002589,14,N,N,1,1,270,6823
T4010,T401001,1001900,15,N,N,1,1,85,7405
T4010,T401001,1001656,16,N,N,1,1,165,7768
T4010,T401001,1000775,17,N,N,1,1,176,8531
T4010,T401001,1002986,18,N,N,1,1,54,8798
T4010,T401001,1002988,19,N,N,1,1,324,9152
T4010,T401001,1002294,20,N,N,1,1,343,9456
T4010,T401001,1001901,21,N,N,1,1,265,9930
T4010,T401001,1003397,22,N,N,1,1,214,10864
T4010,T401001,1000404,23,N,N,1,1,214,11196
T4010,T401001,1000601,24,N,N,1,1,290,11750
T4010,T401001,1000109,25,N,N,1,1,214,12124
T4010,T401001,1001200,26,N,N,1,1,125,12685
T4010,T401001,1002485,27,N,N,1,1,334,13641
T4010,T401002,1002485,1,N,N,1,1,334,0
T4010,T401002,1002423,2,N,N,1,1,7,271
T4010,T401002,1004203,3,N,N,1,1,51,706
T4010,T401002,1004207,4,N,N,1,1,34,1221
T4010,T401002,1001900,5,N,N,1,1,85,2339
T4010,T401002,1002276,6,N,N,1,1,144,2991
T4010,T401002,1002989,7,N,N,1,1,144,3116
T4010,T401002,1002987,8,N,N,1,1,234,3508
T4010,T401002,1000774,9,N,N,1,1,356,3745
T4010,T401002,1003777,10,N,N,1,1,345,4645
T4010,T401002,1001901,11,N,N,1,1,265,5009
T4010,T401002,1002589,12,N,N,1,1,270,5567
T4010,T401002,1002984,13,N,N,1,1,177,5871
T4010,T401002,1002981,14,N,N,1,1,359,6186
T4010,T401002,1002588,15,N,N,1,1,90,6779
T4010,T401002,1002976,16,N,N,1,1,1,6994
T4010,T401002,1002975,17,N,N,1,1,3,7192
T4010,T401002,1002828,18,N,N,1,1,355,7532
T4010,T401002,1003003,19,N,N,1,1,88,7905
T4010,T401002,1002993,20,N,N,1,1,133,8283
T4010,T401002,1002994,21,N,N,1,1,41,8619
T4010,T401002,1003671,22,N,N,1,1,8,8986
T4010,T401002,1001808,23,N,N,1,1,328,9693
T4010,T401002,1001808,24,N,N,1,1,328,9693
T4010,T401002,1001205,25,N,N,1,1,328,10127
T4010,T401002,1001526,26,N,N,1,1,293,10510
T4010,T401002,1001644,27,N,N,1,1,304,11169
T4010,T401002,1001069,28,N,N,1,1,307,12053
T4010,T401002,1003344,29,N,N,1,1,105,13942
T4020,T402002,1001815,1,N,N,1,1,66,0
T4020,T402002,1001198,2,N,N,1,1,34,188
T4020,T402002,1004202,3,N,N,1,1,110,783
T4020,T402002,1002632,4,N,N,1,1,187,1346
T4020,T402002,1002732,5,N,N,1,1,84,1657
T4020,T402002,1001649,6,N,N,1,1,101,1913
T4020,T402002,1001642,7,N,N,1,1,158,2300
T4020,T402002,1004265,8,N,N,1,1,352,2706
T4020,T402002,1003353,9,N,N,1,1,103,3017
T4020,T402002,1003673,10,N,N,1,1,185,3823
T4020,T402002,1000973,11,N,N,1,1,270,4019
T4020,T402002,1003672,12,N,N,1,1,5,4153
T4020,T402002,1003352,13,N,N,1,1,283,4661
T4020,T402002,1004266,14,N,N,1,1,172,5245
T4020,T402002,1004076,15,N,N,1,1,172,5532
T4020,T402002,1004175,16,N,N,1,1,232,5685
T4020,T402002,1001641,17,N,N,1,1,338,5993
T4020,T402002,1000101,18,N,N,1,1,264,6958
T4020,T402002,1003616,19,N,N,1,1,296,7539
T4020,T402002,1001815,20,N,N,1,1,66,8052
T4030,T403001,1001790,1,N,N,1,1,307,0
T4030,T403001,1002602,2,N,N,1,1,63,1066
T4030,T403001,1001049,3,N,N,1,1,90,1266
T4030,T403001,1001062,4,N,N,1,1,90,1516
T4030,T403001,1000301,5,N,N,1,1,358,1690
T4030,T403001,1000280,6,N,N,1,1,359,1966
T4030,T403001,1004180,7,N,N,1,1,359,2566
T4030,T403001,1001097,8,N,N,1,1,91,3016
T4030,T403001,1001036,9,N,N,1,1,346,3266
T4030,T403001,1000001,10,N,N,1,1,349,4837
T4030,T403001,1000486,11,N,N,1,1,163,5380
T4030,T403001,1001748,12,N,N,1,1,164,5731
T4030,T403001,1000438,13,N,N,1,1,172,6141
T4030,T403001,1002573,14,N,N,1,1,102,7050
T4030,T403001,1002520,15,N,N,1,1,106,7637
T4030,T403001,1002522,16,N,N,1,1,26,8468
T4030,T403001,1000804,17,N,N,1,1,19,8683
T4030,T403001,1003593,18,N,N,1,1,109,8907
T4030,T403001,1003966,19,N,N,1,1,109,9091
T4030,T403001,1003936,20,N,N,1,1,20,9738
T4030,T403001,1000011,21,N,N,1,1,37,10011
T4030,T403001,1004074,22,N,N,1,1,78,10342
T4030,T403001,1004009,23,N,N,1,1,79,10662
T4030,T403001,1004008,24,N,N,1,1,255,10961
T4030,T403001,1004073,25,N,N,1,1,258,11299
T4030,T403001,1000012,26,N,N,1,1,217,11625
T4030,T403001,1000672,27,N,N,1,1,331,12054
T4030,T403001,1003055,28,N,N,1,1,331,12332
T4030,T403001,1002164,29,N,N,1,1,14,12519
T4030,T403001,1004044,30,N,N,1,1,18,13025
T4030,T403001,1002730,31,N,N,1,1,219,13568
T4030,T403002,1002730,1,N,N,1,1,219,0
T4030,T403002,1004045,2,N,N,1,1,198,473
T4030,T403002,1002165,3,N,N,1,1,194,953
T4030,T403002,1003056,4,N,N,1,1,172,1113
T4030,T403002,1000673,5,N,N,1,1,151,1443
T4030,T403002,1000011,6,N,N,1,1,37,1890
T4030,T403002,1004074,7,N,N,1,1,78,2221
T4030,T403002,1004009,8,N,N,1,1,79,2541
T4030,T403002,1004008,9,N,N,1,1,255,2840
T4030,T403002,1004073,10,N,N,1,1,258,3178
T4030,T403002,1000012,11,N,N,1,1,217,3504
T4030,T403002,1003937,12,N,N,1,1,200,3730
T4030,T403002,1001123,13,N,N,1,1,289,4510
T4030,T403002,1003478,14,N,N,1,1,289,4631
T4030,T403002,1000805,15,N,N,1,1,199,4790
T4030,T403002,1002524,16,N,N,1,1,206,5098
T4030,T403002,1002525,17,N,N,1,1,291,5402
T4030,T403002,1002574,18,N,N,1,1,282,6459
T4030,T403002,1000435,19,N,N,1,1,352,7512
T4030,T403002,1001747,20,N,N,1,1,344,7772
T4030,T403002,1001056,21,N,N,1,1,243,12482
T4030,T403002,1002140,22,N,N,1,1,238,12670
T4030,T403002,1001790,23,N,N,1,1,307,13860
T4040,T404001,1002822,1,N,N,1,1,325,0
T4040,T404001,1000819,2,N,N,1,1,340,400
T4040,T404001,1001723,3,N,N,1,1,163,804
T4040,T404001,1003477,4,N,N,1,1,327,1795
T4040,T404001,1001124,5,N,N,1,1,64,2389
T4040,T404001,1001125,6,N,N,1,1,92,2622
T4040,T404001,1001285,7,N,N,1,1,114,3344
T4040,T404001,1002309,8,N,N,1,1,113,3566
T4040,T404001,1003185,9,N,N,1,1,63,3776
T4040,T404001,1002210,10,N,N,1,1,180,4321
T4040,T404001,1001645,11,N,N,1,1,272,4536
T4040,T404001,1001413,12,N,N,1,1,277,4876
T4040,T404001,1003045,13,N,N,1,1,262,5196
T4040,T404001,1001540,14,N,N,1,1,202,5517
T4040,T404001,1000482,15,N,N,1,1,185,5654
T4040,T404001,1000799,16,N,N,1,1,162,6816
T4040,T404001,1000222,17,N,N,1,1,234,7351
T4040,T404001,1002775,18,N,N,1,1,224,7776
T4040,T404001,1002454,19,N,N,1,1,141,8042
T4040,T404001,1002160,20,N,N,1,1,36,8789
T4040,T404001,1002148,21,N,N,1,1,28,8994
T4040,T404001,1002135,22,N,N,1,1,38,9106
T4040,T404001,1001274,23,N,N,1,1,38,9531
T4040,T404001,1000235,24,N,N,1,1,3,9747
T4040,T404001,1003945,25,N,N,1,1,19,10019
T4040,T404001,1002129,26,N,N,1,1,322,11146
T4040,T404001,1000017,27,N,N,1,1,168,11880
T4040,T404001,1002730,28,N,N,1,1,219,12654
T4040,T404002,1002730,1,N,N,1,1,219,0
T4040,T404002,1000015,2,N,N,1,1,348,468
T4040,T404002,1004043,3,N,N,1,1,319,660
T4040,T404002,1003946,4,N,N,1,1,57,838
T4040,T404002,1002130,5,N,N,1,1,299,1212
T4040,T404002,1003947,6,N,N,1,1,202,2165
T4040,T404002,1000902,7,N,N,1,1,183,2535
T4040,T404002,1000340,8,N,N,1,1,218,2718
T4040,T404002,1002136,9,N,N,1,1,254,3050
T4040,T404002,1002147,10,N,N,1,1,208,3330
T4040,T404002,1002161,11,N,N,1,1,216,3469
T4040,T404002,1001022,12,N,N,1,1,314,3779
T4040,T404002,1004096,13,N,N,1,1,45,4502
T4040,T404002,1000798,14,N,N,1,1,324,5432
T4040,T404002,1001967,15,N,N,1,1,33,6440
T4040,T404002,1001542,16,N,N,1,1,22,6660
T4040,T404002,1001412,17,N,N,1,1,97,7323
T4040,T404002,1000476,18,N,N,1,1,2,7560
T4040,T404002,1002911,19,N,N,1,1,92,7658
T4040,T404002,1002209,20,N,N,1,1,0,7869
T4040,T404002,1001839,21,N,N,1,1,243,8333
T4040,T404002,1002738,22,N,N,1,1,293,8615
T4040,T404002,1002394,23,N,N,1,1,294,8829
T4040,T404002,1000310,24,N,N,1,1,263,9416
T4040,T404002,1003726,25,N,N,1,1,244,9556
T4040,T404002,1003485,26,N,N,1,1,137,10495
T4040,T404002,1002822,27,N,N,1,1,325,11504
T4050,T405002,1002730,1,N,N,1,1,219,0
T4050,T405002,1000015,2,N,N,1,1,348,810
T4050,T405002,1004043,3,N,N,1,1,319,1022
T4050,T405002,1002130,4,N,N,1,1,299,1464
T4050,T405002,1003947,5,N,N,1,1,202,2588
T4050,T405002,1000902,6,N,N,1,1,183,2938
T4050,T405002,1000340,7,N,N,1,1,218,3128
T4050,T405002,1002136,8,N,N,1,1,254,3452
T4050,T405002,1002147,9,N,N,1,1,208,3738
T4050,T405002,1002161,10,N,N,1,1,216,3878
T4050,T405002,1001022,11,N,N,1,1,314,4181
T4050,T405002,1002455,12,N,N,1,1,295,4624
T4050,T405002,1000435,13,N,N,1,1,352,5102
T4050,T405002,1001747,14,N,N,1,1,344,5362
T4050,T405002,1000001,15,N,N,1,1,349,6975
T4050,T405002,1000417,16,N,N,1,1,342,7497
T4050,T405002,1001967,17,N,N,1,1,33,7600
T4050,T405002,1900001,18,N,N,1,1,202,7650
T4050,T405002,1000486,19,N,N,1,1,163,7737
T4050,T405002,1001748,20,N,N,1,1,164,8097
T4050,T405002,1002454,21,N,N,1,1,141,8502
T4050,T405002,1002160,22,N,N,1,1,36,9547
T4050,T405002,1002148,23,N,N,1,1,28,9767
T4050,T405002,1002135,24,N,N,1,1,38,9893
T4050,T405002,1001274,25,N,N,1,1,38,10314
T4050,T405002,1000235,26,N,N,1,1,3,10529
T4050,T405002,1003945,27,N,N,1,1,19,10819
T4050,T405002,1002129,28,N,N,1,1,322,11938
T4050,T405002,1000017,29,N,N,1,1,168,12675
T4050,T405002,1002730,30,N,N,1,1,219,13301
T4060,T406002,1000854,1,N,N,3,3,82,0
T4060,T406002,1002809,2,N,N,3,3,119,2738
T4060,T406002,1003288,3,N,N,3,3,122,2922
T4060,T406002,1000193,4,N,N,3,3,130,3188
T4060,T406002,1000445,5,N,N,3,3,92,3442
T4060,T406002,1001543,6,N,N,3,3,85,3731
T4060,T406002,1003964,7,N,N,3,3,78,3964
T4060,T406002,1003287,8,N,N,3,3,70,4340
T4060,T406002,1000251,9,N,N,3,3,30,4695
T4060,T406002,1004084,10,N,N,3,3,38,5192
T4060,T406002,1000188,11,N,N,3,3,48,5352
T4060,T406002,1000214,12,N,N,3,3,35,5672
T4060,T406002,1000592,13,N,N,3,3,56,5889
T4060,T406002,1003970,14,N,N,3,3,23,6167
T4060,T406002,1003319,15,N,N,3,3,42,6650
T4060,T406002,1002393,16,N,N,3,3,36,7319
T4060,T406002,1001304,17,N,N,3,3,40,7593
T4060,T406002,1002803,18,N,N,3,3,49,7814
T4060,T406002,1004017,19,N,N,3,3,48,8254
T4060,T406002,1001429,20,N,N,3,3,42,8605
T4060,T406002,1004063,21,N,N,3,3,50,9160
T4060,T406002,1001841,22,N,N,3,3,37,9447
T4060,T406002,1000163,23,Y,N,2,3,43,9951
T4060,T406002,1000560,24,Y,N,2,3,39,10491
T4060,T406002,1002439,25,N,N,2,2,6,10762
T4060,T406002,1001458,26,N,N,2,2,37,11342
T4060,T406002,1002283,27,N,N,2,2,30,11687
T4060,T406002,1000667,28,N,N,2,2,29,11933
T4060,T406002,1001463,29,N,N,2,2,52,12198
T4060,T406002,1002040,30,N,N,2,2,53,13128
T4060,T406002,1000851,31,N,N,2,2,55,13352
T4060,T406002,1001745,32,N,N,2,2,12,13791
T4060,T406002,1001289,33,N,N,2,2,61,14222
T4060,T406002,1003598,34,N,N,2,2,21,14525
T4060,T406002,1008298,35,N,N,2,2,2,14987
T4060,T406002,1003296,36,N,N,2,2,29,15851
T4060,T406002,1001068,37,N,N,2,2,26,16566
T4060,T406002,1002725,38,N,N,2,2,23,17480
T4060,T406002,1002370,39,N,N,2,2,24,17773
T4060,T406002,1008299,40,N,N,2,2,53,18766
T4060,T406002,1001439,41,N,N,2,2,33,19093
T4060,T406002,1003302,42,N,N,2,2,12,19480
T4060,T406002,1003599,43,N,N,2,2,15,19674
T4060,T406002,1001930,44,N,N,2,2,333,20501
T4060,T406002,1001310,45,N,N,2,2,3,20786
T4060,T406002,1002441,46,N,N,2,2,19,21759
T4060,T406002,1001836,47,N,N,2,2,89,23309
T4060,T406002,1003127,48,N,N,2,2,88,24493
T4060,T406002,1004106,49,N,N,2,2,56,25200
T4060,T406002,1003126,50,N,N,2,2,268,25963
T4060,T406002,1001448,51,N,N,2,2,269,27165
T4060,T406002,1002585,52,N,N,2,2,194,27748
T4060,T406002,1002442,53,N,N,2,2,199,28667
T4060,T406002,1004105,54,N,N,2,2,183,29585
T4060,T406002,1001934,55,N,N,2,2,153,29885
T4060,T406002,1003600,56,N,N,2,2,195,30749
T4060,T406002,1003303,57,N,N,2,2,192,30951
T4060,T406002,1001438,58,N,N,2,2,213,31246
T4060,T406002,1001320,59,N,N,2,2,234,32316
T4060,T406002,1002371,60,N,N,2,2,204,32672
T4060,T406002,1002657,61,N,N,2,2,202,32879
T4060,T406002,1002421,62,N,N,2,2,231,33906
T4060,T406002,1001684,63,N,N,2,2,209,34540
T4060,T406002,1001879,64,N,N,2,2,182,35173
T4060,T406002,1000571,65,N,N,2,2,201,35956
T4060,T406002,1001288,66,N,N,2,2,241,36238
T4060,T406002,1001746,67,N,N,2,2,192,36674
T4060,T406002,1002682,68,N,N,2,2,235,37109
T4060,T406002,1002039,69,N,N,2,2,233,37333
T4060,T406002,1001464,70,N,N,2,2,232,38193
T4060,T406002,1002691,71,N,N,2,2,209,38439
T4060,T406002,1001840,72,N,N,2,2,210,38758
T4060,T406002,1001459,73,N,N,2,2,217,39099
T4060,T406002,1003976,74,N,N,2,2,220,39398
T4060,T406002,1002493,75,N,N,2,2,275,39543
T4060,T406002,1000561,76,Y,N,1,2,219,39883
T4060,T406002,1000164,77,Y,N,1,2,234,40470
T4060,T406002,1001356,78,N,N,1,1,230,40884
T4060,T406002,1002379,79,N,N,1,1,225,41322
T4060,T406002,1002496,80,N,N,1,1,222,41847
T4060,T406002,1004064,81,N,N,1,1,225,42025
T4060,T406002,1008297,82,N,N,1,1,197,42431
T4060,T406002,1001303,83,N,N,1,1,216,42875
T4060,T406002,1002392,84,N,N,1,1,218,43537
T4060,T406002,1000215,85,N,N,1,1,222,43941
T4060,T406002,1001465,86,N,N,1,1,203,44242
T4060,T406002,1001612,87,N,N,1,1,236,44514
T4060,T406002,1003969,88,N,N,1,1,216,44809
T4060,T406002,1000591,89,N,N,1,1,228,45080
T4060,T406002,1004085,90,N,N,1,1,208,45252
T4060,T406002,1000252,91,N,N,1,1,204,45770
T4060,T406002,1000475,92,N,N,1,1,250,46208
T4060,T406002,1003963,93,N,N,1,1,258,46547
T4060,T406002,1008296,94,N,N,1,1,267,46734
T4060,T406002,1008295,95,N,N,1,1,254,47078
T4060,T406002,1000194,96,N,N,1,1,310,47223
T4060,T406002,1003289,97,N,N,1,1,310,47437
T4060,T406002,1000400,98,N,N,1,1,299,47705
T4060,T406002,1000854,99,N,N,1,1,82,51700
T4061,T406102,1000854,1,N,N,3,3,82,0
T4061,T406102,1002809,2,N,N,3,3,119,2738
T4061,T406102,1003288,3,N,N,3,3,122,2922
T4061,T406102,1000193,4,N,N,3,3,130,3188
T4061,T406102,1000445,5,N,N,3,3,92,3442
T4061,T406102,1001543,6,N,N,3,3,85,3731
T4061,T406102,1003964,7,N,N,3,3,78,3964
T4061,T406102,1003287,8,N,N,3,3,70,4340
T4061,T406102,1000251,9,N,N,3,3,30,4695
T4061,T406102,1004084,10,N,N,3,3,38,5192
T4061,T406102,1000188,11,N,N,3,3,48,5352
T4061,T406102,1000214,12,N,N,3,3,35,5672
T4061,T406102,1000592,13,N,N,3,3,56,5889
T4061,T406102,1003970,14,N,N,3,3,23,6167
T4061,T406102,1003319,15,N,N,3,3,42,6650
T4061,T406102,1002393,16,N,N,3,3,36,7319
T4061,T406102,1001304,17,N,N,3,3,40,7593
T4061,T406102,1002803,18,N,N,3,3,49,7814
T4061,T406102,1004017,19,N,N,3,3,48,8254
T4061,T406102,1001429,20,N,N,3,3,42,8605
T4061,T406102,1004063,21,N,N,3,3,50,9160
T4061,T406102,1001841,22,N,N,3,3,37,9447
T4061,T406102,1000163,23,Y,N,2,3,43,9951
T4061,T406102,1000560,24,Y,N,2,3,39,10491
T4061,T406102,1002439,25,N,N,2,2,6,10762
T4061,T406102,1001458,26,N,N,2,2,37,11342
T4061,T406102,1002283,27,N,N,2,2,30,11687
T4061,T406102,1000667,28,N,N,2,2,29,11933
T4061,T406102,1001463,29,N,N,2,2,52,12198
T4061,T406102,1002040,30,N,N,2,2,53,13128
T4061,T406102,1000851,31,N,N,2,2,55,13352
T4061,T406102,1001745,32,N,N,2,2,12,13791
T4061,T406102,1001289,33,N,N,2,2,61,14222
T4061,T406102,1003598,34,N,N,2,2,21,14525
T4061,T406102,1008298,35,N,N,2,2,2,14987
T4061,T406102,1003296,36,N,N,2,2,29,15851
T4061,T406102,1001068,37,N,N,2,2,26,16566
T4061,T406102,1002725,38,N,N,2,2,23,17480
T4061,T406102,1002370,39,N,N,2,2,24,17773
T4061,T406102,1000444,40,N,N,2,2,71,18766
T4061,T406102,1001443,41,N,N,2,2,159,19093
T4061,T406102,1003104,42,N,N,2,2,117,19480
T4061,T406102,1004281,43,N,N,2,2,119,22300
T4061,T406102,1000515,44,N,N,2,2,305,23063
T4061,T406102,1003105,45,N,N,2,2,274,24265
T4061,T406102,1001430,46,N,N,2,2,251,24848
T4061,T406102,1002371,47,N,N,2,2,204,29772
T4061,T406102,1002657,48,N,N,2,2,202,29979
T4061,T406102,1002421,49,N,N,2,2,231,31006
T4061,T406102,1001684,50,N,N,2,2,209,31640
T4061,T406102,1001879,51,N,N,2,2,182,32273
T4061,T406102,1000571,52,N,N,2,2,201,33056
T4061,T406102,1001288,53,N,N,2,2,241,33338
T4061,T406102,1001746,54,N,N,2,2,192,33774
T4061,T406102,1002682,55,N,N,2,2,235,34209
T4061,T406102,1002039,56,N,N,2,2,233,34433
T4061,T406102,1001464,57,N,N,2,2,232,35293
T4061,T406102,1002691,58,N,N,2,2,209,35539
T4061,T406102,1001840,59,N,N,2,2,210,35858
T4061,T406102,1001459,60,N,N,2,2,217,36199
T4061,T406102,1003976,61,N,N,2,2,220,36498
T4061,T406102,1002493,62,N,N,2,2,275,36643
T4061,T406102,1000561,63,Y,N,1,2,219,36983
T4061,T406102,1000164,64,Y,N,1,2,234,37570
T4061,T406102,1001356,65,N,N,1,1,230,37984
T4061,T406102,1002379,66,N,N,1,1,225,38422
T4061,T406102,1002496,67,N,N,1,1,222,38947
T4061,T406102,1004064,68,N,N,1,1,225,39125
T4061,T406102,1008297,69,N,N,1,1,197,39531
T4061,T406102,1001303,70,N,N,1,1,216,39975
T4061,T406102,1002392,71,N,N,1,1,218,40637
T4061,T406102,1000215,72,N,N,1,1,222,41041
T4061,T406102,1001465,73,N,N,1,1,203,41342
T4061,T406102,1001612,74,N,N,1,1,236,41614
T4061,T406102,1003969,75,N,N,1,1,216,41909
T4061,T406102,1000591,76,N,N,1,1,228,42180
T4061,T406102,1004085,77,N,N,1,1,208,42352
T4061,T406102,1000252,78,N,N,1,1,204,42870
T4061,T406102,1000475,79,N,N,1,1,250,43308
T4061,T406102,1003963,80,N,N,1,1,258,43647
T4061,T406102,1008296,81,N,N,1,1,267,43834
T4061,T406102,1008295,82,N,N,1,1,254,44178
T4061,T406102,1000194,83,N,N,1,1,310,44323
T4061,T406102,1003289,84,N,N,1,1,310,44537
T4061,T406102,1000400,85,N,N,1,1,299,44805
T4061,T406102,1000854,86,N,N,1,1,82,46000
T4180,T418002,1005142,1,N,N,1,1,4,0
T4180,T418002,1005143,2,N,N,1,1,296,418
T4180,T418002,1005144,3,N,N,1,1,295,793
T4180,T418002,1005145,4,N,N,1,1,321,1181
T4180,T418002,1005146,5,N,N,1,1,276,1526
T4180,T418002,1005147,6,N,N,1,1,352,1770
T4180,T418002,1005148,7,N,N,1,1,310,2075
T4180,T418002,1005149,8,N,N,1,1,308,2258
T4180,T418002,1005150,9,N,N,1,1,224,2398
T4180,T418002,1005151,10,N,N,1,1,119,2616
T4180,T418002,1005152,11,N,N,1,1,88,2994
T4180,T418002,1005153,12,N,N,1,1,92,3174
T4180,T418002,1005154,13,N,N,1,1,131,3563
T4180,T418002,1005156,14,N,N,1,1,171,3940
T4180,T418002,1005159,15,N,N,1,1,137,5948
T4180,T418002,1005160,16,N,N,1,1,69,6249
T4180,T418002,1005161,17,N,N,1,1,64,6513
T4180,T418002,1005142,18,N,N,1,1,4,7000
T4190,T419002,1005162,1,N,N,1,1,191,0
T4190,T419002,1005163,2,N,N,1,1,221,512
T4190,T419002,1005164,3,N,N,1,1,227,803
T4190,T419002,1005165,4,N,N,1,1,230,1090
T4190,T419002,1005166,5,N,N,1,1,232,1279
T4190,T419002,1005167,6,N,N,1,1,193,1748
T4190,T419002,1005168,7,N,N,1,1,172,2206
T4190,T419002,1005169,8,N,N,1,1,203,2873
T4190,T419002,1005170,9,N,N,1,1,321,4478
T4190,T419002,1005171,10,N,N,1,1,339,5436
T4190,T419002,1005172,11,N,N,1,1,87,6051
T4190,T419002,1005173,12,N,N,1,1,78,6384
T4190,T419002,1005174,13,N,N,1,1,308,6997
T4190,T419002,1005175,14,N,N,1,1,309,7421
T4190,T419002,1005176,15,N,N,1,1,47,7543
T4190,T419002,1005177,16,N,N,1,1,49,7783
T4190,T419002,1005160,17,N,N,1,1,69,8144
T4190,T419002,1005161,18,N,N,1,1,64,8408
T4190,T419002,1005162,19,N,N,1,1,191,10100
T4500,T450001,1004231,1,N,N,2,2,179,0
T4500,T450001,1000923,2,N,N,2,2,111,1115
T4500,T450001,1003366,3,N,N,2,2,108,1324
T4500,T450001,1003543,4,N,N,2,2,128,1787
T4500,T450001,1004093,5,N,N,2,2,104,2359
T4500,T450001,1000295,6,N,N,2,2,99,2873
T4500,T450001,1003228,7,N,N,2,2,135,3510
T4500,T450001,1003365,8,N,N,2,2,118,3783
T4500,T450001,1001344,9,N,N,2,2,106,4609
T4500,T450001,1001553,10,N,N,2,2,121,5237
T4500,T450001,1003840,11,N,N,2,2,128,5878
T4500,T450001,1004013,12,N,N,2,2,129,8111
T4500,T450001,1002804,13,N,N,2,2,153,8567
T4500,T450001,1002034,14,N,N,2,2,163,8928
T4500,T450001,1002765,15,N,N,2,2,154,9338
T4500,T450001,1003440,16,N,N,2,2,153,9729
T4500,T450001,1001013,17,N,N,2,2,160,10529
T4500,T450001,1002552,18,N,N,2,2,152,11315
T4500,T450001,1003912,19,Y,N,1,2,147,11684
T4500,T450001,1002038,20,N,N,1,1,150,12654
T4500,T450001,1002824,21,N,N,1,1,174,13147
T4500,T450001,1002831,22,N,N,1,1,156,13667
T4500,T450001,1000246,23,N,N,1,1,158,14162
T4500,T450001,1001598,24,N,N,1,1,166,16738
T4500,T450001,1001226,25,N,N,1,1,150,17692
T4500,T450001,1001328,26,N,N,1,1,178,18163
T4500,T450001,1001159,27,N,N,1,1,182,18757
T4500,T450001,1001282,28,N,N,1,1,195,20001
T4500,T450001,1003284,29,N,N,1,1,161,20907
T4500,T450002,1003284,1,N,N,1,1,161,0
T4500,T450002,1000563,2,N,N,1,1,38,876
T4500,T450002,1002811,3,N,N,1,1,6,1029
T4500,T450002,1001160,4,N,N,1,1,356,1653
T4500,T450002,1000402,5,N,N,1,1,2,2165
T4500,T450002,1003979,6,N,N,1,1,14,2613
T4500,T450002,1001718,7,N,N,1,1,342,2909
T4500,T450002,1003451,8,N,N,1,1,346,3361
T4500,T450002,1001597,9,N,N,1,1,346,4252
T4500,T450002,1001609,10,N,N,1,1,270,4739
T4500,T450002,1000108,11,N,N,1,1,269,5323
T4500,T450002,1001357,12,N,N,1,1,90,5878
T4500,T450002,1003854,13,N,N,1,1,349,6311
T4500,T450002,1001717,14,N,N,1,1,338,7158
T4500,T450002,1003313,15,N,N,1,1,342,7432
T4500,T450002,1001339,16,N,N,1,1,318,7956
T4500,T450002,1003136,17,N,N,1,1,330,8289
T4500,T450002,1003911,18,Y,N,2,1,327,9281
T4500,T450002,1004067,19,N,N,2,2,332,9618
T4500,T450002,1000607,20,N,N,2,2,333,11243
T4500,T450002,1001314,21,N,N,2,2,334,11633
T4500,T450002,1003316,22,N,N,2,2,331,11804
T4500,T450002,1002747,23,N,N,2,2,340,12078
T4500,T450002,1001287,24,N,N,2,2,298,12445
T4500,T450002,1004012,25,N,N,2,2,304,12914
T4500,T450002,1002190,26,N,N,2,2,308,15026
T4500,T450002,1001552,27,N,N,2,2,301,15741
T4500,T450002,1000954,28,N,N,2,2,294,17067
T4500,T450002,1003364,29,N,N,2,2,312,17510
T4500,T450002,1003978,30,N,N,2,2,279,18092
T4500,T450002,1004094,31,N,N,2,2,281,18536
T4500,T450002,1001363,32,N,N,2,2,310,18981
T4500,T450002,1002026,33,N,N,2,2,288,19682
T4500,T450002,1004267,34,N,N,2,2,280,19854
T4500,T450002,1001750,35,N,N,2,2,279,20181
T4500,T450002,1004231,36,N,N,2,2,179,20616
T4510,T451002,1002374,1,N,N,1,1,179,0
T4510,T451002,1000890,2,N,N,1,1,178,767
T4510,T451002,1001714,3,N,N,1,1,179,1093
T4510,T451002,1001332,4,N,N,1,1,181,1350
T4510,T451002,1001571,5,N,N,1,1,181,1587
T4510,T451002,1003759,6,N,N,1,1,182,2364
T4510,T451002,1003225,7,N,N,1,1,163,3154
T4510,T451002,1002572,8,N,N,1,1,162,3583
T4510,T451002,1001468,9,N,N,1,1,204,4949
T4510,T451002,1002815,10,N,N,1,1,204,5492
T4510,T451002,1002793,11,N,N,1,1,189,6122
T4510,T451002,1002546,12,N,N,1,1,218,6588
T4510,T451002,1002547,13,N,N,1,1,131,6713
T4510,T451002,1001593,14,N,N,1,1,324,8092
T4510,T451002,1000562,15,N,N,1,1,314,8867
T4510,T451002,1001604,16,N,N,1,1,230,9097
T4510,T451002,1004153,17,N,N,1,1,190,9450
T4510,T451002,1002426,18,N,N,1,1,112,10045
T4510,T451002,1002668,19,N,N,1,1,307,11186
T4510,T451002,1001222,20,N,N,1,1,255,11623
T4510,T451002,1000654,21,N,N,1,1,153,12032
T4510,T451002,1001611,22,N,N,1,1,90,13116
T4510,T451002,1003064,23,N,N,1,1,291,13750
T4510,T451002,1002398,24,N,N,1,1,353,14107
T4510,T451002,1001927,25,N,N,1,1,72,14966
T4510,T451002,1000824,26,N,N,1,1,309,15261
T4510,T451002,1006080,27,Y,N,2,1,221,15872
T4510,T451002,1006082,28,N,N,2,2,208,16750
T4510,T451002,1006083,29,N,N,2,2,77,17701
T4510,T451002,1006084,30,N,N,2,2,20,18320
T4510,T451002,1006085,31,N,N,2,2,72,19395
T4510,T451002,1006086,32,N,N,2,2,217,20154
T4510,T451002,1006087,33,N,N,2,2,80,20559
T4510,T451002,1006087,34,N,N,2,2,80,20559
T4510,T451002,1006088,35,N,N,2,2,138,21108
T4510,T451002,1006089,36,N,N,2,2,134,21439
T4510,T451002,1006090,37,N,N,2,2,163,21941
T4510,T451002,1006198,38,N,N,2,2,250,22771
T4510,T451002,1006186,39,N,N,2,2,181,23245
T4510,T451002,1006187,40,N,N,2,2,164,24373
T4510,T451002,1006188,41,N,N,2,2,170,24852
T4510,T451002,1000375,42,N,N,2,2,163,25339
T4510,T451002,1006189,43,N,N,2,2,89,25729
T4510,T451002,1006190,44,N,N,2,2,318,26928
T4510,T451002,1006191,45,N,N,2,2,318,27368
T4510,T451002,1006192,46,N,N,2,2,94,30118
T4510,T451002,1006193,47,N,N,2,2,215,32320
T4510,T451002,1006194,48,N,N,2,2,179,33167
T4510,T451002,1006195,49,N,N,2,2,186,33460
T4510,T451002,1006196,50,N,N,2,2,190,33822
T4510,T451002,1006063,51,Y,N,1,2,148,35052
T4510,T451002,1002547,52,N,N,1,1,131,36682
T4510,T451002,1001593,53,N,N,1,1,324,38024
T4510,T451002,1000562,54,N,N,1,1,314,38806
T4510,T451002,1001604,55,N,N,1,1,230,39040
T4510,T451002,1004153,56,N,N,1,1,190,39381
T4510,T451002,1002426,57,N,N,1,1,112,39987
T4510,T451002,1002668,58,N,N,1,1,307,41087
T4510,T451002,1001222,59,N,N,1,1,255,41543
T4510,T451002,1000654,60,N,N,1,1,153,41934
T4510,T451002,1001611,61,N,N,1,1,90,43036
T4510,T451002,1003064,62,N,N,1,1,291,43490
T4510,T451002,1002398,63,N,N,1,1,353,44024
T4510,T451002,1001927,64,N,N,1,1,72,44874
T4510,T451002,1002544,65,N,N,1,1,38,46103
T4510,T451002,1001359,66,N,N,1,1,352,46616
T4510,T451002,1002814,67,N,N,1,1,24,47231
T4510,T451002,1001467,68,N,N,1,1,30,47857
T4510,T451002,1002571,69,N,N,1,1,342,49239
T4510,T451002,1003224,70,N,N,1,1,343,49636
T4510,T451002,1002709,71,N,N,1,1,345,50027
T4510,T451002,1003760,72,N,N,1,1,2,50387
T4510,T451002,1001570,73,N,N,1,1,2,50745
T4510,T451002,1001569,74,N,N,1,1,1,51281
T4510,T451002,1001331,75,N,N,1,1,1,51467
T4510,T451002,1001713,76,N,N,1,1,359,51743
T4510,T451002,1000889,77,N,N,1,1,358,51980
T4510,T451002,1001975,78,N,N,1,1,277,52712
T4510,T451002,1002374,79,N,N,1,1,179,53000
T5040,T504002,1005493,1,N,N,1,1,348,0
T5040,T504002,1005494,2,N,N,1,1,214,663
T5040,T504002,1005495,3,N,N,1,1,166,2187
T5040,T504002,1005496,4,Y,N,1,2,271,3141
T5040,T504002,1005497,5,N,N,2,2,267,3737
T5040,T504002,1005498,6,N,N,2,2,346,4372
T5040,T504002,1005499,7,Y,N,2,3,282,5228
T5040,T504002,1005500,8,N,N,3,3,184,5822
T5040,T504002,1005501,9,N,N,3,3,203,6315
T5040,T504002,1005502,10,N,N,3,3,205,6577
T5040,T504002,1005503,11,N,N,3,3,174,6857
T5040,T504002,1005504,12,Y,N,3,4,86,7284
T5040,T504002,1005505,13,N,N,4,4,181,7827
T5040,T504002,1005506,14,N,N,4,4,13,8431
T5040,T504002,1005507,15,N,N,4,4,61,8727
T5040,T504002,1005508,16,N,N,4,4,172,9375
T5040,T504002,1005509,17,N,N,4,4,173,9794
T5040,T504002,1005510,18,Y,N,4,5,353,10299
T5040,T504002,1005511,19,N,N,5,5,348,10805
T5040,T504002,1005512,20,N,N,5,5,278,11301
T5040,T504002,1005513,21,N,N,5,5,258,11585
T5040,T504002,1005514,22,Y,N,5,6,2,12318
T5040,T504002,1005515,23,N,N,6,6,34,13003
T5040,T504002,1005516,24,N,N,6,6,143,13913
T5040,T504002,1005517,25,Y,N,6,7,88,14339
T5040,T504002,1005518,26,N,N,7,7,93,15114
T5040,T504002,1005519,27,N,N,7,7,39,15847
T5040,T504002,1005520,28,Y,N,7,8,341,16160
T5040,T504002,1005521,29,N,N,8,8,18,17678
T5040,T504002,1005493,30,N,N,8,8,348,18400
T5050,T505002,1005493,1,N,N,1,1,348,0
T5050,T505002,1005522,2,N,N,1,1,243,1956
T5050,T505002,1005523,3,N,N,1,1,318,2543
T5050,T505002,1005495,4,Y,N,2,1,166,3304
T5050,T505002,1005524,5,N,N,2,2,218,4204
T5050,T505002,1005525,6,N,N,2,2,177,4450
T5050,T505002,1005526,7,N,N,2,2,157,4673
T5050,T505002,1005527,8,Y,N,3,2,258,5138
T5050,T505002,1005528,9,N,N,3,3,255,5525
T5050,T505002,1005512,10,N,N,3,3,278,6386
T5050,T505002,1005513,11,N,N,3,3,258,6662
T5050,T505002,1005529,12,Y,N,4,3,269,7149
T5050,T505002,1005530,13,N,N,4,4,231,7659
T5050,T505002,1005531,14,N,N,4,4,235,8244
T5050,T505002,1005532,15,N,N,4,4,43,9752
T5050,T505002,1005504,16,Y,N,5,4,86,10147
T5050,T505002,1005533,17,N,N,5,5,57,10767
T5050,T505002,1005534,18,N,N,5,5,93,11013
T5050,T505002,1005535,19,Y,N,6,5,69,12006
T5050,T505002,1005536,20,N,N,6,6,68,12300
T5050,T505002,1005537,21,N,N,6,6,34,12621
T5050,T505002,1005538,22,N,N,6,6,349,12949
T5050,T505002,1005519,23,N,N,6,6,39,13902
T5050,T505002,1005520,24,Y,N,7,6,341,14210
T5050,T505002,1005539,25,N,N,7,7,138,14915
T5050,T505002,1005540,26,Y,N,8,7,47,15466
T5050,T505002,1005493,27,N,N,8,8,348,17500
T5060,T506002,1005541,1,N,N,1,1,315,0
T5060,T506002,1005542,2,N,N,1,1,255,1814
T5060,T506002,1005543,3,N,N,1,1,167,2355
T5060,T506002,1005544,4,N,N,1,1,178,2833
T5060,T506002,1005545,5,Y,N,2,1,199,3446
T5060,T506002,1005546,6,N,N,2,2,218,3692
T5060,T506002,1005547,7,N,N,2,2,261,4657
T5060,T506002,1005548,8,Y,N,3,2,226,4985
T5060,T506002,1005549,9,N,N,3,3,282,6237
T5060,T506002,1005550,10,Y,N,4,3,192,7998
T5060,T506002,1005551,11,N,N,4,4,86,8883
T5060,T506002,1005552,12,N,N,4,4,312,10088
T5060,T506002,1005553,13,Y,N,5,4,73,11963
T5060,T506002,1005554,14,N,N,5,5,209,12552
T5060,T506002,1005555,15,Y,N,6,5,357,15565
T5060,T506002,1005556,16,N,N,6,6,36,16002
T5060,T506002,1005557,17,Y,N,7,6,19,16292
T5060,T506002,1005558,18,N,N,7,7,23,16654
T5060,T506002,1005559,19,N,N,7,7,355,16846
T5060,T506002,1005560,20,N,N,7,7,347,17425
T5060,T506002,1005561,21,N,N,7,7,296,17884
T5060,T506002,1005519,22,Y,N,8,7,39,18610
T5060,T506002,1005520,23,N,N,8,8,341,18916
T5060,T506002,1005539,24,N,N,8,8,138,19611
T5060,T506002,1005540,25,N,N,8,8,47,20174
T5060,T506002,1005541,26,N,N,8,8,315,21500
T5070,T507002,1005541,1,N,N,1,1,315,0
T5070,T507002,1005542,2,N,N,1,1,255,1811
T5070,T507002,1005543,3,N,N,1,1,167,2340
T5070,T507002,1005544,4,N,N,1,1,178,2803
T5070,T507002,1005545,5,Y,N,2,1,199,3426
T5070,T507002,1005563,6,N,N,2,2,303,3872
T5070,T507002,1005564,7,N,N,2,2,52,4553
T5070,T507002,1005565,8,N,N,2,2,331,4797
T5070,T507002,1005527,9,N,N,2,2,258,5072
T5070,T507002,1005528,10,Y,N,3,2,255,5461
T5070,T507002,1005566,11,N,N,3,3,131,5872
T5070,T507002,1005567,12,N,N,3,3,339,6288
T5070,T507002,1005568,13,N,N,3,3,171,6836
T5070,T507002,1005569,14,Y,N,4,3,157,7568
T5070,T507002,1005570,15,N,N,4,4,91,8316
T5070,T507002,1005555,16,N,N,4,4,357,9065
T5070,T507002,1005571,17,N,N,4,4,64,9512
T5070,T507002,1005572,18,Y,N,5,4,96,10358
T5070,T507002,1005573,19,N,N,5,5,354,11358
T5070,T507002,1005574,20,N,N,5,5,329,11647
T5070,T507002,1005575,21,N,N,5,5,331,11973
T5070,T507002,1005576,22,Y,N,6,5,307,12516
T5070,T507002,1005577,23,N,N,6,6,268,12747
T5070,T507002,1005578,24,N,N,6,6,255,12953
T5070,T507002,1005560,25,N,N,6,6,347,13450
T5070,T507002,1005579,26,N,N,6,6,67,13948
T5070,T507002,1005580,27,Y,N,7,6,307,15569
T5070,T507002,1005581,28,N,N,7,7,94,16653
T5070,T507002,1005582,29,Y,N,8,7,297,17190
T5070,T507002,1005583,30,N,N,8,8,134,18627
T5070,T507002,1005541,31,N,N,8,8,315,19600
T5080,T508002,1005584,1,N,N,1,1,5,0
T5080,T508002,1005585,2,N,N,1,1,44,641
T5080,T508002,1005586,3,N,N,1,1,41,836
T5080,T508002,1005587,4,N,N,1,1,4,1027
T5080,T508002,1005588,5,N,N,1,1,277,1329
T5080,T508002,1005589,6,N,N,1,1,38,2106
T5080,T508002,1005590,7,N,N,1,1,81,2498
T5080,T508002,1005591,8,N,N,1,1,128,2949
T5080,T508002,1005592,9,N,N,1,1,29,4190
T5080,T508002,1005593,10,N,N,1,1,343,4602
T5080,T508002,1005594,11,N,N,1,1,25,5121
T5080,T508002,1005595,12,N,N,1,1,258,6104
T5080,T508002,1005596,13,N,N,1,1,274,6524
T5080,T508002,1005597,14,N,N,1,1,233,7249
T5080,T508002,1005598,15,N,N,1,1,173,7740
T5080,T508002,1005599,16,N,N,1,1,139,8239
T5080,T508002,1005600,17,N,N,1,1,174,8459
T5080,T508002,1005601,18,N,N,1,1,186,8860
T5080,T508002,1005602,19,N,N,1,1,259,9204
T5080,T508002,1005603,20,N,N,1,1,228,9560
T5080,T508002,1005604,21,N,N,1,1,103,10293
T5080,T508002,1005605,22,N,N,1,1,168,10600
T5080,T508002,1005606,23,N,N,1,1,201,10828
T5080,T508002,1005607,24,N,N,1,1,241,11033
T5080,T508002,1005584,25,N,N,1,1,5,11900
T5090,T509002,1005584,1,N,N,1,1,5,0
T5090,T509002,1005608,2,N,N,1,1,112,516
T5090,T509002,1005609,3,N,N,1,1,129,1271
T5090,T509002,1005610,4,N,N,1,1,189,1987
T5090,T509002,1005611,5,N,N,1,1,191,2304
T5090,T509002,1005612,6,N,N,1,1,113,2755
T5090,T509002,1005613,7,N,N,1,1,77,3622
T5090,T509002,1005614,8,N,N,1,1,297,4341
T5090,T509002,1005615,9,N,N,1,1,53,4576
T5090,T509002,1005616,10,N,N,1,1,131,4881
T5090,T509002,1005617,11,N,N,1,1,34,6118
T5090,T509002,1005618,12,N,N,1,1,65,6331
T5090,T509002,1005619,13,N,N,1,1,341,6534
T5090,T509002,1005620,14,N,N,1,1,79,7075
T5090,T509002,1005621,15,N,N,1,1,7,7505
T5090,T509002,1005622,16,N,N,1,1,72,7736
T5090,T509002,1005623,17,N,N,1,1,28,7980
T5090,T509002,1005624,18,N,N,1,1,337,8675
T5090,T509002,1005625,19,N,N,1,1,274,9477
T5090,T509002,1005626,20,N,N,1,1,202,9848
T5090,T509002,1005627,21,N,N,1,1,221,10047
T5090,T509002,1005628,22,N,N,1,1,255,10477
T5090,T509002,1005629,23,N,N,1,1,165,12099
T5090,T509002,1005630,24,N,N,1,1,233,12969
T5090,T509002,1005631,25,N,N,1,1,279,13803
T5090,T509002,1005632,26,N,N,1,1,18,14416
T5090,T509002,1005633,27,N,N,1,1,351,14712
T5090,T509002,1005634,28,N,N,1,1,307,15306
T5090,T509002,1005635,29,N,N,1,1,294,16020
T5090,T509002,1005584,30,N,N,1,1,5,16800
T5100,T510002,1005584,1,N,N,1,1,5,0
T5100,T510002,1005608,2,N,N,1,1,112,509
T5100,T510002,1005694,3,N,N,1,1,213,1156
T5100,T510002,1005636,4,N,N,1,1,131,1715
T5100,T510002,1005637,5,N,N,1,1,38,1968
T5100,T510002,1005638,6,N,N,1,1,340,2189
T5100,T510002,1005639,7,N,N,1,1,27,2545
T5100,T510002,1005640,8,N,N,1,1,316,2904
T5100,T510002,1005641,9,N,N,1,1,95,3357
T5100,T510002,1005642,10,N,N,1,1,288,4070
T5100,T510002,1005643,11,N,N,1,1,19,4397
T5100,T510002,1005644,12,N,N,1,1,105,4760
T5100,T510002,1005645,13,N,N,1,1,89,5060
T5100,T510002,1005646,14,N,N,1,1,4,5308
T5100,T510002,1005647,15,N,N,1,1,299,6392
T5100,T510002,1005648,16,N,N,1,1,227,6624
T5100,T510002,1005649,17,N,N,1,1,221,6921
T5100,T510002,1005650,18,N,N,1,1,193,7364
T5100,T510002,1005651,19,N,N,1,1,176,7703
T5100,T510002,1005584,20,N,N,1,1,5,8300
T5110,T511002,1005584,1,N,N,1,1,5,0
T5110,T511002,1005608,2,N,N,1,1,112,519
T5110,T511002,1005609,3,N,N,1,1,129,1271
T5110,T511002,1005652,4,N,N,1,1,191,2633
T5110,T511002,1005653,5,N,N,1,1,190,2891
T5110,T511002,1005654,6,N,N,1,1,189,3137
T5110,T511002,1005655,7,N,N,1,1,190,3415
T5110,T511002,1005656,8,N,N,1,1,201,3698
T5110,T511002,1005657,9,N,N,1,1,206,3922
T5110,T511002,1005658,10,N,N,1,1,203,4194
T5110,T511002,1005659,11,N,N,1,1,218,4547
T5110,T511002,1005660,12,N,N,1,1,220,4715
T5110,T511002,1005661,13,N,N,1,1,219,5291
T5110,T511002,1005662,14,N,N,1,1,183,5461
T5110,T511002,1005663,15,N,N,1,1,4,5744
T5110,T511002,1005664,16,N,N,1,1,8,5907
T5110,T511002,1005665,17,N,N,1,1,11,6492
T5110,T511002,1005666,18,N,N,1,1,14,6717
T5110,T511002,1005667,19,N,N,1,1,19,7053
T5110,T511002,1005668,20,N,N,1,1,22,7284
T5110,T511002,1005669,21,N,N,1,1,26,7485
T5110,T511002,1005670,22,N,N,1,1,33,7722
T5110,T511002,1005671,23,N,N,1,1,39,8014
T5110,T511002,1005672,24,N,N,1,1,40,8245
T5110,T511002,1005673,25,N,N,1,1,41,8517
T5110,T511002,1005674,26,N,N,1,1,309,9522
T5110,T511002,1005635,27,N,N,1,1,294,10237
T5110,T511002,1005584,28,N,N,1,1,5,11000
T5120,T512002,1005584,1,N,N,1,1,5,0
T5120,T512002,1005675,2,N,N,1,1,5,564
T5120,T512002,1005676,3,N,N,1,1,38,801
T5120,T512002,1005677,4,N,N,1,1,52,1069
T5120,T512002,1005678,5,N,N,1,1,58,1389
T5120,T512002,1005679,6,N,N,1,1,350,1693
T5120,T512002,1005680,7,N,N,1,1,351,2014
T5120,T512002,1005681,8,N,N,1,1,345,2252
T5120,T512002,1005682,9,N,N,1,1,349,2750
T5120,T512002,1005683,10,N,N,1,1,299,3026
T5120,T512002,1005684,11,N,N,1,1,272,3607
T5120,T512002,1005685,12,N,N,1,1,338,4274
T5120,T512002,1005686,13,N,N,1,1,43,4525
T5120,T512002,1005687,14,N,N,1,1,74,4980
T5120,T512002,1005688,15,N,N,1,1,72,5348
T5120,T512002,1005689,16,N,N,1,1,121,5993
T5120,T512002,1005690,17,N,N,1,1,172,6539
T5120,T512002,1005691,18,N,N,1,1,185,7055
T5120,T512002,1005692,19,N,N,1,1,248,7577
T5120,T512002,1005693,20,N,N,1,1,176,8140
T5120,T512002,1005599,21,N,N,1,1,139,8533
T5120,T512002,1005600,22,N,N,1,1,174,8756
T5120,T512002,1005601,23,N,N,1,1,186,9159
T5120,T512002,1005648,24,N,N,1,1,227,9382
T5120,T512002,1005649,25,N,N,1,1,221,9689
T5120,T512002,1005650,26,N,N,1,1,193,10131
T5120,T512002,1005651,27,N,N,1,1,176,10464
T5120,T512002,1005584,28,N,N,1,1,5,11000
T5420,T542002,1005430,1,N,N,1,1,234,0
T5420,T542002,1005431,2,N,N,1,1,133,896
T5420,T542002,1005432,3,N,N,1,1,269,1423
T5420,T542002,1005433,4,N,N,1,1,88,1842
T5420,T542002,1005434,5,N,N,1,1,89,2138
T5420,T542002,1005435,6,N,N,1,1,86,3026
T5420,T542002,1005436,7,N,N,1,1,347,3341
T5420,T542002,1005437,8,N,N,1,1,37,3652
T5420,T542002,1005438,9,N,N,1,1,46,4054
T5420,T542002,1005439,10,N,N,1,1,45,4310
T5420,T542002,1005440,11,N,N,1,1,356,4546
T5420,T542002,1005430,12,N,N,1,1,234,5600
T5430,T543002,1005441,1,N,N,1,1,39,0
T5430,T543002,1005442,2,N,N,1,1,313,356
T5430,T543002,1005443,3,N,N,1,1,298,865
T5430,T543002,1005444,4,N,N,1,1,297,1145
T5430,T543002,1005445,5,N,N,1,1,4,1865
T5430,T543002,1005446,6,N,N,1,1,53,2902
T5430,T543002,1005447,7,N,N,1,1,13,3232
T5430,T543002,1005448,8,N,N,1,1,78,3752
T5430,T543002,1005449,9,N,N,1,1,349,4467
T5430,T543002,1005450,10,N,N,1,1,351,4803
T5430,T543002,1005451,11,N,N,1,1,324,5174
T5430,T543002,1005452,12,N,N,1,1,63,5492
T5430,T543002,1005453,13,N,N,1,1,52,6120
T5430,T543002,1005454,14,N,N,1,1,286,6493
T5430,T543002,1005455,15,N,N,1,1,347,6763
T5430,T543002,1005456,16,N,N,1,1,345,7072
T5430,T543002,1005457,17,N,N,1,1,322,8237
T5430,T543002,1005458,18,N,N,1,1,35,8598
T5430,T543002,1005459,19,N,N,1,1,258,8953
T5430,T543002,1005460,20,N,N,1,1,184,9775
T5430,T543002,1005461,21,N,N,1,1,255,10593
T5430,T543002,1005462,22,N,N,1,1,236,11066
T5430,T543002,1005463,23,N,N,1,1,172,11514
T5430,T543002,1005464,24,N,N,1,1,167,11765
T5430,T543002,1005465,25,N,N,1,1,168,12034
T5430,T543002,1005466,26,N,N,1,1,257,12728
T5430,T543002,1005467,27,N,N,1,1,192,13355
T5430,T543002,1005468,28,N,N,1,1,231,13646
T5430,T543002,1005469,29,N,N,1,1,182,14669
T5430,T543002,1005470,30,N,N,1,1,189,14931
T5430,T543002,1005471,31,N,N,1,1,183,15995
T5430,T543002,1005472,32,N,N,1,1,184,16250
T5430,T543002,1005441,33,N,N,1,1,39,18000
T5440,T544002,1005473,1,N,N,1,1,177,0
T5440,T544002,1005474,2,N,N,1,1,266,1130
T5440,T544002,1005475,3,N,N,1,1,333,1301
T5440,T544002,1005476,4,N,N,1,1,257,1486
T5440,T544002,1005477,5,N,N,1,1,353,1789
T5440,T544002,1005478,6,N,N,1,1,287,2279
T5440,T544002,1005479,7,N,N,1,1,297,2713
T5440,T544002,1005480,8,N,N,1,1,233,3050
T5440,T544002,1005481,9,N,N,1,1,354,3371
T5440,T544002,1005482,10,N,N,1,1,9,3694
T5440,T544002,1005483,11,N,N,1,1,29,4201
T5440,T544002,1005484,12,N,N,1,1,124,4806
T5440,T544002,1005485,13,N,N,1,1,127,5103
T5440,T544002,1005486,14,N,N,1,1,237,5919
T5440,T544002,1005487,15,N,N,1,1,122,6309
T5440,T544002,1005488,16,N,N,1,1,114,6823
T5440,T544002,1005489,17,N,N,1,1,176,7211
T5440,T544002,1005473,18,N,N,1,1,177,7900
T5590,T559002,1005277,1,N,N,1,1,184,0
T5590,T559002,1005278,2,N,N,1,1,346,1995
T5590,T559002,1005279,3,N,N,1,1,318,2388
T5590,T559002,1005280,4,N,N,1,1,18,2883
T5590,T559002,1005281,5,N,N,1,1,169,3905
T5590,T559002,1005282,6,N,N,1,1,177,4237
T5590,T559002,1005283,7,N,N,1,1,233,6063
T5590,T559002,1005284,8,N,N,1,1,170,7251
T5590,T559002,1005277,9,N,N,1,1,184,9600
T5600,T560002,1005277,1,N,N,1,1,184,0
T5600,T560002,1005286,2,N,N,1,1,59,582
T5600,T560002,1005287,3,N,N,1,1,41,914
T5600,T560002,1005288,4,N,N,1,1,37,1247
T5600,T560002,1005289,5,N,N,1,1,314,1534
T5600,T560002,1005290,6,N,N,1,1,315,1757
T5600,T560002,1005291,7,N,N,1,1,86,2131
T5600,T560002,1005292,8,N,N,1,1,349,2409
T5600,T560002,1005293,9,N,N,1,1,113,3645
T5600,T560002,1005294,10,N,N,1,1,68,3997
T5600,T560002,1005295,11,N,N,1,1,148,4277
T5600,T560002,1005296,12,N,N,1,1,229,4602
T5600,T560002,1005297,13,N,N,1,1,233,4964
T5600,T560002,1005298,14,N,N,1,1,256,5306
T5600,T560002,1005277,15,N,N,1,1,184,5900
T5610,T561002,1005299,1,N,N,1,1,182,0
T5610,T561002,1005300,2,N,N,1,1,3,651
T5610,T561002,1005301,3,N,N,1,1,272,868
T5610,T561002,1005302,4,N,N,1,1,156,1302
T5610,T561002,1005303,5,N,N,1,1,267,2075
T5610,T561002,1005304,6,N,N,1,1,358,2482
T5610,T561002,1005305,7,N,N,1,1,269,3029
T5610,T561002,1005306,8,N,N,1,1,272,3469
T5610,T561002,1005307,9,N,N,1,1,351,3823
T5610,T561002,1005308,10,N,N,1,1,327,4091
T5610,T561002,1005309,11,N,N,1,1,71,4431
T5610,T561002,1005310,12,N,N,1,1,147,4725
T5610,T561002,1005311,13,N,N,1,1,234,4996
T5610,T561002,1005312,14,N,N,1,1,165,5228
T5610,T561002,1005313,15,N,N,1,1,93,5537
T5610,T561002,1005314,16,N,N,1,1,89,6050
T5610,T561002,1005315,17,N,N,1,1,88,6377
T5610,T561002,1005316,18,N,N,1,1,350,6680
T5610,T561002,1005317,19,N,N,1,1,88,6953
T5610,T561002,1005318,20,N,N,1,1,91,7494
T5610,T561002,1005299,21,N,N,1,1,182,8200
T5620,T562002,1005299,1,N,N,1,1,182,0
T5620,T562002,1005319,2,N,N,1,1,181,673
T5620,T562002,1005320,3,N,N,1,1,63,2020
T5620,T562002,1005321,4,N,N,1,1,318,2264
T5620,T562002,1005322,5,N,N,1,1,319,2513
T5620,T562002,1005323,6,N,N,1,1,320,2815
T5620,T562002,1005324,7,N,N,1,1,8,3179
T5620,T562002,1005325,8,N,N,1,1,11,3623
T5620,T562002,1005326,9,N,N,1,1,340,3974
T5620,T562002,1005327,10,N,N,1,1,176,5766
T5620,T562002,1005299,11,N,N,1,1,182,6300
T5630,T563002,1005299,1,N,N,1,1,182,0
T5630,T563002,1005328,2,N,N,1,1,1,1022
T5630,T563002,1005329,3,N,N,1,1,253,1855
T5630,T563002,1005330,4,N,N,1,1,93,3299
T5630,T563002,1005331,5,N,N,1,1,4,4327
T5630,T563002,1005332,6,N,N,1,1,46,5126
T5630,T563002,1005333,7,N,N,1,1,281,5665
T5630,T563002,1005334,8,N,N,1,1,130,7081
T5630,T563002,1005335,9,N,N,1,1,182,7865
T5630,T563002,1005336,10,N,N,1,1,134,8648
T5630,T563002,1005337,11,N,N,1,1,180,8909
T5630,T563002,1005338,12,N,N,1,1,78,9823
T5630,T563002,1005327,13,N,N,1,1,176,11857
T5630,T563002,1005299,14,N,N,1,1,182,12400
T5640,T564002,1005339,1,N,N,1,1,165,0
T5640,T564002,1005340,2,N,N,1,1,310,457
T5640,T564002,1005341,3,N,N,1,1,348,733
T5640,T564002,1005342,4,N,N,1,1,339,903
T5640,T564002,1005343,5,N,N,1,1,94,1178
T5640,T564002,1005344,6,N,N,1,1,258,1681
T5640,T564002,1005345,7,N,N,1,1,223,1993
T5640,T564002,1005346,8,N,N,1,1,245,2487
T5640,T564002,1005347,9,N,N,1,1,141,3000
T5640,T564002,1005348,10,N,N,1,1,143,3391
T5640,T564002,1005349,11,N,N,1,1,38,3912
T5640,T564002,1005350,12,N,N,1,1,63,4181
T5640,T564002,1005351,13,N,N,1,1,64,4491
T5640,T564002,1005340,14,N,N,1,1,310,4942
T5640,T564002,1005341,15,N,N,1,1,348,5324
T5640,T564002,1005342,16,N,N,1,1,339,5515
T5640,T564002,1005339,17,N,N,1,1,165,6200
T5650,T565002,1005352,1,N,N,1,1,176,0
T5650,T565002,1005350,2,N,N,1,1,63,1554
T5650,T565002,1005351,3,N,N,1,1,64,1863
T5650,T565002,1005320,4,N,N,1,1,63,2440
T5650,T565002,1005353,5,N,N,1,1,88,3642
T5650,T565002,1005354,6,N,N,1,1,2,4092
T5650,T565002,1005355,7,N,N,1,1,89,4524
T5650,T565002,1005356,8,N,N,1,1,87,4813
T5650,T565002,1005357,9,N,N,1,1,135,5184
T5650,T565002,1005358,10,N,N,1,1,118,5409
T5650,T565002,1005359,11,N,N,1,1,120,5701
T5650,T565002,1005360,12,N,N,1,1,183,5991
T5650,T565002,1005361,13,N,N,1,1,86,6699
T5650,T565002,1005362,14,N,N,1,1,246,7264
T5650,T565002,1005363,15,N,N,1,1,293,7841
T5650,T565002,1005364,16,N,N,1,1,276,8647
T5650,T565002,1005365,17,N,N,1,1,281,9130
T5650,T565002,1005366,18,N,N,1,1,253,10407
T5650,T565002,1005367,19,N,N,1,1,147,10744
T5650,T565002,1005368,20,N,N,1,1,319,11231
T5650,T565002,1005369,21,N,N,1,1,324,11566
T5650,T565002,1005370,22,N,N,1,1,229,11987
T5650,T565002,1005352,23,N,N,1,1,176,12800
T5660,T566002,1005371,1,N,N,1,1,271,0
T5660,T566002,1005372,2,N,N,1,1,357,3431
T5660,T566002,1005373,3,N,N,1,1,4,3831
T5660,T566002,1005374,4,N,N,1,1,8,4131
T5660,T566002,1005375,5,N,N,1,1,95,4465
T5660,T566002,1005376,6,N,N,1,1,178,4750
T5660,T566002,1005377,7,N,N,1,1,92,4920
T5660,T566002,1005378,8,N,N,1,1,331,5953
T5660,T566002,1005379,9,N,N,1,1,336,6190
T5660,T566002,1005380,10,N,N,1,1,7,6517
T5660,T566002,1005381,11,N,N,1,1,5,6767
T5660,T566002,1005382,12,N,N,1,1,277,7037
T5660,T566002,1005383,13,N,N,1,1,271,7272
T5660,T566002,1005384,14,N,N,1,1,3,7572
T5660,T566002,1005385,15,N,N,1,1,4,7782
T5660,T566002,1005386,16,N,N,1,1,4,8017
T5660,T566002,1005387,17,N,N,1,1,129,8286
T5660,T566002,1005388,18,N,N,1,1,179,8701
T5660,T566002,1005389,19,N,N,1,1,201,8917
T5660,T566002,1005391,20,N,N,1,1,183,9167
T5660,T566002,1005390,21,N,N,1,1,182,9472
T5660,T566002,1005392,22,N,N,1,1,170,9783
T5660,T566002,1005393,23,N,N,1,1,167,10049
T5660,T566002,1005371,24,N,N,1,1,271,12100
T5670,T567002,1005371,1,N,N,1,1,271,0
T5670,T567002,1005394,2,N,N,1,1,36,1855
T5670,T567002,1005395,3,N,N,1,1,48,2669
T5670,T567002,1005396,4,N,N,1,1,121,2955
T5670,T567002,1005397,5,N,N,1,1,133,3405
T5670,T567002,1005398,6,N,N,1,1,136,3767
T5670,T567002,1005399,7,N,N,1,1,218,5242
T5670,T567002,1005400,8,N,N,1,1,39,5964
T5670,T567002,1005401,9,N,N,1,1,258,6869
T5670,T567002,1005402,10,N,N,1,1,257,7103
T5670,T567002,1005403,11,N,N,1,1,183,7378
T5670,T567002,1005404,12,N,N,1,1,184,7724
T5670,T567002,1005405,13,N,N,1,1,185,7988
T5670,T567002,1005406,14,N,N,1,1,272,8320
T5670,T567002,1005407,15,N,N,1,1,4,8559
T5670,T567002,1005408,16,N,N,1,1,3,8951
T5670,T567002,1005371,17,N,N,1,1,271,9600
T5680,T568002,1005371,1,N,N,1,1,271,0
T5680,T568002,1005409,2,N,N,1,1,91,1651
T5680,T568002,1005410,3,N,N,1,1,181,2057
T5680,T568002,1005411,4,N,N,1,1,94,2317
T5680,T568002,1005412,5,N,N,1,1,196,3420
T5680,T568002,1005413,6,N,N,1,1,182,3752
T5680,T568002,1005414,7,N,N,1,1,178,3988
T5680,T568002,1005415,8,N,N,1,1,89,4406
T5680,T568002,1005416,9,N,N,1,1,87,4989
T5680,T568002,1005417,10,N,N,1,1,55,5343
T5680,T568002,1005418,11,N,N,1,1,112,6410
T5680,T568002,1005419,12,N,N,1,1,60,7068
T5680,T568002,1005420,13,N,N,1,1,167,7568
T5680,T568002,1005421,14,N,N,1,1,141,8299
T5680,T568002,1005422,15,N,N,1,1,146,8767
T5680,T568002,1005423,16,N,N,1,1,284,10172
T5680,T568002,1005424,17,N,N,1,1,17,11500
T5680,T568002,1005425,18,N,N,1,1,349,12370
T5680,T568002,1005426,19,N,N,1,1,258,13287
T5680,T568002,1005427,20,N,N,1,1,283,13717
T5680,T568002,1005428,21,N,N,1,1,6,14230
T5680,T568002,1005429,22,N,N,1,1,7,14458
T5680,T568002,1005371,23,N,N,1,1,271,15200
T5700,T570001,1001690,1,N,N,1,1,331,0
T5700,T570001,1001547,2,N,N,1,1,238,936
T5700,T570001,1000420,3,N,N,1,1,227,1200
T5700,T570001,1001275,4,N,N,1,1,217,1757
T5700,T570001,1002634,5,N,N,1,1,234,2063
T5700,T570001,1001299,6,N,N,1,1,90,2629
T5700,T570001,1001347,7,N,N,1,1,182,3063
T5700,T570001,1002962,8,N,N,1,1,182,3361
T5700,T570001,1000841,9,N,N,1,1,59,3916
T5700,T570001,1003275,10,N,N,1,1,18,4233
T5700,T570001,1001972,11,N,N,1,1,108,5216
T5700,T570001,1003402,12,N,N,1,1,182,5682
T5700,T570001,1002305,13,N,N,1,1,92,5852
T5700,T570001,1003710,14,N,N,1,1,183,6019
T5700,T570001,1001942,15,N,N,1,1,181,6619
T5700,T570001,1000279,16,N,N,1,1,259,7133
T5700,T570001,1001266,17,N,N,1,1,270,7984
T5700,T570001,1001864,18,N,N,1,1,358,9233
T5700,T570002,1001864,1,N,N,1,1,358,0
T5700,T570002,1001265,2,N,N,1,1,90,1145
T5700,T570002,1001617,3,N,N,1,1,79,2005
T5700,T570002,1001956,4,N,N,1,1,1,2429
T5700,T570002,1001371,5,N,N,1,1,3,3005
T5700,T570002,1002363,6,N,N,1,1,272,3254
T5700,T570002,1003401,7,N,N,1,1,271,3656
T5700,T570002,1001971,8,N,N,1,1,288,3936
T5700,T570002,1003276,9,N,N,1,1,198,4907
T5700,T570002,1000842,10,N,N,1,1,239,5088
T5700,T570002,1002963,11,N,N,1,1,275,5393
T5700,T570002,1001367,12,N,N,1,1,2,5597
T5700,T570002,1001261,13,N,N,1,1,2,5919
T5700,T570002,1000501,14,N,N,1,1,270,6402
T5700,T570002,1001260,15,N,N,1,1,24,7100
T5700,T570002,1002256,16,N,N,1,1,37,7451
T5700,T570002,1001541,17,N,N,1,1,58,8196
T5700,T570002,1003922,18,N,N,1,1,88,9249
T5700,T570002,1001689,19,N,N,1,1,151,10206
T5700,T570002,1001690,20,N,N,1,1,331,11273
T5710,T571002,1001689,1,N,N,1,1,151,0
T5710,T571002,1003430,2,N,N,1,1,146,1875
T5710,T571002,1000686,3,N,N,1,1,67,2067
T5710,T571002,1003971,4,N,N,1,1,117,2409
T5710,T571002,1003432,5,N,N,1,1,89,2790
T5710,T571002,1000696,6,N,N,1,1,88,3064
T5710,T571002,1000780,7,N,N,1,1,136,3500
T5710,T571002,1000155,8,N,N,1,1,148,4109
T5710,T571002,1000781,9,N,N,1,1,316,4776
T5710,T571002,1000697,10,N,N,1,1,34,5387
T5710,T571002,1001992,11,N,N,1,1,48,5955
T5710,T571002,1001498,12,N,N,1,1,43,6377
T5710,T571002,1001668,13,N,N,1,1,8,6704
T5710,T571002,1000034,14,N,N,1,1,350,7190
T5710,T571002,1000489,15,N,N,1,1,268,7514
T5710,T571002,1003241,16,N,N,1,1,251,8068
T5710,T571002,1004066,17,N,N,1,1,251,8262
T5710,T571002,1004260,18,N,N,1,1,288,8656
T5710,T571002,1003332,19,N,N,1,1,277,9605
T5710,T571002,1003923,20,N,N,1,1,268,9950
T5710,T571002,1001689,21,N,N,1,1,151,10600
T5800,T580002,1006170,1,N,N,1,1,65,0
T5800,T580002,1006173,2,N,N,1,1,150,734
T5800,T580002,1000044,3,N,N,1,1,245,1044
T5800,T580002,1003940,4,N,N,1,1,245,1268
T5800,T580002,1000160,5,N,N,1,1,1,1476
T5800,T580002,1001791,6,N,N,1,1,44,1645
T5800,T580002,1000612,7,N,N,1,1,272,1768
T5800,T580002,1000613,8,N,N,1,1,179,1990
T5800,T580002,1000574,9,N,N,1,1,20,2472
T5800,T580002,1002306,10,N,N,1,1,195,2727
T5800,T580002,1000103,11,N,N,1,1,359,2936
T5800,T580002,1001580,12,N,N,1,1,359,3447
T5800,T580002,1001564,13,N,N,1,1,90,3648
T5800,T580002,1003926,14,N,N,1,1,4,3990
T5800,T580002,1002884,15,N,N,1,1,86,4366
T5800,T580002,1002907,16,N,N,1,1,86,4842
T5800,T580002,1003024,17,N,N,1,1,175,5098
T5800,T580002,1000122,18,N,N,1,1,264,5313
T5800,T580002,1000611,19,N,N,1,1,264,6100
T5800,T580002,1000449,20,N,N,1,1,266,7255
T5800,T580002,1001792,21,N,N,1,1,224,7792
T5800,T580002,1000161,22,N,N,1,1,181,8077
T5800,T580002,1000984,23,N,N,1,1,89,8320
T5800,T580002,1001008,24,N,N,1,1,56,8882
T5800,T580002,1002031,25,N,N,1,1,359,9926
T5800,T580002,1004139,26,N,N,1,1,353,10576
T5800,T580002,1000176,27,N,N,1,1,270,11056
T5800,T580002,1002032,28,N,N,1,1,180,13323
T5800,T580002,1004159,29,N,N,1,1,88,13933
T5800,T580002,1001978,30,N,N,1,1,85,14618
T5800,T580002,1001072,31,N,N,1,1,330,15432
T5800,T580002,1000111,32,N,N,1,1,329,15765
T5800,T580002,1000044,33,N,N,1,1,245,16830
T5800,T580002,1006172,34,N,N,1,1,330,18706
T5800,T580002,1006170,35,N,N,1,1,65,23100
T5810,T581002,1005059,1,N,N,1,1,165,0
T5810,T581002,1005058,2,N,N,1,1,180,290
T5810,T581002,1005056,3,N,N,1,1,272,990
T5810,T581002,1005054,4,N,N,1,1,42,1990
T5810,T581002,1006154,5,N,N,1,1,281,4180
T5810,T581002,1001806,6,N,N,1,1,211,4678
T5810,T581002,1006155,7,N,N,1,1,120,5459
T5810,T581002,1006169,8,N,N,1,1,80,5969
T5810,T581002,1000014,9,N,N,1,1,181,6829
T5810,T581002,1003155,10,N,N,1,1,140,7331
T5810,T581002,1000584,11,N,N,1,1,90,7875
T5810,T581002,1002419,12,N,N,1,1,90,8154
T5810,T581002,1001698,13,N,N,1,1,49,8382
T5810,T581002,1000879,14,N,N,1,1,112,8826
T5810,T581002,1000907,15,N,N,1,1,95,9213
T5810,T581002,1001849,16,N,N,1,1,96,9675
T5810,T581002,1001995,17,N,N,1,1,93,9985
T5810,T581002,1003263,18,N,N,1,1,77,10212
T5810,T581002,1002145,19,N,N,1,1,93,10849
T5810,T581002,1005055,20,N,N,1,1,60,14312
T5810,T581002,1005057,21,N,N,1,1,350,14600
T5811,T581102,1005059,1,N,N,1,1,165,0
T5811,T581102,1005058,2,N,N,1,1,180,249
T5811,T581102,1005056,3,N,N,1,1,272,950
T5811,T581102,1005054,4,N,N,1,1,42,2089
T5811,T581102,1009081,5,N,N,1,1,304,2758
T5811,T581102,1006154,6,N,N,1,1,281,3305
T5811,T581102,1009082,7,N,N,1,1,88,3924
T5811,T581102,1005053,8,N,N,1,1,230,4872
T5811,T581102,1005055,9,N,N,1,1,60,6040
T5811,T581102,1005057,10,N,N,1,1,350,6764
T5811,T581102,1005059,11,N,N,1,1,165,7000
T5820,T582002,1001826,1,N,N,1,1,124,0
T5820,T582002,1001791,2,N,N,1,1,44,805
T5820,T582002,1000448,3,N,N,1,1,86,3872
T5820,T582002,1001002,4,N,N,1,1,84,4332
T5820,T582002,1003023,5,N,N,1,1,355,4786
T5820,T582002,1003032,6,N,N,1,1,266,5139
T5820,T582002,1003031,7,N,N,1,1,266,5485
T5820,T582002,1001113,8,N,N,1,1,192,5683
T5820,T582002,1001110,9,N,N,1,1,270,6392
T5820,T582002,1003146,10,N,N,1,1,274,6656
T5820,T582002,1002204,11,N,N,1,1,287,6895
T5820,T582002,1000913,12,N,N,1,1,201,7183
T5820,T582002,1001826,13,N,N,1,1,124,8000
#N/A,T583002,1006170,1,N,N,1,1,65,0
#N/A,T583002,1004303,2,N,N,1,1,355,2254
#N/A,T583002,1002569,3,N,N,1,1,327,2885
#N/A,T583002,1000506,4,N,N,1,1,58,3300
#N/A,T583002,1002401,5,N,N,1,1,12,3667
#N/A,T583002,1003828,6,N,N,1,1,12,4057
#N/A,T583002,1000416,7,N,N,1,1,123,4377
#N/A,T583002,1002833,8,N,N,1,1,91,4731
#N/A,T583002,1003400,9,N,N,1,1,67,5165
#N/A,T583002,1000994,10,N,N,1,1,100,5552
#N/A,T583002,1008389,11,N,N,1,1,189,6173
#N/A,T583002,1008390,12,N,N,1,1,176,6563
#N/A,T583002,1008391,13,N,N,1,1,168,6787
#N/A,T583002,1003972,14,N,N,1,1,271,7095
#N/A,T583002,1003144,15,N,N,1,1,188,9444
#N/A,T583002,1001235,16,N,N,1,1,169,9692
#N/A,T583002,1006170,17,N,N,1,1,65,11900
T5840,T584002,1003895,1,N,N,1,1,148,0
T5840,T584002,1002974,2,N,N,1,1,272,298
T5840,T584002,1003295,3,N,N,1,1,275,541
T5840,T584002,1001665,4,N,N,1,1,262,814
T5840,T584002,1002715,5,N,N,1,1,279,1111
T5840,T584002,1000274,6,N,N,1,1,292,1446
T5840,T584002,1001664,7,N,N,1,1,38,1778
T5840,T584002,1001004,8,N,N,1,1,106,2410
T5840,T584002,1002844,9,N,N,1,1,108,2550
T5840,T584002,1002303,10,N,N,1,1,315,2887
T5840,T584002,1002267,11,N,N,1,1,315,3195
T5840,T584002,1002904,12,N,N,1,1,235,3488
T5840,T584002,1000196,13,N,N,1,1,307,3676
T5840,T584002,1001549,14,N,N,1,1,338,3975
T5840,T584002,1000645,15,N,N,1,1,25,4235
T5840,T584002,1001059,16,N,N,1,1,29,4525
T5840,T584002,1002706,17,N,N,1,1,352,6238
T5840,T584002,1000391,18,N,N,1,1,350,6597
T5840,T584002,1000390,19,N,N,1,1,170,6941
T5840,T584002,1002707,20,N,N,1,1,203,7520
T5840,T584002,1002710,21,N,N,1,1,192,7940
T5840,T584002,1001041,22,N,N,1,1,231,8416
T5840,T584002,1001060,23,N,N,1,1,209,8881
T5840,T584002,1001550,24,N,N,1,1,158,9447
T5840,T584002,1000197,25,N,N,1,1,127,9658
T5840,T584002,1002902,26,N,N,1,1,55,9834
T5840,T584002,1002257,27,N,N,1,1,135,10119
T5840,T584002,1002304,28,N,N,1,1,135,10469
T5840,T584002,1001485,29,N,N,1,1,288,10753
T5840,T584002,1001005,30,N,N,1,1,286,10946
T5840,T584002,1001372,31,N,N,1,1,260,11268
T5840,T584002,1001640,32,N,N,1,1,218,11573
T5840,T584002,1000275,33,N,N,1,1,112,11920
T5840,T584002,1002716,34,N,N,1,1,99,12224
T5840,T584002,1001666,35,N,N,1,1,95,12582
T5840,T584002,1001911,36,N,N,1,1,95,12787
T5840,T584002,1002977,37,N,N,1,1,92,13084
T5840,T584002,1003895,38,N,N,1,1,148,13500
T5850,T585002,1005178,1,N,N,1,1,178,0
T5850,T585002,1005244,2,N,N,1,1,273,1520
T5850,T585002,1005245,3,N,N,1,1,279,1800
T5850,T585002,1005246,4,N,N,1,1,251,2049
T5850,T585002,1005182,5,N,N,1,1,269,2533
T5850,T585002,1005183,6,N,N,1,1,276,2839
T5850,T585002,1005184,7,N,N,1,1,10,3353
T5850,T585002,1005185,8,N,N,1,1,103,3878
T5850,T585002,1005186,9,N,N,1,1,87,4634
T5850,T585002,1005187,10,N,N,1,1,1,5134
T5850,T585002,1005188,11,N,N,1,1,89,5478
T5850,T585002,1005189,12,N,N,1,1,3,5838
T5850,T585002,1005190,13,N,N,1,1,355,6301
T5850,T585002,1005191,14,N,N,1,1,310,6587
T5850,T585002,1005192,15,N,N,1,1,249,6942
T5850,T585002,1005193,16,N,N,1,1,227,7246
T5850,T585002,1005194,17,N,N,1,1,243,7622
T5850,T585002,1005195,18,N,N,1,1,238,7925
T5850,T585002,1005196,19,N,N,1,1,234,8195
T5850,T585002,1005197,20,N,N,1,1,235,8425
T5850,T585002,1005198,21,N,N,1,1,292,8626
T5850,T585002,1005199,22,N,N,1,1,197,9012
T5850,T585002,1005200,23,N,N,1,1,192,9357
T5850,T585002,1005201,24,N,N,1,1,101,9627
T5850,T585002,1005202,25,N,N,1,1,91,9981
T5850,T585002,1005203,26,N,N,1,1,87,10411
T5850,T585002,1005204,27,N,N,1,1,111,10571
T5850,T585002,1005205,28,N,N,1,1,97,10798
T5850,T585002,1005178,29,N,N,1,1,178,11900
T5860,T586002,1005178,1,N,N,1,1,178,0
T5860,T586002,1005206,2,N,N,1,1,183,1458
T5860,T586002,1005207,3,N,N,1,1,178,1854
T5860,T586002,1005208,4,N,N,1,1,180,2109
T5860,T586002,1005209,5,N,N,1,1,273,2364
T5860,T586002,1005210,6,N,N,1,1,269,2947
T5860,T586002,1005211,7,N,N,1,1,259,3287
T5860,T586002,1005212,8,N,N,1,1,203,4733
T5860,T586002,1005213,9,N,N,1,1,167,4979
T5860,T586002,1005214,10,N,N,1,1,86,5187
T5860,T586002,1005215,11,N,N,1,1,136,5848
T5860,T586002,1005216,12,N,N,1,1,142,6140
T5860,T586002,1005217,13,N,N,1,1,151,6528
T5860,T586002,1005218,14,N,N,1,1,351,6980
T5860,T586002,1005219,15,N,N,1,1,352,7149
T5860,T586002,1005220,16,N,N,1,1,350,7552
T5860,T586002,1005221,17,N,N,1,1,88,7939
T5860,T586002,1005222,18,N,N,1,1,2,8260
T5860,T586002,1005223,19,N,N,1,1,2,8538
T5860,T586002,1005224,20,N,N,1,1,94,8956
T5860,T586002,1005225,21,N,N,1,1,357,9225
T5860,T586002,1005226,22,N,N,1,1,358,9479
T5860,T586002,1005227,23,N,N,1,1,5,9857
T5860,T586002,1005178,24,N,N,1,1,178,10800
T5870,T587002,1005178,1,N,N,1,1,178,0
T5870,T587002,1005228,2,N,N,1,1,31,957
T5870,T587002,1005229,3,N,N,1,1,34,1254
T5870,T587002,1005230,4,N,N,1,1,25,1626
T5870,T587002,1005231,5,N,N,1,1,46,1858
T5870,T587002,1005232,6,N,N,1,1,267,2242
T5870,T587002,1005233,7,N,N,1,1,117,2680
T5870,T587002,1005234,8,N,N,1,1,123,3007
T5870,T587002,1005235,9,N,N,1,1,164,3425
T5870,T587002,1005236,10,N,N,1,1,148,3636
T5870,T587002,1005237,11,N,N,1,1,69,3834
T5870,T587002,1005238,12,N,N,1,1,134,4097
T5870,T587002,1005239,13,N,N,1,1,132,4446
T5870,T587002,1005240,14,N,N,1,1,278,4808
T5870,T587002,1005241,15,N,N,1,1,261,5277
T5870,T587002,1005242,16,N,N,1,1,219,5579
T5870,T587002,1005243,17,N,N,1,1,123,5935
T5870,T587002,1005178,18,N,N,1,1,178,9400
T5880,T588002,1005178,1,N,N,1,1,178,0
T5880,T588002,1005244,2,N,N,1,1,273,1523
T5880,T588002,1005245,3,N,N,1,1,279,1801
T5880,T588002,1005246,4,N,N,1,1,251,2060
T5880,T588002,1005182,5,N,N,1,1,269,2537
T5880,T588002,1005183,6,N,N,1,1,276,2852
T5880,T588002,1005247,7,N,N,1,1,187,3088
T5880,T588002,1005248,8,N,N,1,1,188,3227
T5880,T588002,1005249,9,N,N,1,1,194,3500
T5880,T588002,1005250,10,N,N,1,1,239,3973
T5880,T588002,1005251,11,N,N,1,1,163,4168
T5880,T588002,1005252,12,N,N,1,1,64,5036
T5880,T588002,1005253,13,N,N,1,1,352,5721
T5880,T588002,1005254,14,N,N,1,1,353,5928
T5880,T588002,1005255,15,N,N,1,1,7,6271
T5880,T588002,1005256,16,N,N,1,1,5,6478
T5880,T588002,1005203,17,N,N,1,1,87,6845
T5880,T588002,1005204,18,N,N,1,1,111,7011
T5880,T588002,1005205,19,N,N,1,1,97,7229
T5880,T588002,1005178,20,N,N,1,1,178,8400
T5890,T589002,1005257,1,N,N,1,1,331,0
T5890,T589002,1005258,2,N,N,1,1,183,1124
T5890,T589002,1005259,3,N,N,1,1,221,1514
T5890,T589002,1005260,4,N,N,1,1,222,1944
T5890,T589002,1005261,5,N,N,1,1,92,2206
T5890,T589002,1005262,6,N,N,1,1,183,2664
T5890,T589002,1005263,7,N,N,1,1,176,3688
T5890,T589002,1005264,8,N,N,1,1,261,4172
T5890,T589002,1005265,9,N,N,1,1,263,4415
T5890,T589002,1005266,10,N,N,1,1,264,4641
T5890,T589002,1005267,11,N,N,1,1,269,5377
T5890,T589002,1005268,12,N,N,1,1,268,5594
T5890,T589002,1005269,13,N,N,1,1,273,5874
T5890,T589002,1005270,14,N,N,1,1,282,6116
T5890,T589002,1005271,15,N,N,1,1,32,6375
T5890,T589002,1005272,16,N,N,1,1,41,6617
T5890,T589002,1005273,17,N,N,1,1,46,6902
T5890,T589002,1005274,18,N,N,1,1,127,7236
T5890,T589002,1005275,19,N,N,1,1,99,7508
T5890,T589002,1005276,20,N,N,1,1,81,8109
T5890,T589002,1005257,21,N,N,1,1,331,9200
T6000,T600002,1006287,1,N,N,1,1,233,0
T6000,T600002,1006678,2,N,N,1,1,29,1821
T6000,T600002,1002768,3,N,N,1,1,93,3358
T6000,T600002,1002228,4,N,N,1,1,165,4865
T6000,T600002,1006584,5,N,N,1,1,81,5207
T6000,T600002,1003604,6,N,N,1,1,192,5514
T6000,T600002,1003495,7,N,N,1,1,215,5977
T6000,T600002,1006586,8,N,N,1,1,18,6239
T6000,T600002,1002166,9,N,N,1,1,1,6409
T6000,T600002,1002139,10,N,N,1,1,358,6776
T6000,T600002,1008196,11,N,N,1,1,293,8022
T6000,T600002,1002749,12,N,N,1,1,332,8253
T6000,T600002,1002180,13,N,N,1,1,19,8592
T6000,T600002,1002162,14,N,N,1,1,5,9401
T6000,T600002,1004088,15,N,N,1,1,227,9834
T6000,T600002,1002767,16,N,N,1,1,273,10068
T6000,T600002,1003913,17,N,N,1,1,14,11396
T6000,T600002,1001010,18,N,N,1,1,22,12363
T6000,T600002,1006287,19,N,N,1,1,233,13100
T6010,T601001,1002156,1,N,N,1,1,1,0
T6010,T601001,1002143,2,N,N,1,1,1,283
T6010,T601001,1002153,3,N,N,1,1,2,497
T6010,T601001,1002141,4,N,N,1,1,1,761
T6010,T601001,1006576,5,N,N,1,1,18,1253
T6010,T601001,1002514,6,N,N,1,1,21,1576
T6010,T601001,1001985,7,N,N,1,1,351,1949
T6010,T601001,1001742,8,N,N,1,1,351,2204
T6010,T601001,1000432,9,N,N,1,1,103,2476
T6010,T601001,1000338,10,N,N,1,1,89,2740
T6010,T601001,1000849,11,N,N,1,1,90,3128
T6010,T601001,1002345,12,N,N,1,1,176,3811
T6010,T601001,1003258,13,N,N,1,1,176,4034
T6010,T601001,1002344,14,N,N,1,1,177,4261
T6010,T601001,1002740,15,N,N,1,1,180,4804
T6010,T601001,1003980,16,N,N,1,1,90,5288
T6010,T601001,1003030,17,N,N,1,1,180,5625
T6010,T601001,1002221,18,N,N,1,1,212,6000
T6010,T601001,1003648,19,N,N,1,1,205,6263
T6010,T601001,1002926,20,N,N,1,1,119,6487
T6010,T601001,1002223,21,N,N,1,1,207,6746
T6010,T601001,1003028,22,N,N,1,1,118,6940
T6010,T601001,1003819,23,N,N,1,1,29,7256
T6010,T601001,1004208,24,N,N,1,1,33,7589
T6010,T601001,1002641,25,N,N,1,1,24,8200
T6010,T601002,1002641,1,N,N,1,1,24,0
T6010,T601002,1003820,2,N,N,1,1,209,655
T6010,T601002,1003027,3,N,N,1,1,298,1057
T6010,T601002,1002222,4,N,N,1,1,27,1269
T6010,T601002,1002924,5,N,N,1,1,299,1398
T6010,T601002,1003647,6,N,N,1,1,32,1748
T6010,T601002,1002230,7,N,N,1,1,32,2035
T6010,T601002,1003029,8,N,N,1,1,360,2353
T6010,T601002,1003998,9,N,N,1,1,270,3733
T6010,T601002,1002346,10,N,N,1,1,357,3942
T6010,T601002,1001722,11,N,N,1,1,356,4808
T6010,T601002,1008639,12,N,N,1,1,357,5011
T6010,T601002,1006575,13,N,N,1,1,262,5236
T6010,T601002,1000339,14,N,N,1,1,269,5506
T6010,T601002,1000433,15,N,N,1,1,283,5844
T6010,T601002,1001986,16,N,N,1,1,171,6060
T6010,T601002,1006574,17,N,N,1,1,195,6599
T6010,T601002,1003310,18,N,N,1,1,191,7149
T6010,T601002,1002144,19,N,N,1,1,181,7667
T6010,T601002,1002156,20,N,N,1,1,1,8300
T6020,T602002,1002641,1,N,N,1,1,24,0
T6020,T602002,1001240,2,N,N,1,1,110,2735
T6020,T602002,1002073,3,N,N,1,1,141,3171
T6020,T602002,1002728,4,N,N,1,1,65,3915
T6020,T602002,1002510,5,N,N,1,1,14,4394
T6020,T602002,1008334,6,N,N,1,1,290,5032
T6020,T602002,1008335,7,N,N,1,1,7,5503
T6020,T602002,1003419,8,N,N,1,1,152,5603
T6020,T602002,1004115,9,N,N,1,1,183,5740
T6020,T602002,1002511,10,N,N,1,1,183,6293
T6020,T602002,1002729,11,N,N,1,1,245,6821
T6020,T602002,1002074,12,N,N,1,1,321,7586
T6020,T602002,1001239,13,N,N,1,1,290,8075
T6020,T602002,1004206,14,N,N,1,1,197,8913
T6020,T602002,1000675,15,N,N,1,1,123,9490
T6020,T602002,1001497,16,N,N,1,1,221,10102
T6020,T602002,1003921,17,N,N,1,1,41,10448
T6020,T602002,1001231,18,N,N,1,1,269,10993
T6020,T602002,1001230,19,N,N,1,1,359,11431
T6020,T602002,1002813,20,N,N,1,1,16,11922
T6020,T602002,1002580,21,N,N,1,1,290,12340
T6020,T602002,1001151,22,N,N,1,1,334,12560
T6020,T602002,1002641,23,N,N,1,1,24,13198
T6030,T603002,1006574,1,N,N,1,1,195,0
T6030,T603002,1003310,2,N,N,1,1,191,450
T6030,T603002,1002144,3,N,N,1,1,181,967
T6030,T603002,1002154,4,N,N,1,1,181,1178
T6030,T603002,1002207,5,N,N,1,1,182,2054
T6030,T603002,1008326,6,N,N,1,1,181,2980
T6030,T603002,1008327,7,N,N,1,1,231,4527
T6030,T603002,1008329,8,N,N,1,1,346,5517
T6030,T603002,1008330,9,N,N,1,1,91,6552
T6030,T603002,1006583,10,N,N,1,1,32,7095
T6030,T603002,1002156,11,N,N,1,1,1,8321
T6030,T603002,1002143,12,N,N,1,1,1,8624
T6030,T603002,1002153,13,N,N,1,1,2,8834
T6030,T603002,1002141,14,N,N,1,1,1,9094
T6030,T603002,1006576,15,N,N,1,1,18,9626
T6030,T603002,1002514,16,N,N,1,1,21,9916
T6030,T603002,1001985,17,N,N,1,1,351,10282
T6030,T603002,1001742,18,N,N,1,1,351,10538
T6030,T603002,1001939,19,N,N,1,1,171,10819
T6030,T603002,1001986,20,N,N,1,1,171,11063
T6030,T603002,1002430,21,N,N,1,1,193,11137
T6030,T603002,1006574,22,N,N,1,1,195,11700
T6040,T604001,1000025,1,N,N,1,1,221,0
T6040,T604001,1008309,2,N,N,1,1,197,202
T6040,T604001,1001396,3,N,N,1,1,241,421
T6040,T604001,1001397,4,N,N,1,1,241,730
T6040,T604001,1002150,5,N,N,1,1,1,1223
T6040,T604001,1001658,6,N,N,1,1,2,1925
T6040,T604001,1002762,7,N,N,1,1,272,2034
T6040,T604001,1000733,8,N,N,1,1,272,2353
T6040,T604001,1001234,9,N,N,1,1,167,2849
T6040,T604001,1001030,10,N,N,1,1,228,3167
T6040,T604001,1003342,11,N,N,1,1,228,3386
T6040,T604001,1003622,12,N,N,1,1,67,3790
T6040,T604001,1000090,13,N,N,1,1,247,4088
T6040,T604001,1003718,14,N,N,1,1,176,4455
T6040,T604001,1000092,15,N,N,1,1,213,4729
T6040,T604001,1006678,16,N,N,1,1,29,6089
T6040,T604001,1002768,17,N,N,1,1,93,7419
T6040,T604001,1006291,18,N,N,1,1,261,8558
T6040,T604001,1006292,19,N,N,1,1,107,8747
T6040,T604001,1006293,20,N,N,1,1,160,8914
T6040,T604001,1006297,21,N,N,1,1,309,9165
T6040,T604001,1006299,22,N,N,1,1,152,9389
T6040,T604001,1006301,23,N,N,1,1,108,9615
T6040,T604001,1006303,24,N,N,1,1,155,9802
T6040,T604001,1006305,25,N,N,1,1,84,10315
T6040,T604001,1006307,26,N,N,1,1,70,10622
T6040,T604001,1006309,27,N,N,1,1,28,10821
T6040,T604001,1006311,28,N,N,1,1,185,12200
T6040,T604002,1006311,1,N,N,1,1,185,0
T6040,T604002,1006308,2,N,N,1,1,269,496
T6040,T604002,1006306,3,N,N,1,1,294,757
T6040,T604002,1006304,4,N,N,1,1,33,1280
T6040,T604002,1006302,5,N,N,1,1,22,1471
T6040,T604002,1006300,6,N,N,1,1,28,1690
T6040,T604002,1006298,7,N,N,1,1,96,1932
T6040,T604002,1006296,8,N,N,1,1,36,2166
T6040,T604002,1006295,9,N,N,1,1,10,2330
T6040,T604002,1006294,10,N,N,1,1,89,2541
T6040,T604002,1006286,11,N,N,1,1,10,3118
T6040,T604002,1003913,12,N,N,1,1,14,3752
T6040,T604002,1001010,13,N,N,1,1,22,4258
T6040,T604002,1006287,14,N,N,1,1,233,4952
T6040,T604002,1004199,15,N,N,1,1,307,5533
T6040,T604002,1001601,16,N,N,1,1,304,5918
T6040,T604002,1000091,17,N,N,1,1,33,7536
T6040,T604002,1000147,18,N,N,1,1,356,7741
T6040,T604002,1000148,19,N,N,1,1,356,7924
T6040,T604002,1002932,20,N,N,1,1,67,8124
T6040,T604002,1003622,21,N,N,1,1,67,8452
T6040,T604002,1003341,22,N,N,1,1,48,8862
T6040,T604002,1001029,23,N,N,1,1,48,9074
T6040,T604002,1002805,24,N,N,1,1,64,9403
T6040,T604002,1000732,25,N,N,1,1,92,9942
T6040,T604002,1002761,26,N,N,1,1,92,10226
T6040,T604002,1003618,27,N,N,1,1,182,10331
T6040,T604002,1002151,28,N,N,1,1,181,11028
T6040,T604002,1001269,29,N,N,1,1,61,11353
T6040,T604002,1004014,30,N,N,1,1,61,11717
T6040,T604002,1002193,31,N,N,1,1,49,11975
T6040,T604002,1000025,32,N,N,1,1,221,13000
T6050,T605002,1006279,1,N,N,1,1,177,0
T6050,T605002,1000587,2,N,N,1,1,155,706
T6050,T605002,1001579,3,N,N,1,1,132,1103
T6050,T605002,1001920,4,N,N,1,1,151,1519
T6050,T605002,1006280,5,N,N,1,1,103,1823
T6050,T605002,1006282,6,N,N,1,1,85,2203
T6050,T605002,1006283,7,N,N,1,1,156,2674
T6050,T605002,1006284,8,N,N,1,1,328,3283
T6050,T605002,1003606,9,N,N,1,1,14,4010
T6050,T605002,1002503,10,N,N,1,1,280,4350
T6050,T605002,1003813,11,N,N,1,1,283,4587
T6050,T605002,1003841,12,N,N,1,1,329,4963
T6050,T605002,1002693,13,N,N,1,1,27,5387
T6050,T605002,1008435,14,N,N,1,1,299,6231
T6050,T605002,1000917,15,N,N,1,1,279,6823
T6050,T605002,1006279,16,N,N,1,1,177,8000
T6400,T640002,1001828,1,N,N,1,1,94,0
T6400,T640002,1006035,2,N,N,1,1,321,597
T6400,T640002,1000203,3,N,N,1,1,189,982
T6400,T640002,1002848,4,N,N,1,1,189,1431
T6400,T640002,1001628,5,N,N,1,1,187,1785
T6400,T640002,1002958,6,N,N,1,1,186,1902
T6400,T640002,1001487,7,N,N,1,1,165,2022
T6400,T640002,1002270,8,N,N,1,1,98,2887
T6400,T640002,1003891,9,N,N,1,1,97,3065
T6400,T640002,1001844,10,N,N,1,1,85,3415
T6400,T640002,1001000,11,N,N,1,1,155,3899
T6400,T640002,1001122,12,N,N,1,1,359,4018
T6400,T640002,1000369,13,N,N,1,1,159,4492
T6400,T640002,1002594,14,N,N,1,1,159,4770
T6400,T640002,1000186,15,N,N,1,1,258,5177
T6400,T640002,1000692,16,N,N,1,1,257,5780
T6400,T640002,1000143,17,N,N,1,1,257,6865
T6400,T640002,1000138,18,N,N,1,1,259,7162
T6400,T640002,1000137,19,N,N,1,1,189,7650
T6400,T640002,1002296,20,N,N,1,1,236,7915
T6400,T640002,1000326,21,N,N,1,1,249,8098
T6400,T640002,1000327,22,N,N,1,1,274,8322
T6400,T640002,1000237,23,N,N,1,1,309,8465
T6400,T640002,1003612,24,N,N,1,1,331,8733
T6400,T640002,1002949,25,N,N,1,1,2,9090
T6400,T640002,1001150,26,N,N,1,1,90,9292
T6400,T640002,1003750,27,N,N,1,1,4,9453
T6400,T640002,1002479,28,N,N,1,1,3,9729
T6400,T640002,1000943,29,N,N,1,1,91,10209
T6400,T640002,1000999,30,N,N,1,1,335,10696
T6400,T640002,1004161,31,N,N,1,1,240,10966
T6400,T640002,1001981,32,N,N,1,1,277,11227
T6400,T640002,1002269,33,N,N,1,1,278,12908
T6400,T640002,1000046,34,N,N,1,1,269,13995
T6400,T640002,1003502,35,N,N,1,1,335,14412
T6400,T640002,1001627,36,N,N,1,1,7,15012
T6400,T640002,1006035,37,N,N,1,1,321,16309
T6400,T640002,1001509,38,N,N,1,1,309,17567
T6400,T640002,1001828,39,N,N,1,1,94,18900
T7150,T715001,1000572,1,N,N,1,1,27,0
T7150,T715001,1001584,2,N,N,1,1,207,433
T7150,T715001,1001603,3,N,N,1,1,150,735
T7150,T715001,1001588,4,N,N,1,1,14,2033
T7150,T715001,1001586,5,N,N,1,1,340,2387
T7150,T715001,1002548,6,N,N,1,1,300,3867
T7150,T715001,1002516,7,N,N,1,1,308,4794
T7150,T715001,1000361,8,N,N,1,1,246,6368
T7150,T715001,1003071,9,N,N,1,1,336,8562
T7150,T715001,1003786,10,N,N,1,1,294,9321
T7150,T715001,1003771,11,N,N,1,1,250,10771
T7150,T715001,1002327,12,N,N,1,1,277,11204
T7150,T715001,1002789,13,N,N,1,1,346,11726
T7150,T715001,1003196,14,N,N,1,1,73,12090
T7150,T715001,1003447,15,N,N,1,1,329,13368
T7150,T715001,1003041,16,N,N,1,1,323,13611
T7150,T715001,1003729,17,N,N,1,1,38,14206
T7150,T715001,1002124,18,N,N,1,1,132,14832
T7150,T715002,1002124,1,N,N,1,1,132,0
T7150,T715002,1003730,2,N,N,1,1,218,539
T7150,T715002,1003836,3,N,N,1,1,218,941
T7150,T715002,1003020,4,N,N,1,1,143,1140
T7150,T715002,1003448,5,N,N,1,1,149,1372
T7150,T715002,1003197,6,N,N,1,1,253,2664
T7150,T715002,1002790,7,N,N,1,1,166,3086
T7150,T715002,1002328,8,N,N,1,1,97,3578
T7150,T715002,1003770,9,N,N,1,1,70,4023
T7150,T715002,1003787,10,N,N,1,1,114,5486
T7150,T715002,1003072,11,N,N,1,1,156,6245
T7150,T715002,1002648,12,N,N,1,1,66,8412
T7150,T715002,1003585,13,N,N,1,1,128,9973
T7150,T715002,1002549,14,N,N,1,1,120,10921
T7150,T715002,1001587,15,N,N,1,1,160,12421
T7150,T715002,1001589,16,N,N,1,1,194,12785
T7150,T715002,1001602,17,N,N,1,1,330,13994
T7150,T715002,1001583,18,N,N,1,1,27,14329
T7150,T715002,1000572,19,N,N,1,1,27,14686
#N/A,T750002,1000171,1,N,N,1,1,226,0
#N/A,T750002,1000657,2,N,N,1,1,294,746
#N/A,T750002,1000660,3,N,N,1,1,304,1049
#N/A,T750002,1001594,4,N,N,1,1,312,1224
#N/A,T750002,1002667,5,N,N,1,1,240,1717
#N/A,T750002,1000656,6,N,N,1,1,204,2251
#N/A,T750002,1002232,7,N,N,1,1,176,2727
#N/A,T750002,1001595,8,N,N,1,1,55,4015
#N/A,T750002,1001605,9,N,N,1,1,113,4477
#N/A,T750002,1004166,10,N,N,1,1,309,5244
#N/A,T750002,1000170,11,N,N,1,1,322,5732
#N/A,T750002,1002126,12,N,N,1,1,313,6105
#N/A,T750002,1004165,13,N,N,1,1,310,6402
#N/A,T750002,1000172,14,N,N,1,1,44,6910
#N/A,T750002,1000171,15,N,N,1,1,226,7866
T7510,T751002,1003095,1,N,N,1,1,269,0
T7510,T751002,1003094,2,N,N,1,1,269,378
T7510,T751002,1000690,3,N,N,1,1,267,676
T7510,T751002,1000324,4,N,N,1,1,322,1090
T7510,T751002,1000335,5,N,N,1,1,52,1425
T7510,T751002,1006771,6,N,N,1,1,40,1786
T7510,T751002,1000266,7,N,N,1,1,52,2218
T7510,T751002,1001556,8,N,N,1,1,182,2493
T7510,T751002,1008163,9,N,N,1,1,196,2912
T7510,T751002,1002232,10,N,N,1,1,176,3249
T7510,T751002,1001595,11,N,N,1,1,55,4536
T7510,T751002,1001605,12,N,N,1,1,113,4998
T7510,T751002,1000657,13,N,N,1,1,294,5446
T7510,T751002,1000660,14,N,N,1,1,304,6107
T7510,T751002,1001594,15,N,N,1,1,312,6282
T7510,T751002,1002667,16,N,N,1,1,240,6775
T7510,T751002,1000656,17,N,N,1,1,204,7213
T7510,T751002,1003095,18,N,N,1,1,269,7700
#N/A,T752002,1003095,1,N,N,1,1,269,0
#N/A,T752002,1003094,2,N,N,1,1,269,286
#N/A,T752002,1000690,3,N,N,1,1,267,755
#N/A,T752002,1000324,4,N,N,1,1,322,1094
#N/A,T752002,1000335,5,N,N,1,1,52,1385
#N/A,T752002,1006771,6,N,N,1,1,40,1678
#N/A,T752002,1000266,7,N,N,1,1,52,2139
#N/A,T752002,1003855,8,N,N,1,1,317,2495
#N/A,T752002,1002456,9,N,N,1,1,317,2963
#N/A,T752002,1002459,10,N,N,1,1,26,3162
#N/A,T752002,1004173,11,N,N,1,1,188,3506
#N/A,T752002,1002126,12,N,N,1,1,313,4368
#N/A,T752002,1004165,13,N,N,1,1,310,4659
#N/A,T752002,1000172,14,N,N,1,1,44,5194
#N/A,T752002,1006016,15,N,N,1,1,40,5515
#N/A,T752002,1004224,16,N,N,1,1,80,6601
#N/A,T752002,1003856,17,N,N,1,1,339,6832
#N/A,T752002,1003078,18,N,N,1,1,79,7859
#N/A,T752002,1000936,19,N,N,1,1,81,8349
#N/A,T752002,1001731,20,N,N,1,1,176,8743
#N/A,T752002,1008397,21,N,N,1,1,193,8892
#N/A,T752002,1003082,22,N,N,1,1,86,9012
#N/A,T752002,1000357,23,N,N,1,1,11,9688
#N/A,T752002,1006654,24,N,N,1,1,15,12316
#N/A,T752002,1006568,25,N,N,1,1,265,12889
#N/A,T752002,1000358,26,N,N,1,1,191,14753
#N/A,T752002,1003083,27,N,N,1,1,266,15436
#N/A,T752002,1008398,28,N,N,1,1,7,15786
#N/A,T752002,1001730,29,N,N,1,1,356,16102
#N/A,T752002,1004249,30,N,N,1,1,261,16589
#N/A,T752002,1003078,31,N,N,1,1,79,16856
#N/A,T752002,1008399,32,N,N,1,1,251,17198
#N/A,T752002,1008075,33,N,N,1,1,254,17687
#N/A,T752002,1003267,34,N,N,1,1,291,18025
#N/A,T752002,1008104,35,N,N,1,1,215,18672
#N/A,T752002,1000171,36,N,N,1,1,226,19196
#N/A,T752002,1004166,37,N,N,1,1,309,19676
#N/A,T752002,1000170,38,N,N,1,1,322,20178
#N/A,T752002,1004172,39,N,N,1,1,286,20939
#N/A,T752002,1002457,40,N,N,1,1,204,21222
#N/A,T752002,1002458,41,N,N,1,1,213,21486
#N/A,T752002,1001556,42,N,N,1,1,182,21989
#N/A,T752002,1003095,43,N,N,1,1,269,22300
T7530,T753002,1003078,1,N,N,1,1,79,0
T7530,T753002,1000936,2,N,N,1,1,81,244
T7530,T753002,1006644,3,N,N,1,1,344,844
T7530,T753002,1001091,4,N,N,1,1,59,1303
T7530,T753002,1000938,5,N,N,1,1,325,1658
T7530,T753002,1001976,6,N,N,1,1,290,2367
T7530,T753002,1003700,7,N,N,1,1,300,2900
T7530,T753002,1003465,8,N,N,1,1,349,3640
T7530,T753002,1003719,9,N,N,1,1,284,4221
T7530,T753002,1003686,10,N,N,1,1,183,4697
T7530,T753002,1003079,11,N,N,1,1,90,5230
T7530,T753002,1000556,12,N,N,1,1,178,5402
T7530,T753002,1000319,13,N,N,1,1,178,5662
T7530,T753002,1000674,14,N,N,1,1,270,5805
T7530,T753002,1000201,15,N,N,1,1,176,6125
T7530,T753002,1006014,16,N,N,1,1,291,7135
T7530,T753002,1003312,17,N,N,1,1,230,7398
T7530,T753002,1004224,18,N,N,1,1,80,8579
T7530,T753002,1003856,19,N,N,1,1,339,8987
T7530,T753002,1006643,20,N,N,1,1,65,9672
T7530,T753002,1003078,21,N,N,1,1,79,10500
#N/A,T754001,1003088,1,N,N,1,1,23,0
#N/A,T754001,1000478,2,N,N,1,1,256,539
#N/A,T754001,1003091,3,N,N,1,1,165,1037
#N/A,T754001,1003093,4,N,N,1,1,235,1542
#N/A,T754001,1002343,5,N,N,1,1,254,1990
#N/A,T754001,1000642,6,N,N,1,1,304,2525
#N/A,T754001,1000175,7,N,N,1,1,331,2715
#N/A,T754001,1001023,8,N,N,1,1,272,3352
#N/A,T754001,1000731,9,N,N,1,1,181,3729
#N/A,T754001,1002329,10,N,N,1,1,181,4053
#N/A,T754001,1003165,11,N,N,1,1,271,4591
#N/A,T754001,1003860,12,N,N,1,1,2,4876
#N/A,T754001,1003121,13,N,N,1,1,2,5057
#N/A,T754001,1002381,14,N,N,1,1,2,5255
#N/A,T754001,1003348,15,N,N,1,1,334,5566
#N/A,T754001,1001232,16,N,N,1,1,3,6154
#N/A,T754001,1003354,17,N,N,1,1,90,6332
#N/A,T754001,1002274,18,N,N,1,1,350,6813
#N/A,T754001,1000027,19,N,N,1,1,31,7154
#N/A,T754001,1000905,20,N,N,1,1,39,7719
#N/A,T754001,1000950,21,N,N,1,1,345,8734
#N/A,T754001,1000172,22,N,N,1,1,44,9346
#N/A,T754001,1004224,23,N,N,1,1,80,10678
#N/A,T754001,1001630,24,N,N,1,1,75,10893
#N/A,T754001,1003078,25,N,N,1,1,79,12054
T7540,T754002,1003078,1,N,N,1,1,79,0
T7540,T754002,1008399,2,N,N,1,1,251,265
T7540,T754002,1008075,3,N,N,1,1,254,687
T7540,T754002,1003267,4,N,N,1,1,291,1307
T7540,T754002,1008104,5,N,N,1,1,215,2208
T7540,T754002,1000171,6,N,N,1,1,226,2455
T7540,T754002,1000951,7,N,N,1,1,165,3088
T7540,T754002,1001488,8,N,N,1,1,219,4197
T7540,T754002,1002745,9,N,N,1,1,204,4697
T7540,T754002,1002275,10,N,N,1,1,170,5021
T7540,T754002,1008162,11,N,N,1,1,271,5276
T7540,T754002,1003355,12,N,N,1,1,270,5510
T7540,T754002,1001233,13,N,N,1,1,183,5675
T7540,T754002,1003931,14,N,N,1,1,134,6237
T7540,T754002,1006629,15,N,N,1,1,275,6480
T7540,T754002,1003348,16,N,N,1,1,334,7032
T7540,T754002,1001232,17,N,N,1,1,3,7617
T7540,T754002,1003354,18,N,N,1,1,90,7818
T7540,T754002,1008161,19,N,N,1,1,88,8016
T7540,T754002,1002274,20,N,N,1,1,350,8223
T7540,T754002,1000027,21,N,N,1,1,31,8601
T7540,T754002,1000905,22,N,N,1,1,39,9063
T7540,T754002,1000950,23,N,N,1,1,345,10075
T7540,T754002,1000172,24,N,N,1,1,44,10792
T7540,T754002,1006016,25,N,N,1,1,40,11017
T7540,T754002,1004224,26,N,N,1,1,80,12200
T7540,T754002,1003856,27,N,N,1,1,339,12612
T7540,T754002,1006643,28,N,N,1,1,65,13290
T7540,T754002,1003078,29,N,N,1,1,79,14100
#N/A,T755002,1003078,1,N,N,1,1,79,0
#N/A,T755002,1000183,2,N,N,1,1,85,2244
#N/A,T755002,1002088,3,N,N,1,1,70,2769
#N/A,T755002,1008400,4,N,N,1,1,85,3156
#N/A,T755002,1001473,5,N,N,1,1,86,3711
#N/A,T755002,1000886,6,N,N,1,1,172,4202
#N/A,T755002,1008401,7,N,N,1,1,176,4599
#N/A,T755002,1001216,8,N,N,1,1,160,4856
#N/A,T755002,1001753,9,N,N,1,1,163,6295
#N/A,T755002,1000302,10,N,N,1,1,165,6764
#N/A,T755002,1002750,11,N,N,1,1,33,7574
#N/A,T755002,1003356,12,N,N,1,1,44,8061
#N/A,T755002,1008220,13,N,N,1,1,3,8507
#N/A,T755002,1008219,14,N,N,1,1,35,9880
#N/A,T755002,1002829,15,N,N,1,1,359,10307
#N/A,T755002,1000039,16,N,N,1,1,92,10891
#N/A,T755002,1000508,17,N,N,1,1,1,11829
#N/A,T755002,1003747,18,N,N,1,1,282,12146
#N/A,T755002,1003684,19,N,N,1,1,295,12433
#N/A,T755002,1001482,20,N,N,1,1,195,13006
#N/A,T755002,1008216,21,N,N,1,1,176,13423
#N/A,T755002,1000643,22,N,N,1,1,170,13962
#N/A,T755002,1001046,23,N,N,1,1,175,14239
#N/A,T755002,1008218,24,N,N,1,1,187,14511
#N/A,T755002,1002506,25,N,N,1,1,207,14734
#N/A,T755002,1002866,26,N,N,1,1,111,15710
#N/A,T755002,1002541,27,N,N,1,1,194,16163
#N/A,T755002,1000681,28,N,N,1,1,220,16519
#N/A,T755002,1000033,29,N,N,1,1,281,16984
#N/A,T755002,1003357,30,N,N,1,1,224,17415
#N/A,T755002,1002751,31,N,N,1,1,213,17901
#N/A,T755002,1000651,32,N,N,1,1,345,18725
#N/A,T755002,1001752,33,N,N,1,1,343,19211
#N/A,T755002,1001566,34,N,N,1,1,346,20451
#N/A,T755002,1008402,35,N,N,1,1,348,20687
#N/A,T755002,1000740,36,N,N,1,1,347,20957
#N/A,T755002,1003084,37,N,N,1,1,266,21746
#N/A,T755002,1001318,38,N,N,1,1,266,22013
#N/A,T755002,1000098,39,N,N,1,1,269,22463
#N/A,T755002,1000670,40,N,N,1,1,265,23371
#N/A,T755002,1008075,41,N,N,1,1,254,25689
#N/A,T755002,1006643,42,N,N,1,1,65,25966
#N/A,T755002,1003078,43,N,N,1,1,79,26200
T7560,T756001,1001567,1,N,N,2,2,152,0
T7560,T756001,1008237,2,N,N,2,2,93,222
T7560,T756001,1008106,3,N,N,2,2,287,1098
T7560,T756001,1001568,4,N,N,2,2,318,1284
T7560,T756001,1000073,5,N,N,2,2,216,1894
T7560,T756001,1008105,6,N,N,2,2,203,2258
T7560,T756001,1008092,7,N,N,2,2,256,3041
T7560,T756001,1003831,8,N,N,2,2,225,3940
T7560,T756001,1003549,9,N,N,2,2,269,4921
T7560,T756001,1003734,10,N,N,2,2,1,6242
T7560,T756001,1001483,11,N,N,2,2,59,7107
T7560,T756001,1002769,12,N,N,2,2,331,7329
T7560,T756001,1001563,13,N,N,2,2,62,8182
T7560,T756001,1001525,14,N,N,2,2,61,8782
T7560,T756001,1000306,15,N,N,2,2,59,9567
T7560,T756001,1004282,16,N,N,2,2,331,10166
T7560,T756001,1000322,17,N,N,2,2,337,10501
T7560,T756001,1004060,18,Y,N,1,2,348,11016
T7560,T756001,1000350,19,N,N,1,1,357,11486
T7560,T756001,1002854,20,N,N,1,1,357,11760
T7560,T756001,1002092,21,N,N,1,1,359,12348
T7560,T756001,1000821,22,N,N,1,1,4,13047
T7560,T756001,1000037,23,N,N,1,1,94,13486
T7560,T756001,1000536,24,N,N,1,1,66,13838
T7560,T756001,1003757,25,N,N,1,1,59,14459
T7560,T756001,1001566,26,N,N,1,1,346,14882
T7560,T756001,1008402,27,N,N,1,1,348,15184
T7560,T756001,1000740,28,N,N,1,1,347,15390
T7560,T756001,1003915,29,N,N,1,1,340,16780
T7560,T756001,1000358,30,N,N,1,1,191,17539
T7560,T756001,1003083,31,N,N,1,1,266,18235
T7560,T756001,1008398,32,N,N,1,1,7,18877
T7560,T756001,1001730,33,N,N,1,1,356,19106
T7560,T756001,1004249,34,N,N,1,1,261,19508
T7560,T756001,1003078,35,N,N,1,1,79,20600
T7560,T756002,1003078,1,N,N,1,1,79,0
T7560,T756002,1000936,2,N,N,1,1,81,247
T7560,T756002,1001731,3,N,N,1,1,176,810
T7560,T756002,1008397,4,N,N,1,1,193,971
T7560,T756002,1003082,5,N,N,1,1,86,1596
T7560,T756002,1000357,6,N,N,1,1,11,2265
T7560,T756002,1003916,7,N,N,1,1,160,3204
T7560,T756002,1000886,8,N,N,1,1,172,4251
T7560,T756002,1008401,9,N,N,1,1,176,4516
T7560,T756002,1001216,10,N,N,1,1,160,4907
T7560,T756002,1003756,11,N,N,1,1,232,6122
T7560,T756002,1000038,12,N,N,1,1,268,6632
T7560,T756002,1001018,13,N,N,1,1,184,7041
T7560,T756002,1001403,14,N,N,1,1,179,7811
T7560,T756002,1002424,15,N,N,1,1,177,8399
T7560,T756002,1000356,16,N,N,1,1,177,8697
T7560,T756002,1003610,17,Y,N,2,1,168,9091
T7560,T756002,1000323,18,N,N,2,2,157,9641
T7560,T756002,1004269,19,N,N,2,2,157,9879
T7560,T756002,1000305,20,N,N,2,2,239,10544
T7560,T756002,1002800,21,N,N,2,2,241,11429
T7560,T756002,1000626,22,N,N,2,2,242,12170
T7560,T756002,1002770,23,N,N,2,2,151,12779
T7560,T756002,1001484,24,N,N,2,2,151,13041
T7560,T756002,1003755,25,N,N,2,2,180,13866
T7560,T756002,1003548,26,N,N,2,2,89,15145
T7560,T756002,1003832,27,N,N,2,2,68,16240
T7560,T756002,1008498,28,N,N,2,2,87,16404
T7560,T756002,1008236,29,N,N,2,2,47,17369
T7560,T756002,1001858,30,N,N,2,2,20,17952
T7560,T756002,1001567,31,N,N,2,2,152,18700
T7570,T757002,1006540,1,N,N,1,1,8,0
T7570,T757002,1000742,2,N,N,1,1,278,527
T7570,T757002,1000743,3,N,N,1,1,297,772
T7570,T757002,1008428,4,N,N,1,1,246,1677
T7570,T757002,1000431,5,N,N,1,1,180,2335
T7570,T757002,1008358,6,N,N,1,1,92,2549
T7570,T757002,1008360,7,N,N,1,1,40,3247
T7570,T757002,1006542,8,N,N,1,1,15,4061
T7570,T757002,1001094,9,N,N,1,1,29,5245
T7570,T757002,1000744,10,N,N,1,1,117,5618
T7570,T757002,1000741,11,N,N,1,1,98,5831
T7570,T757002,1006540,12,N,N,1,1,8,6540
T7571,T757102,1006540,1,N,N,1,1,8,0
T7571,T757102,1000742,2,N,N,1,1,278,527
T7571,T757102,1000743,3,N,N,1,1,297,772
T7571,T757102,1008428,4,N,N,1,1,246,1677
T7571,T757102,1000431,5,N,N,1,1,180,2335
T7571,T757102,1008358,6,N,N,1,1,92,2549
T7571,T757102,1008360,7,N,N,1,1,40,3247
T7571,T757102,1006542,8,N,N,1,1,15,4061
T7571,T757102,1001094,9,N,N,1,1,29,5245
T7571,T757102,1000744,10,N,N,1,1,117,5618
T7571,T757102,1000741,11,N,N,1,1,98,5831
T7571,T757102,1006540,12,N,N,1,1,8,6600
#N/A,T758002,1006543,1,N,N,1,1,150,0
#N/A,T758002,1006544,2,N,N,1,1,270,1099
#N/A,T758002,1006545,3,N,N,1,1,278,1818
#N/A,T758002,1006548,4,N,N,1,1,297,3061
#N/A,T758002,1006547,5,N,N,1,1,79,3981
#N/A,T758002,1000304,6,N,N,1,1,89,4496
#N/A,T758002,1002931,7,N,N,1,1,168,4848
#N/A,T758002,1006549,8,N,N,1,1,132,5072
#N/A,T758002,1004107,9,N,N,1,1,258,5513
#N/A,T758002,1000064,10,N,N,1,1,270,5963
#N/A,T758002,1006546,11,N,N,1,1,82,6741
#N/A,T758002,1008395,12,N,N,1,1,91,7356
#N/A,T758002,1006543,13,N,N,1,1,150,8500
#N/A,T759002,1006550,1,N,N,1,1,31,0
#N/A,T759002,1006510,2,N,N,1,1,283,1117
#N/A,T759002,1006511,3,N,N,1,1,286,2055
#N/A,T759002,1000709,4,N,N,1,1,1,2580
#N/A,T759002,1000708,5,N,N,1,1,1,2853
#N/A,T759002,1006512,6,N,N,1,1,223,3778
#N/A,T759002,1006513,7,N,N,1,1,213,4698
#N/A,T759002,1006514,8,N,N,1,1,68,5503
#N/A,T759002,1006515,9,N,N,1,1,68,6112
#N/A,T759002,1006516,10,N,N,1,1,59,7030
#N/A,T759002,1006517,11,N,N,1,1,7,7713
#N/A,T759002,1006518,12,N,N,1,1,9,8309
#N/A,T759002,1006550,13,N,N,1,1,31,9500
T7700,T770002,1006524,1,N,N,1,1,70,0
T7700,T770002,1006029,2,N,N,1,1,266,679
T7700,T770002,1002351,3,N,N,1,1,66,2668
T7700,T770002,1000617,4,N,N,1,1,178,3523
T7700,T770002,1006030,5,N,N,1,1,170,3601
T7700,T770002,1001977,6,N,N,1,1,90,4060
T7700,T770002,1002598,7,N,N,1,1,90,4276
T7700,T770002,1000523,8,N,N,1,1,89,5441
T7700,T770002,1003708,9,N,N,1,1,78,5689
T7700,T770002,1001873,10,N,N,1,1,87,6224
T7700,T770002,1003709,11,N,N,1,1,258,7653
T7700,T770002,1000522,12,N,N,1,1,271,8229
T7700,T770002,1000846,13,N,N,1,1,271,8930
T7700,T770002,1001042,14,N,N,1,1,270,9403
T7700,T770002,1003815,15,N,N,1,1,354,10141
T7700,T770002,1006525,16,N,N,1,1,18,10249
T7700,T770002,1002947,17,N,N,1,1,330,10598
T7700,T770002,1003696,18,N,N,1,1,63,10947
T7700,T770002,1006524,19,N,N,1,1,70,12000
#N/A,T771001,1003698,1,N,N,1,1,132,0
#N/A,T771001,1006274,2,N,N,1,1,77,363
#N/A,T771001,1006272,3,N,N,1,1,283,1468
#N/A,T771001,1006273,4,N,N,1,1,291,2415
#N/A,T771001,1002308,5,N,N,1,1,89,2809
#N/A,T771001,1002776,6,N,N,1,1,360,2930
#N/A,T771001,1002188,7,N,N,1,1,360,3374
#N/A,T771001,1001489,8,N,N,1,1,360,3694
#N/A,T771001,1004072,9,N,N,1,1,271,4666
#N/A,T771001,1002158,10,N,N,1,1,0,5200
#N/A,T771001,1003714,11,N,N,1,1,88,5572
#N/A,T771001,1001219,12,N,N,1,1,89,6849
#N/A,T771001,1002173,13,N,N,1,1,341,7436
#N/A,T771001,1003660,14,N,N,1,1,276,8060
#N/A,T771001,1003404,15,N,N,1,1,267,8815
#N/A,T771001,1002784,16,N,N,1,1,269,9228
#N/A,T771001,1002120,17,N,N,1,1,0,9694
#N/A,T771001,1002075,18,N,N,1,1,2,9934
#N/A,T771001,1003699,19,N,N,1,1,270,10490
#N/A,T771002,1003699,1,N,N,1,1,270,0
#N/A,T771002,1002185,2,N,N,1,1,91,481
#N/A,T771002,1002121,3,N,N,1,1,180,1007
#N/A,T771002,1002783,4,N,N,1,1,89,1378
#N/A,T771002,1003405,5,N,N,1,1,87,2190
#N/A,T771002,1003659,6,N,N,1,1,99,2664
#N/A,T771002,1002174,7,N,N,1,1,165,3297
#N/A,T771002,1004070,8,N,N,1,1,2,3886
#N/A,T771002,1001220,9,N,N,1,1,269,5021
#N/A,T771002,1003713,10,N,N,1,1,268,5181
#N/A,T771002,1002159,11,N,N,1,1,180,5562
#N/A,T771002,1004071,12,N,N,1,1,91,6061
#N/A,T771002,1001490,13,N,N,1,1,180,7059
#N/A,T771002,1000885,14,N,N,1,1,178,7293
#N/A,T771002,1002189,15,N,N,1,1,180,7722
#N/A,T771002,1002777,16,N,N,1,1,180,7800
#N/A,T771002,1002314,17,N,N,1,1,269,7951
#N/A,T771002,1003753,18,N,N,1,1,220,8367
#N/A,T771002,1000568,19,N,N,1,1,157,9761
#N/A,T771002,1003698,20,N,N,1,1,132,10510
T7720,T772001,1000104,1,N,N,2,2,329,0
T7720,T772001,1003889,2,N,N,2,2,330,40
T7720,T772001,1002726,3,Y,N,1,2,334,170
T7720,T772001,1001421,4,Y,N,1,2,335,300
T7720,T772001,1003697,5,N,N,1,1,312,420
T7720,T772001,1002047,6,N,N,1,1,233,556
T7720,T772001,1002383,7,N,N,1,1,198,892
T7720,T772001,1002478,8,N,N,1,1,175,1541
T7720,T772001,1000606,9,N,N,1,1,269,2228
T7720,T772001,1002779,10,N,N,1,1,356,2817
T7720,T772001,1002211,11,N,N,1,1,341,3620
T7720,T772001,1000538,12,N,N,1,1,274,5807
T7720,T772001,1003050,13,N,N,1,1,46,6780
T7720,T772001,1002134,14,N,N,1,1,90,8406
T7720,T772001,1003661,15,N,N,1,1,121,8564
T7720,T772001,1000133,16,N,N,1,1,100,8681
T7720,T772001,1000154,17,N,N,1,1,100,8852
T7720,T772001,1000132,18,N,N,1,1,145,9038
T7720,T772001,1002149,19,N,N,1,1,241,9295
T7720,T772001,1002152,20,N,N,1,1,266,9542
T7720,T772002,1002152,1,N,N,1,1,266,0
T7720,T772002,1003051,2,N,N,1,1,232,964
T7720,T772002,1000537,3,N,N,1,1,94,1918
T7720,T772002,1003229,4,N,N,1,1,160,3902
T7720,T772002,1001923,5,N,N,1,1,177,4644
T7720,T772002,1002780,6,N,N,1,1,176,4888
T7720,T772002,1000218,7,N,N,1,1,89,5361
T7720,T772002,1000605,8,N,N,1,1,89,5452
T7720,T772002,1002477,9,N,N,1,1,355,6172
T7720,T772002,1002382,10,N,N,1,1,18,6830
T7720,T772002,1002046,11,N,N,1,1,73,7104
T7720,T772002,1003698,12,N,N,1,1,132,8109
T7720,T772002,1002727,13,Y,N,2,1,154,8200
T7720,T772002,1003890,14,Y,N,2,1,150,8350
T7720,T772002,1000105,15,N,N,2,2,149,8435
T7720,T772002,1000104,16,N,N,2,2,329,8480
#N/A,T773002,1006588,1,N,N,1,1,340,0
#N/A,T773002,1008262,2,N,N,1,1,296,737
#N/A,T773002,1000544,3,N,N,1,1,301,1138
#N/A,T773002,1000797,4,N,N,1,1,105,1602
#N/A,T773002,1000796,5,N,N,1,1,121,1867
#N/A,T773002,1000903,6,N,N,1,1,119,2150
#N/A,T773002,1000043,7,N,N,1,1,360,2487
#N/A,T773002,1003573,8,N,N,1,1,359,2854
#N/A,T773002,1007335,9,N,N,1,1,210,3224
#N/A,T773002,1007336,10,N,N,1,1,285,3685
#N/A,T773002,1003558,11,N,N,1,1,208,4526
#N/A,T773002,1004142,12,N,N,1,1,197,5083
#N/A,T773002,1006589,13,N,N,1,1,295,5655
#N/A,T773002,1000291,14,N,N,1,1,292,5947
#N/A,T773002,1006523,15,N,N,1,1,320,6649
#N/A,T773002,1000104,16,N,N,1,1,329,7631
#N/A,T773002,1003889,17,N,N,1,1,330,8506
#N/A,T773002,1007327,18,N,N,1,1,350,8746
#N/A,T773002,1008263,19,N,N,1,1,342,9227
#N/A,T773002,1006522,20,N,N,1,1,128,9512
#N/A,T773002,1008269,21,N,N,1,1,121,9725
#N/A,T773002,1003890,22,N,N,1,1,150,10049
#N/A,T773002,1000105,23,N,N,1,1,149,10839
#N/A,T773002,1008264,24,N,N,1,1,8,11942
#N/A,T773002,1008266,25,N,N,1,1,24,12394
#N/A,T773002,1008267,26,N,N,1,1,76,12899
#N/A,T773002,1008268,27,N,N,1,1,273,13283
#N/A,T773002,1008265,28,N,N,1,1,196,14560
#N/A,T773002,1002473,29,N,N,1,1,138,15043
#N/A,T773002,1000157,30,N,N,1,1,112,15762
#N/A,T773002,1006506,31,N,N,1,1,109,16508
#N/A,T773002,1003767,32,N,N,1,1,109,17283
#N/A,T773002,1006588,33,N,N,1,1,340,17700
T7740,T774002,1006551,1,N,N,1,1,349,0
T7740,T774002,1006552,2,N,N,1,1,266,840
T7740,T774002,1006554,3,N,N,1,1,250,1652
T7740,T774002,1006556,4,N,N,1,1,210,2304
T7740,T774002,1006558,5,N,N,1,1,220,2998
T7740,T774002,1006560,6,N,N,1,1,252,3515
T7740,T774002,1006562,7,N,N,1,1,261,4205
T7740,T774002,1006564,8,N,N,1,1,285,4510
T7740,T774002,1006566,9,N,N,1,1,250,5281
T7740,T774002,1006568,10,N,N,1,1,265,6137
T7740,T774002,1002681,11,N,N,1,1,5,7307
T7740,T774002,1006569,12,N,N,1,1,4,7813
T7740,T774002,1001600,13,N,N,1,1,90,8530
T7740,T774002,1000908,14,N,N,1,1,124,8904
T7740,T774002,1000860,15,N,N,1,1,321,9748
T7740,T774002,1006567,16,N,N,1,1,67,11399
T7740,T774002,1006565,17,N,N,1,1,122,12190
T7740,T774002,1006563,18,N,N,1,1,75,12458
T7740,T774002,1006561,19,N,N,1,1,66,13157
T7740,T774002,1006559,20,N,N,1,1,54,13760
T7740,T774002,1006557,21,N,N,1,1,32,14395
T7740,T774002,1006555,22,N,N,1,1,73,15028
T7740,T774002,1006553,23,N,N,1,1,58,15887
T7740,T774002,1006551,24,N,N,1,1,349,16700
T7760,T776002,1006526,1,N,N,1,1,155,0
T7760,T776002,1000545,2,N,N,1,1,203,527
T7760,T776002,1006590,3,N,N,1,1,202,774
T7760,T776002,1006591,4,N,N,1,1,290,1150
T7760,T776002,1002112,5,N,N,1,1,310,1446
T7760,T776002,1008073,6,N,N,1,1,30,2066
T7760,T776002,1008074,7,N,N,1,1,87,3019
T7760,T776002,1002078,8,N,N,1,1,90,3961
T7760,T776002,1003239,9,N,N,1,1,89,4519
T7760,T776002,1004150,10,N,N,1,1,200,5146
T7760,T776002,1003292,11,N,N,1,1,202,5737
T7760,T776002,1002187,12,N,N,1,1,195,6015
T7760,T776002,1004306,13,N,N,1,1,171,6279
T7760,T776002,1002123,14,N,N,1,1,162,6481
T7760,T776002,1002758,15,N,N,1,1,270,6790
T7760,T776002,1001860,16,N,N,1,1,270,7282
T7760,T776002,1000882,17,N,N,1,1,268,7882
T7760,T776002,1003867,18,N,N,1,1,179,8300
T7760,T776002,1001529,19,N,N,1,1,91,9022
T7760,T776002,1000883,20,N,N,1,1,360,9439
T7760,T776002,1001859,21,N,N,1,1,89,10085
T7760,T776002,1002364,22,N,N,1,1,90,10585
T7760,T776002,1002122,23,N,N,1,1,342,10988
T7760,T776002,1003290,24,N,N,1,1,15,11417
T7760,T776002,1002802,25,N,N,1,1,22,11663
T7760,T776002,1002960,26,N,N,1,1,12,12282
T7760,T776002,1003238,27,N,N,1,1,269,12855
T7760,T776002,1002079,28,N,N,1,1,270,13399
T7760,T776002,1006527,29,N,N,1,1,279,13584
T7760,T776002,1006526,30,N,N,1,1,155,14000
T7761,T776102,1006526,1,N,N,1,1,155,0
T7761,T776102,1009077,2,N,N,1,1,165,816
T7761,T776102,1009078,3,N,N,1,1,183,1167
T7761,T776102,1001859,4,N,N,1,1,89,1712
T7761,T776102,1002364,5,N,N,1,1,90,2212
T7761,T776102,1002122,6,N,N,1,1,342,2608
T7761,T776102,1008641,7,N,N,1,1,351,2802
T7761,T776102,1003290,8,N,N,1,1,15,3028
T7761,T776102,1009079,9,N,N,1,1,268,3430
T7761,T776102,1009080,10,N,N,1,1,271,3765
T7761,T776102,1006526,11,N,N,1,1,155,5300
T7770,T777002,1006590,1,N,N,1,1,202,0
T7770,T777002,1006591,2,N,N,1,1,290,363
T7770,T777002,1002112,3,N,N,1,1,310,672
T7770,T777002,1000982,4,N,N,1,1,178,1313
T7770,T777002,1003236,5,N,N,1,1,179,1856
T7770,T777002,1004187,6,N,N,1,1,88,2454
T7770,T777002,1006528,7,N,N,1,1,144,3294
T7770,T777002,1006529,8,N,N,1,1,81,3760
T7770,T777002,1006530,9,N,N,1,1,21,4201
T7770,T777002,1006531,10,N,N,1,1,18,5515
T7770,T777002,1006532,11,N,N,1,1,353,5806
T7770,T777002,1006590,12,N,N,1,1,202,6000
T7780,T778002,1006533,1,N,N,1,1,61,0
T7780,T778002,1006534,2,N,N,1,1,139,786
T7780,T778002,1006535,3,N,N,1,1,273,1133
T7780,T778002,1006536,4,N,N,1,1,16,1419
T7780,T778002,1006537,5,N,N,1,1,127,1979
T7780,T778002,1006538,6,N,N,1,1,308,4252
T7780,T778002,1006539,7,N,N,1,1,72,4785
T7780,T778002,1006533,8,N,N,1,1,61,6700
T7800,T780002,1001804,1,N,N,1,1,277,0
T7800,T780002,1001508,2,N,N,1,1,356,1379
T7800,T780002,1002237,3,N,N,1,1,333,2127
T7800,T780002,1001308,4,N,N,1,1,277,2568
T7800,T780002,1000512,5,N,N,1,1,11,2986
T7800,T780002,1000513,6,N,N,1,1,11,3209
T7800,T780002,1003475,7,N,N,1,1,16,3951
T7800,T780002,1004145,8,N,N,1,1,334,4541
T7800,T780002,1002008,9,N,N,1,1,207,4929
T7800,T780002,1001031,10,N,N,1,1,62,5814
T7800,T780002,1002163,11,N,N,1,1,88,7457
T7800,T780002,1000706,12,N,N,1,1,1,7623
T7800,T780002,1000236,13,N,N,1,1,180,8285
T7800,T780002,1003367,14,N,N,1,1,161,8628
T7800,T780002,1002735,15,N,N,1,1,196,9280
T7800,T780002,1000075,16,N,N,1,1,195,9530
T7800,T780002,1000524,17,N,N,1,1,191,9902
T7800,T780002,1001221,18,N,N,1,1,97,10492
T7800,T780002,1002638,19,N,N,1,1,153,10979
T7800,T780002,1001805,20,N,N,1,1,97,11807
T7800,T780002,1001169,21,N,N,1,1,264,12569
T7800,T780002,1091804,22,N,N,1,1,277,13259
T7810,T781002,1001804,1,N,N,1,1,277,0
T7810,T781002,1001382,2,N,N,1,1,269,1548
T7810,T781002,1001383,3,N,N,1,1,181,1958
T7810,T781002,1001639,4,N,N,1,1,211,2425
T7810,T781002,1001380,5,N,N,1,1,212,2716
T7810,T781002,1002564,6,N,N,1,1,207,2837
T7810,T781002,1002565,7,N,N,1,1,205,2947
T7810,T781002,1002677,8,N,N,1,1,125,3314
T7810,T781002,1003198,9,N,N,1,1,37,3570
T7810,T781002,1004228,10,N,N,1,1,91,3812
T7810,T781002,1001581,11,N,N,1,1,103,3961
T7810,T781002,1002567,12,N,N,1,1,41,4241
T7810,T781002,1002200,13,N,N,1,1,348,4880
T7810,T781002,1001508,14,N,N,1,1,356,5648
T7810,T781002,1001805,15,N,N,1,1,97,7022
T7810,T781002,1001169,16,N,N,1,1,264,7742
T7810,T781002,1001804,17,N,N,1,1,277,8400
T7820,T782002,1006519,1,N,N,1,1,103,0
T7820,T782002,1000043,2,N,N,1,1,360,556
T7820,T782002,1003573,3,N,N,1,1,359,908
T7820,T782002,1003829,4,N,N,1,1,327,1289
T7820,T782002,1004021,5,N,N,1,1,306,1629
T7820,T782002,1004022,6,N,N,1,1,245,2154
T7820,T782002,1001075,7,N,N,1,1,329,2688
T7820,T782002,1002461,8,N,N,1,1,270,3237
T7820,T782002,1006587,9,N,N,1,1,185,3674
T7820,T782002,1000151,10,N,N,1,1,180,4122
T7820,T782002,1008482,11,N,N,1,1,167,4349
T7820,T782002,1006520,12,N,N,1,1,32,5097
T7820,T782002,1003558,13,N,N,1,1,208,5490
T7820,T782002,1004142,14,N,N,1,1,197,6046
T7820,T782002,1006506,15,N,N,1,1,109,6167
T7820,T782002,1006521,16,N,N,1,1,326,6887
T7820,T782002,1006175,17,N,N,1,1,110,7153
T7820,T782002,1000544,18,N,N,1,1,301,7879
T7820,T782002,1000797,19,N,N,1,1,105,8342
T7820,T782002,1000796,20,N,N,1,1,121,8612
T7820,T782002,1000903,21,N,N,1,1,119,8893
T7820,T782002,1006519,22,N,N,1,1,103,9600
T7830,T783002,1001830,1,N,N,1,1,277,0
T7830,T783002,1002952,2,N,N,1,1,197,487
T7830,T783002,1008429,3,N,N,1,1,199,929
T7830,T783002,1003769,4,N,N,1,1,302,1133
T7830,T783002,1002708,5,N,N,1,1,296,1357
T7830,T783002,1002837,6,N,N,1,1,267,1560
T7830,T783002,1002934,7,N,N,1,1,267,1780
T7830,T783002,1002199,8,N,N,1,1,267,1965
T7830,T783002,1002168,9,N,N,1,1,176,2321
T7830,T783002,1003887,10,N,N,1,1,172,2509
T7830,T783002,1000093,11,N,N,1,1,124,2763
T7830,T783002,1001223,12,N,N,1,1,217,3069
T7830,T783002,1003886,13,N,N,1,1,3,4228
T7830,T783002,1004236,14,N,N,1,1,2,4398
T7830,T783002,1001910,15,N,N,1,1,2,4963
T7830,T783002,1002914,16,N,N,1,1,110,5424
T7830,T783002,1006217,17,N,N,1,1,87,5874
T7830,T783002,1003552,18,N,N,1,1,326,6561
T7830,T783002,1002107,19,N,N,1,1,39,7004
T7830,T783002,1003411,20,N,N,1,1,300,7192
T7830,T783002,1001830,21,N,N,1,1,277,7600
T7840,T784002,1001830,1,N,N,1,1,277,0
T7840,T784002,1004001,2,N,N,1,1,32,835
T7840,T784002,1002487,3,N,N,1,1,318,1774
T7840,T784002,1003633,4,N,N,1,1,325,2027
T7840,T784002,1000178,5,N,N,1,1,31,2421
T7840,T784002,1002486,6,N,N,1,1,112,2896
T7840,T784002,1001246,7,N,N,1,1,125,3149
T7840,T784002,1001064,8,N,N,1,1,350,4285
T7840,T784002,1000232,9,N,N,1,1,268,4790
T7840,T784002,1004278,10,N,N,1,1,179,5309
T7840,T784002,1000036,11,N,N,1,1,95,5782
T7840,T784002,1000371,12,N,N,1,1,202,6731
T7840,T784002,1001276,13,N,N,1,1,130,8269
T7840,T784002,1000639,14,N,N,1,1,217,9088
T7840,T784002,1003411,15,N,N,1,1,300,9503
T7840,T784002,1091830,16,N,N,1,1,277,9914
T7850,T785002,1001832,1,N,N,1,1,283,0
T7850,T785002,1003232,2,N,N,1,1,35,562
T7850,T785002,1006226,3,N,N,1,1,8,905
T7850,T785002,1000639,4,N,N,1,1,217,1374
T7850,T785002,1002108,5,N,N,1,1,219,1755
T7850,T785002,1003564,6,N,N,1,1,146,2210
T7850,T785002,1002899,7,N,N,1,1,145,2432
T7850,T785002,1002048,8,N,N,1,1,146,2823
T7850,T785002,1006222,9,N,N,1,1,124,3072
T7850,T785002,1006223,10,N,N,1,1,101,3351
T7850,T785002,1006224,11,N,N,1,1,118,3803
T7850,T785002,1003414,12,N,N,1,1,316,5059
T7850,T785002,1002197,13,N,N,1,1,274,5922
T7850,T785002,1001832,14,N,N,1,1,283,6360
T7860,T786002,1001784,1,N,N,1,1,91,0
T7860,T786002,1003320,2,N,N,1,1,208,572
T7860,T786002,1001578,3,N,N,1,1,23,834
T7860,T786002,1000471,4,N,N,1,1,62,1285
T7860,T786002,1000650,5,N,N,1,1,3,1699
T7860,T786002,1003407,6,N,N,1,1,93,2134
T7860,T786002,1001077,7,N,N,1,1,97,2464
T7860,T786002,1001007,8,N,N,1,1,138,2687
T7860,T786002,1002619,9,N,N,1,1,161,3001
T7860,T786002,1004179,10,N,N,1,1,260,3189
T7860,T786002,1003630,11,N,N,1,1,241,3576
T7860,T786002,1002142,12,N,N,1,1,228,3694
T7860,T786002,1008434,13,N,N,1,1,211,3928
T7860,T786002,1004272,14,N,N,1,1,130,4188
T7860,T786002,1003857,15,N,N,1,1,151,4761
T7860,T786002,1001509,16,N,N,1,1,309,5836
T7860,T786002,1001784,17,N,N,1,1,91,6400
T7870,T787002,1001784,1,N,N,1,1,91,0
T7870,T787002,1003320,2,N,N,1,1,208,620
T7870,T787002,1000484,3,N,N,1,1,315,988
T7870,T787002,1005034,4,N,N,1,1,327,1567
T7870,T787002,1000944,5,N,N,1,1,50,2217
T7870,T787002,1002264,6,N,N,1,1,91,2552
T7870,T787002,1003656,7,N,N,1,1,352,2891
T7870,T787002,1000900,8,N,N,1,1,350,3169
T7870,T787002,1000898,9,N,N,1,1,61,3329
T7870,T787002,1000899,10,N,N,1,1,270,3970
T7870,T787002,1002957,11,N,N,1,1,127,4293
T7870,T787002,1003202,12,N,N,1,1,114,4522
T7870,T787002,1002920,13,N,N,1,1,186,5092
T7870,T787002,1004188,14,N,N,1,1,274,5609
T7870,T787002,1001247,15,N,N,1,1,250,6177
T7870,T787002,1003264,16,N,N,1,1,136,6379
T7870,T787002,1000600,17,N,N,1,1,136,6737
T7870,T787002,1000270,18,N,N,1,1,135,7295
T7870,T787002,1003392,19,N,N,1,1,118,7643
T7870,T787002,1000671,20,N,N,1,1,90,8054
T7870,T787002,1004272,21,N,N,1,1,130,8485
T7870,T787002,1003857,22,N,N,1,1,151,9057
T7870,T787002,1006035,23,N,N,1,1,321,9739
T7870,T787002,1001509,24,N,N,1,1,309,10412
T7870,T787002,1001784,25,N,N,1,1,91,11000
T7880,T788001,1002103,1,N,N,1,1,301,0
T7880,T788001,1000838,2,N,N,1,1,187,2461
T7880,T788001,1001833,3,N,N,1,1,1,3088
T7880,T788002,1001833,1,N,N,1,1,1,0
T7880,T788002,1002103,2,N,N,1,1,301,2602
T7890,T789002,1001833,1,N,N,1,1,1,1
T7890,T789002,1001897,2,N,N,1,1,37,473
T7890,T789002,1000583,3,N,N,1,1,264,969
T7890,T789002,1001596,4,N,N,1,1,264,1169
T7890,T789002,1000655,5,N,N,1,1,274,1611
T7890,T789002,1002427,6,N,N,1,1,179,2197
T7890,T789002,1000578,7,N,N,1,1,104,3144
T7890,T789002,1000838,8,N,N,1,1,187,4926
T7890,T789002,1000226,9,N,N,1,1,90,5546
T7890,T789002,1000761,10,N,N,1,1,172,5816
T7890,T789002,1008483,11,N,N,1,1,271,6337
T7890,T789002,1008484,12,N,N,1,1,202,6769
T7890,T789002,1008485,13,N,N,1,1,183,7123
T7890,T789002,1008486,14,N,N,1,1,189,7426
T7890,T789002,1008487,15,N,N,1,1,86,7678
T7890,T789002,1000312,16,N,N,1,1,180,8063
T7890,T789002,1002251,17,N,N,1,1,360,8512
T7890,T789002,1000453,18,N,N,1,1,352,8823
T7890,T789002,1000227,19,N,N,1,1,270,9011
T7890,T789002,1001650,20,N,N,1,1,317,9345
T7890,T789002,1001833,21,N,N,1,1,1,9600
#N/A,T789102,1001833,1,N,N,1,1,1,0
#N/A,T789102,1001897,2,N,N,1,1,37,312
#N/A,T789102,1000583,3,N,N,1,1,264,786
#N/A,T789102,1001596,4,N,N,1,1,264,990
#N/A,T789102,1000655,5,N,N,1,1,274,1429
#N/A,T789102,1002427,6,N,N,1,1,179,1919
#N/A,T789102,1000578,7,N,N,1,1,104,2700
#N/A,T789102,1006747,8,N,N,1,1,40,2827
#N/A,T789102,1000838,9,N,N,1,1,187,4515
#N/A,T789102,1001833,10,N,N,1,1,1,5000
T7900,T790001,1002029,1,N,N,1,1,301,0
T7900,T790001,1001410,2,N,N,1,1,261,2331
T7900,T790001,1002618,3,N,N,1,1,341,4064
T7900,T790001,1001845,4,N,N,1,1,295,4600
T7900,T790001,1003406,5,N,N,1,1,273,4928
T7900,T790001,1001395,6,N,N,1,1,272,5384
T7900,T790001,1001610,7,N,N,1,1,272,5590
T7900,T790001,1004188,8,N,N,1,1,274,6002
T7900,T790001,1001247,9,N,N,1,1,250,6455
T7900,T790001,1002012,10,N,N,1,1,330,6766
T7900,T790001,1000836,11,N,N,1,1,270,6912
T7900,T790001,1000980,12,N,N,1,1,249,7211
T7900,T790001,1006038,13,N,N,1,1,310,7899
T7900,T790001,1001276,14,N,N,1,1,130,8492
T7900,T790001,1002752,15,N,N,1,1,219,9024
T7900,T790001,1003456,16,N,N,1,1,126,9415
T7900,T790001,1003204,17,N,N,1,1,215,9728
T7900,T790001,1001832,18,N,N,1,1,283,10415
T7900,T790002,1001832,1,N,N,1,1,283,0
T7900,T790002,1003232,2,N,N,1,1,35,551
T7900,T790002,1006226,3,N,N,1,1,8,918
T7900,T790002,1002049,4,N,N,1,1,39,1254
T7900,T790002,1000204,5,N,N,1,1,43,1718
T7900,T790002,1006038,6,N,N,1,1,310,2308
T7900,T790002,1001276,7,N,N,1,1,130,2926
T7900,T790002,1000204,8,N,N,1,1,43,3291
T7900,T790002,1002865,9,N,N,1,1,90,3915
T7900,T790002,1000944,10,N,N,1,1,50,4258
T7900,T790002,1003538,11,N,N,1,1,81,4616
T7900,T790002,1004190,12,N,N,1,1,94,4843
T7900,T790002,1002675,13,N,N,1,1,92,5211
T7900,T790002,1001955,14,N,N,1,1,92,5502
T7900,T790002,1003407,15,N,N,1,1,93,5923
T7900,T790002,1001007,16,N,N,1,1,138,6481
T7900,T790002,1002619,17,N,N,1,1,161,6791
T7900,T790002,1002617,18,N,N,1,1,159,6934
T7900,T790002,1006253,19,N,N,1,1,102,8100
T7900,T790002,1002029,20,N,N,1,1,301,10755
T7910,T791002,1001807,1,N,N,1,1,269,0
T7910,T791002,1003761,2,N,N,1,1,87,1040
T7910,T791002,1000096,3,N,N,1,1,162,1690
T7910,T791002,1003431,4,N,N,1,1,210,2431
T7910,T791002,1001045,5,N,N,1,1,192,3154
T7910,T791002,1002877,6,N,N,1,1,356,3524
T7910,T791002,1000261,7,N,N,1,1,25,3883
T7910,T791002,1000762,8,N,N,1,1,290,4934
T7910,T791002,1000763,9,N,N,1,1,290,5043
T7910,T791002,1008293,10,N,N,1,1,287,5225
T7910,T791002,1008483,11,N,N,1,1,271,5654
T7910,T791002,1008484,12,N,N,1,1,202,6025
T7910,T791002,1008485,13,N,N,1,1,183,6267
T7910,T791002,1008486,14,N,N,1,1,189,6508
T7910,T791002,1008487,15,N,N,1,1,86,7025
T7910,T791002,1001654,16,N,N,1,1,360,7450
T7910,T791002,1002251,17,N,N,1,1,360,7751
T7910,T791002,1008488,18,N,N,1,1,99,8248
T7910,T791002,1000910,19,N,N,1,1,110,8471
T7910,T791002,1001719,20,N,N,1,1,30,8756
T7910,T791002,1000095,21,N,N,1,1,336,9368
T7910,T791002,1001706,22,N,N,1,1,5,9820
T7910,T791002,1000365,23,N,N,1,1,267,10049
T7910,T791002,1001807,24,N,N,1,1,269,10400
T7920,T792002,1006526,1,N,N,1,1,155,0
T7920,T792002,1000545,2,N,N,1,1,203,526
T7920,T792002,1006590,3,N,N,1,1,202,769
T7920,T792002,1006591,4,N,N,1,1,290,1150
T7920,T792002,1002112,5,N,N,1,1,310,1450
T7920,T792002,1008258,6,N,N,1,1,271,2891
T7920,T792002,1008259,7,N,N,1,1,4,3374
T7920,T792002,1008260,8,N,N,1,1,3,3621
T7920,T792002,1008261,9,N,N,1,1,213,4389
T7920,T792002,1002885,10,N,N,1,1,102,4651
T7920,T792002,1000787,11,N,N,1,1,213,5581
T7920,T792002,1002512,12,N,N,1,1,135,6748
T7920,T792002,1001977,13,N,N,1,1,90,7321
T7920,T792002,1002598,14,N,N,1,1,90,7537
T7920,T792002,1001613,15,N,N,1,1,181,8250
T7920,T792002,1003080,16,N,N,1,1,196,9160
T7920,T792002,1003703,17,N,N,1,1,204,9340
T7920,T792002,1006526,18,N,N,1,1,155,9900
T7921,T792102,1006026,1,N,N,1,1,353,0
T7921,T792102,1006027,2,N,N,1,1,207,657
T7921,T792102,1006028,3,N,N,1,1,207,1392
T7921,T792102,1008272,4,N,N,1,1,302,2290
T7921,T792102,1008273,5,N,N,1,1,185,2821
T7921,T792102,1008274,6,N,N,1,1,174,3191
T7921,T792102,1008275,7,N,N,1,1,176,3958
T7921,T792102,1008276,8,N,N,1,1,81,4410
T7921,T792102,1002953,9,N,N,1,1,14,4736
T7921,T792102,1008277,10,N,N,1,1,95,5715
T7921,T792102,1008278,11,N,N,1,1,78,6113
T7921,T792102,1006025,12,N,N,1,1,27,6852
T7921,T792102,1006026,13,N,N,1,1,353,7500
#N/A,T800002,1002388,1,N,N,1,1,39,0
#N/A,T800002,1000991,2,N,N,1,1,91,910
#N/A,T800002,1003194,3,N,N,1,1,260,2690
#N/A,T800002,1000248,4,N,N,1,1,327,4635
#N/A,T800002,1000990,5,N,N,1,1,270,5652
#N/A,T800002,1002389,6,N,N,1,1,219,6496
T8500,T850002,1001786,1,N,N,1,1,43,0
T8500,T850002,1002917,2,N,N,1,1,312,777
T8500,T850002,1002948,3,N,N,1,1,349,1002
T8500,T850002,1001531,4,N,N,1,1,3,1170
T8500,T850002,1002890,5,N,N,1,1,2,1531
T8500,T850002,1002093,6,N,N,1,1,345,2060
T8500,T850002,1000223,7,N,N,1,1,265,2749
T8500,T850002,1001657,8,N,N,1,1,268,3120
T8500,T850002,1000632,9,N,N,1,1,334,3683
T8500,T850002,1001980,10,N,N,1,1,346,4893
T8500,T850002,1003214,11,N,N,1,1,267,5345
T8500,T850002,1002013,12,N,N,1,1,96,6398
T8500,T850002,1000224,13,N,N,1,1,353,7840
T8500,T850002,1003372,14,N,N,1,1,136,8316
T8500,T850002,1002918,15,N,N,1,1,163,8586
T8500,T850002,1002905,16,N,N,1,1,163,8844
T8500,T850002,1002959,17,N,N,1,1,144,9667
T8500,T850002,1000060,18,N,N,1,1,132,9862
T8500,T850002,1000519,19,N,N,1,1,131,10380
T8500,T850002,1001786,20,N,N,1,1,43,10988
T8510,T851002,1001511,1,N,N,1,1,240,0
T8510,T851002,1009071,2,N,N,1,1,94,4052
T8510,T851002,1005051,3,N,N,1,1,129,5200
T8510,T851002,1009071,4,N,N,1,1,94,6162
T8510,T851002,1001511,5,N,N,1,1,240,9200
#N/A,U103002,1003250,1,N,N,7,7,271,0
#N/A,U103002,1002590,2,N,N,7,7,287,911
#N/A,U103002,1000127,3,N,N,7,7,305,1440
#N/A,U103002,1000135,4,N,N,7,7,86,1734
#N/A,U103002,1002781,5,N,N,7,7,18,2592
#N/A,U103002,1002666,6,N,N,7,7,29,6589
#N/A,U103002,1001405,7,N,N,7,7,18,7565
#N/A,U103002,1001982,8,N,N,7,7,63,8302
#N/A,U103002,1002027,9,Y,N,6,7,85,9052
#N/A,U103002,1000452,10,Y,N,6,7,109,9502
#N/A,U103002,1000483,11,N,N,6,6,115,9852
#N/A,U103002,1001677,12,N,N,6,6,121,10240
#N/A,U103002,1001680,13,N,N,6,6,75,10951
#N/A,U103002,1002353,14,N,N,6,6,114,11671
#N/A,U103002,1001675,15,N,N,6,6,96,12002
#N/A,U103002,1001679,16,N,N,6,6,131,12412
#N/A,U103002,1001633,17,Y,N,5,6,94,13219
#N/A,U103002,1003379,18,N,N,5,5,142,13652
#N/A,U103002,1001966,19,N,N,5,5,149,13850
#N/A,U103002,1000401,20,N,N,5,5,152,14239
#N/A,U103002,1002536,21,N,N,5,5,176,14586
#N/A,U103002,1002535,22,N,N,5,5,171,14960
#N/A,U103002,1003386,23,N,N,5,5,163,15355
#N/A,U103002,1002531,24,N,N,5,5,171,15800
#N/A,U103002,1002532,25,N,N,5,5,171,15966
#N/A,U103002,1001414,26,N,N,5,5,126,16315
#N/A,U103002,1003170,27,N,N,5,5,126,16641
#N/A,U103002,1000949,28,N,N,5,5,134,16911
#N/A,U103002,1002528,29,N,N,5,5,134,17259
#N/A,U103002,1002414,30,Y,N,4,5,129,17786
#N/A,U103002,1000514,31,Y,N,4,5,129,18066
#N/A,U103002,1002053,32,Y,N,4,5,132,18493
#N/A,U103002,1000403,33,Y,N,4,5,185,18775
#N/A,U103002,1004169,34,N,N,4,4,201,19116
#N/A,U103002,1002359,35,N,N,4,4,201,19220
#N/A,U103002,1001853,36,N,N,4,4,205,19400
#N/A,U103002,1001629,37,N,N,4,4,205,19621
#N/A,U103002,1000875,38,N,N,4,4,171,19940
#N/A,U103002,1000502,39,N,N,4,4,209,20177
#N/A,U103002,1000521,40,N,N,4,4,193,20712
#N/A,U103002,1000047,41,N,N,4,4,97,21017
#N/A,U103002,1000955,42,N,N,4,4,8,21261
#N/A,U103002,1001811,44,N,N,4,4,317,21539
#N/A,U103002,1000520,45,N,N,4,4,105,22285
#N/A,U103002,1000533,46,N,N,4,4,359,22818
#N/A,U103002,1001984,47,N,N,4,4,359,23277
#N/A,U103002,1003299,48,N,N,4,4,20,23488
#N/A,U103002,1003257,49,N,N,4,4,16,23797
#N/A,U103002,1002694,50,N,N,4,4,5,24095
#N/A,U103002,1001418,51,Y,N,3,4,2,24383
#N/A,U103002,1002537,52,Y,N,3,4,309,24631
#N/A,U103002,1002415,53,Y,N,3,4,309,24856
#N/A,U103002,1002413,54,Y,N,3,4,309,24964
#N/A,U103002,1002022,55,N,N,3,3,314,25471
#N/A,U103002,1001710,56,N,N,3,3,314,25811
#N/A,U103002,1002041,57,N,N,3,3,306,26155
#N/A,U103002,1002529,58,N,N,3,3,306,26509
#N/A,U103002,1002530,59,N,N,3,3,14,27062
#N/A,U103002,1003385,60,N,N,3,3,343,27481
#N/A,U103002,1001626,61,N,N,3,3,328,27657
#N/A,U103002,1002533,62,N,N,3,3,356,28384
#N/A,U103002,1002534,63,N,N,3,3,332,28788
#N/A,U103002,1001253,64,N,N,3,3,321,29244
#N/A,U103002,1001634,65,Y,N,2,3,274,29565
#N/A,U103002,1000380,66,N,N,2,2,311,30120
#N/A,U103002,1001678,67,N,N,2,2,305,30582
#N/A,U103002,1001674,68,N,N,2,2,276,30853
#N/A,U103002,1002352,69,N,N,2,2,294,31239
#N/A,U103002,1004121,70,N,N,2,2,255,31878
#N/A,U103002,1002665,71,N,N,2,2,301,32135
#N/A,U103002,1001676,72,N,N,2,2,301,32374
#N/A,U103002,1000616,73,N,N,2,2,300,32810
#N/A,U103002,1003215,74,N,N,2,2,295,33001
#N/A,U103002,1000451,75,Y,N,1,2,289,33421
#N/A,U103002,1002028,76,Y,N,1,2,265,33754
#N/A,U103002,1000436,77,N,N,1,1,243,34504
#N/A,U103002,1001406,78,N,N,1,1,198,35302
#N/A,U103002,1003437,79,N,N,1,1,203,35888
#N/A,U103002,1002782,80,N,N,1,1,198,40352
#N/A,U103002,1002590,81,N,N,1,1,287,41067
#N/A,U103002,1000127,82,N,N,1,1,305,41596
#N/A,U103002,1000135,83,N,N,1,1,86,41890
#N/A,U103002,1003250,84,N,N,1,1,271,42558
U1510,U151001,1002080,1,N,N,4,4,313,1
U1510,U151001,1004240,2,N,N,4,4,231,482
U1510,U151001,1000383,3,N,N,4,4,45,647
U1510,U151001,1003683,4,N,N,4,4,60,978
U1510,U151001,1000823,5,N,N,4,4,354,1172
U1510,U151001,1002560,6,N,N,4,4,1,1327
U1510,U151001,1003415,7,N,N,4,4,265,1883
U1510,U151001,1001984,8,N,N,4,4,359,2062
U1510,U151001,1003257,9,N,N,4,4,16,2573
U1510,U151001,1002694,10,N,N,4,4,5,2906
U1510,U151001,1001418,11,N,N,4,4,2,3161
U1510,U151001,1002537,12,Y,N,3,4,309,3397
U1510,U151001,1002413,13,Y,N,3,4,309,3718
U1510,U151001,1002022,14,N,N,3,3,314,4212
U1510,U151001,1001710,15,N,N,3,3,314,4570
U1510,U151001,1005139,16,N,N,3,3,311,4903
U1510,U151001,1002529,17,N,N,3,3,310,5256
U1510,U151001,1002530,18,N,N,3,3,7,5799
U1510,U151001,1003385,19,N,N,3,3,343,6213
U1510,U151001,1001626,20,N,N,3,3,328,6399
U1510,U151001,1002533,21,N,N,3,3,356,7032
U1510,U151001,1002534,22,Y,N,2,3,332,7523
U1510,U151001,1001253,23,Y,N,2,3,321,7964
U1510,U151001,1001634,24,Y,N,2,3,274,8285
U1510,U151001,1004086,25,N,N,2,2,2,10013
U1510,U151001,1003909,26,Y,N,1,2,357,10859
U1510,U151001,1008667,27,Y,N,1,2,3,11056
U1510,U151001,1004214,28,Y,N,1,2,332,12273
U1510,U151001,1004213,29,N,N,1,1,120,13625
U1510,U151001,1000427,30,N,N,1,1,300,14132
U1510,U151001,1008666,31,N,N,1,1,126,15087
U1510,U151001,1008665,32,N,N,1,1,63,16973
U1510,U151001,1002191,33,N,N,1,1,54,17283
U1510,U151001,1000198,34,N,N,1,1,331,17496
U1510,U151001,1002098,35,N,N,1,1,331,17884
U1510,U151001,1000007,36,N,N,1,1,237,18312
U1510,U151001,1003138,37,N,N,1,1,244,18616
U1510,U151001,1007619,38,N,N,1,1,342,18852
U1510,U151001,1001067,39,N,N,1,1,241,19321
U1510,U151001,1003160,40,N,N,1,1,181,19550
U1510,U151001,1000368,41,N,N,1,1,321,20210
U1510,U151001,1007614,42,N,N,1,1,287,20352
U1510,U151001,1003162,43,N,N,1,1,115,20788
U1510,U151001,1000959,44,N,N,1,1,341,21100
U1510,U151002,1000959,1,N,N,1,1,341,1
U1510,U151002,1008668,2,N,N,1,1,161,487
U1510,U151002,1003159,3,N,N,1,1,122,994
U1510,U151002,1003826,4,N,N,1,1,61,1258
U1510,U151002,1003516,5,N,N,1,1,145,1740
U1510,U151002,1002097,6,N,N,1,1,64,1939
U1510,U151002,1002288,7,N,N,1,1,57,2198
U1510,U151002,1001317,8,N,N,1,1,151,2849
U1510,U151002,1001336,9,N,N,1,1,151,3077
U1510,U151002,1002289,10,N,N,1,1,234,3297
U1510,U151002,1002355,11,N,N,1,1,234,3601
U1510,U151002,1000735,12,N,N,1,1,241,4213
U1510,U151002,1004215,13,Y,N,2,1,153,5007
U1510,U151002,1001398,14,Y,N,2,1,177,6274
U1510,U151002,1004087,15,N,N,2,2,182,7284
U1510,U151002,1001633,16,Y,N,3,2,94,8830
U1510,U151002,1003379,17,Y,N,3,2,142,9249
U1510,U151002,1001966,18,Y,N,3,2,149,9442
U1510,U151002,1000401,19,N,N,3,3,152,9835
U1510,U151002,1002536,20,N,N,3,3,176,10173
U1510,U151002,1002535,21,N,N,3,3,171,10538
U1510,U151002,1005100,22,N,N,3,3,163,10781
U1510,U151002,1003386,23,N,N,3,3,193,10956
U1510,U151002,1005102,24,N,N,3,3,174,11358
U1510,U151002,1002532,25,N,N,3,3,133,11541
U1510,U151002,1001414,26,N,N,3,3,129,11906
U1510,U151002,1005118,27,N,N,3,3,129,12088
U1510,U151002,1000949,28,N,N,3,3,134,12474
U1510,U151002,1002528,29,N,N,3,3,134,12841
U1510,U151002,1002414,30,Y,N,4,3,129,13388
U1510,U151002,1000514,31,Y,N,4,3,129,13618
U1510,U151002,1003247,32,Y,N,4,3,132,13975
U1510,U151002,1000477,33,Y,N,4,3,185,14349
U1510,U151002,1004169,34,N,N,4,4,201,14662
U1510,U151002,1002359,35,N,N,4,4,201,14761
U1510,U151002,1001853,36,N,N,4,4,205,15000
U1510,U151002,1001629,37,N,N,4,4,205,15166
U1510,U151002,1000875,38,N,N,4,4,171,15484
U1510,U151002,1000502,39,N,N,4,4,209,15712
U1510,U151002,1000521,40,N,N,4,4,193,16218
U1510,U151002,1000047,41,N,N,4,4,97,16521
U1510,U151002,1006277,42,N,N,4,4,74,16754
U1510,U151002,1002080,43,N,N,4,4,313,17500
#N/A,U170001,1000383,1,N,N,3,3,45,0
#N/A,U170001,1003683,2,N,N,3,3,60,384
#N/A,U170001,1000823,3,N,N,3,3,354,603
#N/A,U170001,1002560,4,N,N,3,3,1,758
#N/A,U170001,1003415,5,N,N,3,3,265,1342
#N/A,U170001,1001984,6,N,N,3,3,359,1549
#N/A,U170001,1003257,7,N,N,3,3,16,2069
#N/A,U170001,1002694,8,N,N,3,3,5,2367
#N/A,U170001,1001418,9,N,N,3,3,2,2655
#N/A,U170001,1002537,10,Y,N,2,3,309,2903
#N/A,U170001,1002415,11,Y,N,2,3,309,3128
#N/A,U170001,1002413,12,Y,N,2,3,309,3236
#N/A,U170001,1001329,13,N,N,2,2,43,3737
#N/A,U170001,1000784,14,N,N,2,2,354,3923
#N/A,U170001,1001523,15,N,N,2,2,350,4177
#N/A,U170001,1003644,16,N,N,2,2,356,4445
#N/A,U170001,1003167,17,N,N,2,2,351,4897
#N/A,U170001,1003375,18,N,N,2,2,353,5075
#N/A,U170001,1002170,19,N,N,2,2,353,5448
#N/A,U170001,1000769,20,N,N,2,2,353,5727
#N/A,U170001,1000637,21,N,N,2,2,2,5976
#N/A,U170001,1003624,22,N,N,2,2,357,6196
#N/A,U170001,1001660,23,N,N,2,2,50,6787
#N/A,U170001,1001408,24,N,N,2,2,70,7009
#N/A,U170001,1003741,25,N,N,2,2,31,7143
#N/A,U170001,1004015,26,Y,N,1,2,334,7909
#N/A,U170001,1003997,27,Y,N,1,2,8,9240
#N/A,U170001,1000052,28,N,N,1,1,34,10169
#N/A,U170001,1000749,29,N,N,1,1,26,10842
#N/A,U170001,1000554,30,N,N,1,1,360,11842
#N/A,U170001,1003743,31,N,N,1,1,272,12342
#N/A,U170001,1007500,32,N,N,1,1,5,13405
#N/A,U170001,1007543,33,N,N,1,1,15,14560
#N/A,U170001,1007502,34,N,N,1,1,171,15600
#N/A,U170001,1007545,35,N,N,1,1,187,16310
#N/A,U170001,1002380,36,N,N,1,1,273,17980
#N/A,U170001,1000141,37,N,N,1,1,278,18402
#N/A,U170001,1000880,38,N,N,1,1,252,19500
#N/A,U170001,1002132,39,N,N,1,1,189,21650
U1700,U170002,1002132,1,N,N,3,3,189,0
U1700,U170002,1000881,2,N,N,3,3,72,713
U1700,U170002,1002373,3,N,N,3,3,98,1065
U1700,U170002,1001532,4,N,N,3,3,93,1404
U1700,U170002,1003607,5,N,N,3,3,93,1551
U1700,U170002,1007543,6,N,N,3,3,15,1803
U1700,U170002,1007440,7,N,N,3,3,4,2021
U1700,U170002,1007502,8,N,N,3,3,171,2555
U1700,U170002,1007545,9,N,N,3,3,187,2800
U1700,U170002,1003754,10,N,N,3,3,92,3092
U1700,U170002,1007503,11,N,N,3,3,176,4334
U1700,U170002,1000555,12,N,N,3,3,180,4586
U1700,U170002,1003526,13,N,N,3,3,180,4930
U1700,U170002,1000748,14,N,N,3,3,206,5743
U1700,U170002,1000053,15,N,N,3,3,214,6476
U1700,U170002,1003993,16,N,N,3,3,188,7408
U1700,U170002,1004016,17,Y,N,2,3,154,8727
U1700,U170002,1001661,18,Y,N,2,3,250,9628
U1700,U170002,1001659,19,N,N,2,2,227,9927
U1700,U170002,1003625,20,N,N,2,2,174,10307
U1700,U170002,1000638,21,N,N,2,2,182,10564
U1700,U170002,1000770,22,N,N,2,2,173,10844
U1700,U170002,1002171,23,N,N,2,2,173,11066
U1700,U170002,1000255,24,N,N,2,2,173,11423
U1700,U170002,1003168,25,N,N,2,2,82,11612
U1700,U170002,1003169,26,N,N,2,2,169,11998
U1700,U170002,1008377,27,N,N,2,2,259,12475
U1700,U170002,1000573,28,N,N,2,2,176,12579
U1700,U170002,1001817,29,N,N,2,2,341,13247
U1700,U170002,1002015,30,N,N,2,2,86,13622
U1700,U170002,1008384,31,N,N,2,2,178,13921
U1700,U170002,1001894,32,N,N,2,2,213,14081
U1700,U170002,1001523,33,N,N,2,2,350,14826
U1700,U170002,1003644,34,N,N,2,2,356,14958
U1700,U170002,1007541,35,N,N,2,2,349,15114
U1700,U170002,1003167,36,N,N,2,2,351,15498
U1700,U170002,1003375,37,N,N,2,2,353,15677
U1700,U170002,1002170,38,N,N,2,2,353,15977
U1700,U170002,1000769,39,N,N,2,2,353,16329
U1700,U170002,1000637,40,N,N,2,2,2,16580
U1700,U170002,1003624,41,N,N,2,2,357,16938
U1700,U170002,1001660,42,N,N,2,2,50,17361
U1700,U170002,1001408,43,N,N,2,2,70,17585
U1700,U170002,1003741,44,N,N,2,2,31,17729
U1700,U170002,1004015,45,Y,N,1,2,334,18451
U1700,U170002,1003997,46,Y,N,1,2,8,19776
U1700,U170002,1000052,47,N,N,1,1,34,20790
U1700,U170002,1000749,48,N,N,1,1,26,21372
U1700,U170002,1003525,49,N,N,1,1,360,22275
U1700,U170002,1000554,50,N,N,1,1,360,22489
U1700,U170002,1003743,51,N,N,1,1,272,23961
U1700,U170002,1007543,52,N,N,1,1,15,24202
U1700,U170002,1007440,53,N,N,1,1,4,24475
U1700,U170002,1007502,54,N,N,1,1,171,24945
U1700,U170002,1007545,55,N,N,1,1,187,25195
U1700,U170002,1002380,56,N,N,1,1,273,25522
U1700,U170002,1000895,57,N,N,1,1,317,25666
U1700,U170002,1000141,58,N,N,1,1,278,26025
U1700,U170002,1000880,59,N,N,1,1,252,26435
U1700,U170002,1002132,60,N,N,1,1,189,27500
U1710,U171001,1000383,1,N,N,3,3,45,0
U1710,U171001,1003683,2,N,N,3,3,60,180
U1710,U171001,1000823,3,N,N,3,3,354,400
U1710,U171001,1002560,4,N,N,3,3,1,554
U1710,U171001,1003415,5,N,N,3,3,265,1138
U1710,U171001,1001984,6,N,N,3,3,359,1345
U1710,U171001,1003299,7,N,N,3,3,20,1557
U1710,U171001,1003257,8,N,N,3,3,16,1865
U1710,U171001,1002694,9,N,N,3,3,5,2163
U1710,U171001,1001418,10,N,N,3,3,2,2451
U1710,U171001,1002537,11,Y,N,2,3,309,2699
U1710,U171001,1002415,12,Y,N,2,3,309,2924
U1710,U171001,1002413,13,Y,N,2,3,309,3032
U1710,U171001,1001329,14,N,N,2,2,43,3533
U1710,U171001,1000784,15,N,N,2,2,354,3719
U1710,U171001,1001523,16,N,N,2,2,350,3973
U1710,U171001,1003167,17,N,N,2,2,351,4693
U1710,U171001,1003375,18,N,N,2,2,353,4871
U1710,U171001,1002170,19,N,N,2,2,353,5244
U1710,U171001,1000769,20,N,N,2,2,353,5523
U1710,U171001,1000637,21,N,N,2,2,2,5772
U1710,U171001,1003624,22,N,N,2,2,357,5992
U1710,U171001,1001162,23,N,N,2,2,352,6868
U1710,U171001,1001164,24,Y,N,1,2,0,7688
U1710,U171001,1000174,25,Y,N,1,2,0,8012
U1710,U171001,1003995,26,N,N,1,1,360,8610
U1710,U171001,1001590,27,N,N,1,1,360,9033
U1710,U171001,1004270,28,N,N,1,1,358,9431
U1710,U171001,1003042,29,N,N,1,1,267,9659
U1710,U171001,1003008,30,N,N,1,1,267,9827
U1710,U171001,1001365,31,N,N,1,1,90,10814
U1710,U171001,1002362,32,N,N,1,1,90,11110
U1710,U171001,1001168,33,N,N,1,1,90,11655
U1710,U171001,1003594,34,N,N,1,1,90,11885
U1710,U171001,1000862,35,N,N,1,1,0,12287
U1710,U171001,1000480,36,N,N,1,1,360,13085
U1710,U171001,1000554,37,N,N,1,1,360,13330
U1710,U171001,1003881,38,N,N,1,1,88,13610
U1710,U171001,1000216,39,N,N,1,1,91,13840
U1710,U171001,1003500,40,N,N,1,1,88,13956
U1710,U171001,1002956,41,N,N,1,1,360,14161
U1710,U171001,1003377,42,N,N,1,1,271,14421
U1710,U171001,1001866,43,N,N,1,1,271,14509
U1710,U171001,1002583,44,N,N,1,1,271,14796
U1710,U171001,1001916,45,N,N,1,1,0,15126
U1710,U171001,1001950,46,N,N,1,1,68,15468
U1710,U171001,1003560,47,N,N,1,1,310,15884
U1710,U171001,1003796,48,N,N,1,1,228,16194
U1710,U171001,1003556,49,N,N,1,1,284,16461
U1710,U171001,1003779,50,N,N,1,1,284,16719
U1710,U171001,1003868,51,N,N,1,1,226,16941
U1710,U171001,1003743,52,N,N,1,1,272,17347
U1710,U171001,1002380,53,N,N,1,1,273,17476
U1710,U171001,1000895,54,N,N,1,1,317,17694
U1710,U171001,1000141,55,N,N,1,1,278,17974
U1710,U171001,1000880,56,N,N,1,1,252,18318
U1710,U171001,1002132,57,N,N,1,1,189,19763
U1710,U171002,1002132,1,N,N,1,1,189,0
U1710,U171002,1000881,2,N,N,1,1,72,782
U1710,U171002,1002373,3,N,N,1,1,98,1155
U1710,U171002,1001532,4,N,N,1,1,93,1486
U1710,U171002,1003607,5,N,N,1,1,93,1637
U1710,U171002,1003754,6,N,N,1,1,92,1770
U1710,U171002,1003862,7,N,N,1,1,104,2451
U1710,U171002,1003557,8,N,N,1,1,104,2675
U1710,U171002,1002447,9,N,N,1,1,37,2889
U1710,U171002,1003559,10,N,N,1,1,130,3227
U1710,U171002,1001951,11,N,N,1,1,225,3739
U1710,U171002,1003439,12,N,N,1,1,180,4010
U1710,U171002,1001585,13,N,N,1,1,91,4413
U1710,U171002,1001867,14,N,N,1,1,91,4646
U1710,U171002,1003376,15,N,N,1,1,91,4690
U1710,U171002,1002928,16,N,N,1,1,180,4720
U1710,U171002,1000217,17,N,N,1,1,268,4985
U1710,U171002,1002474,18,N,N,1,1,271,5278
U1710,U171002,1003882,19,N,N,1,1,268,5518
U1710,U171002,1000555,20,N,N,1,1,180,5817
U1710,U171002,1000863,21,N,N,1,1,180,6825
U1710,U171002,1003592,22,N,N,1,1,270,7166
U1710,U171002,1000579,23,N,N,1,1,270,7541
U1710,U171002,1001756,24,N,N,1,1,270,7741
U1710,U171002,1000002,25,N,N,1,1,270,8091
U1710,U171002,1001364,26,N,N,1,1,270,8361
U1710,U171002,1001507,27,N,N,1,1,179,8672
U1710,U171002,1004103,28,N,N,1,1,87,9128
U1710,U171002,1003009,29,N,N,1,1,87,9481
U1710,U171002,1004271,30,N,N,1,1,178,9768
U1710,U171002,1001591,31,N,N,1,1,180,10150
U1710,U171002,1003996,32,N,N,1,1,180,10434
U1710,U171002,1002664,33,N,N,1,1,180,10998
U1710,U171002,1003373,34,Y,N,2,1,180,11461
U1710,U171002,1001163,35,Y,N,2,1,172,12257
U1710,U171002,1003625,36,N,N,2,2,174,13067
U1710,U171002,1000638,37,N,N,2,2,182,13329
U1710,U171002,1000770,38,N,N,2,2,173,13610
U1710,U171002,1002171,39,N,N,2,2,173,13827
U1710,U171002,1003168,40,N,N,2,2,82,14421
U1710,U171002,1003169,41,N,N,2,2,169,14843
U1710,U171002,1003515,42,N,N,2,2,265,15152
U1710,U171002,1000573,43,N,N,2,2,176,15480
U1710,U171002,1001524,44,N,N,2,2,174,15821
U1710,U171002,1000785,45,N,N,2,2,174,16012
U1710,U171002,1002414,46,Y,N,3,2,129,16592
U1710,U171002,1000514,47,Y,N,3,2,129,16872
U1710,U171002,1002053,48,Y,N,3,2,132,17299
U1710,U171002,1000477,49,Y,N,3,2,185,17580
U1710,U171002,1004169,50,N,N,3,3,201,17921
U1710,U171002,1002359,51,N,N,3,3,201,18025
U1710,U171002,1001853,52,N,N,3,3,205,18263
U1710,U171002,1001629,53,N,N,3,3,205,18427
U1710,U171002,1000875,54,N,N,3,3,171,18745
U1710,U171002,1000502,55,N,N,3,3,209,18982
U1710,U171002,1000521,56,N,N,3,3,193,19518
U1710,U171002,1000047,57,N,N,3,3,97,19823
U1710,U171002,1004240,58,N,N,3,3,231,20616
U1710,U171002,1000383,59,N,N,3,3,45,21169
U1720,U172001,1003415,1,N,N,3,3,265,0
U1720,U172001,1001984,2,N,N,3,3,359,194
U1720,U172001,1003299,3,N,N,3,3,20,396
U1720,U172001,1003257,4,N,N,3,3,16,712
U1720,U172001,1002694,5,N,N,3,3,5,950
U1720,U172001,1001418,6,N,N,3,3,2,1150
U1720,U172001,1002537,7,Y,N,2,3,309,1468
U1720,U172001,1002415,8,Y,N,2,3,309,1705
U1720,U172001,1002413,9,Y,N,2,3,309,2240
U1720,U172001,1001329,10,N,N,2,2,43,2546
U1720,U172001,1000784,11,N,N,2,2,354,3339
U1720,U172001,1001523,12,N,N,2,2,350,3688
U1720,U172001,1003644,13,N,N,2,2,356,4072
U1720,U172001,1003167,14,N,N,2,2,351,4291
U1720,U172001,1003375,15,N,N,2,2,353,4446
U1720,U172001,1002170,16,N,N,2,2,353,5030
U1720,U172001,1000769,17,N,N,2,2,353,5237
U1720,U172001,1000637,18,N,N,2,2,2,5757
U1720,U172001,1001660,19,N,N,2,2,50,6055
U1720,U172001,1003741,20,N,N,2,2,31,6343
U1720,U172001,1004015,21,Y,N,1,2,334,6591
U1720,U172001,1003997,22,Y,N,1,2,8,6816
U1720,U172001,1000052,23,N,N,1,1,34,6924
U1720,U172001,1000749,24,N,N,1,1,26,7425
U1720,U172001,1003973,25,N,N,1,1,115,7700
U1720,U172002,1003974,1,N,N,1,1,277,0
U1720,U172002,1000748,2,N,N,1,1,206,887
U1720,U172002,1000053,3,N,N,1,1,214,1617
U1720,U172002,1003993,4,N,N,1,1,188,2544
U1720,U172002,1004016,5,Y,N,2,1,154,3859
U1720,U172002,1001661,6,Y,N,2,1,250,4761
U1720,U172002,1001659,7,N,N,2,2,227,5071
U1720,U172002,1003625,8,N,N,2,2,174,5498
U1720,U172002,1003114,9,N,N,2,2,177,5611
U1720,U172002,1000638,10,N,N,2,2,182,5760
U1720,U172002,1000770,11,N,N,2,2,173,6041
U1720,U172002,1002171,12,N,N,2,2,173,6258
U1720,U172002,1000255,13,N,N,2,2,173,6576
U1720,U172002,1003168,14,N,N,2,2,82,6852
U1720,U172002,1003169,15,N,N,2,2,169,7273
U1720,U172002,1003515,16,N,N,2,2,265,7583
U1720,U172002,1000573,17,N,N,2,2,176,7911
U1720,U172002,1001524,18,N,N,2,2,174,8252
U1720,U172002,1000785,19,N,N,2,2,174,8443
U1720,U172002,1002414,22,Y,N,3,2,129,9043
U1720,U172002,1000514,23,Y,N,3,2,129,9263
U1720,U172002,1003247,24,Y,N,3,2,132,9623
U1720,U172002,1000477,25,Y,N,3,2,185,9983
U1720,U172002,1004169,26,N,N,3,3,201,10290
U1720,U172002,1002359,27,N,N,3,3,201,10397
U1720,U172002,1001853,28,N,N,3,3,205,10634
U1720,U172002,1001629,29,N,N,3,3,205,10805
U1720,U172002,1003415,30,N,N,3,3,265,11000
U1730,U173001,1000383,1,N,N,4,4,45,0
U1730,U173001,1003683,2,N,N,4,4,60,384
U1730,U173001,1000823,3,N,N,4,4,354,604
U1730,U173001,1002560,4,N,N,4,4,1,758
U1730,U173001,1003415,5,N,N,4,4,265,1342
U1730,U173001,1001984,6,N,N,4,4,359,1548
U1730,U173001,1003299,7,N,N,4,4,20,1760
U1730,U173001,1003257,8,N,N,4,4,16,2069
U1730,U173001,1002694,9,N,N,4,4,5,2367
U1730,U173001,1001418,10,N,N,4,4,2,2655
U1730,U173001,1002537,11,Y,N,3,4,309,2903
U1730,U173001,1002415,12,Y,N,3,4,309,3128
U1730,U173001,1002413,13,Y,N,3,4,309,3236
U1730,U173001,1002022,14,N,N,3,3,314,3743
U1730,U173001,1001710,15,N,N,3,3,314,4083
U1730,U173001,1002041,16,N,N,3,3,306,4427
U1730,U173001,1002529,17,N,N,3,3,306,4781
U1730,U173001,1002530,18,N,N,3,3,14,5334
U1730,U173001,1003385,19,N,N,3,3,343,5753
U1730,U173001,1001626,20,N,N,3,3,328,5929
U1730,U173001,1002533,21,N,N,3,3,356,6656
U1730,U173001,1002534,22,N,N,3,3,332,7060
U1730,U173001,1001253,23,N,N,3,3,321,7516
U1730,U173001,1008365,24,N,N,3,3,298,7820
U1730,U173001,1002614,25,Y,N,2,3,46,8300
U1730,U173001,1002612,26,Y,N,2,3,20,8496
U1730,U173001,1003445,27,Y,N,2,3,93,9333
U1730,U173001,1002873,28,N,N,2,2,6,9545
U1730,U173001,1002872,29,N,N,2,2,92,9808
U1730,U173001,1001944,30,N,N,2,2,89,10313
U1730,U173001,1003994,31,N,N,2,2,360,10759
U1730,U173001,1001590,32,N,N,2,2,360,11052
U1730,U173001,1004270,33,N,N,2,2,358,11449
U1730,U173001,1003042,34,N,N,2,2,267,11678
U1730,U173001,1003008,35,N,N,2,2,267,11846
U1730,U173001,1004104,36,N,N,2,2,267,12006
U1730,U173001,1000843,37,N,N,2,2,276,12212
U1730,U173001,1001491,38,N,N,2,2,1,12447
U1730,U173001,1002018,39,N,N,2,2,5,12767
U1730,U173001,1002755,40,N,N,2,2,353,13020
U1730,U173001,1001445,41,N,N,2,2,262,13760
U1730,U173001,1001728,42,Y,N,1,2,262,14020
U1730,U173001,1002356,43,Y,N,1,2,4,14280
U1730,U173001,1003330,44,N,N,1,1,3,14937
U1730,U173001,1001635,45,N,N,1,1,6,15467
U1730,U173001,1000192,46,N,N,1,1,25,15680
U1730,U173001,1003566,47,N,N,1,1,95,16026
U1730,U173001,1001095,48,N,N,1,1,50,16455
U1730,U173001,1001727,49,N,N,1,1,101,16717
U1730,U173001,1002967,50,N,N,1,1,103,17020
U1730,U173001,1002966,51,N,N,1,1,209,17194
U1730,U173001,1001781,52,N,N,1,1,233,17850
U1730,U173001,1001469,53,N,N,1,1,309,18876
U1730,U173001,1003983,54,N,N,1,1,9,19272
U1730,U173001,1001991,55,N,N,1,1,55,19825
U1730,U173001,1001425,56,N,N,1,1,55,20082
U1730,U173001,1000240,57,N,N,1,1,54,20414
U1730,U173001,1003985,58,N,N,1,1,65,21500
U1730,U173002,1003985,1,N,N,1,1,65,0
U1730,U173002,1000241,2,N,N,1,1,234,1077
U1730,U173002,1001426,3,N,N,1,1,235,1400
U1730,U173002,1001496,4,N,N,1,1,237,1710
U1730,U173002,1003984,5,N,N,1,1,189,2161
U1730,U173002,1001470,6,N,N,1,1,129,2673
U1730,U173002,1003566,7,N,N,1,1,95,3022
U1730,U173002,1002449,8,N,N,1,1,29,3441
U1730,U173002,1001917,9,N,N,1,1,97,3676
U1730,U173002,1003261,10,N,N,1,1,53,4209
U1730,U173002,1001726,11,N,N,1,1,230,4699
U1730,U173002,1004264,12,N,N,1,1,182,5492
U1730,U173002,1002584,13,N,N,1,1,205,5729
U1730,U173002,1001636,14,N,N,1,1,186,5895
U1730,U173002,1001555,15,N,N,1,1,199,6231
U1730,U173002,1003331,16,N,N,1,1,183,6399
U1730,U173002,1002592,17,N,N,1,1,184,7023
U1730,U173002,1001892,18,Y,N,2,1,82,7359
U1730,U173002,1001444,19,Y,N,2,1,82,7609
U1730,U173002,1004263,20,Y,N,2,1,82,7856
U1730,U173002,1002756,21,N,N,2,2,173,8376
U1730,U173002,1002019,22,N,N,2,2,185,8624
U1730,U173002,1001505,23,N,N,2,2,185,8896
U1730,U173002,1001506,24,N,N,2,2,96,9187
U1730,U173002,1004103,25,N,N,2,2,87,9364
U1730,U173002,1003009,26,N,N,2,2,87,9717
U1730,U173002,1004271,27,N,N,2,2,178,10004
U1730,U173002,1001591,28,N,N,2,2,180,10386
U1730,U173002,1003996,29,N,N,2,2,180,10670
U1730,U173002,1001945,30,N,N,2,2,269,11083
U1730,U173002,1002871,31,N,N,2,2,276,11465
U1730,U173002,1002874,32,N,N,2,2,186,11880
U1730,U173002,1003444,33,Y,N,3,2,273,12108
U1730,U173002,1002613,34,Y,N,3,2,200,12938
U1730,U173002,1002615,35,Y,N,3,2,226,13100
U1730,U173002,1008365,36,N,N,3,3,298,13593
U1730,U173002,1003379,37,N,N,3,3,142,13893
U1730,U173002,1001966,38,N,N,3,3,149,14091
U1730,U173002,1000401,39,N,N,3,3,152,14480
U1730,U173002,1002536,40,N,N,3,3,176,14827
U1730,U173002,1002535,41,N,N,3,3,171,15201
U1730,U173002,1003386,42,N,N,3,3,163,15596
U1730,U173002,1002532,43,N,N,3,3,171,16207
U1730,U173002,1001414,44,N,N,3,3,126,16556
U1730,U173002,1003170,45,N,N,3,3,126,16882
U1730,U173002,1000949,46,N,N,3,3,134,17152
U1730,U173002,1002528,47,N,N,3,3,134,17500
U1730,U173002,1002414,48,Y,N,4,3,129,18027
U1730,U173002,1000514,49,Y,N,4,3,129,18307
U1730,U173002,1003247,50,Y,N,4,3,132,18734
U1730,U173002,1000477,51,Y,N,4,3,185,19016
U1730,U173002,1004169,52,N,N,4,4,201,19357
U1730,U173002,1002359,53,N,N,4,4,201,19461
U1730,U173002,1001629,54,N,N,4,4,205,19862
U1730,U173002,1000875,55,N,N,4,4,171,20181
U1730,U173002,1000502,56,N,N,4,4,209,20418
U1730,U173002,1000521,57,N,N,4,4,193,20953
U1730,U173002,1000047,58,N,N,4,4,97,21258
U1730,U173002,1004240,59,N,N,4,4,231,21502
U1730,U173002,1000383,60,N,N,4,4,45,21700
U1800,U180001,1004340,1,N,N,2,2,0,0
U1800,U180001,1000220,2,N,N,2,2,332,797
U1800,U180001,1000048,3,N,N,2,2,277,1830
U1800,U180001,1000533,4,N,N,2,2,359,2363
U1800,U180001,1001984,5,N,N,2,2,359,2822
U1800,U180001,1003299,6,N,N,2,2,20,3033
U1800,U180001,1002694,7,N,N,2,2,5,3640
U1800,U180001,1001418,8,N,N,2,2,2,3928
U1800,U180001,1002537,9,Y,N,1,2,309,4176
U1800,U180001,1002415,10,Y,N,1,2,309,4401
U1800,U180001,1002413,11,Y,N,1,2,309,4509
U1800,U180001,1001329,12,N,N,1,1,43,5010
U1800,U180001,1000784,13,N,N,1,1,354,5196
U1800,U180001,1001523,14,N,N,1,1,350,5450
U1800,U180001,1003644,15,N,N,1,1,356,5719
U1800,U180001,1003167,16,N,N,1,1,351,6170
U1800,U180001,1003375,17,N,N,1,1,353,6349
U1800,U180001,1002170,18,N,N,1,1,353,6721
U1800,U180001,1000769,19,N,N,1,1,353,7000
U1800,U180001,1000637,20,N,N,1,1,2,7250
U1800,U180001,1002860,21,N,N,1,1,91,7473
U1800,U180001,1003788,22,N,N,1,1,180,7863
U1800,U180001,1002859,23,N,N,1,1,180,8243
U1800,U180001,1002372,24,N,N,1,1,180,8426
U1800,U180001,1002791,25,N,N,1,1,2,8536
U1800,U180002,1002791,1,N,N,1,1,2,0
U1800,U180002,1003788,2,N,N,1,1,180,239
U1800,U180002,1002859,3,N,N,1,1,180,621
U1800,U180002,1002372,4,N,N,1,1,180,842
U1800,U180002,1002791,5,N,N,1,1,2,1191
U1800,U180002,1003035,6,N,N,1,1,271,1596
U1800,U180002,1000638,7,N,N,1,1,182,1819
U1800,U180002,1000770,8,N,N,1,1,173,2100
U1800,U180002,1002171,9,N,N,1,1,173,2317
U1800,U180002,1003168,10,N,N,1,1,82,2911
U1800,U180002,1003169,11,N,N,1,1,169,3332
U1800,U180002,1003515,12,N,N,1,1,265,3641
U1800,U180002,1000573,13,N,N,1,1,176,3970
U1800,U180002,1001524,14,N,N,1,1,174,4310
U1800,U180002,1000785,15,N,N,1,1,174,4501
U1800,U180002,1002414,16,Y,N,2,1,129,5082
U1800,U180002,1000514,17,Y,N,2,1,129,5362
U1800,U180002,1003247,18,Y,N,2,1,132,5789
U1800,U180002,1000477,19,Y,N,2,1,185,6071
U1800,U180002,1004169,20,N,N,2,2,201,6412
U1800,U180002,1002359,21,N,N,2,2,201,6515
U1800,U180002,1001629,22,N,N,2,2,205,6917
U1800,U180002,1000875,23,N,N,2,2,171,7236
U1800,U180002,1000502,24,N,N,2,2,209,7473
U1800,U180002,1000488,25,N,N,2,2,137,8008
U1800,U180002,1001183,26,N,N,2,2,137,9064
U1800,U180002,1001673,27,N,N,2,2,261,9570
U1800,U180002,1004340,28,N,N,2,2,0,9702
U1900,U190001,1006277,1,N,N,3,3,74,0
U1900,U190001,1000273,2,N,N,3,3,26,280
U1900,U190001,1001811,3,N,N,3,3,317,650
U1900,U190001,1000533,4,N,N,3,3,359,1368
U1900,U190001,1001984,5,N,N,3,3,359,1827
U1900,U190001,1003299,6,N,N,3,3,20,2038
U1900,U190001,1003257,7,N,N,3,3,16,2347
U1900,U190001,1002694,8,N,N,3,3,5,2645
U1900,U190001,1001418,9,N,N,3,3,2,2933
U1900,U190001,1002537,10,Y,N,2,3,309,3181
U1900,U190001,1002415,11,Y,N,2,3,309,3406
U1900,U190001,1002413,12,Y,N,2,3,309,3514
U1900,U190001,1002022,13,N,N,2,2,314,4021
U1900,U190001,1001710,14,N,N,2,2,314,4361
U1900,U190001,1002041,15,N,N,2,2,306,4705
U1900,U190001,1002529,16,N,N,2,2,306,5059
U1900,U190001,1002017,17,N,N,2,2,321,5919
U1900,U190001,1000827,18,N,N,2,2,271,6242
U1900,U190001,1004283,19,N,N,2,2,288,6458
U1900,U190001,1000294,20,N,N,2,2,299,6604
U1900,U190001,1001358,21,Y,N,1,2,305,6909
U1900,U190001,1003191,22,Y,N,1,2,298,7181
U1900,U190001,1001688,23,N,N,1,1,255,7672
U1900,U190001,1001716,24,N,N,1,1,255,7914
U1900,U190001,1001582,25,N,N,1,1,252,8225
U1900,U190001,1001862,26,N,N,1,1,252,8375
U1900,U190001,1003732,27,N,N,1,1,201,8595
U1900,U190001,1001192,28,N,N,1,1,232,8791
U1900,U190001,1003265,29,N,N,1,1,225,8918
U1900,U190001,1001884,30,N,N,1,1,201,9340
U1900,U190001,1001021,31,N,N,1,1,202,9682
U1900,U190001,1001475,32,N,N,1,1,190,9885
U1900,U190001,1001120,33,N,N,1,1,199,10245
U1900,U190001,1002061,34,N,N,1,1,196,10496
U1900,U190001,1003109,35,N,N,1,1,188,10693
U1900,U190001,1003528,36,N,N,1,1,274,11003
U1900,U190001,1002059,37,N,N,1,1,50,11313
U1900,U190002,1002059,1,N,N,1,1,50,0
U1900,U190002,1003527,2,N,N,1,1,8,502
U1900,U190002,1003108,3,N,N,1,1,8,674
U1900,U190002,1000466,4,N,N,1,1,16,885
U1900,U190002,1001119,5,N,N,1,1,19,1125
U1900,U190002,1002052,6,N,N,1,1,50,1374
U1900,U190002,1001020,7,N,N,1,1,7,1665
U1900,U190002,1001883,8,N,N,1,1,15,1932
U1900,U190002,1002996,9,N,N,1,1,21,2070
U1900,U190002,1003266,10,N,N,1,1,59,2568
U1900,U190002,1001193,11,N,N,1,1,52,2684
U1900,U190002,1003731,12,N,N,1,1,21,2801
U1900,U190002,1001861,13,N,N,1,1,72,3023
U1900,U190002,1002102,14,N,N,1,1,72,3184
U1900,U190002,1001715,15,N,N,1,1,75,3480
U1900,U190002,1001687,16,N,N,1,1,75,3714
U1900,U190002,1003650,17,Y,N,2,1,118,4259
U1900,U190002,1000293,18,Y,N,2,1,125,4487
U1900,U190002,1003834,19,N,N,2,2,108,4908
U1900,U190002,1000826,20,N,N,2,2,109,5118
U1900,U190002,1004132,21,N,N,2,2,91,5326
U1900,U190002,1000828,22,N,N,2,2,141,5547
U1900,U190002,1002532,23,N,N,2,2,171,6516
U1900,U190002,1001414,24,N,N,2,2,126,6866
U1900,U190002,1003170,25,N,N,2,2,126,7192
U1900,U190002,1000949,26,N,N,2,2,134,7461
U1900,U190002,1002528,27,N,N,2,2,134,7809
U1900,U190002,1002414,28,Y,N,3,2,129,8336
U1900,U190002,1000514,29,Y,N,3,2,129,8617
U1900,U190002,1003247,30,Y,N,3,2,132,9044
U1900,U190002,1000477,31,Y,N,3,2,185,9325
U1900,U190002,1004169,32,N,N,3,3,201,9666
U1900,U190002,1002359,33,N,N,3,3,201,9770
U1900,U190002,1000875,34,N,N,3,3,171,10490
U1900,U190002,1000502,35,N,N,3,3,209,10727
U1900,U190002,1000521,36,N,N,3,3,193,11263
U1900,U190002,1000047,37,N,N,3,3,97,11568
U1900,U190002,1006277,38,N,N,3,3,74,11811
#N/A,U191001,1006277,1,N,N,3,3,74,0
#N/A,U191001,1000273,2,N,N,3,3,26,114
#N/A,U191001,1001810,3,N,N,3,3,317,385
#N/A,U191001,1000533,4,N,N,3,3,359,1495
#N/A,U191001,1001984,5,N,N,3,3,359,1940
#N/A,U191001,1003257,6,N,N,3,3,16,2465
#N/A,U191001,1002694,7,N,N,3,3,5,2761
#N/A,U191001,1001418,8,N,N,3,3,2,3049
#N/A,U191001,1002537,9,Y,N,2,3,309,3272
#N/A,U191001,1002415,10,Y,N,2,3,309,3495
#N/A,U191001,1002413,11,Y,N,2,3,309,3607
#N/A,U191001,1002022,12,N,N,2,2,314,4087
#N/A,U191001,1001710,13,N,N,2,2,314,4444
#N/A,U191001,1002041,14,N,N,2,2,306,4787
#N/A,U191001,1002529,15,N,N,2,2,306,5130
#N/A,U191001,1002017,16,N,N,2,2,321,5971
#N/A,U191001,1000827,17,N,N,2,2,271,6283
#N/A,U191001,1004283,18,N,N,2,2,288,6496
#N/A,U191001,1000294,19,N,N,2,2,299,6646
#N/A,U191001,1001358,20,Y,N,1,2,305,6941
#N/A,U191001,1003649,21,Y,N,1,2,42,7288
#N/A,U191001,1001875,22,N,N,1,1,340,7632
#N/A,U191001,1001407,23,N,N,1,1,264,8008
#N/A,U191001,1003207,24,N,N,1,1,264,8132
#N/A,U191001,1002376,25,N,N,1,1,347,8258
#N/A,U191001,1001450,26,N,N,1,1,348,8422
#N/A,U191001,1002961,27,N,N,1,1,21,8652
#N/A,U191001,1000003,28,N,N,1,1,290,9143
#N/A,U191001,1001084,29,N,N,1,1,243,9616
#N/A,U191001,1002945,30,N,N,1,1,162,9776
#N/A,U191001,1003000,31,N,N,1,1,245,9980
#N/A,U191001,1001709,32,N,N,1,1,245,10115
#N/A,U191001,1004027,33,N,N,1,1,272,10546
#N/A,U191001,1006040,34,N,N,1,1,198,10786
#N/A,U191001,1000299,35,N,N,1,1,93,11177
#N/A,U191001,1002277,36,N,N,1,1,304,12000
U1910,U191002,1002277,1,N,N,3,3,304,0
U1910,U191002,1000298,2,N,N,3,3,273,384
U1910,U191002,1001187,3,N,N,3,3,1,614
U1910,U191002,1004025,4,N,N,3,3,272,802
U1910,U191002,1004031,5,N,N,3,3,156,1191
U1910,U191002,1004034,6,N,N,3,3,65,1445
U1910,U191002,1002999,7,N,N,3,3,65,1575
U1910,U191002,1002997,8,N,N,3,3,342,1777
U1910,U191002,1002334,9,N,N,3,3,63,2136
U1910,U191002,1001085,10,N,N,3,3,115,2400
U1910,U191002,1001086,11,N,N,3,3,101,2542
U1910,U191002,1000004,12,N,N,3,3,198,2628
U1910,U191002,1001736,13,N,N,3,3,201,2733
U1910,U191002,1001843,14,N,N,3,3,201,2891
U1910,U191002,1002375,15,N,N,3,3,168,3126
U1910,U191002,1004046,16,N,N,3,3,168,3288
U1910,U191002,1001451,17,N,N,3,3,84,3515
U1910,U191002,1002377,18,N,N,3,3,160,3901
U1910,U191002,1001128,19,Y,N,2,3,222,4186
U1910,U191002,1001126,20,Y,N,2,3,222,4318
U1910,U191002,1000293,21,Y,N,2,3,125,4573
U1910,U191002,1003834,22,N,N,2,2,108,5007
U1910,U191002,1000826,23,N,N,2,2,109,5208
U1910,U191002,1004132,24,N,N,2,2,91,5414
U1910,U191002,1000828,25,N,N,2,2,141,5636
U1910,U191002,1002532,26,N,N,2,2,171,6358
U1910,U191002,1001414,27,N,N,2,2,126,6645
U1910,U191002,1003170,28,N,N,2,2,126,6963
U1910,U191002,1000949,29,N,N,2,2,134,7244
U1910,U191002,1002528,30,N,N,2,2,134,7606
U1910,U191002,1002414,31,N,N,2,2,129,8149
U1910,U191002,1000514,32,N,N,2,2,129,8385
U1910,U191002,1003247,33,N,N,2,2,132,8742
U1910,U191002,1006278,34,N,N,2,2,281,9058
U1910,U191002,1002537,35,N,N,2,2,309,9524
U1910,U191002,1002415,36,N,N,2,2,309,9747
U1910,U191002,1002413,37,N,N,2,2,309,9851
U1910,U191002,1002022,38,N,N,2,2,314,10332
U1910,U191002,1001710,39,N,N,2,2,314,10693
U1910,U191002,1002041,40,N,N,2,2,306,11032
U1910,U191002,1002529,41,N,N,2,2,306,11410
U1910,U191002,1002017,42,N,N,2,2,321,12307
U1910,U191002,1000827,43,N,N,2,2,271,12554
U1910,U191002,1004283,44,N,N,2,2,288,12823
U1910,U191002,1001358,45,Y,N,1,2,305,13142
U1910,U191002,1003649,46,Y,N,1,2,42,13560
U1910,U191002,1001129,47,Y,N,1,2,191,13646
U1910,U191002,1001875,48,N,N,1,1,340,13906
U1910,U191002,1001407,49,N,N,1,1,264,14287
U1910,U191002,1002376,50,N,N,1,1,347,14537
U1910,U191002,1001450,51,N,N,1,1,348,14701
U1910,U191002,1002961,52,N,N,1,1,21,14928
U1910,U191002,1000003,53,N,N,1,1,290,15222
U1910,U191002,1001084,54,N,N,1,1,243,15421
U1910,U191002,1002945,55,N,N,1,1,162,15931
U1910,U191002,1003000,56,N,N,1,1,245,16075
U1910,U191002,1001709,57,N,N,1,1,245,16225
U1910,U191002,1004032,58,N,N,1,1,331,16530
U1910,U191002,1004027,59,N,N,1,1,272,16693
U1910,U191002,1006040,60,N,N,1,1,198,16903
U1910,U191002,1000299,61,N,N,1,1,93,17276
U1910,U191002,1008393,62,N,N,1,1,132,17502
U1910,U191002,1008394,63,N,N,1,1,135,17657
U1910,U191002,1002277,64,N,N,1,1,304,17900
#N/A,U200001,1000383,1,N,N,3,3,45,0
#N/A,U200001,1003683,2,N,N,3,3,60,434
#N/A,U200001,1000823,3,N,N,3,3,354,792
#N/A,U200001,1002560,4,N,N,3,3,1,1052
#N/A,U200001,1003415,5,N,N,3,3,265,1468
#N/A,U200001,1001984,6,N,N,3,3,359,1669
#N/A,U200001,1003299,7,N,N,3,3,20,1922
#N/A,U200001,1003257,8,N,N,3,3,16,2155
#N/A,U200001,1002694,9,N,N,3,3,5,2320
#N/A,U200001,1003247,10,Y,N,2,3,132,2550
#N/A,U200001,1000887,11,Y,N,2,3,359,2921
#N/A,U200001,1000915,12,Y,N,2,3,20,3437
#N/A,U200001,1003871,13,N,N,2,2,21,3843
#N/A,U200001,1003428,14,N,N,2,2,22,4174
#N/A,U200001,1000822,15,N,N,2,2,17,4431
#N/A,U200001,1001330,16,N,N,2,2,53,4734
#N/A,U200001,1001362,17,N,N,2,2,343,4898
#N/A,U200001,1003254,18,N,N,2,2,337,5077
#N/A,U200001,1002471,19,N,N,2,2,343,5518
#N/A,U200001,1001943,20,N,N,2,2,341,5741
#N/A,U200001,1001324,21,N,N,2,2,341,6190
#N/A,U200001,1003511,22,N,N,2,2,16,6476
#N/A,U200001,1002260,23,Y,N,1,2,49,6739
#N/A,U200001,1001898,24,Y,N,1,2,47,6925
#N/A,U200001,1004244,25,N,N,1,1,78,7244
#N/A,U200001,1000396,26,N,N,1,1,62,7429
#N/A,U200001,1003636,27,N,N,1,1,357,7814
#N/A,U200001,1001899,28,N,N,1,1,359,8065
#N/A,U200001,1000558,29,N,N,1,1,21,8296
#N/A,U200001,1004217,30,N,N,1,1,1,9553
#N/A,U200001,1002973,31,N,N,1,1,351,10110
#N/A,U200001,1000559,32,N,N,1,1,331,10516
#N/A,U200001,1001948,33,N,N,1,1,326,10695
#N/A,U200001,1001638,34,N,N,1,1,356,11464
#N/A,U200001,1003638,35,N,N,1,1,355,11750
#N/A,U200001,1001255,36,N,N,1,1,72,12214
#N/A,U200001,1003801,37,N,N,1,1,124,12555
#N/A,U200001,1001457,38,N,N,1,1,83,12659
#N/A,U200001,1003360,39,N,N,1,1,50,13060
#N/A,U200001,1003118,40,N,N,1,1,59,13379
#N/A,U200001,1001696,41,N,N,1,1,90,13616
#N/A,U200001,1003361,42,N,N,1,1,49,14043
#N/A,U200001,1000408,43,N,N,1,1,292,14355
#N/A,U200001,1000405,44,N,N,1,1,293,14454
#N/A,U200001,1000409,45,N,N,1,1,88,14854
#N/A,U200001,1000410,46,N,N,1,1,95,15254
#N/A,U200001,1000411,47,N,N,1,1,155,15454
#N/A,U200001,1000412,48,N,N,1,1,82,15554
#N/A,U200001,1000972,49,N,N,1,1,100,15754
U2000,U200002,1003362,1,N,N,3,3,229,0
U2000,U200002,1001697,2,N,N,3,3,270,429
U2000,U200002,1003117,3,N,N,3,3,230,796
U2000,U200002,1003164,4,N,N,3,3,240,1011
U2000,U200002,1002869,5,N,N,3,3,304,1428
U2000,U200002,1001256,6,N,N,3,3,252,1649
U2000,U200002,1001456,7,N,N,3,3,186,1885
U2000,U200002,1000265,8,N,N,3,3,173,2046
U2000,U200002,1003639,9,N,N,3,3,175,2274
U2000,U200002,1003654,10,N,N,3,3,175,2504
U2000,U200002,1001949,11,N,N,3,3,226,2875
U2000,U200002,1000557,12,N,N,3,3,146,3369
U2000,U200002,1007550,13,N,N,3,3,135,3574
U2000,U200002,1003975,14,N,N,3,3,171,3775
U2000,U200002,1004218,15,N,N,3,3,180,4108
U2000,U200002,1001548,16,N,N,3,3,201,4361
U2000,U200002,1003449,17,N,N,3,3,179,4659
U2000,U200002,1000195,18,N,N,3,3,179,4821
U2000,U200002,1002518,19,N,N,3,3,177,4997
U2000,U200002,1000397,20,N,N,3,3,217,5429
U2000,U200002,1002599,21,N,N,3,3,258,5767
U2000,U200002,1003601,22,N,N,3,3,227,6107
U2000,U200002,1002261,23,Y,N,2,3,229,6396
U2000,U200002,1003575,24,Y,N,2,3,214,6678
U2000,U200002,1003512,25,N,N,2,2,212,6842
U2000,U200002,1001530,26,N,N,2,2,161,7176
U2000,U200002,1001592,27,N,N,2,2,161,7339
U2000,U200002,1003623,28,N,N,2,2,163,7725
U2000,U200002,1004182,29,N,N,2,2,157,7939
U2000,U200002,1000589,30,N,N,2,2,163,8200
U2000,U200002,1001281,31,N,N,2,2,233,9476
U2000,U200002,1000296,32,N,N,2,2,171,10006
U2000,U200002,1003561,33,N,N,2,2,201,10414
U2000,U200002,1002557,34,N,N,2,2,201,10594
U2000,U200002,1000916,35,N,N,2,2,198,11411
U2000,U200002,1002216,36,N,N,2,2,179,11665
U2000,U200002,1006278,37,N,N,2,2,281,12106
U2000,U200002,1003247,38,N,N,2,2,132,12631
U2000,U200002,1000887,39,N,N,2,2,359,12983
U2000,U200002,1000915,40,N,N,2,2,20,13272
U2000,U200002,1003871,41,N,N,2,2,21,13810
U2000,U200002,1002217,42,N,N,2,2,19,13978
U2000,U200002,1003428,43,N,N,2,2,22,14325
U2000,U200002,1000822,44,N,N,2,2,17,14780
U2000,U200002,1001330,45,N,N,2,2,53,15181
U2000,U200002,1001362,46,N,N,2,2,343,15943
U2000,U200002,1003254,47,N,N,2,2,337,16242
U2000,U200002,1007549,48,N,N,2,2,323,16432
U2000,U200002,1001943,49,N,N,2,2,341,16776
U2000,U200002,1001324,50,N,N,2,2,341,16979
U2000,U200002,1003511,51,N,N,2,2,16,17251
U2000,U200002,1002260,52,Y,N,1,2,49,17652
U2000,U200002,1001898,53,Y,N,1,2,47,18044
U2000,U200002,1004244,54,N,N,1,1,78,18308
U2000,U200002,1000396,55,N,N,1,1,62,18716
U2000,U200002,1003636,56,N,N,1,1,357,19143
U2000,U200002,1001899,57,N,N,1,1,359,19329
U2000,U200002,1000558,58,N,N,1,1,21,19651
U2000,U200002,1004217,59,N,N,1,1,1,20036
U2000,U200002,1002973,60,N,N,1,1,351,20323
U2000,U200002,1000559,61,N,N,1,1,331,20502
U2000,U200002,1001948,62,N,N,1,1,326,20664
U2000,U200002,1008379,63,N,N,1,1,14,21269
U2000,U200002,1001638,64,N,N,1,1,356,21480
U2000,U200002,1003638,65,N,N,1,1,355,21785
U2000,U200002,1007512,66,N,N,1,1,351,22070
U2000,U200002,1007513,67,N,N,1,1,356,22206
U2000,U200002,1001255,68,N,N,1,1,72,22544
U2000,U200002,1003801,69,N,N,1,1,124,22671
U2000,U200002,1001457,70,N,N,1,1,83,23135
U2000,U200002,1003360,71,N,N,1,1,50,23367
U2000,U200002,1003118,72,N,N,1,1,59,23507
U2000,U200002,1001696,73,N,N,1,1,90,23695
U2000,U200002,1003361,74,N,N,1,1,49,24167
U2000,U200002,1000414,75,N,N,1,1,280,27956
U2000,U200002,1000415,76,N,N,1,1,275,28312
U2000,U200002,1000408,77,N,N,1,1,292,28436
U2000,U200002,1000405,78,N,N,1,1,293,28740
U2000,U200002,1000409,79,N,N,1,1,88,29326
U2000,U200002,1000413,80,N,N,1,1,217,29566
U2000,U200002,1000411,81,N,N,1,1,155,29786
U2000,U200002,1000412,82,N,N,1,1,82,30173
U2000,U200002,1000972,83,N,N,1,1,100,30544
U2000,U200002,1003362,84,N,N,1,1,229,31200
U2010,U201002,1000926,1,N,N,3,3,163,0
U2010,U201002,1003131,2,N,N,3,3,198,494
U2010,U201002,1003120,3,N,N,3,3,213,1214
U2010,U201002,1003089,4,N,N,3,3,177,1464
U2010,U201002,1001111,5,N,N,3,3,178,1648
U2010,U201002,1003668,6,N,N,3,3,201,2893
U2010,U201002,1002417,7,N,N,3,3,182,3362
U2010,U201002,1007516,8,N,N,3,3,152,3695
U2010,U201002,1007517,9,N,N,3,3,175,4106
U2010,U201002,1003547,10,N,N,3,3,196,4403
U2010,U201002,1002845,11,N,N,3,3,205,4824
U2010,U201002,1008654,12,N,N,3,3,221,5057
U2010,U201002,1003637,13,N,N,3,3,196,5208
U2010,U201002,1003655,14,N,N,3,3,225,5620
U2010,U201002,1003164,15,N,N,3,3,240,5785
U2010,U201002,1002869,16,N,N,3,3,304,6210
U2010,U201002,1001256,17,N,N,3,3,252,6424
U2010,U201002,1001456,18,N,N,3,3,186,6654
U2010,U201002,1000265,19,N,N,3,3,173,6823
U2010,U201002,1003639,20,N,N,3,3,175,7053
U2010,U201002,1003654,21,N,N,3,3,175,7281
U2010,U201002,1001949,22,N,N,3,3,226,7654
U2010,U201002,1000557,23,N,N,3,3,146,8152
U2010,U201002,1007550,24,N,N,3,3,135,8360
U2010,U201002,1003975,25,N,N,3,3,171,8556
U2010,U201002,1004218,26,N,N,3,3,180,8885
U2010,U201002,1001548,27,N,N,3,3,201,9139
U2010,U201002,1003449,28,N,N,3,3,179,9440
U2010,U201002,1000195,29,N,N,3,3,179,9603
U2010,U201002,1002518,30,N,N,3,3,177,9778
U2010,U201002,1000397,31,N,N,3,3,217,10208
U2010,U201002,1002599,32,N,N,3,3,258,10544
U2010,U201002,1003601,33,N,N,3,3,227,10892
U2010,U201002,1002261,34,Y,N,2,3,229,11175
U2010,U201002,1003575,35,Y,N,2,3,214,11465
U2010,U201002,1003512,36,N,N,2,2,212,11630
U2010,U201002,1001428,37,N,N,2,2,302,11980
U2010,U201002,1001268,38,N,N,2,2,284,12190
U2010,U201002,1003742,39,N,N,2,2,213,12410
U2010,U201002,1001661,40,N,N,2,2,250,12942
U2010,U201002,1001659,41,N,N,2,2,227,13241
U2010,U201002,1003625,42,N,N,2,2,174,13620
U2010,U201002,1000638,43,N,N,2,2,182,13882
U2010,U201002,1000770,44,N,N,2,2,173,14163
U2010,U201002,1002171,45,N,N,2,2,173,14380
U2010,U201002,1000255,46,N,N,2,2,173,14742
U2010,U201002,1003168,47,N,N,2,2,82,14942
U2010,U201002,1003169,48,N,N,2,2,169,15329
U2010,U201002,1008377,49,N,N,2,2,259,15801
U2010,U201002,1000573,50,N,N,2,2,176,15903
U2010,U201002,1001817,51,N,N,2,2,341,16575
U2010,U201002,1001902,52,N,N,2,2,266,16950
U2010,U201002,1008384,53,N,N,2,2,178,17251
U2010,U201002,1001894,54,N,N,2,2,213,17410
U2010,U201002,1001523,55,N,N,2,2,350,18151
U2010,U201002,1003644,56,N,N,2,2,356,18289
U2010,U201002,1007541,57,N,N,2,2,349,18436
U2010,U201002,1003167,58,N,N,2,2,351,18828
U2010,U201002,1003375,59,N,N,2,2,353,19008
U2010,U201002,1002170,60,N,N,2,2,353,19304
U2010,U201002,1000769,61,N,N,2,2,353,19655
U2010,U201002,1000637,62,N,N,2,2,2,19907
U2010,U201002,1003624,63,N,N,2,2,357,20266
U2010,U201002,1001660,64,N,N,2,2,50,20687
U2010,U201002,1001408,65,N,N,2,2,70,20906
U2010,U201002,1001114,66,N,N,2,2,33,21439
U2010,U201002,1001427,67,N,N,2,2,104,21694
U2010,U201002,1003511,68,N,N,2,2,16,22143
U2010,U201002,1002260,69,Y,N,1,2,49,22533
U2010,U201002,1001898,70,Y,N,1,2,47,22942
U2010,U201002,1004244,71,N,N,1,1,78,23199
U2010,U201002,1000396,72,N,N,1,1,62,23600
U2010,U201002,1003636,73,N,N,1,1,357,24033
U2010,U201002,1001899,74,N,N,1,1,359,24223
U2010,U201002,1000558,75,N,N,1,1,21,24541
U2010,U201002,1004217,76,N,N,1,1,1,24927
U2010,U201002,1002973,77,N,N,1,1,351,25218
U2010,U201002,1000559,78,N,N,1,1,331,25395
U2010,U201002,1001948,79,N,N,1,1,326,25561
U2010,U201002,1008379,80,N,N,1,1,14,26169
U2010,U201002,1001638,81,N,N,1,1,356,26372
U2010,U201002,1003638,82,N,N,1,1,355,26679
U2010,U201002,1007512,83,N,N,1,1,351,26962
U2010,U201002,1007513,84,N,N,1,1,356,27103
U2010,U201002,1001255,85,N,N,1,1,72,27439
U2010,U201002,1003801,86,N,N,1,1,124,27564
U2010,U201002,1001457,87,N,N,1,1,83,28027
U2010,U201002,1003337,88,N,N,1,1,45,28240
U2010,U201002,1003546,89,N,N,1,1,16,28521
U2010,U201002,1002416,90,N,N,1,1,19,28780
U2010,U201002,1008653,91,N,N,1,1,48,28983
U2010,U201002,1003667,92,N,N,1,1,31,29287
U2010,U201002,1007518,93,N,N,1,1,7,29700
U2010,U201002,1001462,94,N,N,1,1,342,30097
U2010,U201002,1008649,95,N,N,1,1,3,30431
U2010,U201002,1003119,96,N,N,1,1,18,31088
U2010,U201002,1007514,97,N,N,1,1,359,32117
U2010,U201002,1007515,98,N,N,1,1,23,32595
U2010,U201002,1003130,99,N,N,1,1,18,33280
U2010,U201002,1000925,100,N,N,1,1,343,34500
U2020,U202001,1000383,1,N,N,3,3,45,0
U2020,U202001,1003683,2,N,N,3,3,60,384
U2020,U202001,1000823,3,N,N,3,3,354,604
U2020,U202001,1002560,4,N,N,3,3,1,758
U2020,U202001,1003415,5,N,N,3,3,265,1342
U2020,U202001,1001984,6,N,N,3,3,359,1549
U2020,U202001,1003299,7,N,N,3,3,20,1761
U2020,U202001,1003257,8,N,N,3,3,16,2070
U2020,U202001,1002694,9,N,N,3,3,5,2367
U2020,U202001,1001418,10,N,N,3,3,2,2582
U2020,U202001,1003247,11,Y,N,2,3,132,2972
U2020,U202001,1000887,12,Y,N,2,3,359,3454
U2020,U202001,1000915,13,Y,N,2,3,20,3744
U2020,U202001,1003871,14,N,N,2,2,21,4371
U2020,U202001,1003428,15,N,N,2,2,22,4789
U2020,U202001,1000822,16,N,N,2,2,17,5251
U2020,U202001,1001330,17,N,N,2,2,53,5630
U2020,U202001,1001362,18,N,N,2,2,343,6459
U2020,U202001,1003254,19,N,N,2,2,337,6766
U2020,U202001,1007549,20,N,N,2,2,323,7018
U2020,U202001,1001943,21,N,N,2,2,341,7300
U2020,U202001,1001324,22,N,N,2,2,341,7506
U2020,U202001,1003511,23,N,N,2,2,16,7778
U2020,U202001,1002260,24,Y,N,1,2,49,8182
U2020,U202001,1001898,25,Y,N,1,2,47,8524
U2020,U202001,1004244,26,N,N,1,1,78,8838
U2020,U202001,1000396,27,N,N,1,1,62,9211
U2020,U202001,1003636,28,N,N,1,1,357,9687
U2020,U202001,1001899,29,N,N,1,1,359,9869
U2020,U202001,1000558,30,N,N,1,1,21,10199
U2020,U202001,1004217,31,N,N,1,1,1,10578
U2020,U202001,1002973,32,N,N,1,1,351,10873
U2020,U202001,1000559,33,N,N,1,1,331,11045
U2020,U202001,1001948,34,N,N,1,1,326,11209
U2020,U202001,1001051,35,N,N,1,1,299,11821
U2020,U202001,1003974,36,N,N,1,1,277,12187
U2020,U202001,1000554,37,N,N,1,1,360,13423
U2020,U202001,1003881,38,N,N,1,1,88,13703
U2020,U202001,1000216,39,N,N,1,1,91,13933
U2020,U202001,1003500,40,N,N,1,1,88,14351
U2020,U202001,1002956,41,N,N,1,1,360,14709
U2020,U202001,1003377,42,N,N,1,1,271,15066
U2020,U202001,1001866,43,N,N,1,1,271,15255
U2020,U202001,1002583,44,N,N,1,1,271,15542
U2020,U202001,1001916,45,N,N,1,1,34,15872
U2020,U202001,1001950,46,N,N,1,1,68,16214
U2020,U202001,1003560,47,N,N,1,1,310,16630
U2020,U202001,1003796,48,N,N,1,1,228,16939
U2020,U202001,1003556,49,N,N,1,1,284,17207
U2020,U202001,1003779,50,N,N,1,1,284,17465
U2020,U202001,1003868,51,N,N,1,1,226,17687
U2020,U202001,1003743,52,N,N,1,1,272,18093
U2020,U202001,1002380,53,N,N,1,1,273,18222
U2020,U202001,1000895,54,N,N,1,1,317,18440
U2020,U202001,1000141,55,N,N,1,1,278,18720
U2020,U202001,1000880,56,N,N,1,1,252,19064
U2020,U202001,1002132,57,N,N,1,1,189,20509
U2020,U202002,1002132,1,N,N,1,1,189,0
U2020,U202002,1000881,2,N,N,1,1,72,782
U2020,U202002,1002373,3,N,N,1,1,98,1155
U2020,U202002,1001532,4,N,N,1,1,93,1486
U2020,U202002,1003607,5,N,N,1,1,93,1637
U2020,U202002,1003754,6,N,N,1,1,92,1770
U2020,U202002,1003862,7,N,N,1,1,104,2451
U2020,U202002,1003557,8,N,N,1,1,104,2675
U2020,U202002,1002447,9,N,N,1,1,37,2889
U2020,U202002,1003559,10,N,N,1,1,130,3227
U2020,U202002,1001951,11,N,N,1,1,225,3739
U2020,U202002,1003439,12,N,N,1,1,180,4010
U2020,U202002,1001585,13,N,N,1,1,91,4413
U2020,U202002,1001867,14,N,N,1,1,91,4646
U2020,U202002,1003376,15,N,N,1,1,91,4793
U2020,U202002,1002928,16,N,N,1,1,180,5154
U2020,U202002,1000217,17,N,N,1,1,268,5583
U2020,U202002,1002474,18,N,N,1,1,271,5967
U2020,U202002,1003882,19,N,N,1,1,268,6207
U2020,U202002,1000555,20,N,N,1,1,180,6506
U2020,U202002,1003973,21,N,N,1,1,115,7698
U2020,U202002,1001052,22,N,N,1,1,119,8094
U2020,U202002,1000557,23,N,N,1,1,146,8607
U2020,U202002,1003975,24,N,N,1,1,171,9012
U2020,U202002,1004218,25,N,N,1,1,180,9343
U2020,U202002,1001548,26,N,N,1,1,201,9600
U2020,U202002,1000195,27,N,N,1,1,179,10068
U2020,U202002,1002518,28,N,N,1,1,177,10246
U2020,U202002,1000397,29,N,N,1,1,217,10687
U2020,U202002,1002599,30,N,N,1,1,258,11016
U2020,U202002,1003601,31,N,N,1,1,227,11359
U2020,U202002,1002261,32,Y,N,2,1,229,11645
U2020,U202002,1003575,33,Y,N,2,1,214,11908
U2020,U202002,1003512,34,N,N,2,2,212,12095
U2020,U202002,1001530,35,N,N,2,2,161,12413
U2020,U202002,1001592,36,N,N,2,2,161,12598
U2020,U202002,1003623,37,N,N,2,2,163,12983
U2020,U202002,1004182,38,N,N,2,2,157,13235
U2020,U202002,1000589,39,N,N,2,2,163,13465
U2020,U202002,1001281,40,N,N,2,2,233,14723
U2020,U202002,1000296,41,N,N,2,2,171,15279
U2020,U202002,1003561,42,N,N,2,2,201,15685
U2020,U202002,1002557,43,N,N,2,2,201,15864
U2020,U202002,1000916,44,Y,N,3,2,198,16669
U2020,U202002,1002216,45,Y,N,3,2,179,16919
U2020,U202002,1000477,46,Y,N,3,2,185,17413
U2020,U202002,1004169,47,N,N,3,3,201,17724
U2020,U202002,1002359,48,N,N,3,3,201,17828
U2020,U202002,1001629,49,N,N,3,3,205,18230
U2020,U202002,1000875,50,N,N,3,3,171,18548
U2020,U202002,1000502,51,N,N,3,3,209,18785
U2020,U202002,1000047,52,N,N,3,3,97,19626
U2020,U202002,1004240,53,N,N,3,3,231,20419
U2020,U202002,1000383,54,N,N,3,3,45,20768
U2200,U220001,1000383,1,N,N,3,3,45,0
U2200,U220001,1003683,2,N,N,3,3,60,582
U2200,U220001,1000823,3,N,N,3,3,354,1009
U2200,U220001,1002560,4,N,N,3,3,1,1421
U2200,U220001,1003415,5,N,N,3,3,265,1585
U2200,U220001,1001984,6,N,N,3,3,359,1845
U2200,U220001,1003299,7,N,N,3,3,20,2025
U2200,U220001,1003257,8,N,N,3,3,16,2558
U2200,U220001,1002694,9,N,N,3,3,5,3019
U2200,U220001,1003247,10,N,N,3,3,132,3435
U2200,U220001,1002104,11,N,N,3,3,69,3573
U2200,U220001,1004138,12,N,N,3,3,90,3932
U2200,U220001,1003643,13,N,N,3,3,90,4265
U2200,U220001,1004274,14,Y,N,2,3,90,5092
U2200,U220001,1002016,15,Y,N,2,3,90,5862
U2200,U220001,1001999,16,N,N,2,2,37,6624
U2200,U220001,1002629,17,N,N,2,2,36,6867
U2200,U220001,1001869,18,N,N,2,2,36,7585
U2200,U220001,1002645,19,N,N,2,2,36,8159
U2200,U220001,1001197,20,N,N,2,2,108,8408
U2200,U220001,1002033,21,N,N,2,2,121,9004
U2200,U220001,1002338,22,N,N,2,2,124,9384
U2200,U220001,1003133,23,N,N,2,2,162,9636
U2200,U220001,1002279,24,N,N,2,2,18,9959
U2200,U220001,1001778,25,N,N,2,2,79,10202
U2200,U220001,1000577,26,N,N,2,2,90,10629
U2200,U220001,1000259,27,N,N,2,2,92,11040
U2200,U220001,1002887,28,N,N,2,2,94,11497
U2200,U220001,1000719,29,Y,N,1,2,69,11708
U2200,U220001,1000698,30,Y,N,1,2,67,11976
U2200,U220001,1003919,31,N,N,1,1,78,12462
U2200,U220001,1003062,32,N,N,1,1,5,12943
U2200,U220001,1003066,33,N,N,1,1,34,13224
U2200,U220001,1000869,34,N,N,1,1,40,13515
U2200,U220001,1003821,35,N,N,1,1,34,13690
U2200,U220001,1000800,36,N,N,1,1,37,14140
U2200,U220001,1000995,37,N,N,1,1,14,14686
U2200,U220001,1001761,38,N,N,1,1,31,14957
U2200,U220001,1004143,39,N,N,1,1,1,15229
U2200,U220001,1000529,40,N,N,1,1,1,15581
U2200,U220001,1000066,41,N,N,1,1,1,16365
U2200,U220001,1001882,42,N,N,1,1,1,16616
U2200,U220001,1003640,43,N,N,1,1,330,17209
U2200,U220001,1003184,44,N,N,1,1,323,17488
U2200,U220001,1004288,45,N,N,1,1,321,17825
U2200,U220001,1000430,46,N,N,1,1,337,18022
U2200,U220001,1003410,47,N,N,1,1,330,18531
U2200,U220001,1000663,48,N,N,1,1,12,18802
U2200,U220001,1003827,49,N,N,1,1,9,19062
U2200,U220001,1000852,50,N,N,1,1,312,19282
U2200,U220001,1001259,51,N,N,1,1,219,19900
U2200,U220002,1001259,1,N,N,1,1,219,0
U2200,U220002,1003663,2,N,N,1,1,130,356
U2200,U220002,1007533,3,N,N,1,1,189,412
U2200,U220002,1000664,4,N,N,1,1,150,576
U2200,U220002,1007534,5,N,N,1,1,165,730
U2200,U220002,1003472,6,N,N,1,1,332,1314
U2200,U220002,1003073,7,N,N,1,1,150,1520
U2200,U220002,1003885,8,N,N,1,1,188,1732
U2200,U220002,1004287,9,N,N,1,1,122,2041
U2200,U220002,1003139,10,N,N,1,1,143,2338
U2200,U220002,1001294,11,N,N,1,1,150,2943
U2200,U220002,1001343,12,N,N,1,1,181,3198
U2200,U220002,1000067,13,N,N,1,1,181,3765
U2200,U220002,1000530,14,N,N,1,1,181,4096
U2200,U220002,1004144,15,N,N,1,1,181,4336
U2200,U220002,1001090,16,N,N,1,1,211,4505
U2200,U220002,1000996,17,N,N,1,1,194,4989
U2200,U220002,1000801,18,N,N,1,1,217,5337
U2200,U220002,1000870,19,N,N,1,1,220,5578
U2200,U220002,1003067,20,N,N,1,1,214,5849
U2200,U220002,1003063,21,N,N,1,1,185,6157
U2200,U220002,1003918,22,N,N,1,1,258,6315
U2200,U220002,1000720,23,Y,N,2,1,247,6659
U2200,U220002,1000260,24,Y,N,2,1,249,7453
U2200,U220002,1001777,25,N,N,2,2,249,7909
U2200,U220002,1003520,26,N,N,2,2,274,8116
U2200,U220002,1000258,27,N,N,2,2,272,8323
U2200,U220002,1003762,28,N,N,2,2,266,8742
U2200,U220002,1001800,29,N,N,2,2,271,9134
U2200,U220002,1001878,30,N,N,2,2,294,9585
U2200,U220002,1003132,31,N,N,2,2,342,9906
U2200,U220002,1001865,32,N,N,2,2,304,10360
U2200,U220002,1001147,33,N,N,2,2,304,10780
U2200,U220002,1004191,34,N,N,2,2,216,11078
U2200,U220002,1000985,35,N,N,2,2,216,11300
U2200,U220002,1002628,36,N,N,2,2,217,11579
U2200,U220002,1003641,37,N,N,2,2,217,11768
U2200,U220002,1002484,38,Y,N,3,2,270,12229
U2200,U220002,1004273,39,Y,N,3,2,270,12577
U2200,U220002,1003642,40,N,N,3,3,270,12923
U2200,U220002,1000945,41,N,N,3,3,270,13154
U2200,U220002,1000946,42,N,N,3,3,249,13359
U2200,U220002,1000477,43,N,N,3,3,185,13786
U2200,U220002,1004169,44,N,N,3,3,201,14267
U2200,U220002,1002359,45,N,N,3,3,201,14641
U2200,U220002,1001629,46,N,N,3,3,205,15070
U2200,U220002,1000875,47,N,N,3,3,171,15955
U2200,U220002,1000502,48,N,N,3,3,209,16403
U2200,U220002,1000521,49,N,N,3,3,193,16711
U2200,U220002,1000047,50,N,N,3,3,97,17058
U2200,U220002,1004240,51,N,N,3,3,231,17770
U2200,U220002,1000383,52,N,N,3,3,45,18600
#N/A,U221002,1001800,1,N,N,1,1,271,0
#N/A,U221002,1002279,2,N,N,1,1,18,227
#N/A,U221002,1001778,3,N,N,1,1,79,434
#N/A,U221002,1000577,4,N,N,1,1,90,641
#N/A,U221002,1000259,5,N,N,1,1,92,1060
#N/A,U221002,1002887,6,N,N,1,1,94,1452
#N/A,U221002,1000719,7,N,N,1,1,69,1903
#N/A,U221002,1003919,8,N,N,1,1,78,2678
#N/A,U221002,1003062,9,N,N,1,1,5,3098
#N/A,U221002,1001157,10,N,N,1,1,274,3347
#N/A,U221002,1006737,11,N,N,1,1,17,3561
#N/A,U221002,1006738,12,N,N,1,1,93,3924
#N/A,U221002,1003066,13,N,N,1,1,34,4130
#N/A,U221002,1000869,14,N,N,1,1,40,4336
#N/A,U221002,1002656,15,N,N,1,1,189,5323
#N/A,U221002,1001043,16,N,N,1,1,186,6029
#N/A,U221002,1001695,17,N,N,1,1,203,6516
#N/A,U221002,1002050,18,N,N,1,1,218,6930
#N/A,U221002,1000087,19,N,N,1,1,118,7095
#N/A,U221002,1000084,20,N,N,1,1,294,7677
#N/A,U221002,1000239,21,N,N,1,1,43,8212
#N/A,U221002,1001694,22,N,N,1,1,23,8816
#N/A,U221002,1002676,23,N,N,1,1,6,9225
#N/A,U221002,1001044,24,N,N,1,1,19,9943
#N/A,U221002,1000871,25,N,N,1,1,302,10716
#N/A,U221002,1003067,26,N,N,1,1,214,10922
#N/A,U221002,1006750,27,N,N,1,1,198,11479
#N/A,U221002,1001156,28,N,N,1,1,94,11637
#N/A,U221002,1003918,29,N,N,1,1,258,12411
#N/A,U221002,1000720,30,N,N,1,1,247,12887
#N/A,U221002,1000260,31,N,N,1,1,249,13167
#N/A,U221002,1001777,32,N,N,1,1,249,13459
#N/A,U221002,1003520,33,N,N,1,1,274,13620
#N/A,U221002,1000258,34,N,N,1,1,272,14086
#N/A,U221002,1003762,35,N,N,1,1,266,14575
#N/A,U221002,1001800,36,N,N,1,1,271,14850
U2220,U222002,1001259,1,N,N,1,1,219,0
U2220,U222002,1000355,2,N,N,1,1,214,297
U2220,U222002,1002285,3,N,N,1,1,231,827
U2220,U222002,1003835,4,N,N,1,1,174,1240
U2220,U222002,1003099,5,N,N,1,1,133,2407
U2220,U222002,1000498,6,N,N,1,1,140,2946
U2220,U222002,1006121,7,N,N,1,1,5,3670
U2220,U222002,1003410,8,N,N,1,1,330,4139
U2220,U222002,1002231,9,N,N,1,1,330,4540
U2220,U222002,1000663,10,N,N,1,1,12,4958
U2220,U222002,1007533,11,N,N,1,1,189,5461
U2220,U222002,1000664,12,N,N,1,1,150,5770
U2220,U222002,1007534,13,N,N,1,1,165,5995
U2220,U222002,1003472,14,N,N,1,1,332,6261
U2220,U222002,1003073,15,N,N,1,1,150,6561
U2220,U222002,1003885,16,N,N,1,1,188,6820
U2220,U222002,1000868,17,N,N,1,1,283,7442
U2220,U222002,1002463,18,N,N,1,1,238,8113
U2220,U222002,1003775,19,N,N,1,1,230,8421
U2220,U222002,1001835,20,N,N,1,1,307,9890
U2220,U222002,1000750,21,N,N,1,1,313,10247
U2220,U222002,1003848,22,N,N,1,1,133,11714
U2220,U222002,1001834,23,N,N,1,1,127,12077
U2220,U222002,1000551,24,N,N,1,1,127,12263
U2220,U222002,1006132,25,N,N,1,1,307,13519
U2220,U222002,1002462,26,N,N,1,1,58,13784
U2220,U222002,1001368,27,N,N,1,1,103,14434
U2220,U222002,1000430,28,N,N,1,1,337,15134
U2220,U222002,1006122,29,N,N,1,1,183,15476
U2220,U222002,1000543,30,N,N,1,1,272,15711
U2220,U222002,1000497,31,N,N,1,1,320,16228
U2220,U222002,1003098,32,N,N,1,1,315,16930
U2220,U222002,1003835,33,N,N,1,1,174,17465
U2220,U222002,1002734,34,N,N,1,1,51,18278
U2220,U222002,1003069,35,N,N,1,1,34,18762
U2220,U222002,1003663,36,N,N,1,1,130,19368
U2220,U222002,1003827,37,N,N,1,1,9,19728
U2220,U222002,1000852,38,N,N,1,1,312,20148
U2220,U222002,1001259,39,N,N,1,1,219,20500
U2500,U250001,1000383,1,N,N,3,3,45,0
U2500,U250001,1003683,2,N,N,3,3,60,500
U2500,U250001,1000823,3,N,N,3,3,354,1300
U2500,U250001,1002560,4,N,N,3,3,1,1667
U2500,U250001,1003415,5,N,N,3,3,265,2076
U2500,U250001,1001984,6,N,N,3,3,359,2290
U2500,U250001,1003299,7,N,N,3,3,20,3561
U2500,U250001,1003257,8,N,N,3,3,16,3700
U2500,U250001,1002694,9,N,N,3,3,5,3983
U2500,U250001,1001418,10,N,N,3,3,2,4121
U2500,U250001,1003247,11,Y,N,2,3,132,4346
U2500,U250001,1000887,12,Y,N,2,3,359,5046
U2500,U250001,1000915,13,Y,N,2,3,20,5200
U2500,U250001,1003871,14,N,N,2,2,21,5400
U2500,U250001,1003428,15,N,N,2,2,22,6000
U2500,U250001,1000822,16,N,N,2,2,17,6500
U2500,U250001,1001330,17,N,N,2,2,53,6900
U2500,U250001,1000507,18,N,N,2,2,50,7300
U2500,U250001,1003187,19,N,N,2,2,50,7620
U2500,U250001,1001417,20,N,N,2,2,47,8050
U2500,U250001,1001335,21,N,N,2,2,47,8300
U2500,U250001,1000285,22,N,N,2,2,47,8800
U2500,U250001,1003849,23,N,N,2,2,54,9200
U2500,U250001,1007521,24,N,N,2,2,45,9312
U2500,U250001,1001199,25,N,N,2,2,56,9400
U2500,U250001,1001400,26,N,N,2,2,41,9800
U2500,U250001,1002545,27,N,N,2,2,226,11000
U2500,U250001,1003846,28,N,N,2,2,87,11300
U2500,U250001,1003489,29,N,N,2,2,284,11532
U2500,U250001,1008325,30,N,N,2,2,213,11700
U2500,U250001,1003848,31,N,N,2,2,133,12300
U2500,U250001,1001834,32,Y,N,1,2,127,12400
U2500,U250001,1006268,33,N,N,1,1,323,12700
U2500,U250001,1002266,34,N,N,1,1,55,13000
U2500,U250001,1000349,35,N,N,1,1,90,13300
U2500,U250001,1000345,36,N,N,1,1,150,13600
U2500,U250001,1000344,37,N,N,1,1,150,13800
U2500,U250001,1000341,38,N,N,1,1,191,14000
U2500,U250001,1000330,39,N,N,1,1,228,14300
U2500,U250001,1001835,40,N,N,1,1,307,15000
U2500,U250002,1001835,1,N,N,1,1,307,0
U2500,U250002,1000750,2,N,N,1,1,313,304
U2500,U250002,1006114,3,N,N,1,1,27,599
U2500,U250002,1006115,4,N,N,1,1,298,620
U2500,U250002,1006116,5,N,N,1,1,54,750
U2500,U250002,1003847,6,N,N,1,1,267,800
U2500,U250002,1006117,7,N,N,1,1,128,920
U2500,U250002,1000423,8,N,N,1,1,221,2658
U2500,U250002,1002684,9,N,N,1,1,230,3241
U2500,U250002,1000983,10,N,N,1,1,234,3489
U2500,U250002,1002470,11,N,N,1,1,234,3784
U2500,U250002,1000286,12,N,N,1,1,227,4167
U2500,U250002,1002551,13,N,N,1,1,227,4552
U2500,U250002,1001057,14,N,N,1,1,227,4721
U2500,U250002,1001323,15,N,N,1,1,227,5067
U2500,U250002,1003186,16,N,N,1,1,230,5332
U2500,U250002,1001281,17,N,N,1,1,233,5961
U2500,U250002,1000296,18,N,N,1,1,171,6588
U2500,U250002,1003561,19,N,N,1,1,201,7007
U2500,U250002,1002557,20,N,N,1,1,201,7163
U2500,U250002,1000916,21,Y,N,2,1,198,7876
U2500,U250002,1002216,22,Y,N,2,1,179,8169
U2500,U250002,1000477,23,Y,N,2,1,185,8620
U2500,U250002,1004169,24,N,N,2,2,201,9000
U2500,U250002,1002359,25,N,N,2,2,201,9163
U2500,U250002,1001853,26,N,N,2,2,205,9345
U2500,U250002,1001629,27,N,N,2,2,205,9539
U2500,U250002,1000875,28,N,N,2,2,171,9859
U2500,U250002,1000502,29,N,N,2,2,209,10132
U2500,U250002,1000521,30,N,N,2,2,193,10903
U2500,U250002,1000047,31,N,N,2,2,97,11697
U2500,U250002,1004240,32,N,N,2,2,231,12316
U2500,U250002,1000383,33,N,N,2,2,45,12500
#N/A,U251001,1006278,1,N,N,3,3,281,0
#N/A,U251001,1003247,2,N,N,3,3,132,241
#N/A,U251001,1000887,3,N,N,3,3,359,875
#N/A,U251001,1000915,4,N,N,3,3,20,1161
#N/A,U251001,1003871,5,N,N,3,3,21,1790
#N/A,U251001,1003428,6,N,N,3,3,22,2235
#N/A,U251001,1000822,7,N,N,3,3,17,2679
#N/A,U251001,1001330,8,N,N,3,3,53,3065
#N/A,U251001,1000507,9,N,N,3,3,50,3591
#N/A,U251001,1003187,10,N,N,3,3,50,3692
#N/A,U251001,1001417,11,N,N,3,3,47,4230
#N/A,U251001,1001335,12,N,N,3,3,47,4541
#N/A,U251001,1007522,13,Y,N,2,3,154,4942
#N/A,U251001,1001544,14,Y,N,2,3,136,5391
#N/A,U251001,1003183,15,Y,N,2,3,53,5805
#N/A,U251001,1003178,16,N,N,2,2,53,6038
#N/A,U251001,1003113,17,N,N,2,2,139,6210
#N/A,U251001,1003851,18,N,N,2,2,145,6377
#N/A,U251001,1000782,19,N,N,2,2,125,7024
#N/A,U251001,1002273,20,N,N,2,2,181,7259
#N/A,U251001,1002972,21,N,N,2,2,90,7558
#N/A,U251001,1004237,22,N,N,2,2,107,7923
#N/A,U251001,1001006,23,N,N,2,2,102,8406
#N/A,U251001,1003617,24,N,N,2,2,277,8870
#N/A,U251001,1000623,25,N,N,2,2,7,9240
#N/A,U251001,1001827,26,Y,N,1,2,348,10768
#N/A,U251001,1004212,27,Y,N,1,2,52,11539
#N/A,U251001,1000986,28,Y,N,1,2,177,11916
#N/A,U251001,1000459,29,Y,N,1,2,234,12080
#N/A,U251001,1000450,30,Y,N,1,2,145,12446
#N/A,U251001,1002626,31,Y,N,1,2,54,12833
#N/A,U251001,1003394,32,Y,N,1,2,32,13066
#N/A,U251001,1006739,33,N,N,1,1,40,13705
#N/A,U251001,1006741,34,N,N,1,1,223,13850
#N/A,U251001,1006743,35,N,N,1,1,134,14278
#N/A,U251001,1006752,36,N,N,1,1,213,15039
#N/A,U251001,1001394,37,N,N,1,1,193,15552
#N/A,U251001,1001278,38,N,N,1,1,108,15961
#N/A,U251001,1001311,39,N,N,1,1,125,16209
#N/A,U251001,1000995,40,N,N,1,1,14,16510
#N/A,U251001,1001761,41,N,N,1,1,31,16858
#N/A,U251001,1001760,42,N,N,1,1,298,16945
#N/A,U251001,1007523,43,N,N,1,1,302,17200
U2510,U251002,1001760,1,N,N,5,5,298,0
U2510,U251002,1002005,2,N,N,5,5,289,256
U2510,U251002,1006751,3,N,N,5,5,27,599
U2510,U251002,1006744,4,N,N,5,5,301,1393
U2510,U251002,1006742,5,N,N,5,5,286,1762
U2510,U251002,1006136,6,Y,N,4,5,300,2495
U2510,U251002,1003206,7,Y,N,4,5,234,2734
U2510,U251002,1003603,8,Y,N,4,5,325,3219
U2510,U251002,1000458,9,Y,N,4,5,54,3435
U2510,U251002,1006745,10,Y,N,4,5,227,4067
U2510,U251002,1006746,11,Y,N,4,5,221,4292
U2510,U251002,1008647,12,N,N,4,4,167,5136
U2510,U251002,1001006,13,N,N,4,4,102,5894
U2510,U251002,1000751,14,N,N,4,4,208,6187
U2510,U251002,1003617,15,N,N,4,4,277,6357
U2510,U251002,1007540,16,N,N,4,4,9,6518
U2510,U251002,1000623,17,N,N,4,4,7,6725
U2510,U251002,1004238,18,N,N,4,4,287,7128
U2510,U251002,1002971,19,N,N,4,4,270,7490
U2510,U251002,1003858,20,N,N,4,4,1,7804
U2510,U251002,1008285,21,N,N,4,4,35,8061
U2510,U251002,1001121,22,N,N,4,4,305,8261
U2510,U251002,1000833,23,N,N,4,4,215,8398
U2510,U251002,1003112,24,N,N,4,4,319,8819
U2510,U251002,1003177,25,N,N,4,4,233,8998
U2510,U251002,1002630,26,Y,N,3,4,233,9189
U2510,U251002,1001546,27,Y,N,3,4,316,9643
U2510,U251002,1007525,28,Y,N,3,4,313,9817
U2510,U251002,1000286,29,N,N,3,3,227,10093
U2510,U251002,1002551,30,N,N,3,3,227,10610
U2510,U251002,1001057,31,N,N,3,3,227,10718
U2510,U251002,1001323,32,N,N,3,3,227,11063
U2510,U251002,1003186,33,N,N,3,3,230,11352
U2510,U251002,1001281,34,N,N,3,3,233,11989
U2510,U251002,1000296,35,N,N,3,3,171,12518
U2510,U251002,1003561,36,N,N,3,3,201,12926
U2510,U251002,1002557,37,N,N,3,3,201,13109
U2510,U251002,1000916,38,N,N,3,3,198,13930
U2510,U251002,1002216,39,N,N,3,3,179,14176
U2510,U251002,1006278,40,N,N,3,3,281,14621
U2510,U251002,1003247,41,N,N,3,3,132,15130
U2510,U251002,1000887,42,N,N,3,3,359,15495
U2510,U251002,1000915,43,N,N,3,3,20,15788
U2510,U251002,1003871,44,N,N,3,3,21,16322
U2510,U251002,1002217,45,N,N,3,3,19,16493
U2510,U251002,1003428,46,N,N,3,3,22,16838
U2510,U251002,1000822,47,N,N,3,3,17,17288
U2510,U251002,1001330,48,N,N,3,3,53,17689
U2510,U251002,1000507,49,N,N,3,3,50,18118
U2510,U251002,1003187,50,N,N,3,3,50,18305
U2510,U251002,1001417,51,N,N,3,3,47,18868
U2510,U251002,1001335,52,N,N,3,3,47,19157
U2510,U251002,1007522,53,Y,N,2,3,154,19774
U2510,U251002,1001544,54,Y,N,2,3,136,20014
U2510,U251002,1003183,55,Y,N,2,3,53,20424
U2510,U251002,1003178,56,N,N,2,2,53,20670
U2510,U251002,1003113,57,N,N,2,2,139,20829
U2510,U251002,1003851,58,N,N,2,2,145,21195
U2510,U251002,1000782,59,N,N,2,2,125,21312
U2510,U251002,1003850,60,N,N,2,2,215,21594
U2510,U251002,1002273,61,N,N,2,2,181,21876
U2510,U251002,1002972,62,N,N,2,2,90,22153
U2510,U251002,1004237,63,N,N,2,2,107,22515
U2510,U251002,1001006,64,N,N,2,2,102,22987
U2510,U251002,1000751,65,N,N,2,2,208,23287
U2510,U251002,1003617,66,N,N,2,2,277,23445
U2510,U251002,1000623,67,N,N,2,2,7,23811
U2510,U251002,1008648,68,N,N,2,2,335,24569
U2510,U251002,1004212,69,Y,N,1,2,52,25242
U2510,U251002,1000986,70,Y,N,1,2,177,25828
U2510,U251002,1000459,71,Y,N,1,2,234,26140
U2510,U251002,1000450,72,Y,N,1,2,145,26375
U2510,U251002,1002626,73,Y,N,1,2,54,26746
U2510,U251002,1003394,74,Y,N,1,2,32,26992
U2510,U251002,1006739,75,N,N,1,1,40,27633
U2510,U251002,1006743,76,N,N,1,1,134,28205
U2510,U251002,1006752,77,N,N,1,1,213,28973
U2510,U251002,1001394,78,N,N,1,1,193,29482
U2510,U251002,1001278,79,N,N,1,1,108,29928
U2510,U251002,1001311,80,N,N,1,1,125,30135
U2510,U251002,1000995,81,N,N,1,1,14,30435
U2510,U251002,1001761,82,N,N,1,1,31,30780
U2510,U251002,1001760,83,N,N,1,1,298,30900
U2530,U253002,1001834,1,N,N,3,3,127,0
U2530,U253002,1000552,2,N,N,3,3,57,966
U2530,U253002,1002462,3,N,N,3,3,58,1647
U2530,U253002,1001368,4,N,N,3,3,103,2276
U2530,U253002,1004287,5,N,N,3,3,122,3181
U2530,U253002,1003139,6,N,N,3,3,143,3754
U2530,U253002,1001294,7,N,N,3,3,150,4004
U2530,U253002,1001343,8,N,N,3,3,181,4599
U2530,U253002,1000067,9,N,N,3,3,181,4980
U2530,U253002,1000530,10,N,N,3,3,181,5232
U2530,U253002,1004144,11,N,N,3,3,181,5555
U2530,U253002,1002005,12,N,N,3,3,289,6136
U2530,U253002,1001394,13,N,N,3,3,193,6553
U2530,U253002,1001278,14,N,N,3,3,108,6985
U2530,U253002,1001311,15,N,N,3,3,125,7243
U2530,U253002,1000801,16,N,N,3,3,217,7529
U2530,U253002,1000872,17,Y,N,2,3,122,7948
U2530,U253002,1002656,18,N,N,2,2,189,8527
U2530,U253002,1001043,19,N,N,2,2,186,9223
U2530,U253002,1001695,20,N,N,2,2,203,9718
U2530,U253002,1002050,21,N,N,2,2,218,10132
U2530,U253002,1000087,22,N,N,2,2,118,10324
U2530,U253002,1000084,23,N,N,2,2,294,10914
U2530,U253002,1000239,24,N,N,2,2,43,11470
U2530,U253002,1001694,25,N,N,2,2,23,12088
U2530,U253002,1002676,26,N,N,2,2,6,12500
U2530,U253002,1001044,27,N,N,2,2,19,13212
U2530,U253002,1000871,28,Y,N,1,2,302,13800
U2530,U253002,1003821,29,N,N,1,1,34,14055
U2530,U253002,1000800,30,N,N,1,1,37,14243
U2530,U253002,1001279,31,N,N,1,1,305,14520
U2530,U253002,1001387,32,N,N,1,1,13,15170
U2530,U253002,1002006,33,N,N,1,1,109,15626
U2530,U253002,1004143,34,N,N,1,1,1,16291
U2530,U253002,1000529,35,N,N,1,1,1,16522
U2530,U253002,1000066,36,N,N,1,1,1,16727
U2530,U253002,1001882,37,N,N,1,1,1,17154
U2530,U253002,1003640,38,N,N,1,1,330,17635
U2530,U253002,1003184,39,N,N,1,1,323,18009
U2530,U253002,1004288,40,N,N,1,1,321,18438
U2530,U253002,1000868,41,N,N,1,1,283,19335
U2530,U253002,1001433,42,N,N,1,1,325,20266
U2530,U253002,1003413,43,N,N,1,1,279,20785
U2530,U253002,1002646,44,N,N,1,1,269,21307
U2530,U253002,1003848,45,N,N,1,1,133,21644
U2530,U253002,1001834,46,N,N,1,1,127,22132
U2540,U254002,1000760,1,N,N,1,1,10,0
U2540,U254002,1002366,2,N,N,1,1,275,356
U2540,U254002,1006126,3,N,N,1,1,182,576
U2540,U254002,1002268,4,N,N,1,1,186,730
U2540,U254002,1001772,5,N,N,1,1,295,1343
U2540,U254002,1003101,6,N,N,1,1,283,1498
U2540,U254002,1003733,7,N,N,1,1,307,1674
U2540,U254002,1003772,8,N,N,1,1,313,1959
U2540,U254002,1003186,9,N,N,1,1,230,2300
U2540,U254002,1001281,10,N,N,1,1,233,2491
U2540,U254002,1000296,11,N,N,1,1,171,3025
U2540,U254002,1003561,12,N,N,1,1,201,3497
U2540,U254002,1002557,13,N,N,1,1,201,3787
U2540,U254002,1000968,14,N,N,1,1,202,4414
U2540,U254002,1002414,15,N,N,1,1,129,4832
U2540,U254002,1000514,16,N,N,1,1,129,5294
U2540,U254002,1003247,17,N,N,1,1,132,5673
U2540,U254002,1000887,18,N,N,1,1,359,6114
U2540,U254002,1000915,19,N,N,1,1,20,6310
U2540,U254002,1003871,20,N,N,1,1,21,6629
U2540,U254002,1003428,21,N,N,1,1,22,6883
U2540,U254002,1000822,22,N,N,1,1,17,7047
U2540,U254002,1001330,23,N,N,1,1,53,7400
U2540,U254002,1000507,24,N,N,1,1,50,7754
U2540,U254002,1003187,25,N,N,1,1,50,7912
U2540,U254002,1002839,26,N,N,1,1,103,8095
U2540,U254002,1003773,27,N,N,1,1,133,8297
U2540,U254002,1003100,28,N,N,1,1,127,8519
U2540,U254002,1001773,29,N,N,1,1,115,8715
U2540,U254002,1006125,30,N,N,1,1,3,8886
U2540,U254002,1002367,31,N,N,1,1,95,9047
U2540,U254002,1000759,32,N,N,1,1,112,9233
U2540,U254002,1000760,33,N,N,1,1,10,9800
U3000,U300002,1000964,1,N,N,5,5,358,0
U3000,U300002,1000728,2,N,N,5,5,106,309
U3000,U300002,1003691,3,N,N,5,5,102,758
U3000,U300002,1001545,4,N,N,5,5,24,902
U3000,U300002,1001652,5,N,N,5,5,181,1281
U3000,U300002,1000922,6,N,N,5,5,181,1659
U3000,U300002,1003221,7,N,N,5,5,184,2560
U3000,U300002,1002689,8,N,N,5,5,84,3138
U3000,U300002,1001576,9,N,N,5,5,81,3421
U3000,U300002,1003034,10,N,N,5,5,351,3751
U3000,U300002,1004219,11,N,N,5,5,351,3929
U3000,U300002,1001558,12,N,N,5,5,53,4265
U3000,U300002,1001767,13,N,N,5,5,53,4399
U3000,U300002,1002705,14,N,N,5,5,52,4641
U3000,U300002,1003723,15,N,N,5,5,327,4915
U3000,U300002,1001316,16,N,N,5,5,273,5156
U3000,U300002,1002894,17,N,N,5,5,273,5379
U3000,U300002,1003282,18,N,N,5,5,301,5744
U3000,U300002,1006893,19,N,N,5,5,4,6271
U3000,U300002,1000966,20,N,N,5,5,3,6554
U3000,U300002,1008403,21,N,N,5,5,2,6912
U3000,U300002,1000447,22,N,N,5,5,294,7369
U3000,U300002,1003210,23,N,N,5,5,293,7698
U3000,U300002,1003147,24,N,N,5,5,302,8019
U3000,U300002,1001782,25,Y,N,4,5,306,8425
U3000,U300002,1003932,26,Y,N,4,5,297,9120
U3000,U300002,1000084,27,Y,N,4,5,294,9638
U3000,U300002,1002464,28,N,N,4,4,287,10456
U3000,U300002,1000540,29,N,N,4,4,282,10759
U3000,U300002,1000625,30,N,N,4,4,281,11151
U3000,U300002,1000888,31,N,N,4,4,260,11280
U3000,U300002,1002412,32,N,N,4,4,272,11554
U3000,U300002,1000918,33,N,N,4,4,268,12187
U3000,U300002,1002627,34,N,N,4,4,275,12594
U3000,U300002,1000492,35,Y,N,3,4,274,13488
U3000,U300002,1002014,36,Y,N,3,4,238,13659
U3000,U300002,1001518,37,Y,N,3,4,283,14086
U3000,U300002,1000094,38,N,N,3,3,241,14392
U3000,U300002,1002712,39,N,N,3,3,246,14924
U3000,U300002,1001798,40,N,N,3,3,259,15221
U3000,U300002,1002823,41,N,N,3,3,226,15589
U3000,U300002,1000049,42,N,N,3,3,232,15761
U3000,U300002,1001809,43,N,N,3,3,204,16251
U3000,U300002,1000383,44,N,N,3,3,45,16500
U3000,U300002,1003683,45,N,N,3,3,60,16682
U3000,U300002,1000823,46,N,N,3,3,354,16836
U3000,U300002,1002560,47,N,N,3,3,1,17270
U3000,U300002,1001637,48,N,N,3,3,114,17506
U3000,U300002,1001797,49,N,N,3,3,49,17868
U3000,U300002,1002711,50,N,N,3,3,66,18288
U3000,U300002,1001963,51,N,N,3,3,61,18688
U3000,U300002,1000542,52,Y,N,2,3,103,19035
U3000,U300002,1000939,53,Y,N,2,3,58,19406
U3000,U300002,1000082,54,Y,N,2,3,104,20190
U3000,U300002,1002402,55,N,N,2,2,95,20553
U3000,U300002,1000947,56,N,N,2,2,88,20836
U3000,U300002,1002119,57,N,N,2,2,92,21097
U3000,U300002,1002834,58,N,N,2,2,92,21583
U3000,U300002,1003209,59,N,N,2,2,88,21944
U3000,U300002,1000284,60,N,N,2,2,102,22484
U3000,U300002,1002825,61,N,N,2,2,107,23088
U3000,U300002,1000083,62,Y,N,1,2,114,23494
U3000,U300002,1000546,63,Y,N,1,2,129,24011
U3000,U300002,1003933,64,Y,N,1,2,119,24380
U3000,U300002,1001783,65,Y,N,1,2,126,24771
U3000,U300002,1000602,66,N,N,1,1,122,25214
U3000,U300002,1000088,67,N,N,1,1,118,25472
U3000,U300002,1003505,68,N,N,1,1,114,26143
U3000,U300002,1006885,69,N,N,1,1,183,26445
U3000,U300002,1000967,70,N,N,1,1,183,27123
U3000,U300002,1001315,71,N,N,1,1,93,27619
U3000,U300002,1003724,72,N,N,1,1,147,28143
U3000,U300002,1001768,73,N,N,1,1,233,28303
U3000,U300002,1001559,74,N,N,1,1,233,28618
U3000,U300002,1003509,75,N,N,1,1,171,28772
U3000,U300002,1003876,76,N,N,1,1,171,29123
U3000,U300002,1001577,77,N,N,1,1,261,29361
U3000,U300002,1000640,78,N,N,1,1,264,29564
U3000,U300002,1002688,79,N,N,1,1,352,30073
U3000,U300002,1003220,80,N,N,1,1,6,30355
U3000,U300002,1008069,81,N,N,1,1,7,31052
U3000,U300002,1001647,82,N,N,1,1,1,31612
U3000,U300002,1000636,83,N,N,1,1,291,31845
U3000,U300002,1002320,84,N,N,1,1,282,32272
U3000,U300002,1008108,85,N,N,1,1,279,33153
U3000,U300002,1000964,86,N,N,1,1,358,34000
#N/A,U300102,1000964,1,N,N,5,5,358,0
#N/A,U300102,1000728,2,N,N,5,5,106,309
#N/A,U300102,1003691,3,N,N,5,5,102,758
#N/A,U300102,1001545,4,N,N,5,5,24,902
#N/A,U300102,1001652,5,N,N,5,5,181,1281
#N/A,U300102,1000922,6,N,N,5,5,181,1659
#N/A,U300102,1003221,7,N,N,5,5,184,2560
#N/A,U300102,1002689,8,N,N,5,5,84,3138
#N/A,U300102,1001576,9,N,N,5,5,81,3421
#N/A,U300102,1003034,10,N,N,5,5,351,3751
#N/A,U300102,1004219,11,N,N,5,5,351,3929
#N/A,U300102,1001558,12,N,N,5,5,53,4265
#N/A,U300102,1001767,13,N,N,5,5,53,4399
#N/A,U300102,1002705,14,N,N,5,5,52,4641
#N/A,U300102,1003723,15,N,N,5,5,327,4915
#N/A,U300102,1001316,16,N,N,5,5,273,5156
#N/A,U300102,1002894,17,N,N,5,5,273,5379
#N/A,U300102,1003282,18,N,N,5,5,301,5744
#N/A,U300102,1006893,19,N,N,5,5,4,6271
#N/A,U300102,1000966,20,N,N,5,5,3,6554
#N/A,U300102,1000447,21,N,N,5,5,294,7369
#N/A,U300102,1003210,22,N,N,5,5,293,7698
#N/A,U300102,1003147,23,N,N,5,5,302,8019
#N/A,U300102,1001782,24,Y,N,4,5,306,8425
#N/A,U300102,1003932,25,Y,N,4,5,297,9120
#N/A,U300102,1000084,26,Y,N,4,5,294,9638
#N/A,U300102,1002464,27,N,N,4,4,287,10456
#N/A,U300102,1000540,28,N,N,4,4,282,10759
#N/A,U300102,1000625,29,N,N,4,4,281,11151
#N/A,U300102,1000888,30,N,N,4,4,260,11280
#N/A,U300102,1002412,31,N,N,4,4,272,11554
#N/A,U300102,1000918,32,N,N,4,4,268,12187
#N/A,U300102,1002627,33,N,N,4,4,275,12594
#N/A,U300102,1000492,34,Y,N,3,4,274,13488
#N/A,U300102,1002014,35,Y,N,3,4,238,13659
#N/A,U300102,1001518,36,Y,N,3,4,283,14086
#N/A,U300102,1000094,37,N,N,3,3,241,14392
#N/A,U300102,1002712,38,N,N,3,3,246,14924
#N/A,U300102,1001798,39,N,N,3,3,259,15221
#N/A,U300102,1002823,40,N,N,3,3,226,15589
#N/A,U300102,1000049,41,N,N,3,3,232,15761
#N/A,U300102,1001809,42,N,N,3,3,204,16251
#N/A,U300102,1000383,43,N,N,3,3,45,16500
#N/A,U300102,1003683,44,N,N,3,3,60,16682
#N/A,U300102,1000823,45,N,N,3,3,354,16836
#N/A,U300102,1002560,46,N,N,3,3,1,17270
#N/A,U300102,1001637,47,N,N,3,3,114,17506
#N/A,U300102,1001797,48,N,N,3,3,49,17868
#N/A,U300102,1002711,49,N,N,3,3,66,18288
#N/A,U300102,1001963,50,N,N,3,3,61,18688
#N/A,U300102,1000542,51,Y,N,2,3,103,19035
#N/A,U300102,1000939,52,Y,N,2,3,58,19406
#N/A,U300102,1000082,53,Y,N,2,3,104,20190
#N/A,U300102,1002402,54,N,N,2,2,95,20553
#N/A,U300102,1000947,55,N,N,2,2,88,20836
#N/A,U300102,1002119,56,N,N,2,2,92,21097
#N/A,U300102,1002834,57,N,N,2,2,92,21583
#N/A,U300102,1003209,58,N,N,2,2,88,21944
#N/A,U300102,1000284,59,N,N,2,2,102,22484
#N/A,U300102,1002825,60,N,N,2,2,107,23088
#N/A,U300102,1000083,61,Y,N,1,2,114,23494
#N/A,U300102,1000546,62,Y,N,1,2,129,24011
#N/A,U300102,1003933,63,Y,N,1,2,119,24380
#N/A,U300102,1001783,64,Y,N,1,2,126,24771
#N/A,U300102,1000602,65,N,N,1,1,122,25214
#N/A,U300102,1000088,66,N,N,1,1,118,25472
#N/A,U300102,1003505,67,N,N,1,1,114,26343
#N/A,U300102,1000967,68,N,N,1,1,183,27343
#N/A,U300102,1001315,69,N,N,1,1,93,27619
#N/A,U300102,1003724,70,N,N,1,1,147,28143
#N/A,U300102,1001768,71,N,N,1,1,233,28303
#N/A,U300102,1001559,72,N,N,1,1,233,28618
#N/A,U300102,1003509,73,N,N,1,1,171,28772
#N/A,U300102,1003876,74,N,N,1,1,171,29123
#N/A,U300102,1001577,75,N,N,1,1,261,29361
#N/A,U300102,1000640,76,N,N,1,1,264,29564
#N/A,U300102,1002688,77,N,N,1,1,352,30073
#N/A,U300102,1003220,78,N,N,1,1,6,30355
#N/A,U300102,1008069,79,N,N,1,1,7,31052
#N/A,U300102,1001647,80,N,N,1,1,1,31612
#N/A,U300102,1000636,81,N,N,1,1,291,31845
#N/A,U300102,1002320,82,N,N,1,1,282,32272
#N/A,U300102,1008108,83,N,N,1,1,279,33153
#N/A,U300102,1000964,84,N,N,1,1,358,34000
U3010,U301001,1002822,1,N,N,2,2,325,0
U3010,U301001,1000819,2,N,N,2,2,340,400
U3010,U301001,1001723,3,N,N,2,2,163,1028
U3010,U301001,1003477,4,Y,N,1,2,327,1852
U3010,U301001,1001124,5,N,N,1,1,64,2620
U3010,U301001,1001125,6,N,N,1,1,92,2840
U3010,U301001,1001285,7,N,N,1,1,114,3578
U3010,U301001,1002309,8,N,N,1,1,113,3786
U3010,U301001,1003185,9,N,N,1,1,63,3993
U3010,U301001,1001286,10,N,N,1,1,57,4273
U3010,U301001,1000874,11,N,N,1,1,33,4785
U3010,U301001,1003418,12,N,N,1,1,33,5098
U3010,U301001,1001262,13,N,N,1,1,86,5655
U3010,U301001,1001319,14,N,N,1,1,73,5989
U3010,U301001,1003211,15,N,N,1,1,73,6158
U3010,U301001,1002488,16,N,N,1,1,354,6635
U3010,U301001,1002688,17,N,N,1,1,352,6833
U3010,U301001,1001754,18,N,N,1,1,269,7175
U3010,U301001,1001280,19,N,N,1,1,266,7484
U3010,U301001,1003325,20,N,N,1,1,359,7981
U3010,U301001,1003824,21,N,N,1,1,359,8352
U3010,U301001,1000722,22,N,N,1,1,9,8543
U3010,U301001,1002721,23,N,N,1,1,84,8695
U3010,U301001,1002968,24,N,N,1,1,359,8921
U3010,U301001,1003811,25,N,N,1,1,69,9373
U3010,U301001,1000682,26,N,N,1,1,61,10248
U3010,U301001,1000080,27,N,N,1,1,91,10475
U3010,U301001,1000967,28,N,N,1,1,183,11289
U3010,U301002,1000967,1,N,N,1,1,183,0
U3010,U301002,1003540,2,N,N,1,1,271,778
U3010,U301002,1000683,3,N,N,1,1,241,976
U3010,U301002,1001651,4,N,N,1,1,243,1491
U3010,U301002,1000992,5,N,N,1,1,252,1750
U3010,U301002,1003749,6,N,N,1,1,249,1902
U3010,U301002,1000610,7,N,N,1,1,249,2103
U3010,U301002,1003823,8,N,N,1,1,179,2324
U3010,U301002,1002722,9,N,N,1,1,264,2566
U3010,U301002,1000806,10,N,N,1,1,189,2734
U3010,U301002,1003825,11,N,N,1,1,179,2930
U3010,U301002,1003326,12,N,N,1,1,179,3265
U3010,U301002,1002044,13,N,N,1,1,86,3518
U3010,U301002,1001177,14,N,N,1,1,355,3871
U3010,U301002,1001755,15,N,N,1,1,89,4131
U3010,U301002,1002489,16,N,N,1,1,174,4652
U3010,U301002,1003148,17,N,N,1,1,253,5153
U3010,U301002,1000362,18,N,N,1,1,253,5356
U3010,U301002,1003166,19,N,N,1,1,216,6056
U3010,U301002,1000634,20,N,N,1,1,213,6317
U3010,U301002,1001908,21,N,N,1,1,213,6513
U3010,U301002,1001481,22,N,N,1,1,237,7053
U3010,U301002,1001839,23,N,N,1,1,243,7276
U3010,U301002,1002738,24,N,N,1,1,293,7538
U3010,U301002,1002394,25,N,N,1,1,294,7756
U3010,U301002,1000310,26,N,N,1,1,263,8346
U3010,U301002,1003725,27,N,N,1,1,272,8472
U3010,U301002,1003726,28,N,N,1,1,244,8706
U3010,U301002,1004136,29,Y,N,2,1,147,9272
U3010,U301002,1002822,30,N,N,2,2,325,10626
U3020,U302002,1000968,1,N,N,1,1,202,0
U3020,U302002,1002414,2,N,N,1,1,129,503
U3020,U302002,1000514,3,N,N,1,1,129,752
U3020,U302002,1003247,4,N,N,1,1,132,1102
U3020,U302002,1002104,5,N,N,1,1,69,1380
U3020,U302002,1004138,6,N,N,1,1,90,1885
U3020,U302002,1003643,7,N,N,1,1,90,2158
U3020,U302002,1004274,8,N,N,1,1,90,2368
U3020,U302002,1002016,9,N,N,1,1,90,2656
U3020,U302002,1000758,10,N,N,1,1,143,3104
U3020,U302002,1004279,11,N,N,1,1,163,3894
U3020,U302002,1000492,12,N,N,1,1,274,4362
U3020,U302002,1002014,13,N,N,1,1,238,4551
U3020,U302002,1001518,14,N,N,1,1,283,4931
U3020,U302002,1000077,15,N,N,1,1,38,5379
U3020,U302002,1002764,16,N,N,1,1,62,5694
U3020,U302002,1000757,17,N,N,1,1,323,6284
U3020,U302002,1002484,18,N,N,1,1,270,6736
U3020,U302002,1004273,19,N,N,1,1,270,7009
U3020,U302002,1003642,20,N,N,1,1,270,7221
U3020,U302002,1000945,21,N,N,1,1,270,7463
U3020,U302002,1000946,22,N,N,1,1,249,8042
U3020,U302002,1000887,23,N,N,1,1,359,8423
U3020,U302002,1000915,24,N,N,1,1,20,8650
U3020,U302002,1000968,25,N,N,1,1,202,9336
U3030,U303002,1000971,1,N,N,1,1,27,0
U3030,U303002,1000717,2,N,N,1,1,250,214
U3030,U303002,1003460,3,N,N,1,1,340,629
U3030,U303002,1003466,4,N,N,1,1,343,942
U3030,U303002,1003791,5,N,N,1,1,26,1170
U3030,U303002,1002743,6,N,N,1,1,356,1335
U3030,U303002,1003464,7,N,N,1,1,2,1581
U3030,U303002,1001763,8,N,N,1,1,270,1770
U3030,U303002,1003563,9,N,N,1,1,304,1999
U3030,U303002,1001283,10,N,N,1,1,271,2276
U3030,U303002,1001093,11,N,N,1,1,271,2502
U3030,U303002,1003581,12,N,N,1,1,272,2722
U3030,U303002,1001254,13,N,N,1,1,272,2887
U3030,U303002,1003514,14,N,N,1,1,330,3233
U3030,U303002,1000447,15,N,N,1,1,294,3551
U3030,U303002,1003210,16,N,N,1,1,293,3883
U3030,U303002,1003147,17,N,N,1,1,302,4202
U3030,U303002,1001782,18,Y,N,2,1,306,4611
U3030,U303002,1003932,19,Y,N,2,1,297,5297
U3030,U303002,1000084,20,Y,N,2,1,294,5823
U3030,U303002,1002464,21,N,N,2,2,287,6209
U3030,U303002,1000540,22,N,N,2,2,282,6505
U3030,U303002,1000625,23,N,N,2,2,281,7050
U3030,U303002,1000888,24,N,N,2,2,260,7555
U3030,U303002,1002412,25,N,N,2,2,272,7777
U3030,U303002,1000918,26,N,N,2,2,268,7958
U3030,U303002,1002627,27,N,N,2,2,275,8652
U3030,U303002,1006137,28,N,N,2,2,192,8855
U3030,U303002,1000492,29,Y,N,3,2,274,9014
U3030,U303002,1002014,30,Y,N,3,2,238,9450
U3030,U303002,1001518,31,Y,N,3,2,283,9750
U3030,U303002,1000094,32,N,N,3,3,241,10278
U3030,U303002,1002712,33,N,N,3,3,246,10566
U3030,U303002,1001798,34,N,N,3,3,259,10942
U3030,U303002,1002823,35,N,N,3,3,226,11110
U3030,U303002,1000049,36,N,N,3,3,232,11275
U3030,U303002,1001809,37,N,N,3,3,204,11350
U3030,U303002,1000383,38,N,N,3,3,45,11420
U3030,U303002,1003683,39,N,N,3,3,60,11480
U3030,U303002,1000823,40,N,N,3,3,354,11509
U3030,U303002,1002560,41,N,N,3,3,1,11667
U3030,U303002,1001637,42,N,N,3,3,114,12089
U3030,U303002,1001797,43,N,N,3,3,49,12344
U3030,U303002,1002711,44,N,N,3,3,66,12691
U3030,U303002,1001963,45,N,N,3,3,61,13102
U3030,U303002,1000542,46,Y,N,2,3,103,13520
U3030,U303002,1000939,47,Y,N,2,3,58,13837
U3030,U303002,1000082,48,Y,N,2,3,104,14227
U3030,U303002,1002402,49,N,N,2,2,95,14994
U3030,U303002,1000947,50,N,N,2,2,88,15377
U3030,U303002,1002834,51,N,N,2,2,92,15916
U3030,U303002,1003209,52,N,N,2,2,88,16410
U3030,U303002,1000284,53,N,N,2,2,102,16771
U3030,U303002,1002825,54,N,N,2,2,107,17311
U3030,U303002,1000083,55,Y,N,1,2,114,17930
U3030,U303002,1000546,56,Y,N,1,2,129,18449
U3030,U303002,1003933,57,Y,N,1,2,119,18827
U3030,U303002,1001783,58,Y,N,1,2,126,19197
U3030,U303002,1000602,59,N,N,1,1,122,19582
U3030,U303002,1000088,60,N,N,1,1,118,19981
U3030,U303002,1003580,61,N,N,1,1,92,20801
U3030,U303002,1000853,62,N,N,1,1,91,21137
U3030,U303002,1001284,63,N,N,1,1,91,21344
U3030,U303002,1003562,64,N,N,1,1,89,21663
U3030,U303002,1001764,65,N,N,1,1,90,21836
U3030,U303002,1003837,66,N,N,1,1,182,22099
U3030,U303002,1002744,67,N,N,1,1,176,22271
U3030,U303002,1003792,68,N,N,1,1,206,22486
U3030,U303002,1003467,69,N,N,1,1,163,22713
U3030,U303002,1003463,70,N,N,1,1,160,23172
U3030,U303002,1000716,71,N,N,1,1,70,23478
U3030,U303002,1000971,72,N,N,1,1,27,23800
U4000,U400002,1008352,1,N,N,5,5,87,0
U4000,U400002,1002505,2,N,N,5,5,182,198
U4000,U400002,1002841,3,N,N,5,5,236,724
U4000,U400002,1003864,4,N,N,5,5,200,1208
U4000,U400002,1002840,5,N,N,5,5,22,1975
U4000,U400002,1003865,6,N,N,5,5,56,2420
U4000,U400002,1002842,7,N,N,5,5,2,2734
U4000,U400002,1002348,8,N,N,5,5,359,3446
U4000,U400002,1002655,9,N,N,5,5,1,3713
U4000,U400002,1002674,10,N,N,5,5,0,4148
U4000,U400002,1003805,11,N,N,5,5,2,4427
U4000,U400002,1001759,12,N,N,5,5,175,6112
U4000,U400002,1002196,13,N,N,5,5,344,6614
U4000,U400002,1000435,14,N,N,5,5,352,7565
U4000,U400002,1001747,15,N,N,5,5,344,7836
U4000,U400002,1001036,16,N,N,5,5,346,8358
U4000,U400002,1007150,17,Y,N,4,5,298,10010
U4000,U400002,1000819,18,Y,N,4,5,340,10607
U4000,U400002,1000783,19,N,N,4,4,353,11383
U4000,U400002,1003671,20,N,N,4,4,8,11675
U4000,U400002,1001808,21,N,N,4,4,328,12157
U4000,U400002,1001205,22,N,N,4,4,328,12370
U4000,U400002,1001526,23,N,N,4,4,293,12778
U4000,U400002,1001644,24,N,N,4,4,304,13053
U4000,U400002,1001069,25,N,N,4,4,307,13275
U4000,U400002,1002293,26,Y,N,3,4,308,14039
U4000,U400002,1001846,27,Y,N,3,4,314,14480
U4000,U400002,1000250,28,Y,N,3,4,350,14909
U4000,U400002,1006729,29,N,N,3,3,348,16890
U4000,U400002,1000958,30,N,N,3,3,358,17093
U4000,U400002,1001998,31,N,N,3,3,282,17518
U4000,U400002,1008254,32,N,N,3,3,286,17756
U4000,U400002,1000076,33,N,N,3,3,273,17888
U4000,U400002,1004230,34,N,N,3,3,238,18358
U4000,U400002,1004247,35,N,N,3,3,257,18565
U4000,U400002,1001181,36,N,N,3,3,219,18872
U4000,U400002,1002081,37,N,N,3,3,131,19253
U4000,U400002,1000934,38,N,N,3,3,120,20082
U4000,U400002,1000953,39,N,N,3,3,120,20265
U4000,U400002,1003928,40,Y,N,2,3,170,21493
U4000,U400002,1001847,41,Y,N,2,3,134,21948
U4000,U400002,1002286,42,Y,N,2,3,128,22360
U4000,U400002,1000855,43,N,N,2,2,127,22996
U4000,U400002,1001035,44,N,N,2,2,127,23259
U4000,U400002,1000666,45,N,N,2,2,124,23503
U4000,U400002,1008351,46,N,N,2,2,113,23720
U4000,U400002,1001206,47,N,N,2,2,148,24080
U4000,U400002,1007445,48,N,N,2,2,140,24324
U4000,U400002,1000276,49,N,N,2,2,188,24807
U4000,U400002,1002248,50,N,N,2,2,173,25101
U4000,U400002,1001723,51,N,N,2,2,163,25898
U4000,U400002,1003485,52,Y,N,1,2,137,26804
U4000,U400002,1007156,53,Y,N,1,2,153,28227
U4000,U400002,1001748,54,N,N,1,1,164,28520
U4000,U400002,1000438,55,N,N,1,1,172,28928
U4000,U400002,1002538,56,N,N,1,1,182,29938
U4000,U400002,1001749,57,N,N,1,1,139,30339
U4000,U400002,1000793,58,N,N,1,1,148,30949
U4000,U400002,1003201,59,N,N,1,1,183,31208
U4000,U400002,1001264,60,N,N,1,1,182,31884
U4000,U400002,1002717,61,N,N,1,1,180,32171
U4000,U400002,1004055,62,N,N,1,1,181,32564
U4000,U400002,1002633,63,N,N,1,1,83,32878
U4000,U400002,1003578,64,N,N,1,1,181,33474
U4000,U400002,1008348,65,N,N,1,1,187,33981
U4000,U400002,1004065,66,N,N,1,1,182,34253
U4000,U400002,1003634,67,N,N,1,1,273,34539
U4000,U400002,1002313,68,N,N,1,1,266,34786
U4000,U400002,1001703,69,N,N,1,1,349,35057
U4000,U400002,1008319,70,N,N,1,1,332,35382
U4000,U400002,1000705,71,N,N,1,1,336,35574
U4000,U400002,1002505,72,N,N,1,1,182,36072
U4000,U400002,1002841,73,N,N,1,1,236,36589
U4000,U400002,1003864,74,N,N,1,1,200,37075
U4000,U400002,1002840,75,N,N,1,1,22,37845
U4000,U400002,1003865,76,N,N,1,1,56,38268
U4000,U400002,1002842,77,N,N,1,1,2,38701
U4000,U400002,1002786,78,N,N,1,1,271,38942
U4000,U400002,1007376,79,N,N,1,1,16,39578
U4000,U400002,1008352,80,N,N,1,1,87,41200
U4010,U401002,1001689,1,N,N,7,7,151,0
U4010,U401002,1001690,2,N,N,7,7,331,1066
U4010,U401002,1003922,3,N,N,7,7,88,2736
U4010,U401002,1002515,4,N,N,7,7,97,3209
U4010,U401002,1004053,5,N,N,7,7,92,3594
U4010,U401002,1004259,6,N,N,7,7,126,4080
U4010,U401002,1003939,7,N,N,7,7,78,4346
U4010,U401002,1001480,8,N,N,7,7,90,5052
U4010,U401002,1001420,9,N,N,7,7,99,6316
U4010,U401002,1000247,10,N,N,7,7,70,7126
U4010,U401002,1001214,11,N,N,7,7,65,8243
U4010,U401002,1000184,12,N,N,7,7,329,8643
U4010,U401002,1003022,13,N,N,7,7,29,9294
U4010,U401002,1003590,14,N,N,7,7,31,9665
U4010,U401002,1003374,15,N,N,7,7,31,9931
U4010,U401002,1002212,16,N,N,7,7,33,10241
U4010,U401002,1002468,17,Y,N,6,7,30,10363
U4010,U401002,1006757,18,N,N,6,6,4,10530
U4010,U401002,1006756,19,N,N,6,6,356,10785
U4010,U401002,1001130,20,N,N,6,6,295,11031
U4010,U401002,1002037,21,N,N,6,6,20,11511
U4010,U401002,1004036,22,N,N,6,6,156,12349
U4010,U401002,1000648,23,N,N,6,6,158,12726
U4010,U401002,1002433,24,N,N,6,6,152,13023
U4010,U401002,1000854,25,N,N,6,6,82,13309
U4010,U401002,1001494,26,N,N,6,6,33,13741
U4010,U401002,1003596,27,N,N,6,6,352,13955
U4010,U401002,1003141,28,N,N,6,6,304,14223
U4010,U401002,1000194,29,N,N,6,6,310,15365
U4010,U401002,1003289,30,N,N,6,6,310,15888
U4010,U401002,1000400,31,N,N,6,6,299,16946
U4010,U401002,1004122,32,N,N,6,6,295,17999
U4010,U401002,1002525,33,N,N,6,6,291,18258
U4010,U401002,1002574,34,N,N,6,6,282,20192
U4010,U401002,1000435,35,N,N,6,6,352,21038
U4010,U401002,1001747,36,N,N,6,6,344,21791
U4010,U401002,1002822,37,Y,N,5,6,325,22076
U4010,U401002,1000819,38,Y,N,5,6,340,22567
U4010,U401002,1000783,39,N,N,5,5,353,22783
U4010,U401002,1003671,40,N,N,5,5,8,23217
U4010,U401002,1001808,41,N,N,5,5,328,23490
U4010,U401002,1001205,42,N,N,5,5,328,23717
U4010,U401002,1001526,43,N,N,5,5,293,24476
U4010,U401002,1001644,44,N,N,5,5,304,24928
U4010,U401002,1001069,45,N,N,5,5,307,25357
U4010,U401002,1002293,46,Y,N,4,5,308,25960
U4010,U401002,1001846,47,Y,N,4,5,314,26068
U4010,U401002,1000250,48,Y,N,4,5,350,26742
U4010,U401002,1002054,49,N,N,4,4,74,27183
U4010,U401002,1002566,50,N,N,4,4,74,27393
U4010,U401002,1000958,51,N,N,4,4,358,28029
U4010,U401002,1001998,52,N,N,4,4,282,28242
U4010,U401002,1000076,53,N,N,4,4,273,28727
U4010,U401002,1004230,54,N,N,4,4,238,29337
U4010,U401002,1004247,55,N,N,4,4,257,29488
U4010,U401002,1001181,56,N,N,4,4,219,30168
U4010,U401002,1002081,57,N,N,4,4,131,30600
U4010,U401002,1000934,58,N,N,4,4,120,31015
U4010,U401002,1000953,59,N,N,4,4,120,31657
U4010,U401002,1003928,60,Y,N,3,4,170,31917
U4010,U401002,1001847,61,Y,N,3,4,134,32156
U4010,U401002,1002286,62,Y,N,3,4,128,32753
U4010,U401002,1000855,63,N,N,3,3,127,33485
U4010,U401002,1001035,64,N,N,3,3,127,33750
U4010,U401002,1000666,65,N,N,3,3,124,34571
U4010,U401002,1001206,66,N,N,3,3,148,35503
U4010,U401002,1003900,67,N,N,3,3,148,36845
U4010,U401002,1000276,68,N,N,3,3,188,37196
U4010,U401002,1002248,69,N,N,3,3,173,37606
U4010,U401002,1001723,70,N,N,3,3,163,38515
U4010,U401002,1003485,71,Y,N,2,3,137,39102
U4010,U401002,1000001,72,Y,N,2,3,349,39799
U4010,U401002,1000417,73,N,N,2,2,342,41354
U4010,U401002,1000486,74,N,N,2,2,163,41538
U4010,U401002,1001748,75,N,N,2,2,164,41804
U4010,U401002,1000438,76,N,N,2,2,172,42178
U4010,U401002,1002573,77,N,N,2,2,102,42681
U4010,U401002,1002520,78,N,N,2,2,106,42907
U4010,U401002,1002523,79,N,N,2,2,108,43318
U4010,U401002,1003288,80,N,N,2,2,122,44609
U4010,U401002,1000193,81,N,N,2,2,130,45176
U4010,U401002,1003631,82,N,N,2,2,124,45396
U4010,U401002,1003597,83,N,N,2,2,182,45661
U4010,U401002,1001495,84,N,N,2,2,213,45879
U4010,U401002,1000317,85,N,N,2,2,262,46316
U4010,U401002,1002434,86,N,N,2,2,335,46825
U4010,U401002,1000570,87,N,N,2,2,338,47273
U4010,U401002,1002669,88,N,N,2,2,338,47900
U4010,U401002,1002340,89,N,N,2,2,200,48176
U4010,U401002,1002186,90,N,N,2,2,151,49758
U4010,U401002,1006723,91,N,N,2,2,181,50120
U4010,U401002,1006724,92,N,N,2,2,178,50545
U4010,U401002,1002469,93,Y,N,1,2,183,52914
U4010,U401002,1002213,94,N,N,1,1,213,53128
U4010,U401002,1003965,95,N,N,1,1,211,53571
U4010,U401002,1002772,96,N,N,1,1,209,53978
U4010,U401002,1006754,97,N,N,1,1,132,54714
U4010,U401002,1001214,98,N,N,1,1,65,55131
U4010,U401002,1001063,99,N,N,1,1,245,55865
U4010,U401002,1003441,100,N,N,1,1,243,56188
U4010,U401002,1003450,101,N,N,1,1,251,57616
U4010,U401002,1003053,102,N,N,1,1,273,58219
U4010,U401002,1000489,103,N,N,1,1,268,58834
U4010,U401002,1003241,104,N,N,1,1,251,59408
U4010,U401002,1004066,105,N,N,1,1,251,59597
U4010,U401002,1004260,106,N,N,1,1,288,59998
U4010,U401002,1003332,107,N,N,1,1,277,60924
U4010,U401002,1003923,108,N,N,1,1,268,61240
U4010,U401002,1001689,109,N,N,1,1,151,62000
U4020,U402002,1003900,1,N,N,1,1,148,0
U4020,U402002,1000276,2,N,N,1,1,188,561
U4020,U402002,1002248,3,N,N,1,1,173,826
U4020,U402002,1000783,4,N,N,1,1,353,1292
U4020,U402002,1003671,5,N,N,1,1,8,1577
U4020,U402002,1001808,6,N,N,1,1,328,2067
U4020,U402002,1001205,7,N,N,1,1,328,2284
U4020,U402002,1001526,8,N,N,1,1,293,2718
U4020,U402002,1001644,9,N,N,1,1,304,2990
U4020,U402002,1001069,10,N,N,1,1,307,3218
U4020,U402002,1004120,11,N,N,1,1,13,3795
U4020,U402002,1001889,12,N,N,1,1,18,4032
U4020,U402002,1004261,13,N,N,1,1,18,5064
U4020,U402002,1001186,14,N,N,1,1,16,5376
U4020,U402002,1003768,15,N,N,1,1,339,6684
U4020,U402002,1006137,16,N,N,1,1,192,6884
U4020,U402002,1000492,17,N,N,1,1,274,7280
U4020,U402002,1002014,18,N,N,1,1,238,7456
U4020,U402002,1001518,19,N,N,1,1,283,7877
U4020,U402002,1000077,20,N,N,1,1,38,8382
U4020,U402002,1002764,21,N,N,1,1,62,8751
U4020,U402002,1000757,22,N,N,1,1,323,9379
U4020,U402002,1001185,23,N,N,1,1,312,9817
U4020,U402002,1000987,24,N,N,1,1,309,10092
U4020,U402002,1002318,25,N,N,1,1,278,10703
U4020,U402002,1000968,26,N,N,1,1,202,11900
U4020,U402002,1002414,27,N,N,1,1,129,12877
U4020,U402002,1000514,28,N,N,1,1,129,13157
U4020,U402002,1003247,29,N,N,1,1,132,13500
U4020,U402002,1000887,30,N,N,1,1,359,13982
U4020,U402002,1000915,31,N,N,1,1,20,14272
U4020,U402002,1004081,32,N,N,1,1,102,14708
U4020,U402002,1001015,33,N,N,1,1,107,15181
U4020,U402002,1000928,34,N,N,1,1,129,15706
U4020,U402002,1004279,35,N,N,1,1,163,17235
U4020,U402002,1006137,36,N,N,1,1,192,17430
U4020,U402002,1000492,37,N,N,1,1,274,17704
U4020,U402002,1002014,38,N,N,1,1,238,17880
U4020,U402002,1001518,39,N,N,1,1,283,18301
U4020,U402002,1001087,40,N,N,1,1,223,18938
U4020,U402002,1000998,41,N,N,1,1,147,19394
U4020,U402002,1000649,42,N,N,1,1,83,20011
U4020,U402002,1001088,43,N,N,1,1,75,20190
U4020,U402002,1003768,44,N,N,1,1,339,21071
U4020,U402002,1002818,45,N,N,1,1,198,23250
U4020,U402002,1002578,46,N,N,1,1,198,23423
U4020,U402002,1002491,47,N,N,1,1,222,24497
U4020,U402002,1004241,48,N,N,1,1,193,24876
U4020,U402002,1000855,49,N,N,1,1,127,25344
U4020,U402002,1001035,50,N,N,1,1,127,25604
U4020,U402002,1000666,51,N,N,1,1,124,25843
U4020,U402002,1001206,52,N,N,1,1,148,26440
U4020,U402002,1003900,53,N,N,1,1,148,26600
U4200,U420002,1000964,1,N,N,3,3,358,0
U4200,U420002,1000728,2,N,N,3,3,106,348
U4200,U420002,1001651,3,N,N,3,3,243,1249
U4200,U420002,1000992,4,N,N,3,3,252,1508
U4200,U420002,1003749,5,N,N,3,3,249,1661
U4200,U420002,1000610,6,N,N,3,3,249,1862
U4200,U420002,1002238,7,N,N,3,3,270,2245
U4200,U420002,1000927,8,N,N,3,3,262,2475
U4200,U420002,1000189,9,N,N,3,3,176,2708
U4200,U420002,1003307,10,N,N,3,3,176,2983
U4200,U420002,1003351,11,N,N,3,3,176,3248
U4200,U420002,1003991,12,N,N,3,3,269,3692
U4200,U420002,1003057,13,N,N,3,3,269,3944
U4200,U420002,1000701,14,N,N,3,3,5,4448
U4200,U420002,1000234,15,N,N,3,3,1,4761
U4200,U420002,1003244,16,N,N,3,3,248,6306
U4200,U420002,1002586,17,N,N,3,3,247,6573
U4200,U420002,1000509,18,N,N,3,3,247,6899
U4200,U420002,1004183,19,N,N,3,3,247,7084
U4200,U420002,1000465,20,N,N,3,3,182,7539
U4200,U420002,1001302,21,N,N,3,3,328,8216
U4200,U420002,1002460,22,N,N,3,3,290,8699
U4200,U420002,1001705,23,N,N,3,3,285,8956
U4200,U420002,1001700,24,N,N,3,3,285,9228
U4200,U420002,1003343,25,N,N,3,3,285,9613
U4200,U420002,1001307,26,Y,N,2,3,274,10213
U4200,U420002,1001846,27,Y,N,2,3,314,10910
U4200,U420002,1000250,28,Y,N,2,3,350,11339
U4200,U420002,1002054,29,N,N,2,2,74,11942
U4200,U420002,1002566,30,N,N,2,2,74,12050
U4200,U420002,1000958,31,N,N,2,2,358,12724
U4200,U420002,1001998,32,N,N,2,2,282,13166
U4200,U420002,1000076,33,N,N,2,2,273,13375
U4200,U420002,1004230,34,N,N,2,2,238,14010
U4200,U420002,1004247,35,N,N,2,2,257,14224
U4200,U420002,1002011,36,N,N,2,2,133,14709
U4200,U420002,1000934,37,N,N,2,2,120,15319
U4200,U420002,1000953,38,N,N,2,2,120,15470
U4200,U420002,1003928,39,Y,N,1,2,170,16150
U4200,U420002,1001847,40,Y,N,1,2,134,16618
U4200,U420002,1002287,41,Y,N,1,2,82,17125
U4200,U420002,1001306,42,Y,N,1,2,94,17340
U4200,U420002,1003344,43,N,N,1,1,105,17959
U4200,U420002,1001379,44,N,N,1,1,105,18342
U4200,U420002,1003879,45,N,N,1,1,110,18872
U4200,U420002,1001968,46,N,N,1,1,148,19203
U4200,U420002,1001607,47,N,N,1,1,148,19371
U4200,U420002,1000464,48,N,N,1,1,2,20030
U4200,U420002,1003839,49,N,N,1,1,67,20563
U4200,U420002,1001263,50,N,N,1,1,67,20955
U4200,U420002,1001034,51,N,N,1,1,165,21995
U4200,U420002,1000702,52,N,N,1,1,181,22767
U4200,U420002,1003990,53,N,N,1,1,358,24002
U4200,U420002,1003350,54,N,N,1,1,358,24271
U4200,U420002,1003306,55,N,N,1,1,356,24562
U4200,U420002,1003689,56,N,N,1,1,82,25083
U4200,U420002,1001962,57,N,N,1,1,90,25285
U4200,U420002,1002821,58,N,N,1,1,90,25440
U4200,U420002,1000110,59,N,N,1,1,69,25710
U4200,U420002,1003811,60,N,N,1,1,69,25926
U4200,U420002,1000636,61,N,N,1,1,291,26528
U4200,U420002,1002320,62,N,N,1,1,282,26786
U4200,U420002,1000354,63,N,N,1,1,15,27172
U4200,U420002,1000134,64,N,N,1,1,292,27371
U4200,U420002,1000129,65,N,N,1,1,292,27518
U4200,U420002,1003522,66,N,N,1,1,268,27774
U4200,U420002,1000704,67,N,N,1,1,166,28157
U4200,U420002,1000964,68,N,N,1,1,358,28641
U4210,U421002,1000970,1,N,N,3,3,21,0
U4210,U421002,1003907,2,N,N,3,3,285,213
U4210,U421002,1004129,3,N,N,3,3,285,406
U4210,U421002,1000859,4,N,N,3,3,188,658
U4210,U421002,1001646,5,N,N,3,3,287,1065
U4210,U421002,1003219,6,N,N,3,3,269,1392
U4210,U421002,1001535,7,N,N,3,3,270,1595
U4210,U421002,1001876,8,N,N,3,3,270,1827
U4210,U421002,1002035,9,N,N,3,3,279,2103
U4210,U421002,1000565,10,N,N,3,3,280,2482
U4210,U421002,1002281,11,N,N,3,3,282,2663
U4210,U421002,1001880,12,N,N,3,3,232,2976
U4210,U421002,1001868,13,N,N,3,3,201,3197
U4210,U421002,1002774,14,N,N,3,3,291,3397
U4210,U421002,1001273,15,N,N,3,3,301,3505
U4210,U421002,1001557,16,N,N,3,3,260,3864
U4210,U421002,1000018,17,N,N,3,3,267,4128
U4210,U421002,1002472,18,N,N,3,3,204,4544
U4210,U421002,1003107,19,N,N,3,3,204,4703
U4210,U421002,1001721,20,N,N,3,3,200,5017
U4210,U421002,1000360,21,N,N,3,3,285,5347
U4210,U421002,1002491,22,N,N,3,3,222,6501
U4210,U421002,1001307,23,Y,N,2,3,274,6864
U4210,U421002,1001846,24,Y,N,2,3,314,7561
U4210,U421002,1000250,25,Y,N,2,3,350,7990
U4210,U421002,1002054,26,N,N,2,2,74,8593
U4210,U421002,1002566,27,N,N,2,2,74,8701
U4210,U421002,1000958,28,N,N,2,2,358,9375
U4210,U421002,1001998,29,N,N,2,2,282,9817
U4210,U421002,1000076,30,N,N,2,2,273,10026
U4210,U421002,1004230,31,N,N,2,2,238,10661
U4210,U421002,1004247,32,N,N,2,2,257,10875
U4210,U421002,1002011,33,N,N,2,2,133,11360
U4210,U421002,1000934,34,N,N,2,2,120,11970
U4210,U421002,1000953,35,N,N,2,2,120,12121
U4210,U421002,1003928,36,Y,N,1,2,170,12801
U4210,U421002,1001847,37,Y,N,1,2,134,13269
U4210,U421002,1002287,38,Y,N,1,2,82,13776
U4210,U421002,1001306,39,Y,N,1,2,94,13991
U4210,U421002,1000128,40,N,N,1,1,29,14431
U4210,U421002,1000359,41,N,N,1,1,105,14859
U4210,U421002,1001720,42,N,N,1,1,20,15485
U4210,U421002,1003106,43,N,N,1,1,20,15734
U4210,U421002,1000713,44,N,N,1,1,82,16709
U4210,U421002,1002087,45,N,N,1,1,113,17118
U4210,U421002,1001881,46,N,N,1,1,52,17388
U4210,U421002,1002280,47,N,N,1,1,68,17556
U4210,U421002,1000564,48,N,N,1,1,100,17909
U4210,U421002,1001291,49,N,N,1,1,90,18367
U4210,U421002,1001877,50,N,N,1,1,90,18590
U4210,U421002,1001534,51,N,N,1,1,90,18752
U4210,U421002,1002205,52,N,N,1,1,89,19005
U4210,U421002,1000541,53,N,N,1,1,98,19315
U4210,U421002,1003838,54,N,N,1,1,107,19422
U4210,U421002,1001527,55,N,N,1,1,22,19635
U4210,U421002,1000858,56,N,N,1,1,8,19763
U4210,U421002,1004130,57,N,N,1,1,105,19989
U4210,U421002,1003908,58,N,N,1,1,105,20184
U4210,U421002,1000970,59,N,N,1,1,21,20565
U4500,U450001,1002081,1,N,N,4,4,131,0
U4500,U450001,1000934,2,N,N,4,4,120,602
U4500,U450001,1000953,3,N,N,4,4,120,1402
U4500,U450001,1003928,4,Y,N,3,4,170,2081
U4500,U450001,1001847,5,Y,N,3,4,134,2550
U4500,U450001,1002287,6,Y,N,3,4,82,2965
U4500,U450001,1001306,7,Y,N,3,4,94,3237
U4500,U450001,1004241,8,N,N,3,3,193,3457
U4500,U450001,1000855,9,N,N,3,3,127,3607
U4500,U450001,1001035,10,N,N,3,3,127,3866
U4500,U450001,1000666,11,N,N,3,3,124,4106
U4500,U450001,1001206,12,N,N,3,3,148,4702
U4500,U450001,1000276,13,N,N,3,3,188,5435
U4500,U450001,1002248,14,N,N,3,3,173,5700
U4500,U450001,1001723,15,N,N,3,3,163,6520
U4500,U450001,1003485,16,Y,N,2,3,137,7453
U4500,U450001,1007156,17,Y,N,2,3,153,8794
U4500,U450001,1001748,18,N,N,2,2,164,9146
U4500,U450001,1000438,19,N,N,2,2,172,9556
U4500,U450001,1002520,20,N,N,2,2,106,11052
U4500,U450001,1002523,21,N,N,2,2,108,11748
U4500,U450001,1002809,22,N,N,2,2,119,13303
U4500,U450001,1003288,23,N,N,2,2,122,13487
U4500,U450001,1000193,24,N,N,2,2,130,13753
U4500,U450001,1003631,25,N,N,2,2,124,14128
U4500,U450001,1003597,26,N,N,2,2,182,14630
U4500,U450001,1001495,27,N,N,2,2,213,14856
U4500,U450001,1001905,28,N,N,2,2,162,15268
U4500,U450001,1003532,29,Y,N,1,2,182,16607
U4500,U450001,1002659,30,Y,N,1,2,198,17703
U4500,U450001,1003544,31,N,N,1,1,208,18064
U4500,U450001,1002399,32,N,N,1,1,178,18771
U4500,U450001,1000461,33,N,N,1,1,129,19124
U4500,U450001,1000614,34,N,N,1,1,155,19495
U4500,U450001,1002083,35,N,N,1,1,155,19631
U4500,U450001,1003764,36,N,N,1,1,160,19955
U4500,U450001,1003226,37,N,N,1,1,166,20566
U4500,U450001,1003763,38,N,N,1,1,146,20982
U4500,U450001,1002836,39,N,N,1,1,150,21603
U4500,U450001,1003391,40,N,N,1,1,167,21906
U4500,U450001,1001622,41,N,N,1,1,136,22834
U4500,U450001,1000924,42,N,N,1,1,179,23256
U4500,U450001,1000890,43,N,N,1,1,178,24372
U4500,U450001,1007267,44,N,N,1,1,0,24693
U4500,U450001,1001332,45,N,N,1,1,181,24941
U4500,U450001,1001571,46,N,N,1,1,181,25186
U4500,U450001,1008354,47,N,N,1,1,94,25523
U4500,U450001,1003759,48,N,N,1,1,182,25964
U4500,U450001,1003225,49,N,N,1,1,163,26759
U4500,U450001,1002572,50,N,N,1,1,162,27189
U4500,U450001,1003903,51,N,N,1,1,115,27800
U4500,U450002,1003903,1,N,N,1,1,115,0
U4500,U450002,1002571,2,N,N,1,1,342,615
U4500,U450002,1003224,3,N,N,1,1,343,990
U4500,U450002,1002709,4,N,N,1,1,345,1381
U4500,U450002,1003760,5,N,N,1,1,2,1731
U4500,U450002,1001570,6,N,N,1,1,2,2100
U4500,U450002,1001569,7,N,N,1,1,1,2635
U4500,U450002,1001331,8,N,N,1,1,1,2824
U4500,U450002,1001713,9,N,N,1,1,359,3095
U4500,U450002,1000889,10,N,N,1,1,358,3344
U4500,U450002,1001975,11,N,N,1,1,277,4110
U4500,U450002,1001621,12,N,N,1,1,316,5174
U4500,U450002,1002114,13,N,N,1,1,341,5634
U4500,U450002,1003390,14,N,N,1,1,341,6155
U4500,U450002,1002835,15,N,N,1,1,330,6384
U4500,U450002,1004131,16,N,N,1,1,326,6826
U4500,U450002,1003427,17,N,N,1,1,346,7454
U4500,U450002,1001947,18,N,N,1,1,340,7929
U4500,U450002,1002082,19,N,N,1,1,335,8318
U4500,U450002,1001290,20,N,N,1,1,309,8913
U4500,U450002,1003429,21,N,N,1,1,23,10065
U4500,U450002,1003531,22,Y,N,2,1,25,10829
U4500,U450002,1003442,23,Y,N,2,1,332,11790
U4500,U450002,1003930,24,N,N,2,2,342,12628
U4500,U450002,1001494,25,N,N,2,2,33,13006
U4500,U450002,1003596,26,N,N,2,2,352,13302
U4500,U450002,1003141,27,N,N,2,2,304,13589
U4500,U450002,1000194,28,N,N,2,2,310,14020
U4500,U450002,1003289,29,N,N,2,2,310,14235
U4500,U450002,1000400,30,N,N,2,2,299,14503
U4500,U450002,1004122,31,N,N,2,2,295,15644
U4500,U450002,1002525,32,N,N,2,2,291,16168
U4500,U450002,1000435,33,N,N,2,2,352,18279
U4500,U450002,1001747,34,N,N,2,2,344,18538
U4500,U450002,1007150,35,Y,N,3,2,298,20472
U4500,U450002,1000819,36,Y,N,3,2,340,21318
U4500,U450002,1000783,37,N,N,3,3,353,22071
U4500,U450002,1003671,38,N,N,3,3,8,22356
U4500,U450002,1001808,39,N,N,3,3,328,22846
U4500,U450002,1001205,40,N,N,3,3,328,23063
U4500,U450002,1001526,41,N,N,3,3,293,23497
U4500,U450002,1001644,42,N,N,3,3,304,23769
U4500,U450002,1001069,43,N,N,3,3,307,23997
U4500,U450002,1004120,44,N,N,3,3,13,24340
U4500,U450002,1001307,45,Y,N,4,3,94,24755
U4500,U450002,1001846,46,Y,N,4,3,314,25207
U4500,U450002,1000250,47,Y,N,4,3,350,25637
U4500,U450002,1000948,48,N,N,4,4,300,26403
U4500,U450002,1002080,49,N,N,4,4,313,27302
U4500,U450002,1002081,50,N,N,4,4,131,27900
#N/A,U452001,1002081,1,N,N,8,8,131,0
#N/A,U452001,1000934,2,N,N,8,8,120,400
#N/A,U452001,1000953,3,N,N,8,8,120,1000
#N/A,U452001,1003928,4,Y,N,7,8,170,1600
#N/A,U452001,1001847,5,Y,N,7,8,134,2100
#N/A,U452001,1002286,6,Y,N,7,8,128,2800
#N/A,U452001,1000855,7,N,N,7,7,127,3200
#N/A,U452001,1001035,8,N,N,7,7,127,3700
#N/A,U452001,1000666,9,N,N,7,7,124,4200
#N/A,U452001,1001206,10,N,N,7,7,148,5000
#N/A,U452001,1000276,11,N,N,7,7,188,5700
#N/A,U452001,1002248,12,N,N,7,7,173,6100
#N/A,U452001,1001723,13,N,N,7,7,163,6500
#N/A,U452001,1003485,14,Y,N,6,7,137,8100
#N/A,U452001,1000486,15,N,N,6,6,163,8500
#N/A,U452001,1001748,16,Y,N,5,6,164,9000
#N/A,U452001,1003532,17,Y,N,5,6,182,9800
#N/A,U452001,1001622,18,N,N,5,5,136,10400
#N/A,U452001,1000924,19,Y,N,4,5,179,11000
#N/A,U452001,1000923,20,N,N,4,4,111,11600
#N/A,U452001,1003366,21,Y,N,3,4,108,12000
#N/A,U452001,1003543,22,N,N,3,3,128,17100
#N/A,U452001,1004093,23,N,N,3,3,104,17300
#N/A,U452001,1000295,24,N,N,3,3,99,17500
#N/A,U452001,1003365,25,Y,N,2,3,118,17700
#N/A,U452001,1001344,26,N,N,2,2,106,18300
#N/A,U452001,1001553,27,N,N,2,2,121,18900
#N/A,U452001,1003840,28,N,N,2,2,128,19500
#N/A,U452001,1004013,29,N,N,2,2,129,20300
#N/A,U452001,1002804,30,N,N,2,2,153,21000
#N/A,U452001,1002034,31,N,N,2,2,163,23300
#N/A,U452001,1002765,32,N,N,2,2,154,23800
#N/A,U452001,1003440,33,N,N,2,2,153,24700
#N/A,U452001,1001013,34,N,N,2,2,160,25900
#N/A,U452001,1002552,35,N,N,2,2,152,26300
#N/A,U452001,1003912,36,N,N,2,2,147,27900
#N/A,U452001,1002038,37,Y,N,1,2,150,28500
#N/A,U452001,1002824,38,N,N,1,1,174,29800
#N/A,U452001,1002831,39,N,N,1,1,156,30600
#N/A,U452001,1000246,40,N,N,1,1,158,31200
#N/A,U452001,1001609,41,N,N,1,1,270,32000
#N/A,U452001,1006163,42,N,N,1,1,160,32700
#N/A,U452002,1006138,1,N,N,1,1,339,0
#N/A,U452002,1003854,2,N,N,1,1,349,2000
#N/A,U452002,1001717,3,N,N,1,1,338,2400
#N/A,U452002,1003313,4,N,N,1,1,342,2700
#N/A,U452002,1001339,5,N,N,1,1,318,3400
#N/A,U452002,1003136,6,N,N,1,1,330,3800
#N/A,U452002,1003911,7,N,N,1,1,327,5400
#N/A,U452002,1004067,8,N,N,1,1,332,6400
#N/A,U452002,1000607,9,N,N,1,1,333,6800
#N/A,U452002,1001314,10,N,N,1,1,334,7200
#N/A,U452002,1003316,11,N,N,1,1,331,7700
#N/A,U452002,1002747,12,Y,N,2,1,340,8700
#N/A,U452002,1001287,13,Y,N,2,1,298,9500
#N/A,U452002,1004012,14,N,N,2,2,304,10800
#N/A,U452002,1002190,15,N,N,2,2,308,11300
#N/A,U452002,1001552,16,N,N,2,2,301,11900
#N/A,U452002,1000954,17,N,N,2,2,294,12900
#N/A,U452002,1003364,18,N,N,2,2,312,14100
#N/A,U452002,1003978,19,N,N,2,2,279,14250
#N/A,U452002,1004094,20,N,N,2,2,281,14440
#N/A,U452002,1001363,21,N,N,2,2,310,14580
#N/A,U452002,1002026,22,Y,N,3,2,288,14700
#N/A,U452002,1004267,23,N,N,3,3,280,16000
#N/A,U452002,1001750,24,N,N,3,3,279,17400
#N/A,U452002,1001621,25,Y,N,4,3,316,18700
#N/A,U452002,1002114,26,Y,N,4,3,341,20200
#N/A,U452002,1003531,27,Y,N,5,4,25,22800
#N/A,U452002,1001747,28,Y,N,6,5,344,23300
#N/A,U452002,1002822,29,Y,N,7,6,325,23700
#N/A,U452002,1000819,30,Y,N,7,6,340,24200
#N/A,U452002,1000783,31,N,N,7,7,353,24700
#N/A,U452002,1003671,32,N,N,7,7,8,24900
#N/A,U452002,1001808,33,N,N,7,7,328,25400
#N/A,U452002,1001205,34,N,N,7,7,328,25700
#N/A,U452002,1001526,35,N,N,7,7,293,26100
#N/A,U452002,1001644,36,N,N,7,7,304,26700
#N/A,U452002,1001069,37,N,N,7,7,307,27200
#N/A,U452002,1002293,38,Y,N,8,7,308,27600
#N/A,U452002,1001846,39,Y,N,8,7,314,28000
#N/A,U452002,1000250,40,Y,N,8,7,350,28800
#N/A,U452002,1000948,41,N,N,8,8,300,29900
#N/A,U452002,1002081,42,N,N,8,8,131,30700
U5060,U506001,1000909,1,N,N,4,4,65,0
U5060,U506001,1007127,2,N,N,4,4,137,749
U5060,U506001,1001776,3,Y,N,3,4,170,2659
U5060,U506001,1001169,4,N,N,3,3,264,5789
U5060,U506001,1001804,5,Y,N,2,3,277,6481
U5060,U506001,1003347,6,Y,N,2,3,182,7681
U5060,U506001,1002595,7,N,N,2,2,174,8582
U5060,U506001,1006678,8,N,N,2,2,29,16563
U5060,U506001,1002768,9,Y,N,1,2,93,16913
U5060,U506001,1003510,10,Y,N,1,2,190,18420
U5060,U506001,1000070,11,Y,N,1,2,190,19100
U5060,U506001,1002692,12,N,N,1,1,283,36000
U5060,U506002,1002692,1,N,N,1,1,283,0
U5060,U506002,1003913,2,Y,N,2,1,14,17131
U5060,U506002,1001010,3,N,N,2,2,22,18267
U5060,U506002,1004221,4,N,N,2,2,280,24394
U5060,U506002,1002200,5,N,N,2,2,348,26099
U5060,U506002,1001508,6,Y,N,3,2,356,27335
U5060,U506002,1001805,7,Y,N,3,2,97,28754
U5060,U506002,1004001,8,N,N,3,3,32,29858
U5060,U506002,1001064,9,Y,N,4,3,350,32445
U5060,U506002,1004155,10,N,N,4,4,238,34084
U5060,U506002,1007491,11,N,N,4,4,299,34721
U5060,U506002,1000909,12,N,N,4,4,65,35200
U5400,U540002,1003898,1,N,N,1,1,127,0
U5400,U540002,1000208,2,N,N,1,1,127,511
U5400,U540002,1001032,3,N,N,1,1,127,740
U5400,U540002,1002482,4,N,N,1,1,48,1071
U5400,U540002,1000620,5,N,N,1,1,73,1399
U5400,U540002,1004011,6,N,N,1,1,47,2475
U5400,U540002,1000425,7,N,N,1,1,2,3219
U5400,U540002,1003425,8,N,N,1,1,25,3478
U5400,U540002,1003506,9,N,N,1,1,90,3800
U5400,U540002,1004253,10,N,N,1,1,91,4762
U5400,U540002,1002483,11,N,N,1,1,358,5534
U5400,U540002,1001260,12,N,N,1,1,24,5909
U5400,U540002,1002634,13,N,N,1,1,234,6319
U5400,U540002,1002256,14,N,N,1,1,37,6481
U5400,U540002,1008022,15,N,N,1,1,75,7062
U5400,U540002,1001541,16,N,N,1,1,58,7229
U5400,U540002,1003922,17,N,N,1,1,88,8265
U5400,U540002,1001689,18,N,N,1,1,151,9020
U5400,U540002,1001690,19,N,N,1,1,331,10147
U5400,U540002,1001547,20,N,N,1,1,238,11113
U5400,U540002,1000420,21,N,N,1,1,227,11242
U5400,U540002,1006261,22,N,N,1,1,179,11693
U5400,U540002,1008015,23,N,N,1,1,176,12075
U5400,U540002,1006262,24,N,N,1,1,274,12405
U5400,U540002,1008023,25,N,N,1,1,232,12790
U5400,U540002,1002465,26,N,N,1,1,224,13067
U5400,U540002,1004254,27,N,N,1,1,271,13965
U5400,U540002,1003507,28,N,N,1,1,270,14929
U5400,U540002,1002771,29,N,N,1,1,205,15174
U5400,U540002,1003333,30,N,N,1,1,178,15355
U5400,U540002,1004010,31,N,N,1,1,227,16251
U5400,U540002,1002131,32,N,N,1,1,180,17546
U5400,U540002,1004205,33,N,N,1,1,220,17821
U5400,U540002,1003026,34,N,N,1,1,219,18025
U5400,U540002,1006270,35,N,N,1,1,310,18404
U5400,U540002,1000621,36,N,N,1,1,222,18716
U5400,U540002,1003223,37,N,N,1,1,39,19520
U5400,U540002,1001033,38,N,N,1,1,307,20269
U5400,U540002,1000207,39,N,N,1,1,307,20566
U5400,U540002,1001272,40,N,N,1,1,303,20955
U5400,U540002,1003898,41,N,N,1,1,127,21300
U5410,U541001,1006167,1,N,N,2,2,285,0
U5410,U541001,1002467,2,N,N,2,2,179,645
U5410,U541001,1006146,3,N,N,2,2,195,1286
U5410,U541001,1000879,4,N,N,2,2,112,2658
U5410,U541001,1000907,5,N,N,2,2,95,3050
U5410,U541001,1001849,6,N,N,2,2,96,3498
U5410,U541001,1001995,7,N,N,2,2,93,3826
U5410,U541001,1003263,8,Y,N,1,2,77,4043
U5410,U541001,1002145,9,Y,N,1,2,93,4676
U5410,U541001,1006156,10,Y,N,1,2,149,5586
U5410,U541001,1006157,11,N,N,1,1,120,6059
U5410,U541001,1006158,12,N,N,1,1,242,6683
U5410,U541001,1006159,13,N,N,1,1,252,7044
U5410,U541001,1006161,14,N,N,1,1,165,7862
U5410,U541001,1006164,15,N,N,1,1,260,8819
U5410,U541001,1006141,16,N,N,1,1,197,9612
U5410,U541001,1006166,17,N,N,1,1,283,9965
U5410,U541001,1006139,18,N,N,1,1,60,11548
U5410,U541001,1006269,19,N,N,1,1,122,13119
U5410,U541001,1006324,20,N,N,1,1,310,13500
U5410,U541002,1006324,1,N,N,1,1,310,0
U5410,U541002,1006264,2,N,N,1,1,325,723
U5410,U541002,1006166,3,N,N,1,1,283,1754
U5410,U541002,1006139,4,N,N,1,1,60,2167
U5410,U541002,1006265,5,N,N,1,1,32,2611
U5410,U541002,1006145,6,N,N,1,1,95,3660
U5410,U541002,1006148,7,N,N,1,1,339,4669
U5410,U541002,1006150,8,N,N,1,1,90,5382
U5410,U541002,1006151,9,N,N,1,1,30,5968
U5410,U541002,1006152,10,N,N,1,1,8,6301
U5410,U541002,1006153,11,Y,N,2,1,325,6981
U5410,U541002,1002146,12,Y,N,2,1,272,7817
U5410,U541002,1003262,13,Y,N,2,1,268,8557
U5410,U541002,1001994,14,N,N,2,2,273,8840
U5410,U541002,1001848,15,N,N,2,2,272,9295
U5410,U541002,1000906,16,N,N,2,2,275,9595
U5410,U541002,1000878,17,N,N,2,2,292,9928
U5410,U541002,1008501,18,N,N,2,2,346,10531
U5410,U541002,1008500,19,N,N,2,2,322,11018
U5410,U541002,1006167,20,N,N,2,2,285,12000
#N/A,U551001,1002081,1,N,N,7,7,131,0
#N/A,U551001,1000934,2,N,N,7,7,120,789
#N/A,U551001,1001847,3,Y,N,6,7,134,2106
#N/A,U551001,1002286,4,Y,N,6,7,128,2495
#N/A,U551001,1003480,5,N,N,6,6,182,4282
#N/A,U551001,1000390,6,Y,N,5,6,170,5377
#N/A,U551001,1002707,7,N,N,5,5,203,5947
#N/A,U551001,1004042,8,N,N,5,5,224,6426
#N/A,U551001,1001060,9,N,N,5,5,209,7427
#N/A,U551001,1001442,10,N,N,5,5,142,10451
#N/A,U551001,1001440,11,N,N,5,5,187,10878
#N/A,U551001,1003962,12,N,N,5,5,165,11563
#N/A,U551001,1004040,13,N,N,5,5,186,12169
#N/A,U551001,1002832,14,N,N,5,5,182,13494
#N/A,U551001,1000180,15,N,N,5,5,174,15098
#N/A,U551001,1001689,16,Y,N,4,5,151,17045
#N/A,U551001,1003430,17,N,N,4,4,146,18906
#N/A,U551001,1006073,18,N,N,4,4,119,22749
#N/A,U551001,1006183,19,Y,N,3,4,155,26637
#N/A,U551001,1006184,20,N,N,3,3,165,27077
#N/A,U551001,1006185,21,N,N,3,3,128,27367
#N/A,U551001,1006186,22,N,N,3,3,181,28173
#N/A,U551001,1006187,23,N,N,3,3,164,29298
#N/A,U551001,1006188,24,N,N,3,3,170,29782
#N/A,U551001,1000375,25,N,N,3,3,163,30262
#N/A,U551001,1006189,26,N,N,3,3,89,30633
#N/A,U551001,1006190,27,N,N,3,3,318,31841
#N/A,U551001,1006191,28,N,N,3,3,318,32290
#N/A,U551001,1006192,29,Y,N,2,3,94,35037
#N/A,U551001,1006193,30,N,N,2,2,215,37223
#N/A,U551001,1006194,31,N,N,2,2,179,38071
#N/A,U551001,1006195,32,N,N,2,2,186,38363
#N/A,U551001,1006196,33,N,N,2,2,190,38724
#N/A,U551001,1006063,34,N,N,2,2,148,39951
#N/A,U551001,1002550,35,Y,N,1,2,46,40642
#N/A,U551001,1002544,36,Y,N,1,2,38,41586
#N/A,U551001,1001359,37,N,N,1,1,352,42065
#N/A,U551001,1002814,38,N,N,1,1,24,42673
#N/A,U551001,1001467,39,N,N,1,1,30,43249
#N/A,U551001,1003903,40,N,N,1,1,115,44194
#N/A,U551002,1003903,1,N,N,1,1,115,0
#N/A,U551002,1001468,2,N,N,1,1,204,846
#N/A,U551002,1002815,3,N,N,1,1,204,1411
#N/A,U551002,1002793,4,N,N,1,1,189,2013
#N/A,U551002,1002546,5,Y,N,2,1,218,2553
#N/A,U551002,1000824,6,Y,N,2,1,309,3616
#N/A,U551002,1006080,7,N,N,2,2,221,4231
#N/A,U551002,1006177,8,N,N,2,2,1,5606
#N/A,U551002,1006178,9,N,N,2,2,342,5978
#N/A,U551002,1006179,10,N,N,2,2,325,6276
#N/A,U551002,1006180,11,N,N,2,2,7,7137
#N/A,U551002,1006181,12,N,N,2,2,263,9149
#N/A,U551002,1006090,13,Y,N,3,2,163,9648
#N/A,U551002,1006091,14,N,N,3,3,153,11822
#N/A,U551002,1006062,15,N,N,3,3,155,12688
#N/A,U551002,1006081,16,N,N,3,3,207,13503
#N/A,U551002,1006082,17,N,N,3,3,208,13731
#N/A,U551002,1006083,18,N,N,3,3,77,14683
#N/A,U551002,1006084,19,N,N,3,3,20,15302
#N/A,U551002,1006085,20,N,N,3,3,72,16377
#N/A,U551002,1006086,21,N,N,3,3,217,17137
#N/A,U551002,1006087,22,N,N,3,3,80,17526
#N/A,U551002,1006182,23,Y,N,4,3,318,17951
#N/A,U551002,1006070,24,N,N,4,4,320,20775
#N/A,U551002,1006071,25,N,N,4,4,316,21043
#N/A,U551002,1006072,26,N,N,4,4,318,21394
#N/A,U551002,1001732,27,N,N,4,4,321,25367
#N/A,U551002,1001690,28,Y,N,5,4,331,27182
#N/A,U551002,1004041,29,N,N,5,5,6,31963
#N/A,U551002,1003961,30,N,N,5,5,345,32779
#N/A,U551002,1000264,31,N,N,5,5,321,33207
#N/A,U551002,1001441,32,N,N,5,5,10,33682
#N/A,U551002,1003574,33,N,N,5,5,312,34979
#N/A,U551002,1004146,34,Y,N,6,5,324,35278
#N/A,U551002,1000278,35,Y,N,6,5,56,36032
#N/A,U551002,1001059,36,N,N,6,6,29,36846
#N/A,U551002,1002706,37,N,N,6,6,352,38556
#N/A,U551002,1000391,38,N,N,6,6,350,38918
#N/A,U551002,1001965,39,N,N,6,6,35,40500
#N/A,U551002,1002293,40,Y,N,7,6,308,41671
#N/A,U551002,1001846,41,Y,N,7,6,314,42114
#N/A,U551002,1000948,42,N,N,7,7,300,43287
#N/A,U551002,1002081,43,N,N,7,7,131,44306
U5700,U570002,1006325,1,N,N,1,1,331,0
U5700,U570002,1006326,2,N,N,1,1,3,262
U5700,U570002,1006327,3,N,N,1,1,135,747
U5700,U570002,1006328,4,N,N,1,1,213,1189
U5700,U570002,1006262,5,N,N,1,1,274,1994
U5700,U570002,1002256,6,N,N,1,1,37,2797
U5700,U570002,1006329,7,N,N,1,1,318,3259
U5700,U570002,1006330,8,N,N,1,1,337,3648
U5700,U570002,1006331,9,N,N,1,1,342,3835
U5700,U570002,1006332,10,N,N,1,1,357,4114
U5700,U570002,1006333,11,N,N,1,1,355,4395
U5700,U570002,1006334,12,N,N,1,1,18,5135
U5700,U570002,1006335,13,Y,N,2,1,234,6308
U5700,U570002,1004159,14,N,N,2,2,88,7187
U5700,U570002,1006336,15,N,N,2,2,240,7657
U5700,U570002,1000160,16,N,N,2,2,1,8429
U5700,U570002,1001791,17,N,N,2,2,44,9302
U5700,U570002,1000161,18,N,N,2,2,181,11920
U5700,U570002,1006337,19,N,N,2,2,106,12226
U5700,U570002,1006338,20,Y,N,1,2,89,13533
U5700,U570002,1006339,21,N,N,1,1,169,16030
U5700,U570002,1006340,22,N,N,1,1,159,16736
U5700,U570002,1006341,23,N,N,1,1,154,17057
U5700,U570002,1006342,24,N,N,1,1,144,17421
U5700,U570002,1006343,25,N,N,1,1,142,17541
U5700,U570002,1006344,26,N,N,1,1,128,17852
U5700,U570002,1001541,27,N,N,1,1,58,18258
U5700,U570002,1003922,28,N,N,1,1,88,19265
U5700,U570002,1001547,29,N,N,1,1,238,20386
U5700,U570002,1000420,30,N,N,1,1,227,20644
U5700,U570002,1006261,31,N,N,1,1,179,21086
U5700,U570002,1006345,32,N,N,1,1,66,21914
U5700,U570002,1006325,33,N,N,1,1,331,22300
U5800,U580002,1003895,1,N,N,3,3,148,0
U5800,U580002,1002974,2,N,N,3,3,272,322
U5800,U580002,1003295,3,N,N,3,3,275,564
U5800,U580002,1001665,4,N,N,3,3,262,833
U5800,U580002,1002715,5,N,N,3,3,279,1169
U5800,U580002,1000274,6,N,N,3,3,292,1468
U5800,U580002,1001664,7,N,N,3,3,38,1815
U5800,U580002,1000569,8,N,N,3,3,80,2133
U5800,U580002,1001004,9,N,N,3,3,106,2436
U5800,U580002,1002844,10,N,N,3,3,108,2571
U5800,U580002,1002303,11,N,N,3,3,315,2926
U5800,U580002,1002267,12,N,N,3,3,315,3186
U5800,U580002,1002904,13,N,N,3,3,235,3522
U5800,U580002,1000196,14,N,N,3,3,307,3709
U5800,U580002,1001549,15,N,N,3,3,338,3955
U5800,U580002,1000645,16,N,N,3,3,25,4308
U5800,U580002,1001059,17,N,N,3,3,29,4538
U5800,U580002,1000211,18,N,N,3,3,51,6508
U5800,U580002,1001816,19,N,N,3,3,12,6918
U5800,U580002,1003278,20,N,N,3,3,21,7383
U5800,U580002,1002706,21,N,N,3,3,352,7593
U5800,U580002,1000391,22,N,N,3,3,350,7963
U5800,U580002,1003481,23,N,N,3,3,23,9169
U5800,U580002,1001965,24,N,N,3,3,35,9554
U5800,U580002,1002293,25,Y,N,2,3,308,10807
U5800,U580002,1001846,26,Y,N,2,3,314,11168
U5800,U580002,1000250,27,Y,N,2,3,350,11608
U5800,U580002,1002054,28,N,N,2,2,74,12990
U5800,U580002,1002566,29,N,N,2,2,74,13158
U5800,U580002,1006729,30,N,N,2,2,348,13537
U5800,U580002,1000958,31,N,N,2,2,358,13737
U5800,U580002,1001998,32,N,N,2,2,282,14154
U5800,U580002,1000076,33,N,N,2,2,273,14530
U5800,U580002,1004230,34,N,N,2,2,238,14992
U5800,U580002,1004247,35,N,N,2,2,257,15199
U5800,U580002,1001181,36,N,N,2,2,219,15516
U5800,U580002,1002081,37,N,N,2,2,131,15927
U5800,U580002,1000934,38,N,N,2,2,120,16658
U5800,U580002,1000953,39,N,N,2,2,120,16890
U5800,U580002,1003928,40,Y,N,1,2,170,17558
U5800,U580002,1001847,41,Y,N,1,2,134,18048
U5800,U580002,1002286,42,Y,N,1,2,128,18458
U5800,U580002,1003455,43,N,N,1,1,210,19781
U5800,U580002,1000390,44,N,N,1,1,170,20198
U5800,U580002,1002707,45,N,N,1,1,203,21969
U5800,U580002,1002710,46,N,N,1,1,192,22306
U5800,U580002,1001041,47,N,N,1,1,231,22795
U5800,U580002,1001061,48,N,N,1,1,209,23229
U5800,U580002,1001550,49,N,N,1,1,158,23807
U5800,U580002,1000197,50,N,N,1,1,127,24027
U5800,U580002,1002902,51,N,N,1,1,55,24196
U5800,U580002,1002257,52,N,N,1,1,135,24471
U5800,U580002,1002304,53,N,N,1,1,135,24815
U5800,U580002,1001485,54,N,N,1,1,288,25193
U5800,U580002,1001005,55,N,N,1,1,286,25331
U5800,U580002,1001372,56,N,N,1,1,260,25651
U5800,U580002,1001640,57,N,N,1,1,218,25948
U5800,U580002,1000275,58,N,N,1,1,112,26290
U5800,U580002,1002716,59,N,N,1,1,99,26585
U5800,U580002,1001666,60,N,N,1,1,95,26952
U5800,U580002,1001911,61,N,N,1,1,95,27156
U5800,U580002,1002977,62,N,N,1,1,92,27415
U5800,U580002,1003895,63,N,N,1,1,148,27700
U5810,U581002,1003309,1,N,N,1,1,163,0
U5810,U581002,1007509,2,N,N,1,1,23,837
U5810,U581002,1003896,3,N,N,1,1,51,1252
U5810,U581002,1002631,4,N,N,1,1,325,1535
U5810,U581002,1001076,5,N,N,1,1,320,1759
U5810,U581002,1003017,6,N,N,1,1,86,2135
U5810,U581002,1001662,7,N,N,1,1,6,2399
U5810,U581002,1007457,8,N,N,1,1,197,3517
U5810,U581002,1002602,9,N,N,1,1,63,4463
U5810,U581002,1001056,10,N,N,1,1,243,5251
U5810,U581002,1002140,11,N,N,1,1,238,5439
U5810,U581002,1007507,12,N,N,1,1,143,5862
U5810,U581002,1003058,13,N,N,1,1,270,6122
U5810,U581002,1003054,14,N,N,1,1,140,6580
U5810,U581002,1000894,15,N,N,1,1,145,6799
U5810,U581002,1007508,16,N,N,1,1,213,7124
U5810,U581002,1000320,17,N,N,1,1,218,7484
U5810,U581002,1003309,18,N,N,1,1,163,8200
U5900,U590001,1002081,1,N,N,4,4,131,0
U5900,U590001,1000934,2,N,N,4,4,120,1251
U5900,U590001,1000953,3,N,N,4,4,120,1402
U5900,U590001,1003928,4,Y,N,3,4,170,2081
U5900,U590001,1001847,5,Y,N,3,4,134,2550
U5900,U590001,1002286,6,Y,N,3,4,128,2965
U5900,U590001,1001795,7,N,N,3,3,197,3845
U5900,U590001,1000504,8,N,N,3,3,211,4349
U5900,U590001,1002115,9,N,N,3,3,215,4626
U5900,U590001,1002066,10,N,N,3,3,215,4872
U5900,U590001,1004194,11,N,N,3,3,202,5148
U5900,U590001,1000390,12,N,N,3,3,170,6035
U5900,U590001,1002707,13,N,N,3,3,203,6615
U5900,U590001,1001061,14,N,N,3,3,209,8113
U5900,U590001,1001092,15,N,N,3,3,193,8664
U5900,U590001,1002573,16,N,N,3,3,199,9123
U5900,U590001,1001158,17,Y,N,2,3,137,9928
U5900,U590001,1001442,18,N,N,2,2,142,11206
U5900,U590001,1001440,19,N,N,2,2,187,11624
U5900,U590001,1003962,20,N,N,2,2,165,12317
U5900,U590001,1004040,21,N,N,2,2,186,12931
U5900,U590001,1002832,22,N,N,2,2,182,14252
U5900,U590001,1000180,23,N,N,2,2,174,15846
U5900,U590001,1001689,24,Y,N,1,2,151,17771
U5900,U590001,1001690,25,Y,N,1,2,331,18838
U5900,U590001,1003922,26,N,N,1,1,88,20456
U5900,U590001,1002515,27,N,N,1,1,97,20929
U5900,U590001,1004053,28,N,N,1,1,92,21313
U5900,U590001,1004259,29,N,N,1,1,126,21800
U5900,U590001,1003939,30,N,N,1,1,78,22066
U5900,U590001,1001480,31,N,N,1,1,90,22771
U5900,U590001,1001420,32,N,N,1,1,99,24035
U5900,U590001,1000247,33,N,N,1,1,70,24845
U5900,U590001,1001214,34,N,N,1,1,65,25962
U5900,U590001,1002361,35,N,N,1,1,22,26743
U5900,U590001,1004268,36,N,N,1,1,38,27269
U5900,U590001,1002659,37,N,N,1,1,198,28123
U5900,U590001,1001019,38,N,N,1,1,128,28686
U5900,U590001,1001725,39,N,N,1,1,67,29396
U5900,U590001,1004038,40,N,N,1,1,67,29565
U5900,U590001,1002852,41,N,N,1,1,340,30864
U5900,U590001,1002574,42,N,N,1,1,5,31256
U5900,U590001,1002509,43,N,N,1,1,328,31824
U5900,U590001,1003861,44,N,N,1,1,3,32304
U5900,U590001,1003539,45,N,N,1,1,61,32794
U5900,U590001,1004108,46,N,N,1,1,61,33078
U5900,U590001,1002733,47,N,N,1,1,174,33850
U5900,U590001,1004116,48,N,N,1,1,198,34435
U5900,U590001,1000078,49,N,N,1,1,263,35241
U5900,U590001,1003503,50,N,N,1,1,164,35633
U5900,U590001,1003230,51,N,N,1,1,56,36632
U5900,U590001,1002698,52,N,N,1,1,50,37424
U5900,U590001,1003033,53,N,N,1,1,50,37775
U5900,U590001,1003052,54,N,N,1,1,49,38109
U5900,U590001,1003399,55,N,N,1,1,101,38431
U5900,U590001,1000125,56,N,N,1,1,141,39012
U5900,U590001,1003193,57,N,N,1,1,230,39913
U5900,U590001,1004189,58,N,N,1,1,304,40200
U5900,U590002,1004189,1,N,N,1,1,304,0
U5900,U590002,1003231,2,N,N,1,1,236,629
U5900,U590002,1004039,3,N,N,1,1,247,1725
U5900,U590002,1001724,4,N,N,1,1,265,2009
U5900,U590002,1004196,5,N,N,1,1,299,2678
U5900,U590002,1002368,6,N,N,1,1,218,3992
U5900,U590002,1002105,7,N,N,1,1,202,4547
U5900,U590002,1003253,8,N,N,1,1,204,4862
U5900,U590002,1001063,9,N,N,1,1,245,5354
U5900,U590002,1003441,10,N,N,1,1,243,5682
U5900,U590002,1001499,11,N,N,1,1,250,6571
U5900,U590002,1003450,12,N,N,1,1,251,7126
U5900,U590002,1001050,13,N,N,1,1,279,7340
U5900,U590002,1003053,14,N,N,1,1,273,7729
U5900,U590002,1000489,15,N,N,1,1,268,8350
U5900,U590002,1003241,16,N,N,1,1,251,8901
U5900,U590002,1004066,17,N,N,1,1,251,9096
U5900,U590002,1004260,18,N,N,1,1,288,9492
U5900,U590002,1003332,19,N,N,1,1,277,10423
U5900,U590002,1003923,20,N,N,1,1,268,10737
U5900,U590002,1001689,21,Y,N,2,1,151,11620
U5900,U590002,1001690,22,Y,N,2,1,331,12687
U5900,U590002,1004041,23,N,N,2,2,6,17553
U5900,U590002,1003961,24,N,N,2,2,345,18375
U5900,U590002,1000264,25,N,N,2,2,321,18784
U5900,U590002,1001441,26,N,N,2,2,10,19280
U5900,U590002,1003574,27,Y,N,3,2,312,20586
U5900,U590002,1004146,28,Y,N,3,2,324,20886
U5900,U590002,1000278,29,N,N,3,3,56,21641
U5900,U590002,1000645,30,N,N,3,3,25,22218
U5900,U590002,1001059,31,N,N,3,3,29,22504
U5900,U590002,1003278,32,N,N,3,3,21,23952
U5900,U590002,1000391,33,N,N,3,3,350,24612
U5900,U590002,1004193,34,N,N,3,3,22,26577
U5900,U590002,1001492,35,N,N,3,3,34,26821
U5900,U590002,1002521,36,N,N,3,3,35,27095
U5900,U590002,1002408,37,N,N,3,3,31,27432
U5900,U590002,1001794,38,N,N,3,3,17,27922
U5900,U590002,1002293,39,Y,N,4,3,308,28676
U5900,U590002,1001846,40,Y,N,4,3,314,29128
U5900,U590002,1000250,41,Y,N,4,3,350,29558
U5900,U590002,1000948,42,N,N,4,4,300,30324
U5900,U590002,1002080,43,N,N,4,4,313,31223
U5900,U590002,1002081,44,N,N,4,4,131,32600
U6000,U600001,1000531,1,N,N,4,4,184,0
U6000,U600001,1002640,2,N,N,4,4,173,366
U6000,U600001,1002495,3,Y,N,3,4,247,1035
U6000,U600001,1004276,4,Y,N,3,4,137,1502
U6000,U600001,1002023,5,Y,N,3,4,229,1817
U6000,U600001,1002234,6,Y,N,3,4,227,2028
U6000,U600001,1003301,7,Y,N,3,4,206,2612
U6000,U600001,1000205,8,Y,N,3,4,206,2806
U6000,U600001,1004210,9,N,N,3,3,190,4195
U6000,U600001,1000981,10,N,N,3,3,175,5391
U6000,U600001,1000289,11,N,N,3,3,191,5634
U6000,U600001,1003216,12,N,N,3,3,191,5826
U6000,U600001,1004113,13,N,N,3,3,193,6071
U6000,U600001,1000493,14,N,N,3,3,199,6464
U6000,U600001,1003568,15,N,N,3,3,189,6658
U6000,U600001,1003004,16,N,N,3,3,190,7008
U6000,U600001,1002263,17,Y,N,2,3,192,7342
U6000,U600001,1002575,18,N,N,2,2,192,7722
U6000,U600001,1004262,19,N,N,2,2,192,7990
U6000,U600001,1002195,20,N,N,2,2,238,8445
U6000,U600001,1003077,21,N,N,2,2,240,8795
U6000,U600001,1001906,22,N,N,2,2,216,9242
U6000,U600001,1002175,23,N,N,2,2,228,9545
U6000,U600001,1003579,24,N,N,2,2,228,9994
U6000,U600001,1003222,25,N,N,2,2,237,10190
U6000,U600001,1002118,26,N,N,2,2,205,10683
U6000,U600001,1000025,27,N,N,2,2,221,11791
U6000,U600001,1008309,28,Y,N,1,2,197,11924
U6000,U600001,1001396,29,Y,N,1,2,241,12220
U6000,U600001,1001397,30,Y,N,1,2,241,12537
U6000,U600001,1003944,31,N,N,1,1,262,13182
U6000,U600001,1004078,32,N,N,1,1,263,13800
U6000,U600001,1004079,33,N,N,1,1,260,14144
U6000,U600001,1001058,34,N,N,1,1,217,14903
U6000,U600001,1006678,35,N,N,1,1,29,15937
U6000,U600001,1002768,36,N,N,1,1,93,17265
U6000,U600001,1003510,37,N,N,1,1,190,17823
U6000,U600001,1000070,38,N,N,1,1,190,18506
U6000,U600001,1004141,39,N,N,1,1,171,19780
U6000,U600001,1001053,40,N,N,1,1,177,21285
U6000,U600001,1002641,41,N,N,1,1,24,24500
U6000,U600002,1002641,1,N,N,1,1,24,0
U6000,U600002,1001048,2,N,N,1,1,357,2799
U6000,U600002,1004140,3,N,N,1,1,358,4337
U6000,U600002,1001615,4,N,N,1,1,90,5024
U6000,U600002,1003913,5,N,N,1,1,14,6721
U6000,U600002,1001010,6,N,N,1,1,22,7857
U6000,U600002,1002662,7,N,N,1,1,37,9084
U6000,U600002,1003690,8,N,N,1,1,62,9688
U6000,U600002,1004080,9,N,N,1,1,80,9950
U6000,U600002,1001241,10,N,N,1,1,83,10197
U6000,U600002,1003943,11,N,N,1,1,87,10883
U6000,U600002,1001269,12,N,N,1,1,61,11336
U6000,U600002,1004014,13,Y,N,2,1,61,11701
U6000,U600002,1002193,14,Y,N,2,1,49,11960
U6000,U600002,1000977,15,N,N,2,2,47,12264
U6000,U600002,1003533,16,N,N,2,2,60,13059
U6000,U600002,1001338,17,N,N,2,2,37,13232
U6000,U600002,1000437,18,N,N,2,2,44,13656
U6000,U600002,1001933,19,N,N,2,2,48,14185
U6000,U600002,1001872,20,N,N,2,2,48,14510
U6000,U600002,1002400,21,N,N,2,2,36,14783
U6000,U600002,1000730,22,N,N,2,2,60,15208
U6000,U600002,1000506,23,N,N,2,2,58,15670
U6000,U600002,1002401,24,N,N,2,2,12,16046
U6000,U600002,1003828,25,N,N,2,2,12,16434
U6000,U600002,1004255,26,Y,N,3,2,12,16648
U6000,U600002,1000072,27,N,N,3,3,10,17045
U6000,U600002,1001474,28,N,N,3,3,9,17403
U6000,U600002,1003199,29,N,N,3,3,26,17682
U6000,U600002,1004204,30,N,N,3,3,13,17924
U6000,U600002,1001009,31,N,N,3,3,11,18157
U6000,U600002,1004229,32,N,N,3,3,355,18445
U6000,U600002,1001346,33,N,N,3,3,355,18723
U6000,U600002,1004209,34,N,N,3,3,10,19737
U6000,U600002,1000206,35,Y,N,4,3,26,20666
U6000,U600002,1000490,36,Y,N,4,3,19,21032
U6000,U600002,1001512,37,Y,N,4,3,43,21692
U6000,U600002,1004275,38,Y,N,4,3,43,21820
U6000,U600002,1002494,39,Y,N,4,3,67,22040
U6000,U600002,1003588,40,N,N,4,4,86,22620
U6000,U600002,1002639,41,N,N,4,4,353,22825
U6000,U600002,1000531,42,N,N,4,4,184,23500
U6001,U600101,1004344,1,N,N,4,4,0,0
U6001,U600101,1002640,2,N,N,4,4,173,366
U6001,U600101,1002495,3,Y,N,3,4,247,1035
U6001,U600101,1004276,4,Y,N,3,4,137,1502
U6001,U600101,1002023,5,Y,N,3,4,229,1817
U6001,U600101,1002234,6,Y,N,3,4,227,2028
U6001,U600101,1003301,7,Y,N,3,4,206,2612
U6001,U600101,1000205,8,Y,N,3,4,206,2806
U6001,U600101,1004210,9,N,N,3,3,190,4195
U6001,U600101,1000981,10,N,N,3,3,175,5391
U6001,U600101,1000289,11,N,N,3,3,191,5634
U6001,U600101,1003216,12,N,N,3,3,191,5826
U6001,U600101,1004113,13,N,N,3,3,193,6071
U6001,U600101,1000493,14,N,N,3,3,199,6464
U6001,U600101,1003568,15,N,N,3,3,189,6658
U6001,U600101,1003004,16,N,N,3,3,190,7008
U6001,U600101,1002263,17,Y,N,2,3,192,7342
U6001,U600101,1002575,18,N,N,2,2,192,7722
U6001,U600101,1004262,19,N,N,2,2,192,7990
U6001,U600101,1002195,20,N,N,2,2,238,8445
U6001,U600101,1003077,21,N,N,2,2,240,8795
U6001,U600101,1001906,22,N,N,2,2,216,9242
U6001,U600101,1002175,23,N,N,2,2,228,9545
U6001,U600101,1003579,24,N,N,2,2,228,9994
U6001,U600101,1003222,25,N,N,2,2,237,10190
U6001,U600101,1002118,26,N,N,2,2,205,10683
U6001,U600101,1000025,27,N,N,2,2,221,11791
U6001,U600101,1001396,28,Y,N,1,2,241,12220
U6001,U600101,1001397,29,Y,N,1,2,241,12537
U6001,U600101,1003944,30,N,N,1,1,262,13182
U6001,U600101,1004078,31,N,N,1,1,263,13800
U6001,U600101,1004079,32,N,N,1,1,260,14144
U6001,U600101,1001058,33,N,N,1,1,217,14903
U6001,U600101,1001011,34,N,N,1,1,208,15937
U6001,U600101,1003917,35,N,N,1,1,194,17265
U6001,U600101,1003510,36,N,N,1,1,190,17823
U6001,U600101,1000070,37,N,N,1,1,190,18506
U6001,U600101,1004141,38,N,N,1,1,171,19780
U6001,U600101,1001053,39,N,N,1,1,177,21285
U6001,U600101,1002641,40,N,N,1,1,24,24454
U6001,U600102,1002641,1,N,N,1,1,24,0
U6001,U600102,1003998,2,N,N,1,1,270,1583
U6001,U600102,1002739,3,N,N,1,1,0,2086
U6001,U600102,1001048,4,N,N,1,1,357,2799
U6001,U600102,1004140,5,N,N,1,1,358,4337
U6001,U600102,1001615,6,N,N,1,1,90,5024
U6001,U600102,1003913,7,N,N,1,1,14,6721
U6001,U600102,1001010,8,N,N,1,1,22,7857
U6001,U600102,1002662,9,N,N,1,1,37,9084
U6001,U600102,1003690,10,N,N,1,1,62,9688
U6001,U600102,1004080,11,N,N,1,1,80,9950
U6001,U600102,1001241,12,N,N,1,1,83,10197
U6001,U600102,1003943,13,N,N,1,1,87,10883
U6001,U600102,1001269,14,N,N,1,1,61,11336
U6001,U600102,1004014,15,N,N,1,1,61,11701
U6001,U600102,1002193,16,Y,N,2,1,49,11960
U6001,U600102,1000977,17,N,N,2,2,47,12264
U6001,U600102,1003533,18,N,N,2,2,60,13059
U6001,U600102,1001338,19,N,N,2,2,37,13232
U6001,U600102,1000437,20,N,N,2,2,44,13656
U6001,U600102,1001933,21,N,N,2,2,48,14185
U6001,U600102,1001872,22,N,N,2,2,48,14510
U6001,U600102,1002400,23,N,N,2,2,36,14783
U6001,U600102,1000730,24,N,N,2,2,60,15208
U6001,U600102,1000506,25,N,N,2,2,58,15670
U6001,U600102,1002401,26,N,N,2,2,12,16046
U6001,U600102,1003828,27,N,N,2,2,12,16434
U6001,U600102,1004255,28,Y,N,3,2,12,16648
U6001,U600102,1000072,29,N,N,3,3,10,17045
U6001,U600102,1001474,30,N,N,3,3,9,17403
U6001,U600102,1003199,31,N,N,3,3,26,17682
U6001,U600102,1004204,32,N,N,3,3,13,17924
U6001,U600102,1001009,33,N,N,3,3,11,18157
U6001,U600102,1004229,34,N,N,3,3,355,18445
U6001,U600102,1001346,35,N,N,3,3,355,18723
U6001,U600102,1004208,36,N,N,3,3,10,19737
U6001,U600102,1000206,37,Y,N,4,3,26,20666
U6001,U600102,1000490,38,Y,N,4,3,19,21043
U6001,U600102,1001512,39,Y,N,4,3,43,21692
U6001,U600102,1004275,40,Y,N,4,3,43,21820
U6001,U600102,1002492,41,Y,N,4,3,35,22040
U6001,U600102,1003588,42,N,N,4,4,86,22620
U6001,U600102,1002639,43,N,N,4,4,353,22825
U6001,U600102,1004344,44,N,N,4,4,0,23884
U6020,U602002,1002156,1,N,N,1,1,1,0
U6020,U602002,1002143,2,N,N,1,1,1,276
U6020,U602002,1002153,3,N,N,1,1,2,500
U6020,U602002,1002141,4,N,N,1,1,1,755
U6020,U602002,1006576,5,N,N,1,1,18,1284
U6020,U602002,1002514,6,N,N,1,1,21,1566
U6020,U602002,1001985,7,N,N,1,1,351,1937
U6020,U602002,1001742,8,N,N,1,1,351,2188
U6020,U602002,1000432,9,N,N,1,1,103,2497
U6020,U602002,1000338,10,N,N,1,1,89,2752
U6020,U602002,1000849,11,N,N,1,1,90,3120
U6020,U602002,1001921,12,N,N,1,1,49,3549
U6020,U602002,1000745,13,N,N,1,1,87,3751
U6020,U602002,1004140,14,N,N,1,1,358,4506
U6020,U602002,1001615,15,N,N,1,1,90,5535
U6020,U602002,1002155,16,N,N,1,1,34,6661
U6020,U602002,1006286,17,N,N,1,1,10,7186
U6020,U602002,1003913,18,N,N,1,1,14,7369
U6020,U602002,1001010,19,N,N,1,1,22,8337
U6020,U602002,1006287,20,N,N,1,1,233,9100
U6020,U602002,1001011,21,N,N,1,1,208,10762
U6020,U602002,1003917,22,N,N,1,1,194,12424
U6020,U602002,1003510,23,N,N,1,1,190,13770
U6020,U602002,1000070,24,N,N,1,1,190,14326
U6020,U602002,1004141,25,N,N,1,1,171,14994
U6020,U602002,1003977,26,N,N,1,1,267,15995
U6020,U602002,1001940,27,N,N,1,1,229,16820
U6020,U602002,1004147,28,N,N,1,1,270,17033
U6020,U602002,1000339,29,N,N,1,1,269,17426
U6020,U602002,1000433,30,N,N,1,1,283,17812
U6020,U602002,1001939,31,N,N,1,1,171,18045
U6020,U602002,1001986,32,N,N,1,1,171,18446
U6020,U602002,1002431,33,N,N,1,1,201,18570
U6020,U602002,1006574,34,N,N,1,1,195,19102
U6020,U602002,1003310,35,N,N,1,1,191,19188
U6020,U602002,1002154,36,N,N,1,1,181,19650
U6020,U602002,1002144,37,N,N,1,1,181,19852
U6020,U602002,1002156,38,N,N,1,1,1,20000
U6400,U640001,1004343,1,N,N,3,3,185,0
U6400,U640001,1002495,2,Y,N,2,3,247,290
U6400,U640001,1004276,3,Y,N,2,3,137,467
U6400,U640001,1002023,4,Y,N,2,3,229,782
U6400,U640001,1002234,5,Y,N,2,3,227,993
U6400,U640001,1003301,6,Y,N,2,3,206,1577
U6400,U640001,1000205,7,Y,N,2,3,206,1771
U6400,U640001,1004210,8,N,N,2,2,190,3160
U6400,U640001,1000981,9,N,N,2,2,175,4356
U6400,U640001,1000289,10,N,N,2,2,191,4599
U6400,U640001,1003216,11,N,N,2,2,191,4791
U6400,U640001,1004113,12,N,N,2,2,193,5036
U6400,U640001,1000493,13,N,N,2,2,199,5429
U6400,U640001,1003568,14,N,N,2,2,189,5623
U6400,U640001,1003004,15,N,N,2,2,190,5973
U6400,U640001,1002263,16,Y,N,1,2,192,6307
U6400,U640001,1002575,17,N,N,1,1,192,6687
U6400,U640001,1004262,18,N,N,1,1,192,6955
U6400,U640001,1002195,19,N,N,1,1,238,7410
U6400,U640001,1003077,20,N,N,1,1,240,8173
U6400,U640001,1001325,21,N,N,1,1,295,8626
U6400,U640001,1003260,22,N,N,1,1,247,8835
U6400,U640001,1000369,23,N,N,1,1,159,9132
U6400,U640001,1002594,24,N,N,1,1,159,9620
U6400,U640001,1000186,25,N,N,1,1,258,9885
U6400,U640001,1000692,26,N,N,1,1,257,10068
U6400,U640001,1000143,27,N,N,1,1,257,10292
U6400,U640001,1000138,28,N,N,1,1,259,10435
U6400,U640001,1000137,29,N,N,1,1,189,10703
U6400,U640001,1002296,30,N,N,1,1,236,10932
U6400,U640001,1000321,31,N,N,1,1,149,11060
U6400,U640001,1000326,32,N,N,1,1,249,11261
U6400,U640001,1000327,33,N,N,1,1,274,11423
U6400,U640001,1000237,34,N,N,1,1,309,11699
U6400,U640001,1003612,35,N,N,1,1,331,12014
U6400,U640001,1000773,36,N,N,1,1,275,12663
U6400,U640001,1000893,37,N,N,1,1,89,12900
U6400,U640002,1000893,1,N,N,1,1,89,0
U6400,U640002,1003613,2,N,N,1,1,149,524
U6400,U640002,1000238,3,N,N,1,1,129,728
U6400,U640002,1000328,4,N,N,1,1,94,897
U6400,U640002,1003802,5,N,N,1,1,69,1050
U6400,U640002,1002295,6,N,N,1,1,56,1387
U6400,U640002,1000136,7,N,N,1,1,9,1661
U6400,U640002,1000139,8,N,N,1,1,79,1857
U6400,U640002,1000142,9,N,N,1,1,77,2050
U6400,U640002,1000263,10,N,N,1,1,77,2237
U6400,U640002,1000185,11,N,N,1,1,78,2554
U6400,U640002,1002593,12,N,N,1,1,339,2924
U6400,U640002,1000367,13,N,N,1,1,339,3217
U6400,U640002,1003259,14,N,N,1,1,67,3442
U6400,U640002,1000633,15,N,N,1,1,118,3682
U6400,U640002,1000200,16,N,N,1,1,115,3994
U6400,U640002,1000506,17,N,N,1,1,58,4767
U6400,U640002,1002401,18,N,N,1,1,12,5143
U6400,U640002,1003828,19,N,N,1,1,12,5531
U6400,U640002,1004255,20,Y,N,2,1,12,5745
U6400,U640002,1000072,21,N,N,2,2,10,6142
U6400,U640002,1001474,22,N,N,2,2,9,6500
U6400,U640002,1003199,23,N,N,2,2,26,6779
U6400,U640002,1004204,24,N,N,2,2,13,7021
U6400,U640002,1001009,25,N,N,2,2,11,7254
U6400,U640002,1004229,26,N,N,2,2,355,7542
U6400,U640002,1001346,27,N,N,2,2,355,7820
U6400,U640002,1004209,28,N,N,2,2,10,8834
U6400,U640002,1000206,29,Y,N,3,2,26,9763
U6400,U640002,1000490,30,Y,N,3,2,19,10119
U6400,U640002,1001512,31,Y,N,3,2,43,10789
U6400,U640002,1004275,32,Y,N,3,2,43,10890
U6400,U640002,1002494,33,Y,N,3,2,67,11137
U6400,U640002,1002639,34,N,N,3,3,353,12385
U6400,U640002,1004343,35,N,N,3,3,185,14060
U6410,U641002,1006524,1,N,N,3,3,70,0
U6410,U641002,1000456,2,N,N,3,3,90,1150
U6410,U641002,1001513,3,N,N,3,3,88,1421
U6410,U641002,1002024,4,N,N,3,3,183,1879
U6410,U641002,1003280,5,N,N,3,3,180,2197
U6410,U641002,1000523,6,N,N,3,3,89,3582
U6410,U641002,1003708,7,N,N,3,3,78,3831
U6410,U641002,1008430,8,N,N,3,3,85,4011
U6410,U641002,1001873,9,N,N,3,3,87,4397
U6410,U641002,1000729,10,N,N,3,3,82,5836
U6410,U641002,1001435,11,Y,N,2,3,176,6076
U6410,U641002,1001434,12,Y,N,2,3,250,6220
U6410,U641002,1001670,13,N,N,2,2,129,6672
U6410,U641002,1000550,14,N,N,2,2,129,7051
U6410,U641002,1001409,15,N,N,2,2,132,7344
U6410,U641002,1003685,16,N,N,2,2,96,8352
U6410,U641002,1002254,17,N,N,2,2,100,9291
U6410,U641002,1000943,18,N,N,2,2,91,10325
U6410,U641002,1001122,19,N,N,2,2,359,11313
U6410,U641002,1003259,20,N,N,2,2,67,11634
U6410,U641002,1000633,21,N,N,2,2,118,11866
U6410,U641002,1000200,22,N,N,2,2,115,12173
U6410,U641002,1000730,23,N,N,2,2,60,12470
U6410,U641002,1000506,24,N,N,2,2,58,12935
U6410,U641002,1002401,25,N,N,2,2,12,13306
U6410,U641002,1002575,26,N,N,2,2,192,14111
U6410,U641002,1004262,27,N,N,2,2,192,14385
U6410,U641002,1002195,28,N,N,2,2,238,14847
U6410,U641002,1003077,29,N,N,2,2,240,15186
U6410,U641002,1001325,30,N,N,2,2,295,15546
U6410,U641002,1003260,31,N,N,2,2,247,16032
U6410,U641002,1002021,32,N,N,2,2,250,16292
U6410,U641002,1000429,33,N,N,2,2,269,17134
U6410,U641002,1000942,34,N,N,2,2,271,17528
U6410,U641002,1000528,35,N,N,2,2,279,19027
U6410,U641002,1003570,36,N,N,2,2,272,19812
U6410,U641002,1001257,37,N,N,2,2,235,20395
U6410,U641002,1000549,38,N,N,2,2,260,20953
U6410,U641002,1001669,39,N,N,2,2,260,21323
U6410,U641002,1001437,40,Y,N,1,2,181,21587
U6410,U641002,1003709,41,N,N,1,1,258,23083
U6410,U641002,1000522,42,N,N,1,1,271,23636
U6410,U641002,1003140,43,N,N,1,1,0,24943
U6410,U641002,1003279,44,N,N,1,1,0,25317
U6410,U641002,1002020,45,N,N,1,1,270,25765
U6410,U641002,1000457,46,N,N,1,1,270,26040
U6410,U641002,1003695,47,N,N,1,1,52,26373
U6410,U641002,1000646,48,N,N,1,1,260,26857
U6410,U641002,1003087,49,N,N,1,1,264,27337
U6410,U641002,1002351,50,N,N,1,1,66,28941
U6410,U641002,1006524,51,N,N,1,1,70,30200
U6500,U650002,1004343,1,N,N,3,3,185,0
U6500,U650002,1002640,2,N,N,3,3,173,366
U6500,U650002,1002495,3,Y,N,2,3,247,1035
U6500,U650002,1004276,4,Y,N,2,3,137,1502
U6500,U650002,1002023,5,Y,N,2,3,229,1817
U6500,U650002,1002234,6,Y,N,2,3,227,2028
U6500,U650002,1003301,7,Y,N,2,3,206,2612
U6500,U650002,1000205,8,Y,N,2,3,206,2806
U6500,U650002,1004210,9,N,N,2,2,190,4195
U6500,U650002,1000981,10,N,N,2,2,175,5391
U6500,U650002,1000289,11,N,N,2,2,191,5634
U6500,U650002,1003216,12,N,N,2,2,191,5826
U6500,U650002,1004113,13,N,N,2,2,193,6071
U6500,U650002,1000493,14,N,N,2,2,199,6464
U6500,U650002,1003568,15,N,N,2,2,189,6658
U6500,U650002,1000364,16,N,N,2,2,103,6977
U6500,U650002,1002219,17,N,N,2,2,24,7507
U6500,U650002,1000652,18,N,N,2,2,41,7782
U6500,U650002,1003880,19,N,N,2,2,46,8018
U6500,U650002,1001667,20,N,N,2,2,19,8372
U6500,U650002,1002111,21,N,N,2,2,72,8733
U6500,U650002,1002940,22,N,N,2,2,129,9093
U6500,U650002,1003662,23,N,N,2,2,164,9369
U6500,U650002,1001912,24,N,N,2,2,247,9733
U6500,U650002,1003408,25,N,N,2,2,245,9932
U6500,U650002,1000653,26,N,N,2,2,206,10301
U6500,U650002,1003203,27,N,N,2,2,184,10565
U6500,U650002,1003190,28,N,N,2,2,184,10719
U6500,U650002,1000106,29,N,N,2,2,266,11114
U6500,U650002,1000162,30,N,N,2,2,266,11480
U6500,U650002,1003873,31,N,N,2,2,288,11966
U6500,U650002,1003199,32,N,N,2,2,26,12687
U6500,U650002,1004204,33,N,N,2,2,13,12929
U6500,U650002,1001009,34,N,N,2,2,11,13162
U6500,U650002,1004229,35,N,N,2,2,355,13450
U6500,U650002,1001346,36,N,N,2,2,355,13728
U6500,U650002,1004209,37,N,N,2,2,10,14742
U6500,U650002,1000206,38,Y,N,1,2,26,15671
U6500,U650002,1000490,39,Y,N,1,2,19,16023
U6500,U650002,1001512,40,Y,N,1,2,43,16697
U6500,U650002,1004275,41,Y,N,1,2,43,16816
U6500,U650002,1002494,42,Y,N,1,2,67,17045
U6500,U650002,1003588,43,N,N,1,1,86,17625
U6500,U650002,1002639,44,N,N,1,1,353,17830
U6500,U650002,1004343,45,N,N,1,1,185,18900
U6510,U651001,1000506,1,N,N,1,1,58,0
U6510,U651001,1002401,2,N,N,1,1,12,825
U6510,U651001,1002575,3,N,N,1,1,192,1104
U6510,U651001,1004262,4,N,N,1,1,192,1565
U6510,U651001,1002195,5,N,N,1,1,238,1787
U6510,U651001,1002570,6,N,N,1,1,147,2348
U6510,U651001,1003144,7,N,N,1,1,188,3500
U6510,U651001,1001235,8,N,N,1,1,169,3991
U6510,U651001,1002753,9,N,N,1,1,244,4131
U6510,U651001,1003901,10,N,N,1,1,333,4434
U6510,U651001,1004111,11,N,N,1,1,52,4769
U6510,U651001,1004301,12,N,N,1,1,228,5269
U6510,U651001,1004302,13,N,N,1,1,261,5926
U6510,U651001,1008144,14,N,N,1,1,292,6924
U6510,U651001,1002849,15,N,N,1,1,104,7746
U6510,U651001,1000807,16,N,N,1,1,120,8169
U6510,U651001,1000308,17,N,N,1,1,182,8532
U6510,U651001,1006170,18,N,N,1,1,65,8800
U6510,U651002,1002606,1,N,N,1,1,91,0
U6510,U651002,1001560,2,N,N,1,1,91,311
U6510,U651002,1001079,3,N,N,1,1,90,532
U6510,U651002,1000307,4,N,N,1,1,2,863
U6510,U651002,1000808,5,N,N,1,1,300,1381
U6510,U651002,1008145,6,N,N,1,1,112,2486
U6510,U651002,1000287,7,N,N,1,1,81,3102
U6510,U651002,1002891,8,N,N,1,1,48,3639
U6510,U651002,1001236,9,N,N,1,1,139,3901
U6510,U651002,1003901,10,N,N,1,1,333,4528
U6510,U651002,1004111,11,N,N,1,1,52,4833
U6510,U651002,1002941,12,N,N,1,1,140,5174
U6510,U651002,1002896,13,N,N,1,1,231,5363
U6510,U651002,1002569,14,N,N,1,1,327,5954
U6510,U651002,1000506,15,N,N,1,1,58,6346
U6510,U651002,1002401,16,N,N,1,1,12,6723
U6510,U651002,1002575,17,N,N,1,1,192,7536
U6510,U651002,1004262,18,N,N,1,1,192,7810
U6510,U651002,1002195,19,N,N,1,1,238,8258
U6510,U651002,1002570,20,N,N,1,1,147,8486
U6510,U651002,1003144,21,N,N,1,1,188,9047
U6510,U651002,1001235,22,N,N,1,1,169,9294
U6510,U651002,1000287,23,N,N,1,1,81,9503
U6510,U651002,1002891,24,N,N,1,1,48,10041
U6510,U651002,1001236,25,N,N,1,1,139,10293
U6510,U651002,1002753,26,N,N,1,1,244,11546
U6510,U651002,1008144,27,N,N,1,1,292,12177
U6510,U651002,1000807,28,N,N,1,1,120,13302
U6510,U651002,1000308,29,N,N,1,1,182,13745
U6510,U651002,1006170,30,N,N,1,1,65,14056
U6510,U651002,1000309,31,N,N,1,1,270,14564
U6510,U651002,1002606,32,N,N,1,1,91,15500
U6520,U652002,1006170,1,N,N,1,1,65,0
U6520,U652002,1006611,2,N,N,1,1,105,825
U6520,U652002,1006613,3,N,N,1,1,105,1063
U6520,U652002,1006615,4,N,N,1,1,110,1379
U6520,U652002,1006619,5,N,N,1,1,97,1849
U6520,U652002,1002658,6,N,N,1,1,73,2093
U6520,U652002,1001791,7,N,N,1,1,44,2753
U6520,U652002,1000612,8,N,N,1,1,272,3714
U6520,U652002,1001580,9,N,N,1,1,359,3972
U6520,U652002,1003146,10,N,N,1,1,274,4313
U6520,U652002,1002204,11,N,N,1,1,287,4551
U6520,U652002,1003619,12,N,N,1,1,347,5433
U6520,U652002,1001238,13,N,N,1,1,347,6006
U6520,U652002,1002117,14,N,N,1,1,358,6415
U6520,U652002,1003765,15,N,N,1,1,358,6818
U6520,U652002,1003497,16,N,N,1,1,358,6925
U6520,U652002,1001154,17,N,N,1,1,269,7261
U6520,U652002,1001377,18,N,N,1,1,4,7378
U6520,U652002,1001155,19,N,N,1,1,358,7572
U6520,U652002,1001370,20,N,N,1,1,275,8213
U6520,U652002,1004255,21,N,N,1,1,12,8494
U6520,U652002,1000072,22,N,N,1,1,10,8892
U6520,U652002,1001474,23,N,N,1,1,9,9251
U6520,U652002,1003199,24,N,N,1,1,26,9529
U6520,U652002,1004204,25,N,N,1,1,13,9766
U6520,U652002,1001009,26,N,N,1,1,11,9999
U6520,U652002,1004229,27,N,N,1,1,355,10285
U6520,U652002,1001346,28,N,N,1,1,355,10576
U6520,U652002,1000981,29,N,N,1,1,175,11396
U6520,U652002,1000289,30,N,N,1,1,191,11630
U6520,U652002,1003216,31,N,N,1,1,191,11832
U6520,U652002,1004113,32,N,N,1,1,193,12074
U6520,U652002,1000493,33,N,N,1,1,199,12462
U6520,U652002,1003568,34,N,N,1,1,189,12669
U6520,U652002,1003004,35,N,N,1,1,190,13011
U6520,U652002,1002263,36,N,N,1,1,192,13343
U6520,U652002,1000416,37,N,N,1,1,123,13613
U6520,U652002,1002833,38,N,N,1,1,91,13968
U6520,U652002,1003474,39,N,N,1,1,178,14196
U6520,U652002,1003682,40,N,N,1,1,180,14483
U6520,U652002,1003498,41,N,N,1,1,178,14873
U6520,U652002,1003766,42,N,N,1,1,178,15116
U6520,U652002,1001136,43,N,N,1,1,178,15466
U6520,U652002,1003620,44,N,N,1,1,167,16373
U6520,U652002,1002663,45,N,N,1,1,133,16605
U6520,U652002,1001564,46,N,N,1,1,90,17966
U6520,U652002,1001792,47,N,N,1,1,224,19295
U6520,U652002,1004126,48,N,N,1,1,256,19871
U6520,U652002,1006616,49,N,N,1,1,290,20601
U6520,U652002,1006614,50,N,N,1,1,285,20896
U6520,U652002,1006612,51,N,N,1,1,285,21161
U6520,U652002,1006170,52,N,N,1,1,65,22100
#N/A,U671001,1004344,1,N,N,5,5,0,0
#N/A,U671001,1002640,2,N,N,5,5,173,304
#N/A,U671001,1003269,3,Y,N,4,5,195,1249
#N/A,U671001,1004210,4,N,N,4,4,190,4161
#N/A,U671001,1000981,5,N,N,4,4,175,5341
#N/A,U671001,1000289,6,N,N,4,4,191,5587
#N/A,U671001,1003216,7,N,N,4,4,191,5782
#N/A,U671001,1000493,8,N,N,4,4,199,6424
#N/A,U671001,1003568,9,N,N,4,4,189,6614
#N/A,U671001,1003004,10,N,N,4,4,190,6960
#N/A,U671001,1002263,11,Y,N,3,4,192,7296
#N/A,U671001,1002575,12,N,N,3,3,192,7680
#N/A,U671001,1004262,13,N,N,3,3,192,7942
#N/A,U671001,1002195,14,N,N,3,3,238,8400
#N/A,U671001,1003077,15,N,N,3,3,240,8749
#N/A,U671001,1001906,16,N,N,3,3,216,9177
#N/A,U671001,1002175,17,N,N,3,3,228,9479
#N/A,U671001,1003579,18,N,N,3,3,228,9930
#N/A,U671001,1003222,19,N,N,3,3,237,10129
#N/A,U671001,1002118,20,N,N,3,3,205,10621
#N/A,U671001,1000025,21,N,N,3,3,221,11726
#N/A,U671001,1001396,22,Y,N,2,3,241,12153
#N/A,U671001,1001397,23,Y,N,2,3,241,12474
#N/A,U671001,1003944,24,N,N,2,2,262,13117
#N/A,U671001,1004078,25,N,N,2,2,263,13736
#N/A,U671001,1004079,26,N,N,2,2,260,14069
#N/A,U671001,1001011,27,N,N,2,2,208,15877
#N/A,U671001,1003917,28,N,N,2,2,194,17195
#N/A,U671001,1003913,29,N,N,2,2,14,18270
#N/A,U671001,1001010,30,N,N,2,2,22,19406
#N/A,U671001,1002500,31,N,N,2,2,100,21057
#N/A,U671001,1002250,32,N,N,2,2,95,21571
#N/A,U671001,1003938,33,N,N,2,2,89,21833
#N/A,U671001,1006168,34,Y,N,1,2,117,22785
#N/A,U671001,1006155,35,N,N,1,1,120,23398
#N/A,U671001,1006169,36,N,N,1,1,80,23889
#N/A,U671001,1000014,37,N,N,1,1,181,24780
#N/A,U671001,1003155,38,N,N,1,1,140,25281
#N/A,U671001,1000584,39,N,N,1,1,90,25823
#N/A,U671001,1002419,40,N,N,1,1,90,26118
#N/A,U671001,1001698,41,N,N,1,1,49,26331
#N/A,U671001,1000879,42,N,N,1,1,112,26772
#N/A,U671001,1000907,43,N,N,1,1,95,27166
#N/A,U671001,1001849,44,N,N,1,1,96,27621
#N/A,U671001,1001995,45,N,N,1,1,93,27948
#N/A,U671001,1003263,46,N,N,1,1,77,28159
#N/A,U671001,1002145,47,N,N,1,1,93,29742
#N/A,U671002,1002146,1,N,N,1,1,272,0
#N/A,U671002,1003262,2,N,N,1,1,268,735
#N/A,U671002,1001994,3,N,N,1,1,273,1008
#N/A,U671002,1001848,4,N,N,1,1,272,1473
#N/A,U671002,1000906,5,N,N,1,1,275,1765
#N/A,U671002,1000878,6,N,N,1,1,292,2104
#N/A,U671002,1001699,7,N,N,1,1,229,2527
#N/A,U671002,1002418,8,N,N,1,1,270,2810
#N/A,U671002,1000585,9,N,N,1,1,270,3007
#N/A,U671002,1003154,10,N,N,1,1,320,3610
#N/A,U671002,1000013,11,N,N,1,1,1,4127
#N/A,U671002,1006146,12,N,N,1,1,195,4963
#N/A,U671002,1006167,13,N,N,1,1,285,5917
#N/A,U671002,1002846,14,N,N,1,1,269,6388
#N/A,U671002,1003942,15,N,N,1,1,180,7103
#N/A,U671002,1000158,16,Y,N,2,1,180,7712
#N/A,U671002,1003181,17,N,N,2,2,0,8149
#N/A,U671002,1003941,18,N,N,2,2,0,8468
#N/A,U671002,1003233,19,N,N,2,2,275,8940
#N/A,U671002,1002499,20,N,N,2,2,280,9577
#N/A,U671002,1001011,21,N,N,2,2,208,10808
#N/A,U671002,1003917,22,N,N,2,2,194,12133
#N/A,U671002,1003913,23,N,N,2,2,14,13209
#N/A,U671002,1001010,24,N,N,2,2,22,14333
#N/A,U671002,1003690,25,N,N,2,2,62,16179
#N/A,U671002,1001241,26,N,N,2,2,83,16687
#N/A,U671002,1003943,27,N,N,2,2,87,17385
#N/A,U671002,1001269,28,N,N,2,2,61,17823
#N/A,U671002,1004014,29,N,N,2,2,61,18190
#N/A,U671002,1002193,30,Y,N,3,2,49,18467
#N/A,U671002,1000977,31,N,N,3,3,47,18751
#N/A,U671002,1003533,32,N,N,3,3,60,19545
#N/A,U671002,1001338,33,N,N,3,3,37,19716
#N/A,U671002,1000437,34,N,N,3,3,44,20114
#N/A,U671002,1001933,35,N,N,3,3,48,20658
#N/A,U671002,1001872,36,N,N,3,3,48,20983
#N/A,U671002,1002400,37,N,N,3,3,36,21255
#N/A,U671002,1000730,38,N,N,3,3,60,21684
#N/A,U671002,1000506,39,N,N,3,3,58,22145
#N/A,U671002,1002401,40,N,N,3,3,12,22507
#N/A,U671002,1003828,41,N,N,3,3,12,22896
#N/A,U671002,1004255,42,Y,N,4,3,12,23109
#N/A,U671002,1006092,43,N,N,4,4,281,23344
#N/A,U671002,1000072,44,N,N,4,4,10,23511
#N/A,U671002,1001474,45,N,N,4,4,9,23865
#N/A,U671002,1003199,46,N,N,4,4,26,24138
#N/A,U671002,1004204,47,N,N,4,4,13,24377
#N/A,U671002,1001009,48,N,N,4,4,11,24614
#N/A,U671002,1004229,49,N,N,4,4,355,24904
#N/A,U671002,1004208,50,N,N,4,4,10,26219
#N/A,U671002,1003269,51,Y,N,5,4,195,26583
#N/A,U671002,1002639,52,N,N,5,5,353,27423
#N/A,U671002,1004344,53,N,N,5,5,0,30258
U6900,U690001,1001790,1,N,N,1,1,307,0
U6900,U690001,1002058,2,N,N,1,1,49,8644
U6900,U690001,1002644,3,N,N,1,1,231,18689
U6900,U690002,1002644,1,N,N,1,1,231,0
U6900,U690002,1001790,2,N,N,1,1,307,10045
U7080,U708001,1001873,1,N,N,2,2,87,0
U7080,U708001,1003709,2,N,N,2,2,258,1400
U7080,U708001,1000522,3,N,N,2,2,271,1772
U7080,U708001,1003140,4,N,N,2,2,0,3003
U7080,U708001,1003279,5,N,N,2,2,0,3369
U7080,U708001,1002020,6,N,N,2,2,270,3882
U7080,U708001,1000457,7,N,N,2,2,270,4163
U7080,U708001,1003695,8,N,N,2,2,52,4477
U7080,U708001,1000646,9,N,N,2,2,260,4968
U7080,U708001,1003087,10,N,N,2,2,264,5459
U7080,U708001,1000393,11,N,N,2,2,254,9680
U7080,U708001,1000394,12,N,N,2,2,256,10474
U7080,U708001,1003915,13,N,N,2,2,340,11686
U7080,U708001,1000358,14,N,N,2,2,191,15326
U7080,U708001,1003083,15,N,N,2,2,266,16486
U7080,U708001,1002596,16,N,N,2,2,288,17820
U7080,U708001,1003078,17,Y,N,1,2,79,18909
U7080,U708001,1001631,18,Y,N,1,2,255,20747
U7080,U708001,1003267,19,N,N,1,1,291,21105
U7080,U708001,1000171,20,N,N,1,1,226,22222
U7080,U708001,1004166,21,N,N,1,1,309,22741
U7080,U708001,1000170,22,N,N,1,1,322,23214
U7080,U708001,1004172,23,N,N,1,1,286,23985
U7080,U708001,1002457,24,N,N,1,1,204,24235
U7080,U708001,1002458,25,N,N,1,1,213,24485
U7080,U708001,1001556,26,N,N,1,1,182,25016
U7080,U708001,1004128,27,N,N,1,1,251,25216
U7080,U708001,1001974,28,N,N,1,1,253,25416
U7080,U708001,1000485,29,N,N,1,1,241,25566
U7080,U708001,1006008,30,N,N,1,1,238,25776
U7080,U708001,1001516,31,N,N,1,1,260,25898
U7080,U708001,1001515,32,N,N,1,1,287,26150
U7080,U708002,1001515,1,N,N,1,1,287,0
U7080,U708002,1000941,2,N,N,1,1,302,503
U7080,U708002,1003115,3,N,N,1,1,76,899
U7080,U708002,1001337,4,N,N,1,1,81,1276
U7080,U708002,1001209,5,N,N,1,1,61,3318
U7080,U708002,1004127,6,N,N,1,1,71,5827
U7080,U708002,1001025,7,N,N,1,1,2,6837
U7080,U708002,1006015,8,N,N,1,1,319,8677
U7080,U708002,1002456,9,N,N,1,1,317,9060
U7080,U708002,1002457,10,N,N,1,1,204,9251
U7080,U708002,1004173,11,N,N,1,1,188,9652
U7080,U708002,1002126,12,N,N,1,1,313,10535
U7080,U708002,1004165,13,N,N,1,1,310,10837
U7080,U708002,1000172,14,N,N,1,1,44,11364
U7080,U708002,1006016,15,N,N,1,1,40,11694
U7080,U708002,1004224,16,N,N,1,1,80,12793
U7080,U708002,1001630,17,Y,N,2,1,75,13007
U7080,U708002,1003078,18,Y,N,2,1,79,14031
U7080,U708002,1001016,19,N,N,2,2,67,16370
U7080,U708002,1000395,20,N,N,2,2,76,17566
U7080,U708002,1000392,21,N,N,2,2,74,18418
U7080,U708002,1002351,22,N,N,2,2,66,18785
U7080,U708002,1003696,23,N,N,2,2,63,19702
U7080,U708002,1000456,24,N,N,2,2,90,20025
U7080,U708002,1003280,25,N,N,2,2,180,21076
U7080,U708002,1000523,26,N,N,2,2,89,22532
U7080,U708002,1003708,27,N,N,2,2,78,22779
U7080,U708002,1001873,28,N,N,2,2,87,23323
U7500,U750001,1004348,1,N,N,4,4,0,0
U7500,U750001,1000857,2,N,N,4,4,240,669
U7500,U750001,1002495,3,Y,N,3,4,247,1136
U7500,U750001,1004276,4,Y,N,3,4,137,1452
U7500,U750001,1002023,5,Y,N,3,4,229,1751
U7500,U750001,1002234,6,Y,N,3,4,227,2526
U7500,U750001,1003608,7,Y,N,3,4,318,3111
U7500,U750001,1002086,8,N,N,3,3,217,3375
U7500,U750001,1001788,9,N,N,3,3,216,3929
U7500,U750001,1002600,10,N,N,3,3,223,4664
U7500,U750001,1004110,11,N,N,3,3,193,5146
U7500,U750001,1000365,12,N,N,3,3,267,6379
U7500,U750001,1001410,13,N,N,3,3,261,7484
U7500,U750001,1002621,14,Y,N,2,3,238,9258
U7500,U750001,1000166,15,N,N,2,2,241,10697
U7500,U750001,1001735,16,N,N,2,2,227,12307
U7500,U750001,1003174,17,N,N,2,2,259,13116
U7500,U750001,1002064,18,N,N,2,2,263,13634
U7500,U750001,1000387,19,N,N,2,2,268,16879
U7500,U750001,1003553,20,Y,N,1,2,264,19676
U7500,U750001,1000393,21,N,N,1,1,254,21983
U7500,U750001,1003915,22,N,N,1,1,340,22809
U7500,U750001,1000358,23,N,N,1,1,191,23510
U7500,U750001,1003083,24,N,N,1,1,266,24185
U7500,U750001,1002596,25,N,N,1,1,288,24969
U7500,U750001,1003078,26,N,N,1,1,79,25825
U7500,U750001,1001631,27,N,N,1,1,255,26185
U7500,U750001,1003267,28,N,N,1,1,291,27400
U7500,U750001,1000171,29,N,N,1,1,226,27779
U7500,U750001,1000172,30,N,N,1,1,44,28455
U7500,U750002,1000172,1,N,N,1,1,44,0
U7500,U750002,1004223,2,N,N,1,1,80,366
U7500,U750002,1001630,3,N,N,1,1,75,1035
U7500,U750002,1003078,4,N,N,1,1,79,1502
U7500,U750002,1002597,5,N,N,1,1,108,1818
U7500,U750002,1003082,6,N,N,1,1,86,2117
U7500,U750002,1000357,7,N,N,1,1,11,2892
U7500,U750002,1003916,8,N,N,1,1,160,3477
U7500,U750002,1000395,9,N,N,1,1,76,3741
U7500,U750002,1000392,10,N,N,1,1,74,4295
U7500,U750002,1003554,11,Y,N,2,1,84,5030
U7500,U750002,1000388,12,N,N,2,2,88,5512
U7500,U750002,1002063,13,N,N,2,2,83,6745
U7500,U750002,1003173,14,N,N,2,2,85,7850
U7500,U750002,1001734,15,N,N,2,2,47,9624
U7500,U750002,1001785,16,N,N,2,2,0,11063
U7500,U750002,1002620,17,Y,N,3,2,58,12673
U7500,U750002,1001897,18,N,N,3,3,37,13482
U7500,U750002,1004178,19,N,N,3,3,104,14000
U7500,U750002,1003761,20,N,N,3,3,112,17245
U7500,U750002,1000366,21,N,N,3,3,87,20042
U7500,U750002,1001575,22,N,N,3,3,13,22349
U7500,U750002,1004098,23,N,N,3,3,41,23175
U7500,U750002,1002106,24,N,N,3,3,43,23876
U7500,U750002,1001787,25,N,N,3,3,36,24551
U7500,U750002,1003609,26,Y,N,4,3,49,25335
U7500,U750002,1001512,27,Y,N,4,3,43,26191
U7500,U750002,1004275,28,Y,N,4,3,43,26320
U7500,U750002,1002494,29,Y,N,4,3,67,26551
U7500,U750002,1002639,30,N,N,4,4,353,27766
U7500,U750002,1004348,31,N,N,4,4,0,28145
U7510,U751001,1004348,1,N,N,4,4,0,0
U7510,U751001,1000857,2,N,N,4,4,240,366
U7510,U751001,1002495,3,Y,N,3,4,247,1035
U7510,U751001,1004276,4,Y,N,3,4,137,1502
U7510,U751001,1002023,5,Y,N,3,4,229,1818
U7510,U751001,1003335,6,Y,N,3,4,228,2117
U7510,U751001,1002234,7,Y,N,3,4,227,2892
U7510,U751001,1003608,8,Y,N,3,4,318,3741
U7510,U751001,1002086,9,N,N,3,3,217,4295
U7510,U751001,1001788,10,N,N,3,3,216,5030
U7510,U751001,1002600,11,N,N,3,3,223,5512
U7510,U751001,1004110,12,N,N,3,3,193,6745
U7510,U751001,1000365,13,N,N,3,3,267,7850
U7510,U751001,1008143,14,N,N,3,3,312,8850
U7510,U751001,1001410,15,N,N,3,3,261,9624
U7510,U751001,1002621,16,Y,N,2,3,238,11063
U7510,U751001,1003857,17,N,N,2,2,151,12673
U7510,U751001,1006035,18,N,N,2,2,321,13482
U7510,U751001,1001509,19,N,N,2,2,309,14000
U7510,U751001,1000166,20,N,N,2,2,241,17245
U7510,U751001,1001735,21,N,N,2,2,227,20042
U7510,U751001,1003174,22,N,N,2,2,259,20852
U7510,U751001,1002064,23,N,N,2,2,263,21631
U7510,U751001,1000387,24,N,N,2,2,268,22214
U7510,U751001,1003553,25,Y,N,1,2,264,22449
U7510,U751001,1000393,26,N,N,1,1,254,22931
U7510,U751001,1000394,27,N,N,1,1,256,23145
U7510,U751001,1001870,28,N,N,1,1,235,23839
U7510,U751001,1000884,29,N,N,1,1,227,24610
U7510,U751001,1003084,30,N,N,1,1,266,25538
U7510,U751001,1001318,31,N,N,1,1,266,25842
U7510,U751001,1000098,32,N,N,1,1,269,26432
U7510,U751001,1000670,33,N,N,1,1,265,26693
U7510,U751001,1006021,34,N,N,1,1,172,27042
U7510,U751001,1003090,35,N,N,1,1,165,27759
U7510,U751001,1003091,36,N,N,1,1,165,28349
U7510,U751001,1000734,37,N,N,1,1,79,28648
U7510,U751001,1002229,38,N,N,1,1,92,29035
U7510,U751001,1001018,39,N,N,1,1,184,29558
U7510,U751001,1001403,40,N,N,1,1,179,29813
U7510,U751001,1002424,41,N,N,1,1,177,30371
U7510,U751001,1000356,42,N,N,1,1,177,31350
U7510,U751001,1003610,43,N,N,1,1,168,32387
U7510,U751001,1000323,44,N,N,1,1,157,32941
U7510,U751001,1004269,45,N,N,1,1,157,33180
U7510,U751001,1002939,46,N,N,1,1,82,33696
U7510,U751001,1004060,47,N,N,1,1,348,36000
U7510,U751002,1004060,1,N,N,1,1,348,0
U7510,U751002,1000350,2,N,N,1,1,357,452
U7510,U751002,1002854,3,N,N,1,1,357,729
U7510,U751002,1002092,4,N,N,1,1,359,1317
U7510,U751002,1000821,5,N,N,1,1,4,2001
U7510,U751002,1002579,6,N,N,1,1,272,2423
U7510,U751002,1003085,7,N,N,1,1,345,3254
U7510,U751002,1003092,8,N,N,1,1,345,3519
U7510,U751002,1000209,9,N,N,1,1,344,4470
U7510,U751002,1000183,10,N,N,1,1,85,5360
U7510,U751002,1002088,11,N,N,1,1,70,5885
U7510,U751002,1001473,12,N,N,1,1,86,6827
U7510,U751002,1000395,13,N,N,1,1,76,8731
U7510,U751002,1000392,14,N,N,1,1,74,9587
U7510,U751002,1003554,15,Y,N,2,1,84,12447
U7510,U751002,1000388,16,N,N,2,2,88,15547
U7510,U751002,1002063,17,N,N,2,2,83,16141
U7510,U751002,1003173,18,N,N,2,2,85,16782
U7510,U751002,1001734,19,N,N,2,2,47,18557
U7510,U751002,1001785,20,N,N,2,2,0,20145
U7510,U751002,1000671,21,N,N,2,2,90,21760
U7510,U751002,1004272,22,N,N,2,2,130,23226
U7510,U751002,1002620,23,Y,N,3,2,58,23608
U7510,U751002,1001897,24,N,N,3,3,37,23870
U7510,U751002,1004178,25,N,N,3,3,104,24279
U7510,U751002,1003761,26,N,N,3,3,112,24604
U7510,U751002,1000366,27,N,N,3,3,87,24891
U7510,U751002,1001575,28,N,N,3,3,13,25324
U7510,U751002,1004098,29,N,N,3,3,41,25863
U7510,U751002,1002106,30,N,N,3,3,43,26861
U7510,U751002,1001787,31,N,N,3,3,36,27375
U7510,U751002,1003609,32,Y,N,4,3,49,27863
U7510,U751002,1001512,33,Y,N,4,3,43,28970
U7510,U751002,1002494,34,Y,N,4,3,67,29376
U7510,U751002,1002639,35,N,N,4,4,353,30029
U7510,U751002,1004348,36,N,N,4,4,0,32800
U7520,U752001,1003078,1,N,N,1,1,79,0
U7520,U752001,1000936,2,N,N,1,1,81,1027
U7520,U752001,1001731,3,N,N,1,1,176,1321
U7520,U752001,1008397,4,N,N,1,1,193,1499
U7520,U752001,1003082,5,N,N,1,1,86,1691
U7520,U752001,1000357,6,N,N,1,1,11,2361
U7520,U752001,1003916,7,N,N,1,1,160,3297
U7520,U752001,1000886,8,N,N,1,1,172,4366
U7520,U752001,1001216,9,N,N,1,1,160,5021
U7520,U752001,1001753,10,N,N,1,1,163,6476
U7520,U752001,1000302,11,N,N,1,1,165,6945
U7520,U752001,1001423,12,N,N,1,1,116,7450
U7520,U752001,1002513,13,N,N,1,1,102,7752
U7520,U752001,1000619,14,N,N,1,1,99,8301
U7520,U752001,1000912,15,N,N,1,1,101,8728
U7520,U752001,1000825,16,N,N,1,1,99,9161
U7520,U752001,1000316,17,N,N,1,1,159,9796
U7520,U752001,1000431,18,N,N,1,1,180,12613
U7520,U752001,1000169,19,N,N,1,1,180,13137
U7520,U752001,1000304,20,N,N,1,1,89,13730
U7520,U752001,1002931,21,N,N,1,1,168,14091
U7520,U752001,1006549,22,N,N,1,1,132,14302
U7520,U752001,1004107,23,N,N,1,1,258,14757
U7520,U752001,1006103,24,N,N,1,1,267,15021
U7520,U752001,1000064,25,N,N,1,1,270,15204
U7520,U752001,1000644,26,N,N,1,1,181,16293
U7520,U752001,1002690,27,N,N,1,1,181,16604
U7520,U752001,1002103,28,N,N,1,1,93,17209
U7520,U752001,1000231,29,N,N,1,1,91,18123
U7520,U752001,1006550,30,N,N,1,1,31,18900
U7520,U752002,1006550,1,N,N,1,1,31,0
U7520,U752002,1006510,2,N,N,1,1,283,732
U7520,U752002,1006511,3,N,N,1,1,286,1682
U7520,U752002,1000709,4,N,N,1,1,1,2191
U7520,U752002,1000708,5,N,N,1,1,1,2478
U7520,U752002,1000063,6,N,N,1,1,90,3633
U7520,U752002,1000737,7,N,N,1,1,90,3890
U7520,U752002,1003281,8,N,N,1,1,309,4422
U7520,U752002,1006104,9,N,N,1,1,354,4876
U7520,U752002,1000303,10,N,N,1,1,269,5102
U7520,U752002,1001202,11,N,N,1,1,360,5439
U7520,U752002,1006577,12,N,N,1,1,3,5711
U7520,U752002,1001196,13,N,N,1,1,0,5990
U7520,U752002,1004095,14,N,N,1,1,0,6171
U7520,U752002,1002390,15,N,N,1,1,51,6833
U7520,U752002,1001094,16,N,N,1,1,29,7658
U7520,U752002,1000443,17,N,N,1,1,339,9742
U7520,U752002,1000812,18,N,N,1,1,279,10358
U7520,U752002,1001838,19,N,N,1,1,281,10964
U7520,U752002,1000618,20,N,N,1,1,279,11178
U7520,U752002,1001424,21,N,N,1,1,286,11922
U7520,U752002,1000651,22,N,N,1,1,345,12584
U7520,U752002,1001752,23,N,N,1,1,343,13080
U7520,U752002,1001566,24,N,N,1,1,346,14339
U7520,U752002,1000740,25,N,N,1,1,347,14842
U7520,U752002,1003915,26,N,N,1,1,340,16231
U7520,U752002,1000358,27,N,N,1,1,191,16980
U7520,U752002,1003083,28,N,N,1,1,266,17672
U7520,U752002,1008398,29,N,N,1,1,7,18346
U7520,U752002,1001730,30,N,N,1,1,356,18944
U7520,U752002,1004249,31,N,N,1,1,261,19540
U7520,U752002,1003078,32,N,N,1,1,79,20400
U7530,U753001,1000572,1,N,N,2,2,27,0
U7530,U753001,1001584,2,N,N,2,2,207,607
U7530,U753001,1001603,3,N,N,2,2,150,924
U7530,U753001,1001588,4,N,N,2,2,14,2220
U7530,U753001,1001586,5,N,N,2,2,340,2583
U7530,U753001,1002548,6,N,N,2,2,300,4015
U7530,U753001,1002516,7,N,N,2,2,308,4937
U7530,U753001,1000594,8,N,N,2,2,216,5559
U7530,U753001,1003443,9,N,N,2,2,218,7209
U7530,U753001,1004057,10,N,N,2,2,184,8753
U7530,U753001,1001251,11,N,N,2,2,173,9276
U7530,U753001,1002302,12,N,N,2,2,174,10255
U7530,U753001,1003496,13,N,N,2,2,175,10796
U7530,U753001,1003513,14,N,N,2,2,174,11294
U7530,U753001,1001112,15,N,N,2,2,171,11928
U7530,U753001,1000399,16,N,N,2,2,172,13084
U7530,U753001,1004006,17,N,N,2,2,172,13623
U7530,U753001,1003384,18,N,N,2,2,172,14335
U7530,U753001,1002378,19,N,N,2,2,174,15073
U7530,U753001,1001528,20,N,N,2,2,174,15373
U7530,U753001,1001374,21,N,N,2,2,172,15542
U7530,U753001,1000978,22,N,N,2,2,175,16149
U7530,U753001,1001493,23,N,N,2,2,176,16572
U7530,U753001,1000069,24,N,N,2,2,177,17241
U7530,U753001,1001514,25,Y,N,1,2,145,19248
U7530,U753001,1006610,26,Y,N,1,2,300,19630
U7530,U753001,1003189,27,N,N,1,1,172,20477
U7530,U753001,1006606,28,N,N,1,1,48,21609
U7530,U753001,1006604,29,N,N,1,1,91,26577
U7530,U753001,1006592,30,N,N,1,1,272,28584
U7530,U753001,1006593,31,N,N,1,1,106,29096
U7530,U753001,1006594,32,N,N,1,1,269,29396
U7530,U753001,1006595,33,N,N,1,1,254,29806
U7530,U753001,1006596,34,N,N,1,1,238,30118
U7530,U753001,1006600,35,N,N,1,1,259,31127
U7530,U753001,1000242,36,N,N,1,1,163,31853
U7530,U753001,1000244,37,N,N,1,1,163,32350
U7530,U753001,1001345,38,N,N,1,1,165,32866
U7530,U753001,1001297,39,N,N,1,1,163,33412
U7530,U753001,1002428,40,N,N,1,1,140,36490
U7530,U753001,1003833,41,N,N,1,1,53,38134
U7530,U753001,1000335,42,N,N,1,1,52,40940
U7530,U753001,1000266,43,N,N,1,1,52,41683
U7530,U753001,1003855,44,N,N,1,1,317,42050
U7530,U753001,1002456,45,N,N,1,1,317,42522
U7530,U753001,1002459,46,N,N,1,1,26,42715
U7530,U753001,1004173,47,N,N,1,1,188,43064
U7530,U753001,1002126,48,N,N,1,1,313,43926
U7530,U753001,1004165,49,N,N,1,1,310,44226
U7530,U753001,1000172,50,N,N,1,1,44,44767
U7530,U753001,1006016,51,N,N,1,1,40,45231
U7530,U753001,1004223,52,N,N,1,1,80,46174
U7530,U753001,1003856,53,N,N,1,1,339,46394
U7530,U753001,1008076,54,N,N,1,1,39,46865
U7530,U753001,1006643,55,N,N,1,1,65,47289
U7530,U753001,1003078,56,N,N,1,1,79,47700
U7530,U753002,1003078,1,N,N,1,1,79,0
U7530,U753002,1008075,2,N,N,1,1,254,837
U7530,U753002,1003267,3,N,N,1,1,291,1205
U7530,U753002,1008104,4,N,N,1,1,215,1754
U7530,U753002,1000171,5,N,N,1,1,226,2331
U7530,U753002,1004166,6,N,N,1,1,309,2844
U7530,U753002,1000170,7,N,N,1,1,322,3331
U7530,U753002,1004172,8,N,N,1,1,286,4109
U7530,U753002,1002457,9,N,N,1,1,204,4393
U7530,U753002,1002458,10,N,N,1,1,213,4676
U7530,U753002,1000333,11,N,N,1,1,300,5117
U7530,U753002,1000331,12,N,N,1,1,272,5499
U7530,U753002,1003315,13,N,N,1,1,232,5799
U7530,U753002,1000336,14,N,N,1,1,232,6210
U7530,U753002,1000325,15,N,N,1,1,142,6513
U7530,U753002,1000691,16,N,N,1,1,87,6881
U7530,U753002,1003096,17,N,N,1,1,270,7311
U7530,U753002,1001026,18,N,N,1,1,310,7588
U7530,U753002,1008214,19,N,N,1,1,86,8564
U7530,U753002,1001210,20,N,N,1,1,320,10859
U7530,U753002,1003059,21,N,N,1,1,343,14058
U7530,U753002,1003025,22,N,N,1,1,345,14639
U7530,U753002,1000243,23,N,N,1,1,343,15266
U7530,U753002,1000245,24,N,N,1,1,343,15683
U7530,U753002,1003188,25,N,N,1,1,352,17053
U7530,U753002,1006609,26,N,N,1,1,120,17421
U7530,U753002,1001514,27,Y,N,2,1,145,18396
U7530,U753002,1006610,28,Y,N,2,1,300,18600
U7530,U753002,1003189,29,N,N,2,2,172,19200
U7530,U753002,1006606,30,N,N,2,2,48,21270
U7530,U753002,1006703,31,N,N,2,2,275,21762
U7530,U753002,1000068,32,N,N,2,2,357,29768
U7530,U753002,1003218,33,N,N,2,2,355,30388
U7530,U753002,1000814,34,N,N,2,2,353,31208
U7530,U753002,1001373,35,N,N,2,2,352,31380
U7530,U753002,1000292,36,N,N,2,2,354,31575
U7530,U753002,1001936,37,N,N,2,2,351,32150
U7530,U753002,1003318,38,N,N,2,2,352,32442
U7530,U753002,1003122,39,N,N,2,2,352,32585
U7530,U753002,1004035,40,N,N,2,2,354,32862
U7530,U753002,1000398,41,N,N,2,2,352,33969
U7530,U753002,1003982,42,N,N,2,2,351,35074
U7530,U753002,1003103,43,N,N,2,2,354,35740
U7530,U753002,1001915,44,N,N,2,2,355,36038
U7530,U753002,1002319,45,N,N,2,2,354,36794
U7530,U753002,1001250,46,N,N,2,2,353,37797
U7530,U753002,1004056,47,N,N,2,2,4,38245
U7530,U753002,1000257,48,N,N,2,2,42,39773
U7530,U753002,1000593,49,N,N,2,2,36,41449
U7530,U753002,1003585,50,N,N,2,2,128,42077
U7530,U753002,1002549,51,N,N,2,2,120,43037
U7530,U753002,1001587,52,N,N,2,2,160,44580
U7530,U753002,1001589,53,N,N,2,2,194,44987
U7530,U753002,1008304,54,N,N,2,2,342,46186
U7530,U753002,1008305,55,N,N,2,2,298,46505
U7530,U753002,1000572,56,N,N,2,2,27,46800
#N/A,U754001,1004160,1,N,N,2,2,91,0
#N/A,U754001,1003705,2,N,N,2,2,93,698
#N/A,U754001,1003693,3,N,N,2,2,107,1115
#N/A,U754001,1001244,4,N,N,2,2,114,2405
#N/A,U754001,1003706,5,N,N,2,2,90,3630
#N/A,U754001,1003074,6,N,N,2,2,86,4005
#N/A,U754001,1002788,7,N,N,2,2,71,7501
#N/A,U754001,1000373,8,N,N,2,2,79,7812
#N/A,U754001,1003582,9,N,N,2,2,78,8560
#N/A,U754001,1001455,10,N,N,2,2,147,9198
#N/A,U754001,1002731,11,N,N,2,2,167,9600
#N/A,U754001,1003273,12,N,N,2,2,202,10393
#N/A,U754001,1006800,13,N,N,2,2,197,10672
#N/A,U754001,1002476,14,N,N,2,2,198,10955
#N/A,U754001,1003359,15,N,N,2,2,187,11391
#N/A,U754001,1000860,16,Y,N,1,2,321,12179
#N/A,U754001,1001599,17,N,N,1,1,242,13583
#N/A,U754001,1003677,18,N,N,1,1,196,14564
#N/A,U754001,1000358,19,N,N,1,1,191,16217
#N/A,U754001,1003083,20,N,N,1,1,266,16918
#N/A,U754001,1001730,21,N,N,1,1,356,17593
#N/A,U754001,1004249,22,N,N,1,1,261,18261
#N/A,U754001,1008075,23,N,N,1,1,254,18621
#N/A,U754001,1003267,24,N,N,1,1,291,19126
#N/A,U754001,1008104,25,N,N,1,1,215,19836
#N/A,U754001,1000171,26,N,N,1,1,226,19943
#N/A,U754001,1000172,27,N,N,1,1,44,20200
U7540,U754002,1004160,1,N,N,1,1,91,0
U7540,U754002,1009135,2,N,N,1,1,346,376
U7540,U754002,1004162,3,N,N,1,1,271,819
U7540,U754002,1003706,4,N,N,1,1,90,4617
U7540,U754002,1002788,5,N,N,1,1,71,8663
U7540,U754002,1000373,6,N,N,1,1,79,9052
U7540,U754002,1003582,7,N,N,1,1,78,9873
U7540,U754002,1001455,8,N,N,1,1,147,10340
U7540,U754002,1002731,9,N,N,1,1,167,10830
U7540,U754002,1000908,10,N,N,1,1,88,11080
U7540,U754002,1003273,11,N,N,1,1,202,11616
U7540,U754002,1002476,12,N,N,1,1,198,12185
U7540,U754002,1003359,13,N,N,1,1,187,12568
U7540,U754002,1006655,14,N,N,1,1,249,13619
U7540,U754002,1006657,15,N,N,1,1,10,14250
U7540,U754002,1006658,16,N,N,1,1,108,14829
U7540,U754002,1003358,17,N,N,1,1,7,16124
U7540,U754002,1002475,18,N,N,1,1,18,16533
U7540,U754002,1003272,19,N,N,1,1,22,17111
U7540,U754002,1003334,20,N,N,1,1,353,17632
U7540,U754002,1003305,21,N,N,1,1,344,17923
U7540,U754002,1001454,22,N,N,1,1,318,18302
U7540,U754002,1003583,23,N,N,1,1,258,18786
U7540,U754002,1000374,24,N,N,1,1,259,19593
U7540,U754002,1000024,25,N,N,1,1,252,19987
U7540,U754002,1003555,26,N,N,1,1,270,24697
U7540,U754002,1001305,27,N,N,1,1,268,28058
U7540,U754002,1004160,28,N,N,1,1,91,28500
U7700,U770001,1002297,1,N,N,4,4,185,0
U7700,U770001,1000857,2,N,N,4,4,240,430
U7700,U770001,1002495,3,Y,N,3,4,247,1465
U7700,U770001,1004276,4,Y,N,3,4,137,1932
U7700,U770001,1002023,5,Y,N,3,4,229,2247
U7700,U770001,1003335,6,Y,N,3,4,228,2458
U7700,U770001,1002234,7,Y,N,3,4,227,3042
U7700,U770001,1003301,8,Y,N,3,4,206,3236
U7700,U770001,1000205,9,Y,N,3,4,206,4625
U7700,U770001,1004210,10,N,N,3,3,190,8159
U7700,U770001,1002621,11,Y,N,2,3,238,9933
U7700,U770001,1003857,12,N,N,2,2,151,11372
U7700,U770001,1006035,13,N,N,2,2,321,12982
U7700,U770001,1001509,14,N,N,2,2,309,13840
U7700,U770001,1000166,15,N,N,2,2,241,14173
U7700,U770001,1001735,16,N,N,2,2,227,14339
U7700,U770001,1003174,17,N,N,2,2,259,15654
U7700,U770001,1001437,18,Y,N,1,2,181,17515
U7700,U770001,1002696,19,Y,N,1,2,181,18431
U7700,U770001,1003709,20,N,N,1,1,258,18601
U7700,U770001,1000522,21,N,N,1,1,271,19222
U7700,U770001,1001613,22,N,N,1,1,181,19698
U7700,U770001,1003080,23,N,N,1,1,196,20031
U7700,U770001,1003703,24,N,N,1,1,204,20606
U7700,U770001,1006526,25,N,N,1,1,155,21323
U7700,U770001,1000545,26,N,N,1,1,203,21865
U7700,U770001,1006590,27,N,N,1,1,202,22483
U7700,U770001,1006591,28,N,N,1,1,290,22863
U7700,U770001,1002112,29,N,N,1,1,310,23378
U7700,U770001,1000982,30,N,N,1,1,178,23762
U7700,U770001,1003236,31,N,N,1,1,179,24425
U7700,U770001,1004187,32,N,N,1,1,88,24897
U7700,U770001,1001529,33,N,N,1,1,91,25371
U7700,U770001,1008642,34,N,N,1,1,40,25611
U7700,U770001,1000883,35,N,N,1,1,360,25801
U7700,U770001,1009083,36,N,N,1,1,88,26024
U7700,U770001,1001859,37,N,N,1,1,89,26409
U7700,U770001,1002364,38,N,N,1,1,90,26876
U7700,U770001,1002122,39,N,N,1,1,342,27191
U7700,U770001,1008641,40,N,N,1,1,351,27305
U7700,U770001,1003290,41,N,N,1,1,15,27482
U7700,U770001,1004184,42,N,N,1,1,288,27600
U7700,U770002,1004184,1,N,N,1,1,288,0
U7700,U770002,1003291,2,N,N,1,1,288,381
U7700,U770002,1002187,3,N,N,1,1,195,617
U7700,U770002,1004306,4,N,N,1,1,171,1009
U7700,U770002,1002123,5,N,N,1,1,162,1397
U7700,U770002,1002758,6,N,N,1,1,270,1890
U7700,U770002,1001860,7,N,N,1,1,270,3047
U7700,U770002,1004185,8,N,N,1,1,266,3265
U7700,U770002,1000882,9,N,N,1,1,268,3504
U7700,U770002,1001938,10,N,N,1,1,3,4179
U7700,U770002,1006025,11,N,N,1,1,27,4620
U7700,U770002,1006026,12,N,N,1,1,353,4802
U7700,U770002,1002508,13,N,N,1,1,2,5937
U7700,U770002,1003702,14,N,N,1,1,24,7276
U7700,U770002,1002110,15,N,N,1,1,1,7523
U7700,U770002,1001758,16,N,N,1,1,1,8067
U7700,U770002,1000523,17,N,N,1,1,89,8708
U7700,U770002,1003708,18,N,N,1,1,78,8865
U7700,U770002,1008430,19,N,N,1,1,85,8992
U7700,U770002,1001873,20,N,N,1,1,87,9144
U7700,U770002,1002624,21,Y,N,2,1,90,9985
U7700,U770002,1002625,22,Y,N,2,1,90,10322
U7700,U770002,1008337,23,Y,N,2,1,88,12097
U7700,U770002,1000300,24,N,N,2,2,181,13684
U7700,U770002,1002065,25,N,N,2,2,85,15299
U7700,U770002,1003173,26,N,N,2,2,85,18811
U7700,U770002,1001734,27,N,N,2,2,47,19740
U7700,U770002,1001785,28,N,N,2,2,0,20117
U7700,U770002,1000671,29,N,N,2,2,90,20766
U7700,U770002,1004272,30,N,N,2,2,130,21255
U7700,U770002,1002620,31,Y,N,3,2,58,21762
U7700,U770002,1004209,32,N,N,3,3,10,22490
U7700,U770002,1000206,33,Y,N,4,3,26,23032
U7700,U770002,1001512,34,Y,N,4,3,43,23548
U7700,U770002,1004275,35,Y,N,4,3,43,24450
U7700,U770002,1002494,36,Y,N,4,3,67,25332
U7700,U770002,1002639,37,N,N,4,4,353,26995
U7700,U770002,1002297,38,N,N,4,4,185,28300
#N/A,U771001,1004347,1,N,N,4,4,0,0
#N/A,U771001,1004346,2,N,N,4,4,0,0
#N/A,U771001,1000857,3,N,N,4,4,240,608
#N/A,U771001,1002495,4,Y,N,3,4,247,989
#N/A,U771001,1004276,5,Y,N,3,4,137,1225
#N/A,U771001,1002023,6,Y,N,3,4,229,1617
#N/A,U771001,1002233,7,Y,N,3,4,227,2005
#N/A,U771001,1003301,8,Y,N,3,4,206,2498
#N/A,U771001,1000205,9,Y,N,3,4,206,3571
#N/A,U771001,1004210,10,N,N,3,3,190,4190
#N/A,U771001,1002621,11,Y,N,2,3,238,5041
#N/A,U771001,1000166,12,N,N,2,2,241,6009
#N/A,U771001,1001735,13,N,N,2,2,227,7044
#N/A,U771001,1003174,14,N,N,2,2,259,7492
#N/A,U771001,1000272,15,N,N,2,2,176,8510
#N/A,U771001,1000300,16,Y,N,1,2,181,9694
#N/A,U771001,1002696,17,Y,N,1,2,181,10166
#N/A,U771001,1003709,18,N,N,1,1,258,10621
#N/A,U771001,1000522,19,N,N,1,1,271,10972
#N/A,U771001,1003140,20,N,N,1,1,0,11295
#N/A,U771001,1003279,21,N,N,1,1,0,12346
#N/A,U771001,1002020,22,N,N,1,1,270,13803
#N/A,U771001,1000457,23,N,N,1,1,270,14049
#N/A,U771001,1003695,24,N,N,1,1,52,14594
#N/A,U771001,1000617,25,N,N,1,1,178,15235
#N/A,U771001,1003086,26,N,N,1,1,266,15392
#N/A,U771001,1003666,27,N,N,1,1,176,15670
#N/A,U771001,1003587,28,N,N,1,1,216,16522
#N/A,U771001,1003780,29,N,N,1,1,180,16889
#N/A,U771001,1001503,30,N,N,1,1,194,18664
#N/A,U771001,1000159,31,N,N,1,1,107,20251
#N/A,U771001,1004187,32,N,N,1,1,88,21866
#N/A,U771001,1001529,33,N,N,1,1,91,25434
#N/A,U771001,1000883,34,N,N,1,1,360,26363
#N/A,U771001,1001859,35,N,N,1,1,89,26740
#N/A,U771001,1002364,36,N,N,1,1,90,27389
#N/A,U771001,1002122,37,N,N,1,1,342,27877
#N/A,U771001,1003290,38,N,N,1,1,15,28985
#N/A,U771001,1004185,39,N,N,1,1,108,29313
U7710,U771002,1004184,1,N,N,1,1,288,0
U7710,U771002,1003291,2,N,N,1,1,288,390
U7710,U771002,1002187,3,N,N,1,1,195,580
U7710,U771002,1004306,4,N,N,1,1,171,841
U7710,U771002,1002123,5,N,N,1,1,162,959
U7710,U771002,1002758,6,N,N,1,1,270,1366
U7710,U771002,1004305,7,N,N,1,1,270,1475
U7710,U771002,1001860,8,N,N,1,1,270,1858
U7710,U771002,1000882,9,N,N,1,1,268,2458
U7710,U771002,1003867,10,N,N,1,1,179,2861
U7710,U771002,1002922,11,N,N,1,1,268,3477
U7710,U771002,1003586,12,N,N,1,1,287,4322
U7710,U771002,1002953,13,N,N,1,1,14,5286
U7710,U771002,1004186,14,N,N,1,1,28,6320
U7710,U771002,1002885,15,N,N,1,1,102,6775
U7710,U771002,1000787,16,N,N,1,1,213,7698
U7710,U771002,1002512,17,N,N,1,1,135,8863
U7710,U771002,1003815,18,N,N,1,1,354,9259
U7710,U771002,1006525,19,N,N,1,1,18,9366
U7710,U771002,1002947,20,N,N,1,1,330,9717
U7710,U771002,1003696,21,N,N,1,1,63,10069
U7710,U771002,1000456,22,N,N,1,1,90,10389
U7710,U771002,1003280,23,N,N,1,1,180,11430
U7710,U771002,1000523,24,N,N,1,1,89,12818
U7710,U771002,1003708,25,N,N,1,1,78,13057
U7710,U771002,1001873,26,N,N,1,1,87,13594
U7710,U771002,1000729,27,N,N,1,1,82,14203
U7710,U771002,1001435,28,N,N,1,1,176,14359
U7710,U771002,1001669,29,N,N,1,1,260,14607
U7710,U771002,1001437,30,N,N,1,1,181,15730
U7710,U771002,1003709,31,N,N,1,1,258,17103
U7710,U771002,1000522,32,N,N,1,1,271,17680
U7710,U771002,1000846,33,N,N,1,1,271,18377
U7710,U771002,1003140,34,N,N,1,1,0,18966
U7710,U771002,1003279,35,N,N,1,1,0,19335
U7710,U771002,1002020,36,N,N,1,1,270,19801
U7710,U771002,1000457,37,N,N,1,1,270,20079
U7710,U771002,1003695,38,N,N,1,1,52,20397
U7710,U771002,1000617,39,N,N,1,1,178,21132
U7710,U771002,1006030,40,N,N,1,1,170,21207
U7710,U771002,1003086,41,N,N,1,1,266,21648
U7710,U771002,1003666,42,N,N,1,1,176,22856
U7710,U771002,1003587,43,N,N,1,1,216,23794
U7710,U771002,1003780,44,N,N,1,1,180,24441
U7710,U771002,1001503,45,N,N,1,1,194,25145
U7710,U771002,1000159,46,N,N,1,1,107,26134
U7710,U771002,1004187,47,N,N,1,1,88,26917
U7710,U771002,1001529,48,N,N,1,1,91,27783
U7710,U771002,1000883,49,N,N,1,1,360,28248
U7710,U771002,1001859,50,N,N,1,1,89,29738
U7710,U771002,1002364,51,N,N,1,1,90,30211
U7710,U771002,1002122,52,N,N,1,1,342,30642
U7710,U771002,1003290,53,N,N,1,1,15,31064
U7710,U771002,1004184,54,N,N,1,1,288,31500
U7720,U772001,1004344,1,N,N,4,4,0,0
U7720,U772001,1000857,2,N,N,4,4,240,928
U7720,U772001,1002495,3,Y,N,3,4,247,1248
U7720,U772001,1004276,4,Y,N,3,4,137,1715
U7720,U772001,1002023,5,Y,N,3,4,229,2030
U7720,U772001,1002234,6,Y,N,3,4,227,2241
U7720,U772001,1003608,7,Y,N,3,4,318,3069
U7720,U772001,1002086,8,N,N,3,3,217,3655
U7720,U772001,1001788,9,N,N,3,3,216,4067
U7720,U772001,1002600,10,N,N,3,3,223,4621
U7720,U772001,1004110,11,N,N,3,3,193,5356
U7720,U772001,1000365,12,N,N,3,3,267,5689
U7720,U772001,1008143,13,N,N,3,3,312,6251
U7720,U772001,1001410,14,N,N,3,3,261,6923
U7720,U772001,1002621,15,Y,N,2,3,238,8028
U7720,U772001,1003857,16,N,N,2,2,151,8947
U7720,U772001,1000166,17,N,N,2,2,241,9802
U7720,U772001,1003174,18,N,N,2,2,259,14063
U7720,U772001,1002064,19,N,N,2,2,263,14872
U7720,U772001,1000387,20,N,N,2,2,268,15391
U7720,U772001,1008324,21,N,N,2,2,334,19123
U7720,U772001,1003068,22,N,N,2,2,289,20312
U7720,U772001,1006589,23,N,N,2,2,295,21892
U7720,U772001,1006523,24,N,N,2,2,320,22131
U7720,U772001,1000104,25,Y,N,1,2,329,23548
U7720,U772001,1003889,26,Y,N,1,2,330,24426
U7720,U772001,1007327,27,N,N,1,1,350,24980
U7720,U772001,1007346,28,N,N,1,1,214,25453
U7720,U772001,1002726,29,N,N,1,1,334,26221
U7720,U772001,1001421,30,N,N,1,1,335,26907
U7720,U772001,1003697,31,N,N,1,1,312,27384
U7720,U772001,1002047,32,N,N,1,1,233,27890
U7720,U772001,1002383,33,N,N,1,1,198,28647
U7720,U772001,1006785,34,N,N,1,1,214,29121
U7720,U772001,1002025,35,N,N,1,1,313,29425
U7720,U772001,1001446,36,N,N,1,1,360,30066
U7720,U772001,1004134,37,N,N,1,1,88,31126
U7720,U772001,1002581,38,N,N,1,1,341,31943
U7720,U772001,1008651,39,N,N,1,1,332,32582
U7720,U772001,1000062,40,N,N,1,1,2,32814
U7720,U772001,1004068,41,N,N,1,1,0,33015
U7720,U772001,1003175,42,N,N,1,1,4,33781
U7720,U772001,1002120,43,N,N,1,1,3,34121
U7720,U772001,1003699,44,N,N,1,1,270,34683
U7720,U772001,1002185,45,N,N,1,1,91,35029
U7720,U772001,1002121,46,N,N,1,1,180,35923
U7720,U772001,1002783,47,N,N,1,1,89,36000
U7720,U772002,1002783,1,N,N,1,1,89,0
U7720,U772002,1002120,2,N,N,1,1,3,245
U7720,U772002,1002075,3,N,N,1,1,2,461
U7720,U772002,1003699,4,N,N,1,1,270,722
U7720,U772002,1002185,5,N,N,1,1,91,971
U7720,U772002,1002121,6,N,N,1,1,180,1573
U7720,U772002,1003176,7,N,N,1,1,184,1909
U7720,U772002,1004069,8,N,N,1,1,180,2744
U7720,U772002,1001522,9,N,N,1,1,180,2955
U7720,U772002,1008650,10,N,N,1,1,156,3123
U7720,U772002,1002582,11,N,N,1,1,161,3517
U7720,U772002,1004133,12,N,N,1,1,268,4532
U7720,U772002,1001447,13,N,N,1,1,180,5644
U7720,U772002,1001733,14,N,N,1,1,167,5953
U7720,U772002,1002382,15,N,N,1,1,18,7063
U7720,U772002,1002046,16,N,N,1,1,73,7341
U7720,U772002,1003698,17,N,N,1,1,132,8342
U7720,U772002,1008652,18,N,N,1,1,168,8893
U7720,U772002,1002727,19,N,N,1,1,154,9457
U7720,U772002,1007347,20,N,N,1,1,73,10123
U7720,U772002,1006522,21,N,N,1,1,128,10456
U7720,U772002,1008269,22,N,N,1,1,121,10981
U7720,U772002,1001757,23,N,N,1,1,298,11572
U7720,U772002,1003890,24,N,N,1,1,150,11940
U7720,U772002,1000105,25,Y,N,2,1,149,12727
U7720,U772002,1002473,26,Y,N,2,1,138,13144
U7720,U772002,1000157,27,N,N,2,2,112,13852
U7720,U772002,1003767,28,N,N,2,2,109,15379
U7720,U772002,1006588,29,N,N,2,2,340,16321
U7720,U772002,1000388,30,N,N,2,2,88,20224
U7720,U772002,1002063,31,N,N,2,2,83,20817
U7720,U772002,1003173,32,N,N,2,2,85,21459
U7720,U772002,1001734,33,N,N,2,2,47,21800
U7720,U772002,1001785,34,N,N,2,2,0,23123
U7720,U772002,1000671,35,N,N,2,2,90,24821
U7720,U772002,1004272,36,N,N,2,2,130,25123
U7720,U772002,1002620,37,Y,N,3,2,58,26436
U7720,U772002,1001897,38,N,N,3,3,37,27903
U7720,U772002,1004178,39,N,N,3,3,104,28285
U7720,U772002,1003761,40,N,N,3,3,112,28547
U7720,U772002,1000366,41,N,N,3,3,87,28956
U7720,U772002,1001575,42,N,N,3,3,13,29280
U7720,U772002,1004098,43,N,N,3,3,41,29567
U7720,U772002,1002106,44,N,N,3,3,43,30000
U7720,U772002,1001787,45,N,N,3,3,36,30540
U7720,U772002,1003609,46,Y,N,4,3,49,31537
U7720,U772002,1001512,47,Y,N,4,3,43,32052
U7720,U772002,1004275,48,Y,N,4,3,43,32287
U7720,U772002,1002494,49,Y,N,4,3,67,32540
U7720,U772002,1003588,50,N,N,4,4,86,33121
U7720,U772002,1002639,51,N,N,4,4,353,33325
U7720,U772002,1004344,52,N,N,4,4,0,34700
U7800,U780001,1004344,1,N,N,4,4,0,0
U7800,U780001,1000857,2,N,N,4,4,240,928
U7800,U780001,1002495,3,Y,N,3,4,247,1248
U7800,U780001,1004276,4,Y,N,3,4,137,1715
U7800,U780001,1002023,5,Y,N,3,4,229,2030
U7800,U780001,1003335,6,Y,N,3,4,228,2132
U7800,U780001,1002234,7,Y,N,3,4,227,2241
U7800,U780001,1003608,8,Y,N,3,4,318,2892
U7800,U780001,1002086,9,N,N,3,3,217,3477
U7800,U780001,1001788,10,N,N,3,3,216,3741
U7800,U780001,1002600,11,N,N,3,3,223,4295
U7800,U780001,1004110,12,N,N,3,3,193,5030
U7800,U780001,1000365,13,N,N,3,3,267,5512
U7800,U780001,1008143,14,N,N,3,3,312,6143
U7800,U780001,1001410,15,N,N,3,3,261,6745
U7800,U780001,1004179,16,Y,N,2,3,260,7550
U7800,U780001,1003630,17,N,N,2,2,241,7850
U7800,U780001,1002142,18,N,N,2,2,228,8240
U7800,U780001,1004272,19,N,N,2,2,130,8675
U7800,U780001,1003857,20,N,N,2,2,151,8813
U7800,U780001,1006035,21,N,N,2,2,321,9034
U7800,U780001,1001509,22,N,N,2,2,309,9321
U7800,U780001,1001785,23,N,N,2,2,0,9725
U7800,U780001,1003320,24,N,N,2,2,208,10344
U7800,U780001,1000484,25,N,N,2,2,315,10721
U7800,U780001,1001907,26,N,N,2,2,210,11282
U7800,U780001,1000419,27,N,N,2,2,287,11685
U7800,U780001,1002881,28,N,N,2,2,245,11963
U7800,U780001,1002950,29,N,N,2,2,245,12274
U7800,U780001,1000820,30,N,N,2,2,273,12525
U7800,U780001,1003232,31,N,N,2,2,35,12718
U7800,U780001,1006226,32,N,N,2,2,8,13091
U7800,U780001,1002049,33,N,N,2,2,39,13508
U7800,U780001,1006254,34,N,N,2,2,309,14533
U7800,U780001,1001248,35,N,N,2,2,22,15576
U7800,U780001,1001431,36,N,N,2,2,278,16598
U7800,U780001,1002113,37,N,N,2,2,3,16705
U7800,U780001,1004277,38,N,N,2,2,359,16950
U7800,U780001,1001837,39,N,N,2,2,359,17174
U7800,U780001,1000297,40,N,N,2,2,88,17543
U7800,U780001,1000248,41,Y,N,1,2,327,18873
U7800,U780001,1000990,42,N,N,1,1,270,19946
U7800,U780001,1002389,43,N,N,1,1,219,20840
U7800,U780001,1003240,44,N,N,1,1,225,21320
U7800,U780001,1007091,45,N,N,1,1,273,22149
U7800,U780001,1000462,46,N,N,1,1,273,22788
U7800,U780001,1002519,47,N,N,1,1,277,23796
U7800,U780001,1001047,48,N,N,1,1,49,24478
U7800,U780001,1000789,49,N,N,1,1,328,24728
U7800,U780001,1000700,50,N,N,1,1,269,25077
U7800,U780001,1002759,51,N,N,1,1,17,25534
U7800,U780001,1001415,52,N,N,1,1,295,25770
U7800,U780001,1007065,53,N,N,1,1,50,26512
U7800,U780001,1002337,54,N,N,1,1,355,27816
U7800,U780001,1003300,55,N,N,1,1,349,28115
U7800,U780001,1003715,56,N,N,1,1,349,28270
U7800,U780001,1002298,57,N,N,1,1,26,28565
U7800,U780001,1003156,58,N,N,1,1,219,29500
U7800,U780002,1003156,1,N,N,1,1,219,0
U7800,U780002,1002853,2,N,N,1,1,216,92
U7800,U780002,1002299,3,N,N,1,1,206,623
U7800,U780002,1001277,4,N,N,1,1,169,920
U7800,U780002,1003314,5,N,N,1,1,169,1034
U7800,U780002,1000213,6,N,N,1,1,292,3290
U7800,U780002,1002760,7,N,N,1,1,201,3431
U7800,U780002,1000699,8,N,N,1,1,153,3709
U7800,U780002,1000788,9,N,N,1,1,89,3928
U7800,U780002,1000790,10,N,N,1,1,148,4245
U7800,U780002,1000892,11,N,N,1,1,148,4376
U7800,U780002,1007309,12,N,N,1,1,85,5123
U7800,U780002,1001932,13,N,N,1,1,35,6502
U7800,U780002,1000112,14,N,N,1,1,165,6756
U7800,U780002,1000146,15,N,N,1,1,250,7266
U7800,U780002,1001194,16,N,N,1,1,226,7531
U7800,U780002,1000752,17,N,N,1,1,166,8069
U7800,U780002,1000725,18,N,N,1,1,173,8422
U7800,U780002,1000724,19,N,N,1,1,153,8487
U7800,U780002,1000891,20,N,N,1,1,80,8711
U7800,U780002,1000463,21,N,N,1,1,93,9640
U7800,U780002,1007078,22,N,N,1,1,92,10259
U7800,U780002,1002235,23,N,N,1,1,91,10878
U7800,U780002,1002388,24,N,N,1,1,39,11572
U7800,U780002,1000991,25,N,N,1,1,91,12666
U7800,U780002,1003194,26,N,N,1,1,260,14398
U7800,U780002,1000249,27,Y,N,2,1,149,16223
U7800,U780002,1001064,28,N,N,2,2,350,18904
U7800,U780002,1000232,29,N,N,2,2,268,19409
U7800,U780002,1004278,30,N,N,2,2,179,19929
U7800,U780002,1000036,31,N,N,2,2,95,20401
U7800,U780002,1000371,32,N,N,2,2,202,21351
U7800,U780002,1001276,33,N,N,2,2,130,22888
U7800,U780002,1002752,34,N,N,2,2,219,23395
U7800,U780002,1003456,35,N,N,2,2,126,23838
U7800,U780002,1003204,36,N,N,2,2,215,24158
U7800,U780002,1001871,37,N,N,2,2,93,24341
U7800,U780002,1003336,38,N,N,2,2,65,24654
U7800,U780002,1001195,39,N,N,2,2,65,24984
U7800,U780002,1000518,40,N,N,2,2,115,25329
U7800,U780002,1004135,41,N,N,2,2,30,25601
U7800,U780002,1000270,42,N,N,2,2,135,26181
U7800,U780002,1003392,43,N,N,2,2,118,26531
U7800,U780002,1000671,44,N,N,2,2,90,27370
U7800,U780002,1002617,45,Y,N,3,2,159,28985
U7800,U780002,1001897,46,N,N,3,3,37,30452
U7800,U780002,1004178,47,N,N,3,3,104,30834
U7800,U780002,1003761,48,N,N,3,3,112,31096
U7800,U780002,1000366,49,N,N,3,3,87,31505
U7800,U780002,1001575,50,N,N,3,3,13,31829
U7800,U780002,1004098,51,N,N,3,3,41,32098
U7800,U780002,1002106,52,N,N,3,3,43,32549
U7800,U780002,1001787,53,N,N,3,3,36,33089
U7800,U780002,1003609,54,Y,N,4,3,49,34086
U7800,U780002,1001512,55,Y,N,4,3,43,34601
U7800,U780002,1004275,56,Y,N,4,3,43,34753
U7800,U780002,1002494,57,Y,N,4,3,67,36525
U7800,U780002,1004344,58,N,N,4,4,0,37000
U7810,U781001,1004347,1,N,N,3,3,0,0
U7810,U781001,1002495,2,Y,N,2,3,247,366
U7810,U781001,1004276,3,Y,N,2,3,137,1035
U7810,U781001,1002023,4,Y,N,2,3,229,1502
U7810,U781001,1002234,5,Y,N,2,3,227,1817
U7810,U781001,1003301,6,Y,N,2,3,206,2028
U7810,U781001,1000205,7,Y,N,2,3,206,2612
U7810,U781001,1004210,8,N,N,2,2,190,2806
U7810,U781001,1001410,9,N,N,2,2,261,4593
U7810,U781001,1001729,10,Y,N,1,2,158,6964
U7810,U781001,1003987,11,N,N,1,1,205,8452
U7810,U781001,1003129,12,N,N,1,1,166,9091
U7810,U781001,1003339,13,N,N,1,1,273,9297
U7810,U781001,1000421,14,N,N,1,1,290,9722
U7810,U781001,1006035,15,N,N,1,1,321,9912
U7810,U781001,1000203,16,N,N,1,1,189,10035
U7810,U781001,1002848,17,N,N,1,1,189,10548
U7810,U781001,1001628,18,N,N,1,1,187,11413
U7810,U781001,1002958,19,N,N,1,1,186,11591
U7810,U781001,1001487,20,N,N,1,1,165,11765
U7810,U781001,1002949,21,N,N,1,1,98,11941
U7810,U781001,1003891,22,N,N,1,1,97,12196
U7810,U781001,1001844,23,N,N,1,1,85,12946
U7810,U781001,1001000,24,N,N,1,1,155,13296
U7810,U781001,1000429,25,N,N,1,1,269,13703
U7810,U781001,1000942,26,N,N,1,1,271,14305
U7810,U781001,1000528,27,N,N,1,1,279,14995
U7810,U781001,1001054,28,N,N,1,1,276,15550
U7810,U781001,1003570,29,N,N,1,1,272,17018
U7810,U781001,1000840,30,N,N,1,1,179,17227
U7810,U781001,1003149,31,N,N,1,1,179,17822
U7810,U781001,1002339,32,N,N,1,1,179,18219
U7810,U781001,1002272,33,N,N,1,1,100,18427
U7810,U781001,1001765,34,N,N,1,1,102,18668
U7810,U781001,1000834,35,N,N,1,1,94,18866
U7810,U781001,1002553,36,N,N,1,1,174,19119
U7810,U781001,1000893,37,N,N,1,1,89,19500
U7810,U781002,1000893,1,N,N,1,1,89,0
U7810,U781002,1003902,2,N,N,1,1,354,230
U7810,U781002,1001249,3,N,N,1,1,277,443
U7810,U781002,1002554,4,N,N,1,1,282,612
U7810,U781002,1003446,5,N,N,1,1,280,883
U7810,U781002,1002851,6,N,N,1,1,359,1170
U7810,U781002,1000839,7,N,N,1,1,359,1422
U7810,U781002,1003745,8,N,N,1,1,1,1703
U7810,U781002,1003075,9,N,N,1,1,96,2249
U7810,U781002,1003685,10,N,N,1,1,96,2956
U7810,U781002,1002254,11,N,N,1,1,100,3803
U7810,U781002,1000943,12,N,N,1,1,91,4835
U7810,U781002,1000999,13,N,N,1,1,335,5922
U7810,U781002,1004161,14,N,N,1,1,240,6338
U7810,U781002,1001981,15,N,N,1,1,277,6938
U7810,U781002,1002269,16,N,N,1,1,278,7235
U7810,U781002,1003502,17,N,N,1,1,335,7709
U7810,U781002,1000253,18,N,N,1,1,6,8070
U7810,U781002,1001627,19,N,N,1,1,7,8387
U7810,U781002,1002847,20,N,N,1,1,9,8605
U7810,U781002,1000202,21,N,N,1,1,9,8885
U7810,U781002,1001509,22,N,N,1,1,309,9403
U7810,U781002,1000165,23,N,N,1,1,58,9753
U7810,U781002,1003857,24,N,N,1,1,151,10017
U7810,U781002,1000422,25,N,N,1,1,110,10336
U7810,U781002,1003338,26,N,N,1,1,96,10785
U7810,U781002,1003128,27,N,N,1,1,14,11330
U7810,U781002,1003988,28,N,N,1,1,25,11657
U7810,U781002,1000629,29,N,N,1,1,338,15225
U7810,U781002,1002620,30,Y,N,2,1,58,16153
U7810,U781002,1004209,31,N,N,2,2,10,16530
U7810,U781002,1000206,32,Y,N,3,2,26,17179
U7810,U781002,1001512,33,Y,N,3,2,43,18775
U7810,U781002,1004275,34,Y,N,3,2,43,18920
U7810,U781002,1002494,35,Y,N,3,2,67,19103
U7810,U781002,1002639,36,N,N,3,3,353,19445
U7810,U781002,1004347,37,N,N,3,3,0,19800
U7820,U782001,1004340,1,N,N,3,3,0,0
U7820,U782001,1002495,2,Y,N,2,3,247,325
U7820,U782001,1004276,3,Y,N,2,3,137,547
U7820,U782001,1002023,4,Y,N,2,3,229,1022
U7820,U782001,1002234,5,Y,N,2,3,227,1227
U7820,U782001,1003608,6,Y,N,2,3,318,1759
U7820,U782001,1002086,7,N,N,2,2,217,2166
U7820,U782001,1001788,8,N,N,2,2,216,3072
U7820,U782001,1002600,9,N,N,2,2,223,3340
U7820,U782001,1004110,10,N,N,2,2,193,3567
U7820,U782001,1000096,11,N,N,2,2,162,3796
U7820,U782001,1003431,12,N,N,2,2,210,3931
U7820,U782001,1001045,13,N,N,2,2,192,4172
U7820,U782001,1002271,14,N,N,2,2,192,4618
U7820,U782001,1001539,15,N,N,2,2,192,4847
U7820,U782001,1002301,16,Y,N,1,2,171,5259
U7820,U782001,1003039,17,N,N,1,1,251,5613
U7820,U782001,1000582,18,N,N,1,1,280,5843
U7820,U782001,1002498,19,N,N,1,1,253,6024
U7820,U782001,1003809,20,N,N,1,1,253,6712
U7820,U782001,1001082,21,N,N,1,1,282,6925
U7820,U782001,1001081,22,N,N,1,1,282,7212
U7820,U782001,1003550,23,N,N,1,1,306,7645
U7820,U782001,1003646,24,N,N,1,1,331,8184
U7820,U782001,1001926,25,N,N,1,1,307,8677
U7820,U782001,1003457,26,N,N,1,1,296,8891
U7820,U782001,1003674,27,N,N,1,1,205,9039
U7820,U782001,1002425,28,N,N,1,1,160,10287
U7820,U782001,1003891,29,N,N,1,1,97,11500
U7820,U782002,1003891,1,N,N,1,1,97,0
U7820,U782002,1001844,2,N,N,1,1,85,1035
U7820,U782002,1001080,3,N,N,1,1,102,1502
U7820,U782002,1001083,4,N,N,1,1,102,1818
U7820,U782002,1003810,5,N,N,1,1,73,2117
U7820,U782002,1002497,6,N,N,1,1,73,2892
U7820,U782002,1000581,7,N,N,1,1,100,3477
U7820,U782002,1003014,8,N,N,1,1,251,3741
U7820,U782002,1002300,9,Y,N,2,1,351,4295
U7820,U782002,1001538,10,N,N,2,2,12,5030
U7820,U782002,1002877,11,N,N,2,2,356,5698
U7820,U782002,1000261,12,N,N,2,2,25,6613
U7820,U782002,1001719,13,N,N,2,2,30,7844
U7820,U782002,1000095,14,N,N,2,2,336,8018
U7820,U782002,1001706,15,N,N,2,2,5,8137
U7820,U782002,1001575,16,N,N,2,2,13,8522
U7820,U782002,1004098,17,N,N,2,2,41,9081
U7820,U782002,1002106,18,N,N,2,2,43,9264
U7820,U782002,1001787,19,N,N,2,2,36,9364
U7820,U782002,1003609,20,Y,N,3,2,49,9637
U7820,U782002,1001512,21,Y,N,3,2,43,9933
U7820,U782002,1004275,22,Y,N,3,2,43,10002
U7820,U782002,1002494,23,Y,N,3,2,67,10118
U7820,U782002,1001096,24,N,N,3,3,42,10382
U7820,U782002,1004340,25,N,N,3,3,0,10967
U7830,U783002,1001804,1,N,N,3,3,277,0
U7830,U783002,1003347,2,N,N,3,3,182,1200
U7830,U783002,1002595,3,N,N,3,3,174,2100
U7830,U783002,1001436,4,N,N,3,3,93,7220
U7830,U783002,1004119,5,N,N,3,3,5,7597
U7830,U783002,1000460,6,N,N,3,3,2,7773
U7830,U783002,1006266,7,N,N,3,3,278,8100
U7830,U783002,1008640,8,N,N,3,3,273,8312
U7830,U783002,1006267,9,N,N,3,3,194,8500
U7830,U783002,1003709,10,N,N,3,3,258,9116
U7830,U783002,1000522,11,N,N,3,3,271,9688
U7830,U783002,1003140,12,N,N,3,3,0,10919
U7830,U783002,1003279,13,N,N,3,3,0,11285
U7830,U783002,1002020,14,Y,N,2,3,270,11799
U7830,U783002,1000457,15,Y,N,2,3,270,12079
U7830,U783002,1003695,16,N,N,2,2,52,12393
U7830,U783002,1000646,17,Y,N,1,2,260,12885
U7830,U783002,1003087,18,Y,N,1,2,264,13375
U7830,U783002,1000388,19,N,N,1,1,88,18030
U7830,U783002,1004221,20,N,N,1,1,280,19651
U7830,U783002,1002200,21,N,N,1,1,348,21829
U7830,U783002,1001508,22,N,N,1,1,356,22592
U7830,U783002,1001805,23,N,N,1,1,97,23975
U7830,U783002,1001169,24,N,N,1,1,264,24737
U7830,U783002,1001804,25,N,N,1,1,277,26500
U8000,U800001,1001511,1,N,N,3,3,61,0
U8000,U800001,1000313,2,Y,N,2,3,332,5392
U8000,U800001,1004233,3,N,N,2,2,256,6077
U8000,U800001,1002801,4,N,N,2,2,300,6373
U8000,U800001,1000957,5,N,N,2,2,358,7768
U8000,U800001,1004197,6,N,N,2,2,200,9468
U8000,U800001,1000603,7,Y,N,1,2,295,11645
U8000,U800001,1001707,8,N,N,1,1,252,12998
U8000,U800001,1002113,9,N,N,1,1,3,14392
U8000,U800001,1004277,10,N,N,1,1,359,14637
U8000,U800001,1001837,11,N,N,1,1,359,14861
U8000,U800001,1000297,12,N,N,1,1,88,15200
U8000,U800001,1002757,13,N,N,1,1,72,16497
U8000,U800001,1000553,14,N,N,1,1,344,16936
U8000,U800001,1000442,15,N,N,1,1,255,17245
U8000,U800001,1002900,16,N,N,1,1,326,17898
U8000,U800001,1003878,17,N,N,1,1,334,18188
U8000,U800001,1002587,18,N,N,1,1,330,18529
U8000,U800001,1002965,19,N,N,1,1,59,18971
U8000,U800001,1000627,20,N,N,1,1,335,19398
U8000,U800001,1002635,21,N,N,1,1,249,19616
U8000,U800001,1001215,22,N,N,1,1,240,20255
U8000,U800001,1003370,23,N,N,1,1,268,21203
U8000,U800001,1003627,24,N,N,1,1,24,21814
U8000,U800001,1000909,25,N,N,1,1,65,22742
U8000,U800002,1000909,1,N,N,1,1,65,0
U8000,U800002,1002636,2,N,N,1,1,69,1061
U8000,U800002,1000481,3,N,N,1,1,70,1315
U8000,U800002,1004201,4,N,N,1,1,70,1531
U8000,U800002,1001476,5,N,N,1,1,70,1746
U8000,U800002,1001037,6,N,N,1,1,154,2065
U8000,U800002,1002622,7,N,N,1,1,182,2513
U8000,U800002,1003412,8,N,N,1,1,262,3344
U8000,U800002,1002889,9,N,N,1,1,147,3686
U8000,U800002,1002893,10,N,N,1,1,146,3861
U8000,U800002,1000441,11,N,N,1,1,75,4470
U8000,U800002,1000647,12,N,N,1,1,164,4800
U8000,U800002,1000487,13,N,N,1,1,252,5190
U8000,U800002,1001776,14,N,N,1,1,170,6737
U8000,U800002,1001064,15,N,N,1,1,350,7469
U8000,U800002,1000232,16,N,N,1,1,268,7973
U8000,U800002,1004278,17,N,N,1,1,179,8493
U8000,U800002,1000036,18,N,N,1,1,95,8965
U8000,U800002,1000455,19,N,N,1,1,97,9741
U8000,U800002,1000548,20,N,N,1,1,62,9940
U8000,U800002,1006039,21,N,N,1,1,56,10090
U8000,U800002,1003235,22,N,N,1,1,115,11342
U8000,U800002,1000604,23,Y,N,2,1,36,12006
U8000,U800002,1004198,24,N,N,2,2,21,13806
U8000,U800002,1000632,25,N,N,2,2,334,14605
U8000,U800002,1004181,26,N,N,2,2,84,15845
U8000,U800002,1004232,27,N,N,2,2,83,16082
U8000,U800002,1000599,28,Y,N,3,2,145,16959
U8000,U800002,1003609,29,N,N,3,3,49,20005
U8000,U800002,1001511,30,N,N,3,3,61,20677
U8010,U801001,1002028,1,N,N,2,2,265,0
U8010,U801001,1000436,2,N,N,2,2,243,751
U8010,U801001,1001406,3,N,N,2,2,198,1549
U8010,U801001,1001218,4,N,N,2,2,213,8507
U8010,U801001,1000727,5,N,N,2,2,181,9062
U8010,U801001,1000150,6,N,N,2,2,180,9544
U8010,U801001,1002403,7,N,N,2,2,86,10537
U8010,U801001,1003870,8,N,N,2,2,59,11555
U8010,U801001,1002795,9,N,N,2,2,33,11830
U8010,U801001,1003242,10,Y,N,1,2,90,12303
U8010,U801001,1000877,11,N,N,1,1,251,17526
U8010,U801001,1002810,12,N,N,1,1,318,19057
U8010,U801001,1002036,13,N,N,1,1,139,19295
U8010,U801001,1000909,14,N,N,1,1,65,26360
U8010,U801002,1000909,1,N,N,1,1,65,0
U8010,U801002,1001616,2,N,N,1,1,150,236
U8010,U801002,1000248,3,N,N,1,1,327,679
U8010,U801002,1000990,4,N,N,1,1,270,2180
U8010,U801002,1002810,5,N,N,1,1,318,4024
U8010,U801002,1002036,6,N,N,1,1,139,5228
U8010,U801002,1003243,7,Y,N,2,1,270,9250
U8010,U801002,1002796,8,N,N,2,2,213,9701
U8010,U801002,1003869,9,N,N,2,2,239,10011
U8010,U801002,1002404,10,N,N,2,2,266,10979
U8010,U801002,1000149,11,N,N,2,2,360,12052
U8010,U801002,1000726,12,N,N,2,2,1,12483
U8010,U801002,1001217,13,N,N,2,2,33,13101
U8010,U801002,1004157,14,N,N,2,2,336,13795
U8010,U801002,1002666,15,N,N,2,2,29,15870
U8010,U801002,1001405,16,N,N,2,2,18,16846
U8010,U801002,1001982,17,N,N,2,2,63,17583
U8010,U801002,1002027,18,N,N,2,2,85,18333
U8020,U802002,1001804,1,N,N,3,3,277,0
U8020,U802002,1003347,2,N,N,3,3,182,954
U8020,U802002,1001508,3,N,N,3,3,356,1381
U8020,U802002,1001805,4,N,N,3,3,97,2764
U8020,U802002,1004001,5,N,N,3,3,32,3904
U8020,U802002,1001248,6,N,N,3,3,22,5601
U8020,U802002,1001431,7,N,N,3,3,278,6623
U8020,U802002,1002113,8,N,N,3,3,3,6730
U8020,U802002,1004277,9,N,N,3,3,359,6975
U8020,U802002,1001837,10,N,N,3,3,359,7199
U8020,U802002,1000297,11,N,N,3,3,88,7812
U8020,U802002,1004155,12,N,N,3,3,238,8585
U8020,U802002,1003370,13,N,N,3,3,268,8956
U8020,U802002,1003627,14,N,N,3,3,24,9567
U8020,U802002,1008321,15,N,N,3,3,81,9798
U8020,U802002,1000909,16,Y,N,2,3,65,10495
U8020,U802002,1000248,17,Y,N,2,3,327,11174
U8020,U802002,1000990,18,N,N,2,2,270,12248
U8020,U802002,1002389,19,N,N,2,2,219,13142
U8020,U802002,1003240,20,N,N,2,2,225,13622
U8020,U802002,1007091,21,N,N,2,2,273,15676
U8020,U802002,1008323,22,N,N,2,2,5,16998
U8020,U802002,1000707,23,N,N,2,2,80,18445
U8020,U802002,1003651,24,N,N,2,2,347,18742
U8020,U802002,1004099,25,N,N,2,2,270,19249
U8020,U802002,1001932,26,N,N,2,2,35,19879
U8020,U802002,1000112,27,N,N,2,2,165,20133
U8020,U802002,1000146,28,N,N,2,2,250,20643
U8020,U802002,1001194,29,N,N,2,2,226,20908
U8020,U802002,1000752,30,N,N,2,2,166,21446
U8020,U802002,1000725,31,N,N,2,2,173,21799
U8020,U802002,1000724,32,N,N,2,2,153,21864
U8020,U802002,1000891,33,N,N,2,2,80,22088
U8020,U802002,1000463,34,N,N,2,2,93,23017
U8020,U802002,1007078,35,N,N,2,2,92,23635
U8020,U802002,1002235,36,N,N,2,2,91,24255
U8020,U802002,1002388,37,N,N,2,2,39,24949
U8020,U802002,1000991,38,N,N,2,2,91,26043
U8020,U802002,1003194,39,N,N,2,2,260,27774
U8020,U802002,1000249,40,Y,N,1,2,149,29600
U8020,U802002,1001064,41,N,N,1,1,350,32281
U8020,U802002,1000232,42,N,N,1,1,268,32786
U8020,U802002,1004278,43,N,N,1,1,179,33306
U8020,U802002,1000036,44,N,N,1,1,95,33778
U8020,U802002,1000371,45,N,N,1,1,202,34727
U8020,U802002,1008320,46,N,N,1,1,23,35554
U8020,U802002,1001169,47,N,N,1,1,264,36994
U8020,U802002,1001804,48,N,N,1,1,277,37700
U8210,U821002,1000311,1,N,N,3,3,272,0
U8210,U821002,1001654,2,N,N,3,3,360,303
U8210,U821002,1002251,3,N,N,3,3,360,555
U8210,U821002,1002252,4,N,N,3,3,89,843
U8210,U821002,1000910,5,N,N,3,3,110,1332
U8210,U821002,1001719,6,N,N,3,3,30,1683
U8210,U821002,1000095,7,N,N,3,3,336,2294
U8210,U821002,1001706,8,N,N,3,3,5,2752
U8210,U821002,1001575,9,N,N,3,3,13,2965
U8210,U821002,1004098,10,N,N,3,3,41,3252
U8210,U821002,1002106,11,N,N,3,3,43,3684
U8210,U821002,1001787,12,N,N,3,3,36,4224
U8210,U821002,1003609,13,Y,N,2,3,49,5222
U8210,U821002,1001512,14,Y,N,2,3,43,5736
U8210,U821002,1004275,15,Y,N,2,3,43,5825
U8210,U821002,1002494,16,N,N,2,2,67,6084
U8210,U821002,1001096,17,N,N,2,2,42,7332
U8210,U821002,1000220,18,N,N,2,2,332,7548
U8210,U821002,1008294,19,N,N,2,2,213,7821
U8210,U821002,1004345,20,N,N,2,2,0,7902
U8210,U821002,1000857,21,N,N,2,2,240,8411
U8210,U821002,1002495,22,N,N,2,2,247,8737
U8210,U821002,1004276,23,Y,N,1,2,137,9204
U8210,U821002,1002023,24,Y,N,1,2,229,9520
U8210,U821002,1002234,25,Y,N,1,2,227,9819
U8210,U821002,1003608,26,Y,N,1,2,318,10594
U8210,U821002,1002086,27,N,N,1,1,217,11179
U8210,U821002,1001788,28,N,N,1,1,216,11443
U8210,U821002,1002600,29,N,N,1,1,223,11997
U8210,U821002,1004110,30,N,N,1,1,193,12732
U8210,U821002,1000096,31,N,N,1,1,162,13400
U8210,U821002,1000762,32,N,N,1,1,290,14210
U8210,U821002,1000763,33,N,N,1,1,290,14341
U8210,U821002,1002608,34,N,N,1,1,281,14563
U8210,U821002,1000831,35,N,N,1,1,269,14856
U8210,U821002,1000608,36,N,N,1,1,180,15062
U8210,U821002,1000312,37,N,N,1,1,180,15380
U8210,U821002,1000311,38,N,N,1,1,272,16000
U8220,U822002,1001787,1,N,N,1,1,36,0
U8220,U822002,1003608,2,N,N,1,1,318,1034
U8220,U822002,1002086,3,N,N,1,1,217,1555
U8220,U822002,1001788,4,N,N,1,1,216,1789
U8220,U822002,1002030,5,N,N,1,1,149,3275
U8220,U822002,1002921,6,N,N,1,1,213,5376
U8220,U822002,1002215,7,N,N,1,1,290,6106
U8220,U822002,1000228,8,N,N,1,1,19,6249
U8220,U822002,1002357,9,N,N,1,1,2,6393
U8220,U822002,1002944,10,N,N,1,1,2,6577
U8220,U822002,1003504,11,N,N,1,1,2,6777
U8220,U822002,1008142,12,N,N,1,1,96,7136
U8220,U822002,1002093,13,N,N,1,1,345,7557
U8220,U822002,1003371,14,N,N,1,1,316,7986
U8220,U822002,1000225,15,N,N,1,1,173,8442
U8220,U822002,1002918,16,N,N,1,1,163,9168
U8220,U822002,1002905,17,N,N,1,1,163,9416
U8220,U822002,1002901,18,N,N,1,1,180,9577
U8220,U822002,1002886,19,N,N,1,1,180,9761
U8220,U822002,1002883,20,N,N,1,1,180,9954
U8220,U822002,1002964,21,N,N,1,1,186,10041
U8220,U822002,1000061,22,N,N,1,1,177,10212
U8220,U822002,1000534,23,N,N,1,1,205,10459
U8220,U822002,1000519,24,N,N,1,1,131,10987
U8220,U822002,1001787,25,N,N,1,1,36,11300
#N/A,U850001,1001957,1,N,N,2,2,287,0
#N/A,U850001,1001958,2,N,N,2,2,287,1838
#N/A,U850001,1000595,3,N,N,2,2,71,2758
#N/A,U850001,1003417,4,N,N,2,2,265,4154
#N/A,U850001,1004102,5,N,N,2,2,227,4564
#N/A,U850001,1002680,6,N,N,2,2,162,6817
#N/A,U850001,1003874,7,N,N,2,2,48,7223
#N/A,U850001,1002561,8,N,N,2,2,79,8063
#N/A,U850001,1001953,9,N,N,2,2,93,8587
#N/A,U850001,1004181,10,N,N,2,2,84,10066
#N/A,U850001,1004232,11,N,N,2,2,83,10303
#N/A,U850001,1000599,12,Y,N,1,2,145,11179
#N/A,U850001,1003609,13,N,N,1,1,49,15199
#N/A,U850001,1001511,14,N,N,1,1,61,15872
#N/A,U850002,1001511,1,N,N,1,1,61,0
#N/A,U850002,1000313,2,Y,N,2,1,332,3680
#N/A,U850002,1004233,3,N,N,2,2,256,4365
#N/A,U850002,1002801,4,N,N,2,2,300,4661
#N/A,U850002,1000957,5,N,N,2,2,358,5748
#N/A,U850002,1000632,6,N,N,2,2,334,6946
#N/A,U850002,1001952,7,N,N,2,2,273,7727
#N/A,U850002,1002562,8,N,N,2,2,236,8077
#N/A,U850002,1003875,9,N,N,2,2,228,8798
#N/A,U850002,1002679,10,N,N,2,2,342,9193
#N/A,U850002,1003145,11,N,N,2,2,48,10644
#N/A,U850002,1002568,12,N,N,2,2,47,11184
#N/A,U850002,1003416,13,N,N,2,2,83,11873
#N/A,U850002,1000596,14,N,N,2,2,199,12420
#N/A,U850002,1001959,15,N,N,2,2,196,14437
#N/A,U850002,1001957,16,N,N,2,2,287,14966
U8510,U851002,1004342,1,N,N,1,1,0,0
U8510,U851002,1001672,2,N,N,1,1,81,448
U8510,U851002,1002080,3,N,N,1,1,313,736
U8510,U851002,1001810,4,N,N,1,1,317,1131
U8510,U851002,1000230,5,N,N,1,1,331,1869
U8510,U851002,1001070,6,N,N,1,1,319,2091
U8510,U851002,1001411,7,N,N,1,1,271,2460
U8510,U851002,1001173,8,N,N,1,1,268,3225
U8510,U851002,1001171,9,N,N,1,1,194,3558
U8510,U851002,1000313,10,N,N,1,1,332,5875
U8510,U851002,1000597,11,N,N,1,1,17,8204
U8510,U851002,1001099,12,N,N,1,1,49,8445
U8510,U851002,1001101,13,N,N,1,1,16,8687
U8510,U851002,1001957,14,N,N,1,1,287,8970
U8510,U851002,1001623,15,N,N,1,1,241,9625
U8510,U851002,1002010,16,N,N,1,1,340,9923
U8510,U851002,1001116,17,N,N,1,1,159,10873
U8510,U851002,1001958,18,N,N,1,1,287,11398
U8510,U851002,1007469,19,N,N,1,1,93,11982
U8510,U851002,1001100,20,N,N,1,1,197,12513
U8510,U851002,1001375,21,N,N,1,1,169,13443
U8510,U851002,1000598,22,N,N,1,1,145,14440
U8510,U851002,1001172,23,N,N,1,1,68,16719
U8510,U851002,1001071,24,N,N,1,1,138,17929
U8510,U851002,1000488,25,N,N,1,1,137,18671
U8510,U851002,1001183,26,N,N,1,1,137,18840
U8510,U851002,1001673,27,N,N,1,1,261,19590
U8510,U851002,1004342,28,N,N,1,1,0,22000
U8511,U851102,1004342,1,N,N,1,1,0,0
U8511,U851102,1001672,2,N,N,1,1,81,448
U8511,U851102,1002080,3,N,N,1,1,313,736
U8511,U851102,1001810,4,N,N,1,1,317,1131
U8511,U851102,1000230,5,N,N,1,1,331,1869
U8511,U851102,1001070,6,N,N,1,1,319,2091
U8511,U851102,1001411,7,N,N,1,1,271,2460
U8511,U851102,1001173,8,N,N,1,1,268,3225
U8511,U851102,1001171,9,N,N,1,1,194,3558
U8511,U851102,1005051,10,N,N,1,1,129,4130
U8511,U851102,1000313,11,N,N,1,1,332,5875
U8511,U851102,1000597,12,N,N,1,1,17,8204
U8511,U851102,1001099,13,N,N,1,1,49,8445
U8511,U851102,1001101,14,N,N,1,1,16,8687
U8511,U851102,1001957,15,N,N,1,1,287,8970
U8511,U851102,1001623,16,N,N,1,1,241,9625
U8511,U851102,1001958,17,N,N,1,1,287,11398
U8511,U851102,1007469,18,N,N,1,1,93,11982
U8511,U851102,1001100,19,N,N,1,1,197,12113
U8511,U851102,1001375,20,N,N,1,1,169,13443
U8511,U851102,1000598,21,N,N,1,1,145,14440
U8511,U851102,1005051,22,N,N,1,1,129,15450
U8511,U851102,1001172,23,N,N,1,1,68,16719
U8511,U851102,1001071,24,N,N,1,1,138,17929
U8511,U851102,1000488,25,N,N,1,1,137,18671
U8511,U851102,1001183,26,N,N,1,1,137,18840
U8511,U851102,1001673,27,N,N,1,1,261,19590
U8511,U851102,1004342,28,N,N,1,1,0,22500
U8520,U852001,1002010,1,N,N,2,2,340,0
U8520,U852001,1001958,2,N,N,2,2,287,622
U8520,U852001,1001101,3,N,N,2,2,16,959
U8520,U852001,1007469,4,N,N,2,2,93,1232
U8520,U852001,1003679,5,N,N,2,2,129,1520
U8520,U852001,1004082,6,N,N,2,2,106,1764
U8520,U852001,1001738,7,N,N,2,2,152,2215
U8520,U852001,1001740,8,N,N,2,2,160,2864
U8520,U852001,1003518,9,N,N,2,2,65,3207
U8520,U852001,1001182,10,N,N,2,2,101,3745
U8520,U852001,1001685,11,N,N,2,2,62,4231
U8520,U852001,1003614,12,N,N,2,2,76,4683
U8520,U852001,1001418,13,N,N,2,2,2,5264
U8520,U852001,1003247,14,N,N,2,2,132,5511
U8520,U852001,1000887,15,N,N,2,2,359,5737
U8520,U852001,1000915,16,N,N,2,2,20,6432
U8520,U852001,1000968,17,N,N,1,1,202,7200
U8520,U852002,1000968,1,N,N,1,1,202,0
U8520,U852002,1002695,3,N,N,1,1,156,1416
U8520,U852002,1001686,4,Y,N,2,1,242,1912
U8520,U852002,1002360,5,N,N,2,2,281,2434
U8520,U852002,1003519,6,N,N,2,2,258,2648
U8520,U852002,1003488,7,N,N,2,2,245,2909
U8520,U852002,1001739,8,N,N,2,2,340,3290
U8520,U852002,1004083,9,N,N,2,2,332,3907
U8520,U852002,1001737,10,N,N,2,2,286,4334
U8520,U852002,1003678,11,N,N,2,2,309,4605
U8520,U852002,1001957,12,N,N,2,2,287,6737
U8520,U852002,1002010,13,N,N,2,2,340,7511
